#번호	첫 위치	개수	원문	번역
00001	0.BIN:001B8C	12	ルーレ	
00002	0.BIN:001B94	10	デュルゼル	
00003	0.BIN:001BA0	10	バンバン	
00004	0.BIN:001BAB	1	{09}バダット	
00005	0.BIN:001BB7	1	{09}ステラ	
00006	0.BIN:001BC0	11	ジョアンナ	
00007	0.BIN:001BCC	10	モリスン	
00008	0.BIN:001BD7	1	{09}アルフ	
00009	0.BIN:001BE0	12	フィリー	
00010	0.BIN:001BEB	1	{09}ローディ	
00011	0.BIN:001BF7	1	{09}グース	
00012	0.BIN:001C00	10	シャーラ	
00013	0.BIN:001C0B	1	{09}クリス	
00014	0.BIN:001C14	6	ジュリオ	
00015	0.BIN:001C1F	1	{09}最終章　　～やさしき魔女～	
00016	0.BIN:001C3C	1	第７章　　～巡礼者の軌跡～	
00017	0.BIN:001C58	1	第６章　　～動き出す予言～	
00018	0.BIN:001C74	1	第５章　　～わかたれた湖～	
00019	0.BIN:001C90	1	第４章　　～聖獣の住む森～	
00020	0.BIN:001CAC	1	第３章　　～三都橋の幻影～	
00021	0.BIN:001CC8	1	第２章　　～ボルト大決戦～	
00022	0.BIN:001CE4	1	第１章　　～テグラの宝石～	
00023	0.BIN:001D00	1	序　章　　～小さな巡礼者～	
00024	0.BIN:001EE0	1	たち	
00025	0.BIN:001EE7	1	{09}は、	
00026	0.BIN:001F54	1	力尽きた・・・。	
00027	0.BIN:003C51	1	ア{0B}d酉{10}A{0B}	
00028	0.BIN:0053E9	1	ッ{03}"(塾濬	
00029	0.BIN:0061BC	1	ＭＡＰ%dはありません{10}	
00030	0.BIN:006E53	1	ビja!瑞	
00031	0.BIN:008507	1	{10}ジュリオたちは宝箱を開けた。{0F}	
00032	0.BIN:008527	1	{09}ジュリオたちは\n%sを手に入れた。{10}	
00033	0.BIN:00854E	1	ピア手に入れた。{10}	
00034	0.BIN:008560	1	宝箱には何も入っていなかった。{10}	
00035	0.BIN:008580	1	サポートしていません。{10}	
00036	0.BIN:009198	1	５０枚	
00037	0.BIN:0091A0	1	４０枚	
00038	0.BIN:0091A8	1	３０枚	
00039	0.BIN:0091B0	1	２０枚	
00040	0.BIN:0091B8	1	１０枚	
00041	0.BIN:0091C0	1	　０枚	
00042	0.BIN:00C7FB	1	ォ{18}(帛	
00043	0.BIN:00E9EF	1	ヅ鄭{0B}	
00044	0.BIN:00F50E	1	ピア	
00045	0.BIN:00FC31	1	ビ{02}a{0E}!{18}錯"	
00046	0.BIN:00FDBA	1	を\n買いました。{0F}	
00047	0.BIN:00FF02	1	を\n売りました。{0F}	
00048	0.BIN:010572	1	は\n%sを授かりました。{10}	
00049	0.BIN:01162C	1	経験値%dと\n%dゴアを手に入れた！{10}	
00050	0.BIN:01164F	1	{09}経験値%dを手に入れた！{10}	
00051	0.BIN:01166A	1	のレベルが%dになった。{10}	
00052	0.BIN:012087	1	{09}ムービー	
00053	0.BIN:012093	1	{09}セーブ・ロード	
00054	0.BIN:0120A4	1	エンディング(GRP)	
00055	0.BIN:0120B7	1	{09}エンディング	
00056	0.BIN:0120C7	1	{09}エフェクト	
00057	0.BIN:0120D4	1	タイトル	
00058	0.BIN:0120DF	1	{09}セレクトマップ	
00059	0.BIN:0120FC	1	ブラックジャック	
00060	0.BIN:01211C	1	ルーレット	
00061	0.BIN:012134	1	本を読むテスト	
00062	0.BIN:012144	1	パーティ構成	
00063	0.BIN:012153	1	{09}本３９	
00064	0.BIN:01215C	1	本３８	
00065	0.BIN:012164	1	本３７	
00066	0.BIN:01216C	1	本３６	
00067	0.BIN:012174	1	本３５	
00068	0.BIN:01217C	1	本３４	
00069	0.BIN:012184	1	本３３	
00070	0.BIN:01218C	1	本３２	
00071	0.BIN:012194	1	本３１	
00072	0.BIN:01219C	1	本３０	
00073	0.BIN:0121A4	1	本２９	
00074	0.BIN:0121AC	1	本２８	
00075	0.BIN:0121B4	1	本２７	
00076	0.BIN:0121BC	1	本２６	
00077	0.BIN:0121C4	1	本２５	
00078	0.BIN:0121CC	1	本２４	
00079	0.BIN:0121D4	1	本２３	
00080	0.BIN:0121DC	1	本２２	
00081	0.BIN:0121E4	1	本２１	
00082	0.BIN:0121EC	1	本２０	
00083	0.BIN:0121F4	1	本１９	
00084	0.BIN:0121FC	1	本１８	
00085	0.BIN:012204	1	本１７	
00086	0.BIN:01220C	1	本１６	
00087	0.BIN:012214	1	本１５	
00088	0.BIN:01221C	1	本１４	
00089	0.BIN:012224	1	本１３	
00090	0.BIN:01222C	1	本１２	
00091	0.BIN:012234	1	本１１	
00092	0.BIN:01223C	1	本１０	
00093	0.BIN:012244	1	本０９	
00094	0.BIN:01224C	1	本０８	
00095	0.BIN:012254	1	本０７	
00096	0.BIN:01225C	1	本０６	
00097	0.BIN:012264	1	本０５	
00098	0.BIN:01226C	1	本０４	
00099	0.BIN:012274	1	本０３	
00100	0.BIN:01227C	1	本０２	
00101	0.BIN:012284	1	本０１	
00102	0.BIN:01228C	1	本００	
00103	0.BIN:012533	1	{09}＊＊パーティ構成メニュー＊＊	
00104	0.BIN:013B9C	1	天球儀２－２	
00105	0.BIN:013BAB	1	{09}天球儀２－１	
00106	0.BIN:013BC7	1	{09}オルドスのシャリネ	
00107	0.BIN:013BDC	1	シフールのシャリネ	
00108	0.BIN:013BF0	1	イグニスのシャリネ	
00109	0.BIN:013C04	1	テグラのシャリネ	
00110	0.BIN:013C17	1	{09}ディーネのシャリネ	
00111	0.BIN:014BD4	1	{06}{07}妖Level設定くん(L:LV-- R:LV++ UD:cursor)	
00112	0.BIN:01523C	1	沢山持ちました。	
00113	0.BIN:0152C8	1	{06}{01}穏すべて無くしました。	
00114	0.BIN:015367	1	{09}沢山覚えました。	
00115	0.BIN:015460	1	{06}{01}穏すべて忘れました。	
00116	0.BIN:016A71	1	び2A{0B}dゃ	
00117	0.BIN:017836	1	拘f耙\n@{0B}dび{0C}A{0B}dひ$@{0B}	
00118	0.BIN:01B859	1	ヂ{03}{1E}{11}k縵{02}/貰	
00119	0.BIN:01BAB7	1	ヌ{03}l縹{02}/貰	
00120	0.BIN:01BC91	1	電よ	
00121	0.BIN:0208F3	1	{09}売る	
00122	0.BIN:0208FB	1	{09}買う	
00123	0.BIN:020903	1	{09}ダブルダウン	
00124	0.BIN:020913	1	{09}スプリット	
00125	0.BIN:020920	1	スタンド	
00126	0.BIN:02092B	1	{09}ヒット	
00127	0.BIN:020993	1	{09}投げる	
00128	0.BIN:0209AB	1	{09}ステレオ　　オフ	
00129	0.BIN:0209BF	1	{09}ステレオ　　オン	
00130	0.BIN:0209D3	1	{09}メッセージ　速い	
00131	0.BIN:0209E7	1	{09}メッセージ　普通	
00132	0.BIN:024C84	1	素早さ	
00133	0.BIN:024CA4	1	装備している物Ｒ	
00134	0.BIN:02B94B	1	び{0B}!び{0B}A{0B}	
00135	0.BIN:02D597	1	稙ギ{0B}t{18}gニ粫	
00136	0.BIN:0324FB	1	ビlQ榊	
00137	0.BIN:03866E	1	二枚目の始め	
00138	0.BIN:039D39	1	び{1F}A{0B}dる	
00139	0.BIN:039E0D	1	び.A{0B}dる	
00140	0.BIN:03A6F7	1	ア{0B}d耜HA{0B}	
00141	0.BIN:04015F	1	本体ＲＡＭのバックアップの	
00142	0.BIN:040181	1	カートリッジＲＡＭのバックアップの	
00143	0.BIN:0401B4	1	番目の記録が	
00144	0.BIN:0401CC	1	二枚目へ移行する為の記録が	
00145	0.BIN:0401F3	1	正しく読み込めません	
00146	0.BIN:040211	1	この記録を消してください	
00147	0.BIN:04118A	1	この記録は	
00148	0.BIN:04119B	1	ディスク１からのスタートになります	
00149	0.BIN:0411C3	1	ディスク２からのスタートになります	
00150	0.BIN:0411F2	1	ディスクを入れ替えて	
00151	0.BIN:04120D	2	ゲームを再スタートしてください	
00152	0.BIN:041311	1	ディスク２へ移行する為の	
00153	0.BIN:041338	1	記録が存在します	
00154	0.BIN:041357	1	ディスク２を入れて	
00155	0.BIN:04157B	1	バックアップの空き容量が足りません	
00156	0.BIN:0415A1	1	これ以上ゲームを続けることは出来ません	
00157	0.BIN:041AAF	1	このまま始めた場合、	
00158	0.BIN:041ACC	1	ディスク２へ移行できません	
00159	0.BIN:041AEE	1	記録を保存することはできません	
00160	0.BIN:041B15	1	また、ディスク２へ移行できません	
00161	0.BIN:041B41	1	ディスク２へ移行するには	
00162	0.BIN:041B5D	1	の空き容量が必要です	
00163	0.BIN:041B93	1	新しい記録を保存するためには	
00164	0.BIN:041BB7	1	さらに%2d%s	
00165	0.BIN:041BD5	1	ゲームを開始しますか？     はい   いいえ	
00166	0.BIN:041C30	1	セガサターン本体の保存データ管理画面で	
00167	0.BIN:041C66	1	他の記録を消して、	
00168	0.BIN:041FCB	1	本体ＲＡＭのバックアップの準備が	
00169	0.BIN:041FF6	1	まだできていません	
00170	0.BIN:04200B	1	{09}セガサターン本体の保存データ管理画面で	
00171	0.BIN:04203A	1	全ての記録を消してください	
00172	0.BIN:042059	1	カートリッジＲＡＭのバックアップの準備が	
00173	0.BIN:042089	1	すべての記録を消してください	
00174	0.BIN:0420B3	1	これはディスク２です	
00175	0.BIN:0420D0	1	このディスクから始められる	
00176	0.BIN:0420F9	1	記録はありません	
00177	0.BIN:042112	1	ディスク１に入れ替えてください	
00178	0.BIN:04343E	1	科F{10}F{11}仰`ヨ	
00179	0.BIN:04E597	1	徂{03}x{04}$あ{11}	
00180	0.BIN:058905	1	瞎{0E}@{0B}dッ{03}a竦{0E}	
00181	0.BIN:05920B	1	ゃ{02}`#{03}{16}aＡ{13}{05}>{04}榧{1A}@{0B}	
00182	0.BIN:05C951	1	Фゲ、{0B}Tゃ	
00183	0.BIN:05C9A9	1	ヂヒTg{12}aヒPf{12}aヒLe{12}xHrDa"A{0B}dゃ	
00184	0.BIN:0606EF	1	２R2{1C}{16}"R＿Q2{10}	
00185	0.BIN:073D0A	1	＿ヽ	
00186	0.BIN:073D1B	1	{07}ヽ"I`'ヾ`C	
00187	0.BIN:073F3F	1	{1B}ゝ`DaD@{18}a{1C} {1B}ゞO&	
00188	0.BIN:076C5F	1	{11}ジュリオ	
00189	0.BIN:076C69	8	クリス	
00190	0.BIN:076C79	11	グース	
00191	0.BIN:076C80	10	ローディ	
00192	0.BIN:076C92	2	アルフ	
00193	0.BIN:076CAD	9	ステラ	
00194	0.BIN:076CB4	11	バダット	
00195	0.BIN:076CD1	4	ハック	
00196	0.BIN:076CD8	5	ラップじいさん	
00197	0.BIN:076CE7	1	イザベル王妃	
00198	0.BIN:076CF4	1	レバス	
00199	0.BIN:076CFB	4	カジム	
00200	0.BIN:076D02	1	アルフレッド王	
00201	0.BIN:079908	1	、。」』！	
00202	0.BIN:07BEEF	1	斗た	
00203	SYSTEM/BOOK00.BIN:0000DC	4	　シャリネを巡る魔女たち	
00204	SYSTEM/BOOK00.BIN:0000F8	4	が姿を消してから久しい。	
00205	SYSTEM/BOOK00.BIN:000114	4	魔女たちは	
00206	SYSTEM/BOOK00.BIN:000122	4	　どこへ行ったのだろう？	
00207	SYSTEM/BOOK00.BIN:00013E	4	彼女たちはもう	
00208	SYSTEM/BOOK00.BIN:000150	4	　魔法の鏡を必要と	
00209	SYSTEM/BOOK00.BIN:000166	4	　　　しないのだろうか？	
00210	SYSTEM/BOOK00.BIN:0001B8	4	　ディーネのシャリネを訪	
00211	SYSTEM/BOOK00.BIN:0001D4	4	れた最後の魔女の記録はガ	
00212	SYSTEM/BOOK00.BIN:0001F0	4	ガーブ暦９７１年白き魔女	
00213	SYSTEM/BOOK00.BIN:00020C	4	の訪問で途切れている。	
00214	SYSTEM/BOOK00.BIN:000242	4	されておらず、村の習わし	
00215	SYSTEM/BOOK00.BIN:00025E	4	で人の巡礼が残るのみだ。	
00216	SYSTEM/BOOK01.BIN:00008C	1	　　＜各地のシャリネ＞	
00217	SYSTEM/BOOK01.BIN:0000C4	1	　ティラスイールには５つ	
00218	SYSTEM/BOOK01.BIN:0000E0	1	のシャリネがありそれぞれ	
00219	SYSTEM/BOOK01.BIN:0000FC	1	が、その土地に根付いた役	
00220	SYSTEM/BOOK01.BIN:000118	1	割を担っている。	
00221	SYSTEM/BOOK01.BIN:000160	1	　水を治める、ディーネ	
00222	SYSTEM/BOOK01.BIN:00017A	1	　地の支柱、テグラ	
00223	SYSTEM/BOOK01.BIN:000190	1	　炎の守護、イグニス	
00224	SYSTEM/BOOK01.BIN:0001A8	1	　風を司る、シフール	
00225	SYSTEM/BOOK01.BIN:0001C0	1	　そしてそれらを統べる	
00226	SYSTEM/BOOK01.BIN:0001DA	1	　空の、オルドス	
00227	SYSTEM/BOOK01.BIN:0001EB	1	　　　　　　　　　である。	
00228	SYSTEM/BOOK02.BIN:00007C	1	　＜マイ・ダイアリー＞	
00229	SYSTEM/BOOK02.BIN:0000CE	1	今日は朝から	
00230	SYSTEM/BOOK02.BIN:0000DE	1	　雨が降っている。	
00231	SYSTEM/BOOK02.BIN:0000F4	1	　　あの人は今ごろ・・・。	
00232	SYSTEM/BOOK03.BIN:000094	1	＜キャプテン・トーマス＞	
00233	SYSTEM/BOOK03.BIN:0000DF	2	　夕日にそまるエメラルド	
00234	SYSTEM/BOOK03.BIN:0000FB	2	海ではキャプテン・トーマ	
00235	SYSTEM/BOOK03.BIN:000117	2	スと海賊王ラモンの最後の	
00236	SYSTEM/BOOK03.BIN:000133	1	戦いが始まろうとしていま	
00237	SYSTEM/BOOK03.BIN:00014F	1	した。	
00238	SYSTEM/BOOK04.BIN:00009C	9	　　＜女剣士サフィー＞	
00239	SYSTEM/BOOK04.BIN:0000B6	1	　　　　　第１巻　	
00240	SYSTEM/BOOK04.BIN:0000CC	1	　　　～２人の剣士～	
00241	SYSTEM/BOOK04.BIN:00011C	1	　彼女がなぜサフィーと呼	
00242	SYSTEM/BOOK04.BIN:000135	1	ばれるのか、知る者は少な	
00243	SYSTEM/BOOK04.BIN:00014E	1	い。瞳（ひとみ）がサファ	
00244	SYSTEM/BOOK04.BIN:000167	1	イアのようなブルーだから	
00245	SYSTEM/BOOK04.BIN:000180	1	と言う者もいれば、心が宝	
00246	SYSTEM/BOOK04.BIN:000199	1	石のように冷たいからと噂	
00247	SYSTEM/BOOK04.BIN:0001B2	1	する者もいる。	
00248	SYSTEM/BOOK04.BIN:0001C1	1	　彼女のレイピアは風より	
00249	SYSTEM/BOOK04.BIN:0001DA	1	もとらえにくく、太陽の存	
00250	SYSTEM/BOOK04.BIN:0001F3	1	在よりも確実だった。男の	
00251	SYSTEM/BOOK04.BIN:00020C	1	剣士にまじっても彼女の技	
00252	SYSTEM/BOOK04.BIN:000225	1	は見劣りするばかりか、逆	
00253	SYSTEM/BOOK04.BIN:00023E	1	に輝きを増すようだった。	
00254	SYSTEM/BOOK04.BIN:000278	1	　そんな女剣士サフィーが	
00255	SYSTEM/BOOK04.BIN:000291	1	唯一好敵手と認めた人物が	
00256	SYSTEM/BOOK04.BIN:0002AA	1	いた。バルハラの剣士ブラ	
00257	SYSTEM/BOOK04.BIN:0002C3	1	ッド。この２人の剣士の名	
00258	SYSTEM/BOOK04.BIN:0002DC	1	は王族にまで届き、彼らの	
00259	SYSTEM/BOOK04.BIN:0002F5	1	剣は恐れを知らなかった。	
00260	SYSTEM/BOOK04.BIN:00030E	1	お互いが出会うまでは・・。	
00261	SYSTEM/BOOK05.BIN:0000B6	1	　　　　　第２巻　	
00262	SYSTEM/BOOK05.BIN:0000CC	1	　　　～ある決闘～	
00263	SYSTEM/BOOK05.BIN:000118	1	　サフィーとブラッドの初	
00264	SYSTEM/BOOK05.BIN:000131	1	めての出会いは底冷えのす	
00265	SYSTEM/BOOK05.BIN:00014A	1	る新月の晩のことだった。	
00266	SYSTEM/BOOK05.BIN:000163	1	　サフィーはトルマリン子	
00267	SYSTEM/BOOK05.BIN:00017C	1	爵（ししゃく）に雇われ、	
00268	SYSTEM/BOOK05.BIN:000195	1	ある決闘に関わっていた。	
00269	SYSTEM/BOOK05.BIN:0001AE	1	　相手は社交界で知らぬ者	
00270	SYSTEM/BOOK05.BIN:0001C7	1	はいないヒスイ男爵家の長	
00271	SYSTEM/BOOK05.BIN:0001E0	1	男ガーネット。彼のふるま	
00272	SYSTEM/BOOK05.BIN:0001F9	1	いは分を越え、トルマリン	
00273	SYSTEM/BOOK05.BIN:000212	1	子爵は自らの身にふりかか	
00274	SYSTEM/BOOK05.BIN:00022B	1	った侮辱を飲み込むことは	
00275	SYSTEM/BOOK05.BIN:000244	1	できなかった。	
00276	SYSTEM/BOOK05.BIN:0002A5	1	代理人を立てるのは常識	
00277	SYSTEM/BOOK05.BIN:0002BC	1	（じょうしき）で、トルマ	
00278	SYSTEM/BOOK05.BIN:0002D5	1	リン家はサフィーを、ヒス	
00279	SYSTEM/BOOK05.BIN:0002EE	1	イ家はブラッドを指名した	
00280	SYSTEM/BOOK05.BIN:000307	1	のだ。お互いの依頼人を後	
00281	SYSTEM/BOOK05.BIN:000320	1	ろに控え、２人の剣士は向	
00282	SYSTEM/BOOK05.BIN:000339	1	かい合った。サフィーとブ	
00283	SYSTEM/BOOK05.BIN:000352	1	ラッドに決闘開始の合図は	
00284	SYSTEM/BOOK05.BIN:00036B	1	不要だ。	
00285	SYSTEM/BOOK05.BIN:000374	1	　互いの瞳に殺意が宿った	
00286	SYSTEM/BOOK05.BIN:00038D	1	とき、剣を引き抜く鋭い響	
00287	SYSTEM/BOOK05.BIN:0003A6	1	きが月夜にこだました。	
00288	SYSTEM/BOOK06.BIN:0000C6	1	　　　　　第３巻　	
00289	SYSTEM/BOOK06.BIN:0000DC	1	　　　～ゆれる紫煙～	
00290	SYSTEM/BOOK06.BIN:00012C	1	　サフィーのレイピアが月	
00291	SYSTEM/BOOK06.BIN:000145	1	光を反射して弧を描く。迎	
00292	SYSTEM/BOOK06.BIN:00015E	1	えるブラッドのカトラスは	
00293	SYSTEM/BOOK06.BIN:000177	1	弧を制するように直線的な	
00294	SYSTEM/BOOK06.BIN:000190	1	動きを見せる。サフィーは	
00295	SYSTEM/BOOK06.BIN:0001A9	1	剣を交える相手に初めて畏	
00296	SYSTEM/BOOK06.BIN:0001C2	1	怖の念を抱いた。事実、彼	
00297	SYSTEM/BOOK06.BIN:0001DB	1	女の素早い突きを、全て止	
00298	SYSTEM/BOOK06.BIN:0001F4	1	めたのは、ブラッドが初め	
00299	SYSTEM/BOOK06.BIN:00020D	1	てだったのだ。	
00300	SYSTEM/BOOK06.BIN:00021C	1	　ブラッドもまた、彼女の	
00301	SYSTEM/BOOK06.BIN:000235	1	天性のしなやかさに少なか	
00302	SYSTEM/BOOK06.BIN:00024E	1	らぬ驚きを感じていた。	
00303	SYSTEM/BOOK06.BIN:000294	1	　そして何よりも、その力	
00304	SYSTEM/BOOK06.BIN:0002AD	1	が何者かに向けられた憎悪	
00305	SYSTEM/BOOK06.BIN:0002C6	1	からくることに。	
00306	SYSTEM/BOOK06.BIN:0002D7	1	　鋼と鋼が闇の星となる。	
00307	SYSTEM/BOOK06.BIN:0002F0	1	２人の弾む息が、銀河の雲	
00308	SYSTEM/BOOK06.BIN:000309	1	と化す。トルマリン子爵は、	
00309	SYSTEM/BOOK06.BIN:000324	1	ガーネット男爵への敵意さ	
00310	SYSTEM/BOOK06.BIN:00033D	1	えも忘れ、逞しい壮年の剣	
00311	SYSTEM/BOOK06.BIN:000356	1	士に立ち向かう小柄な娘の	
00312	SYSTEM/BOOK06.BIN:00036F	1	剣さばきに魅了されていた。	
00313	SYSTEM/BOOK06.BIN:0003A4	1	　一方、ガーネット男爵は、	
00314	SYSTEM/BOOK06.BIN:0003BF	1	落ち着き払った仕草でパイ	
00315	SYSTEM/BOOK06.BIN:0003D8	1	プをくゆらせていた。その	
00316	SYSTEM/BOOK06.BIN:0003F1	1	煙の意味を、サフィーとブ	
00317	SYSTEM/BOOK06.BIN:00040A	1	ラッドが知る由もなかった。	
00318	SYSTEM/BOOK07.BIN:0000C6	1	　　　　　第４巻　	
00319	SYSTEM/BOOK07.BIN:0000DC	1	　　　　～腕の傷～	
00320	SYSTEM/BOOK07.BIN:000124	1	　永遠に続くかと思われた	
00321	SYSTEM/BOOK07.BIN:00013D	1	２人の攻防は誰もが予測し	
00322	SYSTEM/BOOK07.BIN:000156	1	なかった結末を迎える。	
00323	SYSTEM/BOOK07.BIN:00016D	1	　サフィーが得意とする、	
00324	SYSTEM/BOOK07.BIN:000186	1	切り返しの一撃をブラッド	
00325	SYSTEM/BOOK07.BIN:00019F	1	に向けて放とうとしたとき	
00326	SYSTEM/BOOK07.BIN:0001B8	1	だった。彼女の左腕に激し	
00327	SYSTEM/BOOK07.BIN:0001D1	1	い痛みが走った。ブラッド	
00328	SYSTEM/BOOK07.BIN:0001EA	1	がこの隙を逃すはずはない。	
00329	SYSTEM/BOOK07.BIN:000205	1	彼のカトラスは、耳をつん	
00330	SYSTEM/BOOK07.BIN:00021E	1	ざく金属音を発しサフィー	
00331	SYSTEM/BOOK07.BIN:000237	1	のレイピアを弾き飛ばした。	
00332	SYSTEM/BOOK07.BIN:00028C	1	　体勢を崩したサフィーに、	
00333	SYSTEM/BOOK07.BIN:0002A7	1	ブラッドの最後の一撃が迫	
00334	SYSTEM/BOOK07.BIN:0002C0	1	る。サフィーは固くまぶた	
00335	SYSTEM/BOOK07.BIN:0002D9	1	を閉じ、死の刃を待った。	
00336	SYSTEM/BOOK07.BIN:0002F2	1	しかし、ブラッドは踵（き	
00337	SYSTEM/BOOK07.BIN:00030B	1	びす）を返すと、雑木林に	
00338	SYSTEM/BOOK07.BIN:000324	1	向かってカトラスを投げつ	
00339	SYSTEM/BOOK07.BIN:00033D	1	けた。一瞬後、鈍い音を立	
00340	SYSTEM/BOOK07.BIN:000356	1	て、クロスボウを持った男	
00341	SYSTEM/BOOK07.BIN:00036F	1	が地面に倒れ込む。	
00342	SYSTEM/BOOK07.BIN:000382	1	サフィーは左腕に深々と刺	
00343	SYSTEM/BOOK07.BIN:00039B	1	さった矢を引き抜きながら	
00344	SYSTEM/BOOK07.BIN:0003B4	1	立ち上がった。	
00345	SYSTEM/BOOK07.BIN:0003F8	1	その目に、第三者を介入さ	
00346	SYSTEM/BOOK07.BIN:000411	1	せたガーネットへの怒りの	
00347	SYSTEM/BOOK07.BIN:00042A	1	色をたたえながら・・	
00348	SYSTEM/BOOK07.BIN:000442	1	　殺気立つサフィーを止め	
00349	SYSTEM/BOOK07.BIN:00045B	1	たのはブラッドだった。	
00350	SYSTEM/BOOK07.BIN:000472	1	闇に紛れて矢を放たさせた	
00351	SYSTEM/BOOK07.BIN:00048B	1	ガーネット男爵は、決闘の	
00352	SYSTEM/BOOK07.BIN:0004A4	1	作法に反したことで爵位を	
00353	SYSTEM/BOOK07.BIN:0004BD	1	剥奪（はくだつ）される。	
00354	SYSTEM/BOOK07.BIN:0004D6	1	すでに、剣士の役目は終わ	
00355	SYSTEM/BOOK07.BIN:0004EF	2	ったのだ。	
00356	SYSTEM/BOOK08.BIN:0000C6	1	　　　　　第５巻　	
00357	SYSTEM/BOOK08.BIN:0000DC	1	　　　　～灰色街～	
00358	SYSTEM/BOOK08.BIN:000120	1	　夜が明けようとしていた。	
00359	SYSTEM/BOOK08.BIN:00013B	1	サフィーは傷ついた左腕を	
00360	SYSTEM/BOOK08.BIN:000154	1	かばいながら、グレイタウ	
00361	SYSTEM/BOOK08.BIN:00016D	1	ンの狭い路地を歩いている。	
00362	SYSTEM/BOOK08.BIN:000188	1	王国のはきだめ、貧民窟	
00363	SYSTEM/BOOK08.BIN:00019F	1	（ひんみんくつ）、あばず	
00364	SYSTEM/BOOK08.BIN:0001B8	1	れの住処。グレイタウンを	
00365	SYSTEM/BOOK08.BIN:0001D1	1	正規の名で呼ぶ者は少ない。	
00366	SYSTEM/BOOK08.BIN:0001EC	1	そんな街に、サファイアと	
00367	SYSTEM/BOOK08.BIN:000205	1	名乗って彼女は住み着いて	
00368	SYSTEM/BOOK08.BIN:00021E	1	いた。	
00369	SYSTEM/BOOK08.BIN:00025C	1	　崩れかけた古い屋敷が見	
00370	SYSTEM/BOOK08.BIN:000275	1	えてきた。職の明らかでな	
00371	SYSTEM/BOOK08.BIN:00028E	1	い者たちが、勝手に住む一	
00372	SYSTEM/BOOK08.BIN:0002A7	1	角。サフィーがアメジスと	
00373	SYSTEM/BOOK08.BIN:0002C0	1	暮らす一室もそこにある。	
00374	SYSTEM/BOOK08.BIN:0002D9	1	ここに住む者たちに足りな	
00375	SYSTEM/BOOK08.BIN:0002F2	1	いのはわずかな金貨と最低	
00376	SYSTEM/BOOK08.BIN:00030B	1	限の思いやりだけだ。	
00377	SYSTEM/BOOK08.BIN:000320	1	　ひと握りの貴族階級が、	
00378	SYSTEM/BOOK08.BIN:000339	1	彼らからパンを奪う。	
00379	SYSTEM/BOOK08.BIN:00034E	1	パンのために、人は良心を	
00380	SYSTEM/BOOK08.BIN:000367	1	売る・・・。	
00381	SYSTEM/BOOK08.BIN:0003A8	1	『今の私には	
00382	SYSTEM/BOOK08.BIN:0003B5	1	　　　お似合いだ・・・』	
00383	SYSTEM/BOOK08.BIN:0003D1	1	サフィーはそんな思いと、	
00384	SYSTEM/BOOK08.BIN:0003EA	1	腕の痛みから苦笑をもらし	
00385	SYSTEM/BOOK08.BIN:000403	1	た。綿のはみでた粗末なベ	
00386	SYSTEM/BOOK08.BIN:00041C	1	ッドが、今は恋しく思える。	
00387	SYSTEM/BOOK08.BIN:000437	1	　８つになったばかりのア	
00388	SYSTEM/BOOK08.BIN:000450	1	メジスがサフィーを迎えて	
00389	SYSTEM/BOOK08.BIN:000469	1	くれる。その汚れを知らな	
00390	SYSTEM/BOOK08.BIN:000482	1	い笑顔を見て、サフィーは	
00391	SYSTEM/BOOK08.BIN:00049B	1	意識が遠のくのを感じた。	
00392	SYSTEM/BOOK09.BIN:0000C6	1	　　　　　第６巻　	
00393	SYSTEM/BOOK09.BIN:0000DC	1	　　　　～悪夢～	
00394	SYSTEM/BOOK09.BIN:000128	1	　ろうそくに揺らめく影。	
00395	SYSTEM/BOOK09.BIN:000141	1	不気味に反った短刀の光。	
00396	SYSTEM/BOOK09.BIN:00015A	1	幾夜も繰り返されてきた悪	
00397	SYSTEM/BOOK09.BIN:000173	1	夢。これは夢だと彼女には	
00398	SYSTEM/BOOK09.BIN:00018C	1	分かっていた。見るに耐え	
00399	SYSTEM/BOOK09.BIN:0001A5	1	ない光景から目をそらせな	
00400	SYSTEM/BOOK09.BIN:0001BE	1	いことも。影が狂気の刃を	
00401	SYSTEM/BOOK09.BIN:0001D7	1	ふりかぶる。	
00402	SYSTEM/BOOK09.BIN:0001E4	1	　『逃げて！』	
00403	SYSTEM/BOOK09.BIN:0001F3	1	幾度も繰り返されてきた言	
00404	SYSTEM/BOOK09.BIN:00020C	1	葉。壁に飛び散る深紅の飛	
00405	SYSTEM/BOOK09.BIN:000225	1	沫。血の流れと共に失われ	
00406	SYSTEM/BOOK09.BIN:00023E	1	ていく愛しい人の命。	
00407	SYSTEM/BOOK09.BIN:000288	1	　亡骸（なきがら）を目の	
00408	SYSTEM/BOOK09.BIN:0002A1	1	前にして、呆然とする幼い	
00409	SYSTEM/BOOK09.BIN:0002BA	1	日の自分。決闘後のブラッ	
00410	SYSTEM/BOOK09.BIN:0002D3	1	ドの一言が思い返される。	
00411	SYSTEM/BOOK09.BIN:0002EC	1	『剣に秘めた憎悪は	
00412	SYSTEM/BOOK09.BIN:0002FF	1	　　　自分を食い潰すぞ』	
00413	SYSTEM/BOOK09.BIN:000318	1	幼い自分が、血塗られた剣	
00414	SYSTEM/BOOK09.BIN:000331	1	を持つサフィーに変わる。	
00415	SYSTEM/BOOK09.BIN:00034A	1	固く結ばれた唇、束ねたブ	
00416	SYSTEM/BOOK09.BIN:000363	1	ルネット。	
00417	SYSTEM/BOOK09.BIN:00036E	1	そして見る者を震え上がら	
00418	SYSTEM/BOOK09.BIN:000387	1	せる冷えたブルーの瞳。	
00419	SYSTEM/BOOK09.BIN:0003B0	1	　『ちがう！』	
00420	SYSTEM/BOOK09.BIN:0003BF	1	サフィーは自らの悲鳴で、	
00421	SYSTEM/BOOK09.BIN:0003D8	1	悪夢から解き放された。	
00422	SYSTEM/BOOK10.BIN:0000C6	1	　　　　　第７巻　	
00423	SYSTEM/BOOK10.BIN:0000DC	1	　　　　～父の剣～	
00424	SYSTEM/BOOK10.BIN:000128	1	　冷汗が頬（ほお）を流れ	
00425	SYSTEM/BOOK10.BIN:000141	1	落ちる。アメジスが心配そ	
00426	SYSTEM/BOOK10.BIN:00015A	1	うに、サフィーを見つめて	
00427	SYSTEM/BOOK10.BIN:000173	1	いる。彼女は決闘の後、４	
00428	SYSTEM/BOOK10.BIN:00018C	1	日間も眠り続けた。サフィ	
00429	SYSTEM/BOOK10.BIN:0001A5	1	ーはアメジスに微笑みを見	
00430	SYSTEM/BOOK10.BIN:0001BE	1	せた。小さな男の子は気丈	
00431	SYSTEM/BOOK10.BIN:0001D7	1	にも、一睡もせずに彼女を	
00432	SYSTEM/BOOK10.BIN:0001F0	1	看病してくれたのだ。安心	
00433	SYSTEM/BOOK10.BIN:000209	1	したアメジスは眠りにつく	
00434	SYSTEM/BOOK10.BIN:000222	1	前にサフィーに小さな皮袋	
00435	SYSTEM/BOOK10.BIN:00023B	1	と、封印された羊皮紙の巻	
00436	SYSTEM/BOOK10.BIN:000254	1	物を手渡した。	
00437	SYSTEM/BOOK10.BIN:000290	1	　彼女が眠り続けた間に届	
00438	SYSTEM/BOOK10.BIN:0002A9	1	けられた物だという。皮袋	
00439	SYSTEM/BOOK10.BIN:0002C2	1	には見事に磨かれたサファ	
00440	SYSTEM/BOOK10.BIN:0002DB	1	イアが入っていた。トルマ	
00441	SYSTEM/BOOK10.BIN:0002F4	1	リン子爵のしゃれた報酬	
00442	SYSTEM/BOOK10.BIN:00030B	1	（ほうしゅう）だ。続いて	
00443	SYSTEM/BOOK10.BIN:000324	1	無造作に羊皮紙を開く。サ	
00444	SYSTEM/BOOK10.BIN:00033D	1	フィーは、丹念に記された	
00445	SYSTEM/BOOK10.BIN:000356	1	文字を追いながら早まる動	
00446	SYSTEM/BOOK10.BIN:00036F	1	悸を抑えるのに必死だった。	
00447	SYSTEM/BOOK10.BIN:0003D4	1	待ちに待った時が、ついに	
00448	SYSTEM/BOOK10.BIN:0003ED	1	来たのだ。彼女は壁板の間	
00449	SYSTEM/BOOK10.BIN:000406	1	に隠してきた一振りの剣を	
00450	SYSTEM/BOOK10.BIN:00041F	1	取り出しアメジスの穏やか	
00451	SYSTEM/BOOK10.BIN:000438	1	な寝顔にささやきかけた。	
00452	SYSTEM/BOOK10.BIN:000454	1	『この剣が、	
00453	SYSTEM/BOOK10.BIN:000461	1	　　全てを終わらせて、	
00454	SYSTEM/BOOK10.BIN:000478	1	　　　　くれるわ・・・』	
00455	SYSTEM/BOOK11.BIN:0000D8	1	　　　　　第８巻　	
00456	SYSTEM/BOOK11.BIN:0000EE	1	　　　～再戦の時～	
00457	SYSTEM/BOOK11.BIN:00013C	1	　トパーズ国王の御前試合	
00458	SYSTEM/BOOK11.BIN:000155	1	には、国中から選りすぐり	
00459	SYSTEM/BOOK11.BIN:00016E	1	の剣士たちが集められた。	
00460	SYSTEM/BOOK11.BIN:000187	1	中でもブラッドとサフィー	
00461	SYSTEM/BOOK11.BIN:0001A0	1	は注目の的だった。先日の	
00462	SYSTEM/BOOK11.BIN:0001B9	1	決闘を知らない者はいなか	
00463	SYSTEM/BOOK11.BIN:0001DD	1	　血と華麗（かれい）な技	
00464	SYSTEM/BOOK11.BIN:0001F6	1	に飢えた貴族たちの見下ろ	
00465	SYSTEM/BOOK11.BIN:00020F	1	す中、ブラッドとサフィー	
00466	SYSTEM/BOOK11.BIN:000228	1	は、膝を屈することを知ら	
00467	SYSTEM/BOOK11.BIN:000241	1	ずついに再び剣を交えると	
00468	SYSTEM/BOOK11.BIN:00025A	1	きが来た。	
00469	SYSTEM/BOOK11.BIN:00029C	1	　この一戦の勝者には、一	
00470	SYSTEM/BOOK11.BIN:0002B5	1	級剣士の称号が贈られる。	
00471	SYSTEM/BOOK11.BIN:0002CE	1	だが、サフィーには称号な	
00472	SYSTEM/BOOK11.BIN:0002E7	1	ど何の価値もない。	
00473	SYSTEM/BOOK11.BIN:0002FA	1	　ブラッドを見据えながら、	
00474	SYSTEM/BOOK11.BIN:000315	1	彼女は呼吸を整えた。目の	
00475	SYSTEM/BOOK11.BIN:00032E	1	前の男を倒せば、剣士とし	
00476	SYSTEM/BOOK11.BIN:000347	1	ての人生は終わる。サフィ	
00477	SYSTEM/BOOK11.BIN:000360	1	ーは使い込まれたサーベル	
00478	SYSTEM/BOOK11.BIN:000379	1	を引き抜くとブラッドを圧	
00479	SYSTEM/BOOK11.BIN:000392	1	倒する疾風のような攻めを	
00480	SYSTEM/BOOK11.BIN:0003AB	1	見せた。	
00481	SYSTEM/BOOK11.BIN:0003E0	1	　頭部への突きを２度、脇	
00482	SYSTEM/BOOK11.BIN:0003F9	1	腹への払いを１度、規則正	
00483	SYSTEM/BOOK11.BIN:000412	1	しく寸分の狂いもなく。	
00484	SYSTEM/BOOK11.BIN:000429	1	当初押され気味だったブラ	
00485	SYSTEM/BOOK11.BIN:000442	1	ッドは、素早いが単調な攻	
00486	SYSTEM/BOOK11.BIN:00045B	1	めを続けるサフィーに、反	
00487	SYSTEM/BOOK11.BIN:000474	1	撃を始める。サフィーは隙	
00488	SYSTEM/BOOK11.BIN:00048D	1	を見ては同じ攻めを繰り返	
00489	SYSTEM/BOOK11.BIN:0004A6	1	すのみ。勝敗は決したかに	
00490	SYSTEM/BOOK11.BIN:0004BF	1	思えた。	
00491	SYSTEM/BOOK11.BIN:000500	1	　サフィーは悪あがきとも	
00492	SYSTEM/BOOK11.BIN:000519	1	思える同じ攻めを繰り出す。	
00493	SYSTEM/BOOK11.BIN:000534	1	だが最後の払いで、手首を	
00494	SYSTEM/BOOK11.BIN:00054D	1	捻り頭部へと切り返した。	
00495	SYSTEM/BOOK11.BIN:000566	1	フェイントだと気付いてい	
00496	SYSTEM/BOOK11.BIN:00057F	1	ても、ブラッドの体は執拗	
00497	SYSTEM/BOOK11.BIN:000598	1	（しつよう）な攻撃で覚え	
00498	SYSTEM/BOOK11.BIN:0005B1	1	込まされた反応をしてしま	
00499	SYSTEM/BOOK11.BIN:0005CA	1	う。額に突きつけられたサ	
00500	SYSTEM/BOOK11.BIN:0005E3	1	ーベルに、ブラッドは無言	
00501	SYSTEM/BOOK11.BIN:0005FC	1	でカトラスを投げ出した。	
00502	SYSTEM/BOOK11.BIN:000615	1	女剣士が国内の剣士を制し	
00503	SYSTEM/BOOK11.BIN:00062E	1	たのである。	
00504	SYSTEM/BOOK12.BIN:0000D6	1	　　　　　第９巻　	
00505	SYSTEM/BOOK12.BIN:0000EC	1	　　　～復讐の刃～	
00506	SYSTEM/BOOK12.BIN:000138	1	　サフィーは微動だにせず、	
00507	SYSTEM/BOOK12.BIN:000153	1	トパーズ国王が玉座から降	
00508	SYSTEM/BOOK12.BIN:00016C	1	りて来るのを待った。	
00509	SYSTEM/BOOK12.BIN:000181	1	『男であれば、宮廷剣士と	
00510	SYSTEM/BOOK12.BIN:00019A	1	　なれたものを。』	
00511	SYSTEM/BOOK12.BIN:0001AD	1	親しげに近付いてきた国王	
00512	SYSTEM/BOOK12.BIN:0001C6	1	は、サフィーの帯びている	
00513	SYSTEM/BOOK12.BIN:0001DF	1	剣を見て力なく呟いた。	
00514	SYSTEM/BOOK12.BIN:0001F6	1	『・・シルフィング・・』	
00515	SYSTEM/BOOK12.BIN:00020F	1	かつて、この名剣を自在に	
00516	SYSTEM/BOOK12.BIN:000228	1	操った剣士がいた。その有	
00517	SYSTEM/BOOK12.BIN:000241	1	能さ故に王族の秘密に通じ	
00518	SYSTEM/BOOK12.BIN:00025A	1	決まりきった死を遂げた。	
00519	SYSTEM/BOOK12.BIN:0002A4	1	　その命令を下したのはト	
00520	SYSTEM/BOOK12.BIN:0002BD	1	パーズ国王なのだ。	
00521	SYSTEM/BOOK12.BIN:0002D0	1	　国王の異変に気付き、駆	
00522	SYSTEM/BOOK12.BIN:0002E9	1	け寄る兵士よりも速くサー	
00523	SYSTEM/BOOK12.BIN:000302	1	ベルの切先が、国王の咽元	
00524	SYSTEM/BOOK12.BIN:00031B	1	に押し当てられる。サフィ	
00525	SYSTEM/BOOK12.BIN:000334	1	ーの瞳は今や、冷たく燃え	
00526	SYSTEM/BOOK12.BIN:00034D	1	る宝石だった。憎しみを糧	
00527	SYSTEM/BOOK12.BIN:000366	1	に燃え続けるサファイア。	
00528	SYSTEM/BOOK12.BIN:00037F	1	１歩踏み出せば、父を殺し	
00529	SYSTEM/BOOK12.BIN:000398	1	た男の命を絶てる。	
00530	SYSTEM/BOOK12.BIN:0003DC	1	　だが、国王の老いた瞳に	
00531	SYSTEM/BOOK12.BIN:0003F5	1	自分の姿を見たときサフィ	
00532	SYSTEM/BOOK12.BIN:00040E	1	ーはブラッドの言葉を思い	
00533	SYSTEM/BOOK12.BIN:000427	1	出した。	
00534	SYSTEM/BOOK12.BIN:000430	1	『剣に秘めた憎悪は、	
00535	SYSTEM/BOOK12.BIN:000445	1	　自分を食い潰すぞ。』	
00536	SYSTEM/BOOK12.BIN:00045C	1	憎悪は新たな憎悪を呼びさ	
00537	SYSTEM/BOOK12.BIN:000475	1	ます。	
00538	SYSTEM/BOOK12.BIN:00047C	1	　サフィーが戦ってきたの	
00539	SYSTEM/BOOK12.BIN:000495	1	は、自分自身の中で青く燃	
00540	SYSTEM/BOOK12.BIN:0004AE	1	え続ける憎悪だったのだ。	
00541	SYSTEM/BOOK12.BIN:000500	1	　彼女は静かにシルフィン	
00542	SYSTEM/BOOK12.BIN:000519	1	グを鞘（さや）に収めると	
00543	SYSTEM/BOOK12.BIN:000532	1	ゆっくりとその場を立ち去	
00544	SYSTEM/BOOK12.BIN:00054B	1	った。誰１人動こうとする	
00545	SYSTEM/BOOK12.BIN:000564	1	者のない中、彼女の瞳の炎	
00546	SYSTEM/BOOK12.BIN:00057D	1	は徐々に湖面の静けさへと	
00547	SYSTEM/BOOK12.BIN:000596	1	変わっていった。	
00548	SYSTEM/BOOK12.BIN:0005B6	1	　　　女剣士サフィー　完	
00549	SYSTEM/BOOK13.BIN:00017D	1	＜キャプテン・トーマスの	
00550	SYSTEM/BOOK13.BIN:000204	1	朝日を照り返した海が	
00551	SYSTEM/BOOK13.BIN:00021C	1	　キラキラと輝いていた。	
00552	SYSTEM/BOOK13.BIN:000238	1	ここはエメラルド海。	
00553	SYSTEM/BOOK13.BIN:000250	1	　　　７つの海の中で	
00554	SYSTEM/BOOK13.BIN:000268	1	　　　　　１番美しい海。	
00555	SYSTEM/BOOK13.BIN:000284	1	　　かもめは舞い、	
00556	SYSTEM/BOOK13.BIN:00029A	1	　　　イルカは群れゆく。	
00557	SYSTEM/BOOK13.BIN:0002E4	1	　白い帆をいっぱいに広げ、	
00558	SYSTEM/BOOK13.BIN:0002FF	1	波を力強くかきわける船が	
00559	SYSTEM/BOOK13.BIN:000318	1	あった。	
00560	SYSTEM/BOOK13.BIN:000321	1	　キャプテン・トーマスの	
00561	SYSTEM/BOOK13.BIN:00033A	1	ひきいる”白い渡り鳥”プ	
00562	SYSTEM/BOOK13.BIN:000353	1	ラネトス号である。	
00563	SYSTEM/BOOK13.BIN:000366	1	　プラネトス号は今日も自	
00564	SYSTEM/BOOK13.BIN:00037F	1	由に海を行くのだ。	
00565	SYSTEM/BOOK13.BIN:000392	1	　キャプテン・トーマスは、	
00566	SYSTEM/BOOK13.BIN:0003AD	1	遂に海賊王ラモンのアジト	
00567	SYSTEM/BOOK13.BIN:0003C6	1	を発見した。	
00568	SYSTEM/BOOK13.BIN:00040C	1	　海の荒らくれ者、海賊王	
00569	SYSTEM/BOOK13.BIN:000425	1	ラモン。この美しいエメラ	
00570	SYSTEM/BOOK13.BIN:00043E	1	ルド海にその本拠があろう	
00571	SYSTEM/BOOK13.BIN:000457	1	とは、誰が想像できただろ	
00572	SYSTEM/BOOK13.BIN:000470	1	うか・・・。	
00573	SYSTEM/BOOK13.BIN:000480	1	『今度こそ	
00574	SYSTEM/BOOK13.BIN:00048B	1	　逃がしはしないぞ！』	
00575	SYSTEM/BOOK13.BIN:0004A5	1	朝日の甲板に立つキャプ	
00576	SYSTEM/BOOK13.BIN:0004BC	1	テン・トーマスは、赤銅色	
00577	SYSTEM/BOOK13.BIN:0004D5	1	に焼けた太い腕に、グッと	
00578	SYSTEM/BOOK13.BIN:0004EE	1	力を込めてつぶやいた。	
00579	SYSTEM/BOOK13.BIN:000551	1	西１２００ミロの海域だ。	
00580	SYSTEM/BOOK13.BIN:00056A	1	プラネトス号は順調に進み、	
00581	SYSTEM/BOOK13.BIN:000585	1	昼過ぎには予定の海域に到	
00582	SYSTEM/BOOK13.BIN:00059E	1	達した。海賊王ラモンとは	
00583	SYSTEM/BOOK13.BIN:0005B7	1	何度も戦ったが、奴の縄張	
00584	SYSTEM/BOOK13.BIN:0005D0	1	り（なわばり）での戦いは	
00585	SYSTEM/BOOK13.BIN:0005E9	1	初めてだ。どんな罠が待っ	
00586	SYSTEM/BOOK13.BIN:000602	1	ているかも知れない。トー	
00587	SYSTEM/BOOK13.BIN:00061B	1	マスは錨を下ろし、見張り	
00588	SYSTEM/BOOK13.BIN:000634	1	を立てた。	
00589	SYSTEM/BOOK13.BIN:000674	1	やがて、太陽もかなり下が	
00590	SYSTEM/BOOK13.BIN:00068D	1	ったころ、海賊王ラモンの	
00591	SYSTEM/BOOK13.BIN:0006A6	1	ひきいる船団が見えてきた。	
00592	SYSTEM/BOOK13.BIN:0006C1	1	その数は６隻。どれも特大	
00593	SYSTEM/BOOK13.BIN:0006DA	1	の大砲をつけた戦艦だった。	
00594	SYSTEM/BOOK13.BIN:0006F5	1	こちらも大砲はあるものの、	
00595	SYSTEM/BOOK13.BIN:000710	1	プラネトス号１隻のみだ。	
00596	SYSTEM/BOOK13.BIN:000729	1	だが、ここで敵に背を見せ	
00597	SYSTEM/BOOK13.BIN:000742	1	るわけにはいかない。	
00598	SYSTEM/BOOK13.BIN:00075A	1	『今日こそ雌雄（しゆう）	
00599	SYSTEM/BOOK13.BIN:000773	1	を決するときなのだ・・』	
00600	SYSTEM/BOOK13.BIN:00080B	1	戦いが始まろうとしていた。	
00601	SYSTEM/BOOK13.BIN:000826	1	ラモンの砲撃が始まった。	
00602	SYSTEM/BOOK13.BIN:00083F	1	音だけは凄いが届かない。	
00603	SYSTEM/BOOK13.BIN:000858	1	キャプテン・トーマスは船	
00604	SYSTEM/BOOK13.BIN:000871	1	を回して風上をとった。	
00605	SYSTEM/BOOK13.BIN:00088B	1	『おのれ！　	
00606	SYSTEM/BOOK13.BIN:000898	1	　風上をとられたか！』	
00607	SYSTEM/BOOK13.BIN:0008EC	1	海賊王ラモンは悔しげに叫	
00608	SYSTEM/BOOK13.BIN:000905	1	んだ。これでは砲弾は当た	
00609	SYSTEM/BOOK13.BIN:00091E	1	らない。しかし、これから	
00610	SYSTEM/BOOK13.BIN:000937	1	こそが本当のキャプテン・	
00611	SYSTEM/BOOK13.BIN:000950	1	トーマスの作戦だった。	
00612	SYSTEM/BOOK13.BIN:00096A	1	『帆をいっぱいに	
00613	SYSTEM/BOOK13.BIN:00097B	1	　　　　　広げろ！！』	
00614	SYSTEM/BOOK13.BIN:000995	1	その声に、マストから一斉	
00615	SYSTEM/BOOK13.BIN:0009AE	1	に白い花が広がった。プラ	
00616	SYSTEM/BOOK13.BIN:0009C7	1	ネトス号は砲弾のように飛	
00617	SYSTEM/BOOK13.BIN:0009E0	1	び出した。	
00618	SYSTEM/BOOK13.BIN:000A20	1	　風に乗るプラネトス号を	
00619	SYSTEM/BOOK13.BIN:000A39	1	誰も止めることはできない。	
00620	SYSTEM/BOOK13.BIN:000A57	1	『ラモンの船に	
00621	SYSTEM/BOOK13.BIN:000A66	1	　　　　体当たりだ！	
00622	SYSTEM/BOOK13.BIN:000A7B	1	　　　　　　　白兵戦だ！』	
00623	SYSTEM/BOOK13.BIN:000A99	1	舵輪が滑車のように回り、	
00624	SYSTEM/BOOK13.BIN:000AB2	1	プラネトス号はラモンの船	
00625	SYSTEM/BOOK13.BIN:000ACB	1	めがけ、まっしぐらに進路	
00626	SYSTEM/BOOK13.BIN:000AE4	1	をとった。邪魔をする船に	
00627	SYSTEM/BOOK13.BIN:000AFD	1	は砲弾のお返しだ。	
00628	SYSTEM/BOOK13.BIN:000B48	1	　プラネトス号は目標にぶ	
00629	SYSTEM/BOOK13.BIN:000B61	1	つかる前に、すでに３隻を	
00630	SYSTEM/BOOK13.BIN:000B7A	1	沈めた。	
00631	SYSTEM/BOOK13.BIN:000B86	1	『キャプテン・トーマスめ、	
00632	SYSTEM/BOOK13.BIN:000BA1	1	　　　　　こしゃくな！』	
00633	SYSTEM/BOOK13.BIN:000BBD	1	海賊王ラモンは忌々しげに	
00634	SYSTEM/BOOK13.BIN:000BD6	1	地団駄を踏んだ。ラモンの	
00635	SYSTEM/BOOK13.BIN:000BEF	1	船の側面にプラネトス号が	
00636	SYSTEM/BOOK13.BIN:000C08	1	突っ込んだ。	
00637	SYSTEM/BOOK13.BIN:000C18	1	『乗り込め！飛び移れ！』	
00638	SYSTEM/BOOK13.BIN:000C68	1	くっついた２隻の乗組員が	
00639	SYSTEM/BOOK13.BIN:000C81	1	入り乱れ、白兵戦が始まっ	
00640	SYSTEM/BOOK13.BIN:000C9A	1	た。キャプテン・トーマス	
00641	SYSTEM/BOOK13.BIN:000CB3	1	は海賊王ラモンを探し、沈	
00642	SYSTEM/BOOK13.BIN:000CCC	1	み始めた船を駆ける。	
00643	SYSTEM/BOOK13.BIN:000CE4	1	『ラモン！　どこにいる！	
00644	SYSTEM/BOOK13.BIN:000CFD	1	このキャプテン・トーマス	
00645	SYSTEM/BOOK13.BIN:000D16	1	が相手だ！！』	
00646	SYSTEM/BOOK13.BIN:000D28	1	海賊王ラモンは後ろから突	
00647	SYSTEM/BOOK13.BIN:000D41	1	然斬りかかった。	
00648	SYSTEM/BOOK13.BIN:000D88	1	『どりゃあ！』	
00649	SYSTEM/BOOK13.BIN:000D9A	1	トーマスは紙一重でかわす。	
00650	SYSTEM/BOOK13.BIN:000DCA	1	打ち合う剣から火花が散る。	
00651	SYSTEM/BOOK13.BIN:000DE5	1	浸水した船体が大きく傾き	
00652	SYSTEM/BOOK13.BIN:000DFE	1	始めた。	
00653	SYSTEM/BOOK13.BIN:000E0A	1	『ラモン！　今日こそが、	
00654	SYSTEM/BOOK13.BIN:000E23	1	　お前の最期のときだ！』	
00655	SYSTEM/BOOK13.BIN:000E6C	1	『それは・・・どうかな。	
00656	SYSTEM/BOOK13.BIN:000E85	1	　お前も終わりだ！』	
00657	SYSTEM/BOOK13.BIN:000E9D	1	苦しまぎれのラモンは爆薬	
00658	SYSTEM/BOOK13.BIN:000EB6	1	に火をつけた。	
00659	SYSTEM/BOOK13.BIN:000EC8	1	『みんなっ、	
00660	SYSTEM/BOOK13.BIN:000ED5	1	　海に飛び込めーっ！！』	
00661	SYSTEM/BOOK13.BIN:000EF1	1	キャプテン・トーマスは叫	
00662	SYSTEM/BOOK13.BIN:000F0A	1	びながら海に飛び込んだ。	
00663	SYSTEM/BOOK13.BIN:000F34	1	２隻の船はくっついたまま	
00664	SYSTEM/BOOK13.BIN:000F4D	1	轟音（ごうおん）とともに	
00665	SYSTEM/BOOK13.BIN:000F66	1	ふっとんだ。	
00666	SYSTEM/BOOK13.BIN:000FAC	1	　キャプテンの最後の航海	
00667	SYSTEM/BOOK13.BIN:000FC5	1	はこうして幕を閉じた。こ	
00668	SYSTEM/BOOK13.BIN:000FDE	1	の海戦の後、海賊さわぎは	
00669	SYSTEM/BOOK13.BIN:000FF7	1	なくなった。だが、それ以	
00670	SYSTEM/BOOK13.BIN:001010	1	来、キャプテン・トーマス	
00671	SYSTEM/BOOK13.BIN:001029	1	の雄姿を見た者もいない。	
00672	SYSTEM/BOOK13.BIN:001042	1	人々は、渡り鳥を見るたび	
00673	SYSTEM/BOOK13.BIN:00105B	1	に思い出すだろう。プラネ	
00674	SYSTEM/BOOK13.BIN:001074	1	トス号をかり、七つの海を	
00675	SYSTEM/BOOK13.BIN:00108D	1	渡った男。キャプテン・ト	
00676	SYSTEM/BOOK13.BIN:0010A6	1	ーマスのいたことを・・・。	
00677	SYSTEM/BOOK14.BIN:000094	1	　＜海賊王ラモンの	
00678	SYSTEM/BOOK14.BIN:0000EF	1	　かつて七つの海を荒らし	
00679	SYSTEM/BOOK14.BIN:000108	1	回った海賊王ラモンと、そ	
00680	SYSTEM/BOOK14.BIN:000121	1	の船団は勇敢なるキャプテ	
00681	SYSTEM/BOOK14.BIN:00013A	1	ン・トーマスによってエメ	
00682	SYSTEM/BOOK14.BIN:000153	1	ラルド海へと沈んだ。しか	
00683	SYSTEM/BOOK14.BIN:00016C	1	し、ラモンがそれまでに集	
00684	SYSTEM/BOOK14.BIN:000185	1	めた財宝の数々は、ついに	
00685	SYSTEM/BOOK14.BIN:00019E	1	発見されなかった。	
00686	SYSTEM/BOOK14.BIN:0001E3	1	　用心深いラモンは、各地	
00687	SYSTEM/BOOK14.BIN:0001FC	1	から奪った財宝の全てをど	
00688	SYSTEM/BOOK14.BIN:000215	1	こかに隠し、手がかりすら	
00689	SYSTEM/BOOK14.BIN:00022E	1	も残さなかったのだ。	
00690	SYSTEM/BOOK14.BIN:000243	1	　噂では数億ピアと言われ	
00691	SYSTEM/BOOK14.BIN:00025C	1	るその財宝は、いまだに発	
00692	SYSTEM/BOOK14.BIN:000275	1	見されておらず、それを求	
00693	SYSTEM/BOOK14.BIN:00028E	1	める者たちをひきつけてや	
00694	SYSTEM/BOOK14.BIN:0002A7	1	まない。	
00695	SYSTEM/BOOK15.BIN:000094	1	　＜大魔導師オルテガの	
00696	SYSTEM/BOOK15.BIN:0000F8	1	　大魔導師オルテガは少し	
00697	SYSTEM/BOOK15.BIN:000114	1	もあわてず杖をかかげると	
00698	SYSTEM/BOOK15.BIN:000130	1	自らも大空を舞う翼を持つ、	
00699	SYSTEM/BOOK15.BIN:00014E	1	巨大で雄々しい竜へと変身	
00700	SYSTEM/BOOK15.BIN:00016A	1	した。オルテガの竜は高く	
00701	SYSTEM/BOOK15.BIN:000186	1	高く舞い上がった。やがて、	
00702	SYSTEM/BOOK15.BIN:0001DC	1	どの竜よりも高く舞い上が	
00703	SYSTEM/BOOK15.BIN:0001F8	1	ったオルテガは急降下をし	
00704	SYSTEM/BOOK15.BIN:000214	1	ながら竜たちに炎を吹き返	
00705	SYSTEM/BOOK15.BIN:000230	1	した。竜たちは次々に海面	
00706	SYSTEM/BOOK15.BIN:00024C	1	に落下し、海の底に姿を消	
00707	SYSTEM/BOOK15.BIN:000268	1	した。これが今も語り継が	
00708	SYSTEM/BOOK15.BIN:000284	1	れるオルテガの竜退治だ。	
00709	SYSTEM/BOOK16.BIN:00008C	1	　　＜アンデラの湖＞	
00710	SYSTEM/BOOK16.BIN:0000DC	1	　アンデラの湖は、この地	
00711	SYSTEM/BOOK16.BIN:0000F5	1	の創世伝承によれば、山脈	
00712	SYSTEM/BOOK16.BIN:00010E	1	ほどもある大蛇と戦った、	
00713	SYSTEM/BOOK16.BIN:000127	1	巨人の足跡とされている。	
00714	SYSTEM/BOOK16.BIN:000140	1	大蛇に勝った巨人はその大	
00715	SYSTEM/BOOK16.BIN:000159	1	蛇を１度、自分の肩にかつ	
00716	SYSTEM/BOOK16.BIN:000172	1	ぎ勝ちどきを上げた。湖は	
00717	SYSTEM/BOOK16.BIN:00018B	1	その時の重さのために生ま	
00718	SYSTEM/BOOK16.BIN:0001A4	1	れたものとされている。巨	
00719	SYSTEM/BOOK16.BIN:0001BD	1	人はアンビッシュの南の国	
00720	SYSTEM/BOOK16.BIN:0001D6	1	境にそい、大蛇を寝そべら	
00721	SYSTEM/BOOK16.BIN:0001EF	1	せた。それがアンビッシュ	
00722	SYSTEM/BOOK16.BIN:000208	1	の大山脈となった。	
00723	SYSTEM/BOOK16.BIN:00022C	1	　巨人の足跡には水が湛え	
00724	SYSTEM/BOOK16.BIN:000245	1	られ、青く澄みわたる美し	
00725	SYSTEM/BOOK16.BIN:00025E	1	い湖となった。	
00726	SYSTEM/BOOK17.BIN:0000E8	1	　彼女の名はゲルド。ティ	
00727	SYSTEM/BOOK17.BIN:000101	1	ラスイールをあまねく歩き、	
00728	SYSTEM/BOOK17.BIN:00011C	2	不吉な言葉を残して消えた。	
00729	SYSTEM/BOOK17.BIN:000137	1	まだ若く、２０歳にも満た	
00730	SYSTEM/BOOK17.BIN:000150	2	ない娘は、その白銀の髪ゆ	
00731	SYSTEM/BOOK17.BIN:000169	2	えに、いつしか人々の間で	
00732	SYSTEM/BOOK17.BIN:000182	1	白き魔女と呼ばれるように	
00733	SYSTEM/BOOK17.BIN:00019B	1	なった。	
00734	SYSTEM/BOOK17.BIN:0001A7	1	『災いの山は、	
00735	SYSTEM/BOOK17.BIN:0001B6	1	　　海からあらわれ、	
00736	SYSTEM/BOOK17.BIN:0001CB	1	　　　都をガレキと化す』	
00737	SYSTEM/BOOK17.BIN:00021C	1	　メナート東海岸沿線から、	
00738	SYSTEM/BOOK17.BIN:000237	2	アンビッシュ全土に残るゲ	
00739	SYSTEM/BOOK17.BIN:000250	2	ルドの言葉である。学者た	
00740	SYSTEM/BOOK17.BIN:000269	2	ちは海からあらわれる山を、	
00741	SYSTEM/BOOK17.BIN:000284	2	地震による新島の発生と解	
00742	SYSTEM/BOOK17.BIN:00029D	2	釈している。	
00743	SYSTEM/BOOK17.BIN:0002AD	3	『大地が実りを忘れしとき、	
00744	SYSTEM/BOOK17.BIN:0002C8	3	　山は海を越え、人々のな	
00745	SYSTEM/BOOK17.BIN:0002E1	2	　げきがこだまする。』	
00746	SYSTEM/BOOK17.BIN:0002FB	1	ほぼ、メナートの全土に	
00747	SYSTEM/BOOK17.BIN:000312	1	残る言葉。	
00748	SYSTEM/BOOK17.BIN:000348	1	　ここでも山が元凶として	
00749	SYSTEM/BOOK17.BIN:000361	1	語られているが、前者の山	
00750	SYSTEM/BOOK17.BIN:00037A	1	とは違い、解釈が不能であ	
00751	SYSTEM/BOOK17.BIN:000393	1	る。尚、神秘学者の間では、	
00752	SYSTEM/BOOK17.BIN:0003AE	1	これらを全く別の観点から	
00753	SYSTEM/BOOK17.BIN:0003C7	1	解釈する者もある。２つの	
00754	SYSTEM/BOOK17.BIN:0003E0	1	言葉に登場する山は同一の	
00755	SYSTEM/BOOK17.BIN:0003F9	1	もので、海からの巨大生物	
00756	SYSTEM/BOOK17.BIN:000412	1	襲来と解釈している。	
00757	SYSTEM/BOOK18.BIN:0000B6	1	　　　ゲッペウスの宝＞	
00758	SYSTEM/BOOK18.BIN:000108	1	　かつて、大魔導師オルテ	
00759	SYSTEM/BOOK18.BIN:000121	1	ガとの技くらべに破れた妖	
00760	SYSTEM/BOOK18.BIN:00013A	1	術使いゲッペウス。彼は北	
00761	SYSTEM/BOOK18.BIN:000153	1	の氷山にこもり、再びオル	
00762	SYSTEM/BOOK18.BIN:00016C	1	テガに挑戦するために修行	
00763	SYSTEM/BOOK18.BIN:000185	1	を積んでいた。ゲッペウス	
00764	SYSTEM/BOOK18.BIN:00019E	1	の妖術は決して邪悪ではな	
00765	SYSTEM/BOOK18.BIN:0001B7	1	かったが、オルテガを負か	
00766	SYSTEM/BOOK18.BIN:0001D0	1	すことだけを目的にした技	
00767	SYSTEM/BOOK18.BIN:0001E9	1	は、志しがなく、功名心に	
00768	SYSTEM/BOOK18.BIN:000202	1	走るだけで、いくら修行を	
00769	SYSTEM/BOOK18.BIN:00021B	1	しても磨かれることはなか	
00770	SYSTEM/BOOK18.BIN:000234	1	った。	
00771	SYSTEM/BOOK18.BIN:00026C	1	　そんなある日、ゲッペウ	
00772	SYSTEM/BOOK18.BIN:000285	1	スに悪魔の囁きがあった。	
00773	SYSTEM/BOOK18.BIN:00029E	1	悪魔は力を授けることを条	
00774	SYSTEM/BOOK18.BIN:0002B7	1	件に、オルテガを倒せとゲ	
00775	SYSTEM/BOOK18.BIN:0002D0	1	ッペウスに命じたのだ。ゲ	
00776	SYSTEM/BOOK18.BIN:0002E9	1	ッペウスはそのときになっ	
00777	SYSTEM/BOOK18.BIN:000302	1	て初めて自分の愚かさに気	
00778	SYSTEM/BOOK18.BIN:00031B	1	づいた。妖術使いゲッペウ	
00779	SYSTEM/BOOK18.BIN:000334	1	スと大魔導師オルテガは、	
00780	SYSTEM/BOOK18.BIN:00034D	1	力を合わせて悪魔を打ち滅	
00781	SYSTEM/BOOK18.BIN:000366	1	ぼした。	
00782	SYSTEM/BOOK18.BIN:000388	1	　２人とも、力のほとんど	
00783	SYSTEM/BOOK18.BIN:0003A1	1	を使い果たしたが、友情は	
00784	SYSTEM/BOOK18.BIN:0003BA	1	残った。だが、それは何よ	
00785	SYSTEM/BOOK18.BIN:0003D3	1	りも替え難い、永遠の宝と	
00786	SYSTEM/BOOK18.BIN:0003EC	1	なったのだ。	
00787	SYSTEM/BOOK19.BIN:00009C	2	＜ルピナス湖のほとりで＞	
00788	SYSTEM/BOOK19.BIN:0000E8	1	　ルピナス湖の湖畔に広が	
00789	SYSTEM/BOOK19.BIN:000101	1	るフュエンテの国は、南北	
00790	SYSTEM/BOOK19.BIN:00011A	1	が２つの地区に分けられて	
00791	SYSTEM/BOOK19.BIN:000133	1	いる。北は兄のエネトン王。	
00792	SYSTEM/BOOK19.BIN:00014E	1	南は弟のキャラックがそれ	
00793	SYSTEM/BOOK19.BIN:000167	1	ぞれ治めている。もともと	
00794	SYSTEM/BOOK19.BIN:000180	1	は北にあるハイゼンの城を	
00795	SYSTEM/BOOK19.BIN:000199	1	都として治めていたのだが、	
00796	SYSTEM/BOOK19.BIN:0001B4	1	双子の王子の誕生を機に、	
00797	SYSTEM/BOOK19.BIN:0001CD	1	ホルクにも屋敷を造り、地	
00798	SYSTEM/BOOK19.BIN:0001E6	1	区を分けた。	
00799	SYSTEM/BOOK19.BIN:000220	1	　ホルクとハイゼンの２つ	
00800	SYSTEM/BOOK19.BIN:000239	1	の都は誕生した。２人の王	
00801	SYSTEM/BOOK19.BIN:000252	1	の力による、新しい国造り	
00802	SYSTEM/BOOK19.BIN:00026B	1	を願ったのだ。兄弟は競い	
00803	SYSTEM/BOOK19.BIN:000284	1	合うように、国造りにはげ	
00804	SYSTEM/BOOK19.BIN:00029D	1	みよしにつけ、悪しきにつ	
00805	SYSTEM/BOOK19.BIN:0002B6	1	け張り合った。果たして、	
00806	SYSTEM/BOOK19.BIN:0002CF	1	この行為を嘆きと受け取っ	
00807	SYSTEM/BOOK19.BIN:0002E8	1	たのか。旅の魔女が残した	
00808	SYSTEM/BOOK19.BIN:000301	1	言葉がここにある。	
00809	SYSTEM/BOOK19.BIN:00032C	1	『母が血を分かつのは、	
00810	SYSTEM/BOOK19.BIN:000343	1	　国を別つためではない』	
00811	SYSTEM/BOOK19.BIN:00035F	2	フュエンテの将来を危惧す	
00812	SYSTEM/BOOK19.BIN:000378	2	る言葉にも思える。	
00813	SYSTEM/BOOK20.BIN:00008C	1	＜怪傑ワイルドキャット＞	
00814	SYSTEM/BOOK20.BIN:0000E0	1	　ワイルドキャットはボク	
00815	SYSTEM/BOOK20.BIN:0000FC	1	たちの味方だ。森の中から	
00816	SYSTEM/BOOK20.BIN:000118	1	風のようにあらわれて、困	
00817	SYSTEM/BOOK20.BIN:000134	1	ったときにはボクらを救け	
00818	SYSTEM/BOOK20.BIN:000150	1	てくれる。大人は山賊と呼	
00819	SYSTEM/BOOK20.BIN:00016C	1	ぶけれどワイルドキャット	
00820	SYSTEM/BOOK20.BIN:000188	1	はいい人なんだ。	
00821	SYSTEM/BOOK20.BIN:0001D0	1	　この前もクマに襲われそ	
00822	SYSTEM/BOOK20.BIN:0001EC	1	うになったときサッと出て	
00823	SYSTEM/BOOK20.BIN:000208	1	きてボクを救けてくれた。	
00824	SYSTEM/BOOK20.BIN:000227	1	森の義賊（ぎぞく）	
00825	SYSTEM/BOOK20.BIN:00023D	1	　『ワイルドキャット』	
00826	SYSTEM/BOOK20.BIN:000257	1	　　　　　また会いたいな。	
00827	SYSTEM/BOOK21.BIN:0000C9	1	　　　　その１	
00828	SYSTEM/BOOK21.BIN:00011C	1	　さて、まずは基本の基本、	
00829	SYSTEM/BOOK21.BIN:00014E	1	　　　についてである	
00830	SYSTEM/BOOK21.BIN:0001AB	1	　コツとしては、上半身を	
00831	SYSTEM/BOOK21.BIN:0001C7	1	くずすことなく剣を振り下	
00832	SYSTEM/BOOK21.BIN:0001E3	1	ろし、その瞬間に利き腕側	
00833	SYSTEM/BOOK21.BIN:0001FF	1	の足に重心を移動する。	
00834	SYSTEM/BOOK21.BIN:00021C	3	　これだけだ。あとは実践	
00835	SYSTEM/BOOK21.BIN:000238	3	でコツをつかみたまえ。	
00836	SYSTEM/BOOK21.BIN:000288	1	　さて、その２では	
00837	SYSTEM/BOOK21.BIN:0002B6	2	に関してお教えすることに	
00838	SYSTEM/BOOK21.BIN:0002D2	2	しよう。それまでに各人精	
00839	SYSTEM/BOOK21.BIN:0002EE	2	進するように。	
00840	SYSTEM/BOOK21.BIN:000300	1	では『剣士教本その２』で、	
00841	SYSTEM/BOOK21.BIN:00031E	2	またお会いしよう・・・	
00842	SYSTEM/BOOK22.BIN:0000C9	1	　　　　その２	
00843	SYSTEM/BOOK22.BIN:00011C	2	　さて、今回は、	
00844	SYSTEM/BOOK22.BIN:000148	2	　　　についてである。	
00845	SYSTEM/BOOK22.BIN:0001A7	1	　コツとしては、剣をまっ	
00846	SYSTEM/BOOK22.BIN:0001C3	1	すぐに持ち、相手の下から	
00847	SYSTEM/BOOK22.BIN:0001DF	1	上へと向かうような感じで、	
00848	SYSTEM/BOOK22.BIN:0001FD	1	突きを小刻みに繰り出す。	
00849	SYSTEM/BOOK22.BIN:000288	1	　さて、その３では	
00850	SYSTEM/BOOK22.BIN:000300	1	では『剣士教本その３』で、	
00851	SYSTEM/BOOK23.BIN:0000D9	1	　　　　その３	
00852	SYSTEM/BOOK23.BIN:0001B0	1	　コツとしては、まず相手	
00853	SYSTEM/BOOK23.BIN:0001CC	1	の動きを良く見ること。相	
00854	SYSTEM/BOOK23.BIN:0001E8	1	手の剣を受け、それを押し	
00855	SYSTEM/BOOK23.BIN:000204	1	戻せる体力を持つこと。	
00856	SYSTEM/BOOK23.BIN:00028F	1	　さて、残念ながらこの本	
00857	SYSTEM/BOOK23.BIN:0002AB	1	もこの巻にて完結だ。最後	
00858	SYSTEM/BOOK23.BIN:0002C7	1	まで読んだあなたは、もう	
00859	SYSTEM/BOOK23.BIN:0002E3	1	一流の剣士だ！！	
00860	SYSTEM/BOOK23.BIN:0002F7	1	しかし、いつも精進を怠っ	
00861	SYSTEM/BOOK23.BIN:000313	1	てはならない。	
00862	SYSTEM/BOOK23.BIN:000369	1	　大切なのは実践でコツを	
00863	SYSTEM/BOOK23.BIN:000385	1	つかむということだ。	
00864	SYSTEM/BOOK23.BIN:0003B1	1	　最強にして無敵の剣士　	
00865	SYSTEM/BOOK23.BIN:0003CA	1	　　　バンカーフック４世	
00866	SYSTEM/BOOK24.BIN:00015C	1	　＜巡礼者のこころえ＞	
00867	SYSTEM/BOOK24.BIN:0001C4	1	すべての巡礼の旅に	
00868	SYSTEM/BOOK24.BIN:0001DA	1	　　　　　出る者に捧ぐ	
00869	SYSTEM/BOOK24.BIN:00023C	1	　はるか昔から、ティラス	
00870	SYSTEM/BOOK24.BIN:000258	1	イール地方にはシャリネと	
00871	SYSTEM/BOOK24.BIN:000274	1	呼ばれる５つのホコラがあ	
00872	SYSTEM/BOOK24.BIN:000290	1	り、それぞれに安置されて	
00873	SYSTEM/BOOK24.BIN:0002AC	1	いる魔法の鏡を全て見て巡	
00874	SYSTEM/BOOK24.BIN:0002C8	1	るのが、成人の儀式であり	
00875	SYSTEM/BOOK24.BIN:0002E4	1	巡礼の旅なのです。	
00876	SYSTEM/BOOK24.BIN:000320	1	　巡礼の旅の順路、フォル	
00877	SYSTEM/BOOK24.BIN:00033C	1	ティア国のディーネのシャ	
00878	SYSTEM/BOOK24.BIN:000358	1	リネを皮切りに賢者の言葉	
00879	SYSTEM/BOOK24.BIN:000374	1	に従い諸国にあるシャリネ	
00880	SYSTEM/BOOK24.BIN:000390	1	を巡ります。	
00881	SYSTEM/BOOK24.BIN:0003D7	1	フォルティア国	
00882	SYSTEM/BOOK24.BIN:0003E6	1	　　水を司る	
00883	SYSTEM/BOOK24.BIN:0003F3	1	　　　ディーネのシャリネ	
00884	SYSTEM/BOOK24.BIN:00040F	1	メナート国	
00885	SYSTEM/BOOK24.BIN:00041A	1	　　地を司る	
00886	SYSTEM/BOOK24.BIN:000427	1	　　　　テグラのシャリネ	
00887	SYSTEM/BOOK24.BIN:000443	1	アンビッシュ国	
00888	SYSTEM/BOOK24.BIN:000452	1	　　火を司る	
00889	SYSTEM/BOOK24.BIN:00045F	1	　　　イグニスのシャリネ	
00890	SYSTEM/BOOK24.BIN:00049F	1	ウドル国	
00891	SYSTEM/BOOK24.BIN:0004A8	1	　　風を司る	
00892	SYSTEM/BOOK24.BIN:0004B5	1	　　　シフールのシャリネ	
00893	SYSTEM/BOOK24.BIN:0004D1	1	オルドス国	
00894	SYSTEM/BOOK24.BIN:0004DC	1	　　空を司る	
00895	SYSTEM/BOOK24.BIN:0004E9	1	　　　　大聖堂のシャリネ	
00896	SYSTEM/BOOK24.BIN:00053C	1	　オルドスで最後の魔法の	
00897	SYSTEM/BOOK24.BIN:000558	1	鏡を見る事が、巡礼の旅の	
00898	SYSTEM/BOOK24.BIN:000574	1	本来の目的なのです。旅の	
00899	SYSTEM/BOOK24.BIN:000590	1	最中のお金については心配	
00900	SYSTEM/BOOK24.BIN:0005AC	1	する事はありません。	
00901	SYSTEM/BOOK24.BIN:0005C4	1	　巡礼の旅をする者は『銀	
00902	SYSTEM/BOOK24.BIN:0005E0	1	の短剣』を所持する習わし	
00903	SYSTEM/BOOK24.BIN:000634	1	がありますが、それがある	
00904	SYSTEM/BOOK24.BIN:000650	1	限り宿代や船代は全て無料	
00905	SYSTEM/BOOK24.BIN:00066C	1	になります。さらに関所で	
00906	SYSTEM/BOOK24.BIN:000688	1	は通行証代わりにもなりま	
00907	SYSTEM/BOOK24.BIN:0006A4	1	す。まさに『銀の短剣』は	
00908	SYSTEM/BOOK24.BIN:0006C0	1	巡礼の旅を続ける者の強い	
00909	SYSTEM/BOOK24.BIN:0006DC	1	味方と言えましょう。	
00910	SYSTEM/BOOK24.BIN:00072C	1	　もう皆さんご存じのよう	
00911	SYSTEM/BOOK24.BIN:000748	1	にティラスイール地方の魔	
00912	SYSTEM/BOOK24.BIN:000764	1	獣の中には『ラピカ』とい	
00913	SYSTEM/BOOK24.BIN:000780	1	う貴重な鉱石を集めている	
00914	SYSTEM/BOOK24.BIN:00079C	1	物も数多くいます。これら	
00915	SYSTEM/BOOK24.BIN:0007B8	1	の鉱石は、各地の道具屋な	
00916	SYSTEM/BOOK24.BIN:0007D4	1	どに持って行くと諸国共通	
00917	SYSTEM/BOOK24.BIN:000818	1	の通貨である『ピア』に換	
00918	SYSTEM/BOOK24.BIN:000834	1	金してくれるでしょう。	
00919	SYSTEM/BOOK24.BIN:00084E	1	　ですから皆さんは、ご自	
00920	SYSTEM/BOOK24.BIN:00086A	1	分達のペースで焦ること無	
00921	SYSTEM/BOOK24.BIN:000886	1	く旅を続ければ良いのです。	
00922	SYSTEM/BOOK24.BIN:0008DC	1	　しかし、ここで忘れては	
00923	SYSTEM/BOOK24.BIN:0008F8	1	ならない事が有ります。	
00924	SYSTEM/BOOK24.BIN:000912	1	　大切なのは	
00925	SYSTEM/BOOK24.BIN:000922	1	『巡礼の旅を終える事』	
00926	SYSTEM/BOOK24.BIN:00093C	1	　では無く、	
00927	SYSTEM/BOOK24.BIN:00094C	1	『この旅で何を見つけるか』	
00928	SYSTEM/BOOK24.BIN:00096A	1	　と言う事なのです。	
00929	SYSTEM/BOOK24.BIN:0009BD	1	　あなた方の	
00930	SYSTEM/BOOK24.BIN:0009CD	1	　　巡礼の旅が	
00931	SYSTEM/BOOK24.BIN:0009DF	1	　　　良きもので	
00932	SYSTEM/BOOK24.BIN:0009F3	1	　　　　ありますように。	
00933	SYSTEM/BOOK25.BIN:000094	1	　＜イグニスのシャリネ＞	
00934	SYSTEM/BOOK25.BIN:0000B0	1	　　　　～その成り立ち	
00935	SYSTEM/BOOK25.BIN:000100	1	　イグニスのシャリネは、	
00936	SYSTEM/BOOK25.BIN:000119	1	ディーネ、テグラ、シフー	
00937	SYSTEM/BOOK25.BIN:000132	1	ル、オルドスのシャリネと	
00938	SYSTEM/BOOK25.BIN:00014B	1	並ぶもので、ティラスイー	
00939	SYSTEM/BOOK25.BIN:000164	1	ルの５大シャリネの１つと	
00940	SYSTEM/BOOK25.BIN:00017D	1	して発達した『火』を司ど	
00941	SYSTEM/BOOK25.BIN:000196	1	るシャリネである。魔法の	
00942	SYSTEM/BOOK25.BIN:0001AF	1	鏡は他のシャリネ同様に巡	
00943	SYSTEM/BOOK25.BIN:0001C8	1	礼者たちの礼拝の対象とさ	
00944	SYSTEM/BOOK25.BIN:0001E1	1	れているが、以前は魔女や	
00945	SYSTEM/BOOK25.BIN:0001FA	1	僧侶などが、自らの心を鏡	
00946	SYSTEM/BOOK25.BIN:000213	1	に映し出し修行をするため	
00947	SYSTEM/BOOK25.BIN:00022C	1	に用いたともされている。	
00948	SYSTEM/BOOK25.BIN:000278	1	　伝説によれば、遥かなる	
00949	SYSTEM/BOOK25.BIN:000291	1	古代、国をまたぐほどの巨	
00950	SYSTEM/BOOK25.BIN:0002AA	1	人と大蛇の戦いがあり戦い	
00951	SYSTEM/BOOK25.BIN:0002C3	1	に敗れた大蛇は、アンビッ	
00952	SYSTEM/BOOK25.BIN:0002DC	1	シュの南をふさぐ大山脈	
00953	SYSTEM/BOOK25.BIN:0002F3	1	『大蛇の背骨』になったと	
00954	SYSTEM/BOOK25.BIN:00030C	1	伝えられている。	
00955	SYSTEM/BOOK25.BIN:00031D	1	　イグニスの魔法の鏡は炎	
00956	SYSTEM/BOOK25.BIN:000336	1	をのぞかせていることから	
00957	SYSTEM/BOOK25.BIN:00034F	1	『大蛇の舌』とも呼ばれて	
00958	SYSTEM/BOOK25.BIN:000368	1	いる。	
00959	SYSTEM/BOOK26.BIN:00009C	2	　　　＜記念ノート＞	
00960	SYSTEM/BOOK27.BIN:00025F	1	　拾ったら、返してね！	
00961	SYSTEM/BOOK27.BIN:000279	1	　　　　　　ｂｙ　ハック	
00962	SYSTEM/BOOK27.BIN:0002CC	1	＜シャリネについて＞	
00963	SYSTEM/BOOK27.BIN:0002E1	1	　古来よりティラスイール	
00964	SYSTEM/BOOK27.BIN:0002FA	1	にはシャリネと呼ばれる５	
00965	SYSTEM/BOOK27.BIN:000313	1	つのホコラがある。水を治	
00966	SYSTEM/BOOK27.BIN:00032C	1	めるディーネ、地の支柱テ	
00967	SYSTEM/BOOK27.BIN:000345	1	グラ、炎の守護イグニス、	
00968	SYSTEM/BOOK27.BIN:00035E	1	風を司るシフール。そして、	
00969	SYSTEM/BOOK27.BIN:000379	1	４つのシャリネを統べる空	
00970	SYSTEM/BOOK27.BIN:000392	1	のオルドスである。	
00971	SYSTEM/BOOK27.BIN:0003A5	1	　それぞれ魔法の鏡が安置	
00972	SYSTEM/BOOK27.BIN:0003BE	1	され、ラグピック村など一	
00973	SYSTEM/BOOK27.BIN:0003D7	1	部地域に残る成人の儀式の	
00974	SYSTEM/BOOK27.BIN:0003F0	1	巡礼地となっている。	
00975	SYSTEM/BOOK27.BIN:00043C	1	　魔法の鏡は大昔からあっ	
00976	SYSTEM/BOOK27.BIN:000455	1	たものだが、もともとは魔	
00977	SYSTEM/BOOK27.BIN:00046E	1	女や魔法使いが魔法伝授の	
00978	SYSTEM/BOOK27.BIN:000487	1	場として利用していたもの	
00979	SYSTEM/BOOK27.BIN:0004A0	1	のようだ。	
00980	SYSTEM/BOOK27.BIN:0004AB	1	　現在では彼らの来訪はな	
00981	SYSTEM/BOOK27.BIN:0004C4	1	い。なぜ、彼らはシャリネ	
00982	SYSTEM/BOOK27.BIN:0004DD	1	を訪れなくなったのだろう	
00983	SYSTEM/BOOK27.BIN:0004F6	1	か？人が魔法の本質を理解	
00984	SYSTEM/BOOK27.BIN:00050F	1	せず、単なる呪文として使	
00985	SYSTEM/BOOK27.BIN:000528	1	い出したことに起因するの	
00986	SYSTEM/BOOK27.BIN:000541	1	だろうか。	
00987	SYSTEM/BOOK27.BIN:000560	1	　ともあれティラスイール	
00988	SYSTEM/BOOK27.BIN:000579	1	に散らばる５つのシャリネ	
00989	SYSTEM/BOOK27.BIN:000592	1	は彼らと深いつながりがあ	
00990	SYSTEM/BOOK27.BIN:0005AB	1	るに違いないだろう。	
00991	SYSTEM/BOOK27.BIN:0005F4	1	＜魔女に関する土地＞	
00992	SYSTEM/BOOK27.BIN:000609	1	　ティラスイール全土で魔	
00993	SYSTEM/BOOK27.BIN:000622	1	女の名のつく地名は大きく	
00994	SYSTEM/BOOK27.BIN:00063B	1	目立つものでも３ヵ所ある。	
00995	SYSTEM/BOOK27.BIN:00069D	1	　　　　がそうだ。	
00996	SYSTEM/BOOK27.BIN:0006DD	1	フォルティア、メナート、	
00997	SYSTEM/BOOK27.BIN:0006F6	1	チャノム、ウドル、ギドナ	
00998	SYSTEM/BOOK27.BIN:00070F	1	の海岸線に面する内海を指	
00999	SYSTEM/BOOK27.BIN:000728	1	す。魔女伝説の多くが、こ	
01000	SYSTEM/BOOK27.BIN:000741	1	の内海より始まることから	
01001	SYSTEM/BOOK27.BIN:00075A	1	名がついた。	
01002	SYSTEM/BOOK27.BIN:000795	1	魔女の海のどこかに、魔女	
01003	SYSTEM/BOOK27.BIN:0007AE	1	の島が存在すると言われて	
01004	SYSTEM/BOOK27.BIN:0007C7	1	いる。人間でそこに行き、	
01005	SYSTEM/BOOK27.BIN:0007E0	1	無事に戻ってきたのは、オ	
01006	SYSTEM/BOOK27.BIN:0007F9	1	ルドスの開祖オルテガだけ	
01007	SYSTEM/BOOK27.BIN:000812	1	らしい。	
01008	SYSTEM/BOOK27.BIN:00084D	1	三都橋の中島を魔女の踏み	
01009	SYSTEM/BOOK27.BIN:000866	1	石と言う。三都橋ができる	
01010	SYSTEM/BOOK27.BIN:00087F	1	前、魔女がこの中島を踏み	
01011	SYSTEM/BOOK27.BIN:000898	1	石にして、チャノム側から	
01012	SYSTEM/BOOK27.BIN:0008B1	1	アンビッシュ側に渡ったこ	
01013	SYSTEM/BOOK27.BIN:0008CA	1	とが由来。	
01014	SYSTEM/BOOK27.BIN:00090C	1	＜真紅の炎について＞	
01015	SYSTEM/BOOK27.BIN:000921	1	メナート国のネガル島でし	
01016	SYSTEM/BOOK27.BIN:00093A	1	か採れない宝石。ネガル島	
01017	SYSTEM/BOOK27.BIN:000953	1	のテグラの炭坑深くある泥	
01018	SYSTEM/BOOK27.BIN:00096C	1	炭の沼でアコヤ貝を養殖し	
01019	SYSTEM/BOOK27.BIN:000985	1	て作る。	
01020	SYSTEM/BOOK27.BIN:0009A7	1	も十分に想像される。宝石	
01021	SYSTEM/BOOK27.BIN:0009C0	1	の価値は非常に高く、その	
01022	SYSTEM/BOOK27.BIN:0009D9	1	輝きに魅了される者も少な	
01023	SYSTEM/BOOK27.BIN:0009F2	1	くない。だが、収穫時期を	
01024	SYSTEM/BOOK27.BIN:000A0B	1	あやまると爆発物に成長し	
01025	SYSTEM/BOOK27.BIN:000A44	1	てしまうという２面性を持	
01026	SYSTEM/BOOK27.BIN:000A5D	1	っている。一説によれば、	
01027	SYSTEM/BOOK27.BIN:000A76	1	真紅の炎の美しさの秘密は、	
01028	SYSTEM/BOOK27.BIN:000A91	1	宝石そのものが有する精神	
01029	SYSTEM/BOOK27.BIN:000AAA	1	的な浄化作用の影響により	
01030	SYSTEM/BOOK27.BIN:000AC3	1	見る者の心を奪うのではな	
01031	SYSTEM/BOOK27.BIN:000ADC	1	いかと言われている。	
01032	SYSTEM/BOOK27.BIN:000B26	1	＜その他の覚え書き＞	
01033	SYSTEM/BOOK27.BIN:000B41	1	ここに書き示すのは	
01034	SYSTEM/BOOK27.BIN:000B6E	1	（もし、この手帳を拾った	
01035	SYSTEM/BOOK27.BIN:000B87	1	　人は見ないで返してね）	
01036	SYSTEM/BOOK27.BIN:000BC7	1	借金リスト	
01037	SYSTEM/BOOK27.BIN:000BD5	1	ゴッチ　　５０００ピア也	
01038	SYSTEM/BOOK27.BIN:000BEE	1	ドッチ　　３４００ピア也	
01039	SYSTEM/BOOK27.BIN:000C07	1	アッチ　　４６００ピア也	
01040	SYSTEM/BOOK27.BIN:000C23	1	合　計　１３０００ピア也	
01041	SYSTEM/BOOK27.BIN:000C88	1	返す気はあるのだ。	
01042	SYSTEM/BOOK27.BIN:000C9B	1	このさい、罪の意識は考え	
01043	SYSTEM/BOOK27.BIN:000CB4	1	ないようにしよう。	
01044	SYSTEM/BOOK27.BIN:000CC7	1	（うん。それがいい。）	
01045	SYSTEM/BOOK27.BIN:000D18	1	【メナート国】	
01046	SYSTEM/BOOK27.BIN:000D72	1	２０年ほど前、テグラのシ	
01047	SYSTEM/BOOK27.BIN:000D8B	1	ャリネに立ち寄った白き魔	
01048	SYSTEM/BOOK27.BIN:000DA4	1	女がそう言い残したそうだ。	
01049	SYSTEM/BOOK27.BIN:000DBF	1	尚、テグラの洞窟の中で泥	
01050	SYSTEM/BOOK27.BIN:000DD8	1	炭が採れると教えたのも白	
01051	SYSTEM/BOOK27.BIN:000DF1	1	き魔女らしい。これまで島	
01052	SYSTEM/BOOK27.BIN:000E0A	1	民の生活は漁業のみに支え	
01053	SYSTEM/BOOK27.BIN:000E23	1	られていたが、泥炭が採れ	
01054	SYSTEM/BOOK27.BIN:000E3C	1	ることがわかって、漁業以	
01055	SYSTEM/BOOK27.BIN:000E8C	1	外でも暮らせるようになっ	
01056	SYSTEM/BOOK27.BIN:000EA5	1	た。	
01057	SYSTEM/BOOK27.BIN:000EAA	1	メナートでは不作の原因が	
01058	SYSTEM/BOOK27.BIN:000EC3	1	魔女の呪いであると言う者	
01059	SYSTEM/BOOK27.BIN:000EDC	1	もいる。だが、同じメナー	
01060	SYSTEM/BOOK27.BIN:000EF5	1	トでもネガル島では、泥炭	
01061	SYSTEM/BOOK27.BIN:000F0E	1	の採掘法を伝えたとして感	
01062	SYSTEM/BOOK27.BIN:000F27	1	謝されている。謎だ。	
01063	SYSTEM/BOOK27.BIN:000F3C	1	ネルバにもこれと同じ言い	
01064	SYSTEM/BOOK27.BIN:000F55	1	伝えが残っている。同一の	
01065	SYSTEM/BOOK27.BIN:000F6E	1	事件が起ることを示唆して	
01066	SYSTEM/BOOK27.BIN:000F87	1	いるのだろうか？	
01067	SYSTEM/BOOK27.BIN:000FD0	1	ネルバでは、もうひとつ言	
01068	SYSTEM/BOOK27.BIN:000FE9	1	い伝えを見つけた。	
01069	SYSTEM/BOOK27.BIN:000FFC	2	『災いの山は海からあらわ	
01070	SYSTEM/BOOK27.BIN:001015	2	　れ、都をガレキと化す』	
01071	SYSTEM/BOOK27.BIN:00102E	1	尚、この白き魔女の言葉は、	
01072	SYSTEM/BOOK27.BIN:001049	1	アンビッシュの国の方でも	
01073	SYSTEM/BOOK27.BIN:001062	1	同じものが残されている。	
01074	SYSTEM/BOOK27.BIN:00107B	1	テュエールで老婆に白き魔	
01075	SYSTEM/BOOK27.BIN:001094	1	女の名を教えてもらった。	
01076	SYSTEM/BOOK27.BIN:0010AD	1	白き魔女の名がゲルドだと	
01077	SYSTEM/BOOK27.BIN:0010C6	1	わかった。　	
01078	SYSTEM/BOOK27.BIN:0010D3	1	『ゲルド・・・』何と哀愁	
01079	SYSTEM/BOOK27.BIN:0010EC	1	を秘めた響きだろう。	
01080	SYSTEM/BOOK27.BIN:00113C	1	【チャノム国】	
01081	SYSTEM/BOOK27.BIN:00114B	1	ダイスの近くの寒村に毒沼	
01082	SYSTEM/BOOK27.BIN:001164	1	があるが、その沼ができた	
01083	SYSTEM/BOOK27.BIN:00117D	1	のが白き魔女の呪いだと言	
01084	SYSTEM/BOOK27.BIN:001196	1	う噂もある。白き魔女は悪	
01085	SYSTEM/BOOK27.BIN:0011AF	1	い魔女なのか・・・。	
01086	SYSTEM/BOOK27.BIN:0011C4	1	スラムの老婆よりゲルドの	
01087	SYSTEM/BOOK27.BIN:0011DD	1	年格好を聞いた。ゲルドの	
01088	SYSTEM/BOOK27.BIN:0011F6	1	年は１８くらいだったそう	
01089	SYSTEM/BOOK27.BIN:00120F	1	だ。仮に１８歳だったとす	
01090	SYSTEM/BOOK27.BIN:001228	1	れば、現在は３８か？	
01091	SYSTEM/BOOK27.BIN:00123D	1	う～ん、ぜひ会ってみたい	
01092	SYSTEM/BOOK27.BIN:001256	1	ものだ。	
01093	SYSTEM/BOOK27.BIN:001294	1	【アンビッシュ国】	
01094	SYSTEM/BOOK27.BIN:0012A7	1	カンドマスターのマギサは	
01095	SYSTEM/BOOK27.BIN:0012C0	1	５歳のときにゲルドと会い、	
01096	SYSTEM/BOOK27.BIN:0012DB	1	魔法の正しい使い方や、人	
01097	SYSTEM/BOOK27.BIN:0012F4	1	との接し方、予言の受け止	
01098	SYSTEM/BOOK27.BIN:00130D	1	め方などを教えてもらった	
01099	SYSTEM/BOOK27.BIN:001326	1	そうだ。	
01100	SYSTEM/BOOK27.BIN:00132F	1	ゲルドはどちらかと言うと	
01101	SYSTEM/BOOK27.BIN:001348	1	チャッペル系の魔法が得意	
01102	SYSTEM/BOOK27.BIN:001361	1	だったらしい。アンビッシ	
01103	SYSTEM/BOOK27.BIN:00137A	1	ュには白き魔女について書	
01104	SYSTEM/BOOK27.BIN:001393	1	かれた本がある。	
01105	SYSTEM/BOOK27.BIN:0013F2	1	面倒だが、ここに全文を書	
01106	SYSTEM/BOOK27.BIN:00140B	1	き写す。	
01107	SYSTEM/BOOK27.BIN:001417	1	彼女の名はゲルド。ティラ	
01108	SYSTEM/BOOK27.BIN:001430	1	スイールをあまねく歩き、	
01109	SYSTEM/BOOK27.BIN:001464	1	まだ若く、二十歳にも満た	
01110	SYSTEM/BOOK27.BIN:0014AF	1	『白き魔女』と呼ばれるよ	
01111	SYSTEM/BOOK27.BIN:0014C8	1	うになった。	
01112	SYSTEM/BOOK27.BIN:001535	1	メナート東海岸沿線から、	
01113	SYSTEM/BOOK27.BIN:001620	1	　げきがこだまする』	
01114	SYSTEM/BOOK27.BIN:001638	1	ほぼ、メナートの全土に残	
01115	SYSTEM/BOOK27.BIN:001651	1	る言葉。ここでも山が元凶	
01116	SYSTEM/BOOK27.BIN:00166A	1	として語られているが、前	
01117	SYSTEM/BOOK27.BIN:001683	1	者の山とは違い、解釈が不	
01118	SYSTEM/BOOK27.BIN:00169C	1	能である。	
01119	SYSTEM/BOOK27.BIN:0016C4	1	尚、神秘学者の間では、こ	
01120	SYSTEM/BOOK27.BIN:0016DD	1	れらを全く別の観点から解	
01121	SYSTEM/BOOK27.BIN:0016F6	1	釈する者もある。２つの言	
01122	SYSTEM/BOOK27.BIN:00170F	1	葉に登場する山は同一のも	
01123	SYSTEM/BOOK27.BIN:001728	1	ので、海からの巨大生物襲	
01124	SYSTEM/BOOK27.BIN:001741	1	来と解釈している。	
01125	SYSTEM/BOOK27.BIN:00178C	1	【ウドル国】	
01126	SYSTEM/BOOK27.BIN:001799	1	ウドル国地方には、まだ白	
01127	SYSTEM/BOOK27.BIN:0017B2	1	き魔女のメッセージを確認	
01128	SYSTEM/BOOK27.BIN:0017CB	1	できない。だが、ウドルに	
01129	SYSTEM/BOOK27.BIN:0017E4	1	はシフールのシャリネがあ	
01130	SYSTEM/BOOK27.BIN:0017FD	1	る。きっと、何か残してい	
01131	SYSTEM/BOOK27.BIN:001816	1	るはずだ。	
01132	SYSTEM/BOOK27.BIN:00182A	1	シフールで情報を入手。	
01133	SYSTEM/BOOK27.BIN:001841	1	『迷いの森はシフールの風	
01134	SYSTEM/BOOK27.BIN:00185A	1	を受けてこずえを揺らす』	
01135	SYSTEM/BOOK27.BIN:001873	1	そうシフールで白き魔女が	
01136	SYSTEM/BOOK27.BIN:00188C	1	言ったらしい。	
01137	SYSTEM/BOOK27.BIN:0018B4	1	【オルドス】	
01138	SYSTEM/BOOK27.BIN:0018C1	1	オルドスでは白き魔女は言	
01139	SYSTEM/BOOK27.BIN:0018DA	1	葉を残していないようだ。	
01140	SYSTEM/BOOK27.BIN:0018F6	1	引き続き調査が必要。	
01141	SYSTEM/BOOK27.BIN:001934	1	【フュエンテ国】	
01142	SYSTEM/BOOK27.BIN:001945	1	フュエンテ国には白き魔女	
01143	SYSTEM/BOOK27.BIN:00195E	1	のことらしき、旅の魔女が	
01144	SYSTEM/BOOK27.BIN:001977	1	登場する記録がある。	
01145	SYSTEM/BOOK27.BIN:0019AB	1	（面倒だが、ここに全文を	
01146	SYSTEM/BOOK27.BIN:0019C4	1	　書き写す）	
01147	SYSTEM/BOOK27.BIN:001A19	1	ルピナス湖の湖畔に広がる	
01148	SYSTEM/BOOK27.BIN:001A32	1	フュエンテの国は、南北２	
01149	SYSTEM/BOOK27.BIN:001A4B	1	つに別れている。北は兄の	
01150	SYSTEM/BOOK27.BIN:001A64	1	エネトン王。南は弟のキャ	
01151	SYSTEM/BOOK27.BIN:001A7D	1	ラックがそれぞれ治めてい	
01152	SYSTEM/BOOK27.BIN:001A96	1	る。もともとは北のハイゼ	
01153	SYSTEM/BOOK27.BIN:001AAF	1	ンの城を首都として治めて	
01154	SYSTEM/BOOK27.BIN:001AC8	1	いたのだが、双子の王子の	
01155	SYSTEM/BOOK27.BIN:001AE1	1	誕生を機に、ホルクにも屋	
01156	SYSTEM/BOOK27.BIN:001AFA	1	敷を造り、国を別った。２	
01157	SYSTEM/BOOK27.BIN:001B13	1	人の王の力による、新しい	
01158	SYSTEM/BOOK27.BIN:001B2C	1	国造りを願ったのだ。果た	
01159	SYSTEM/BOOK27.BIN:001B80	1	して、この行為をなげきと	
01160	SYSTEM/BOOK27.BIN:001B99	1	受け取ったのか、旅の魔女	
01161	SYSTEM/BOOK27.BIN:001BB2	1	が残した言葉がここにある。	
01162	SYSTEM/BOOK27.BIN:001BCD	1	『母が血をわかつのは、国	
01163	SYSTEM/BOOK27.BIN:001BE6	1	をわかつためではない。』	
01164	SYSTEM/BOOK27.BIN:001C33	1	【ギドナ国】	
01165	SYSTEM/BOOK27.BIN:001C40	1	ギドナは未確認。	
01166	SYSTEM/BOOK27.BIN:001C54	2	引き続き調査が必要だ。	
01167	SYSTEM/BOOK27.BIN:001CA4	1	【フォルティア国】	
01168	SYSTEM/BOOK27.BIN:001CB7	1	ジョアンナの証言より。	
01169	SYSTEM/BOOK27.BIN:001CD1	1	『表情のない兵士たちが国	
01170	SYSTEM/BOOK27.BIN:001CEA	1	　境を越えるとき、呪縛	
01171	SYSTEM/BOOK27.BIN:001D01	1	　（じゅばく）に囚われた	
01172	SYSTEM/BOOK27.BIN:001D1A	1	　王はもはや力を失い、海	
01173	SYSTEM/BOOK27.BIN:001D33	1	　も山も、やがてはすべて	
01174	SYSTEM/BOOK27.BIN:001D4C	1	　死に絶える。異界の女と	
01175	SYSTEM/BOOK27.BIN:001D65	1	　星を操る男に災いの波は	
01176	SYSTEM/BOOK27.BIN:001D7E	1	　引き寄せられるだろう』	
01177	SYSTEM/BOOK27.BIN:001D9A	1	なんと不吉な予言だ。	
01178	SYSTEM/BOOK27.BIN:001DC4	1	これが白き魔女ゲルドの最	
01179	SYSTEM/BOOK27.BIN:001DDD	1	後の予言とは・・・	
01180	SYSTEM/BOOK28.BIN:000090	1	　＜黒き波を召喚する法＞	
01181	SYSTEM/BOOK28.BIN:0000D8	1	　異界の黒き波は、人間の	
01182	SYSTEM/BOOK28.BIN:0000F1	1	放つ嘆きの想念によって引	
01183	SYSTEM/BOOK28.BIN:00010A	1	き寄せられる。誤解、嫉妬、	
01184	SYSTEM/BOOK28.BIN:000125	1	差別、戦争・・・。	
01185	SYSTEM/BOOK28.BIN:000138	1	　心に潜む嘆きの種は無限	
01186	SYSTEM/BOOK28.BIN:000151	1	に存在するのだ。あらゆる	
01187	SYSTEM/BOOK28.BIN:00016A	1	嘆きの想念は、定めし核と	
01188	SYSTEM/BOOK28.BIN:000183	1	なる物体をめがけ凝縮（ぎょ	
01189	SYSTEM/BOOK28.BIN:00019E	1	うしゅく）され、黒き波を	
01190	SYSTEM/BOOK28.BIN:0001B7	1	誘引する力となる。	
01191	SYSTEM/BOOK28.BIN:0001E4	1	　占星の術法と魔の法を用	
01192	SYSTEM/BOOK28.BIN:0001FD	1	いることで力はより強固な	
01193	SYSTEM/BOOK28.BIN:000216	1	ものへと増幅し黒き波の誘	
01194	SYSTEM/BOOK28.BIN:00022F	1	引を確実なものとするだろ	
01195	SYSTEM/BOOK28.BIN:000248	1	う。	
01196	SYSTEM/BOOK31.BIN:0000CE	2	　鷹の爪号　船長　ジルバ	
01197	SYSTEM/BOOK31.BIN:000122	2	　　　　　１日目	
01198	SYSTEM/BOOK31.BIN:000160	2	　いよいよ今年の航海もこ	
01199	SYSTEM/BOOK31.BIN:000179	2	れで終わりだ。流氷の季節	
01200	SYSTEM/BOOK31.BIN:000192	2	がせまっている。ニーリで	
01201	SYSTEM/BOOK31.BIN:0001AB	2	折り返し、ラグーナに戻れ	
01202	SYSTEM/BOOK31.BIN:0001C4	2	ば冬の休暇だ。	
01203	SYSTEM/BOOK31.BIN:0001D3	2	　今年最後の航海にふさわ	
01204	SYSTEM/BOOK31.BIN:0001EC	2	しい客が乗船した。	
01205	SYSTEM/BOOK31.BIN:0001FF	2	巡礼の旅人、	
01206	SYSTEM/BOOK31.BIN:00020C	2	ジュリオ君とクリス君だ。	
01207	SYSTEM/BOOK31.BIN:000225	2	この航海も決めてやるぜ。	
01208	SYSTEM/BOOK32.BIN:000292	1	　　　　　２日目	
01209	SYSTEM/BOOK32.BIN:0002D8	1	　本日も天候は申し分ない。	
01210	SYSTEM/BOOK32.BIN:0002F3	1	巡礼の旅人のジュリオ君も	
01211	SYSTEM/BOOK32.BIN:00030C	1	クリス君も、よく働くいい	
01212	SYSTEM/BOOK32.BIN:000325	1	子たちだ。	
01213	SYSTEM/BOOK32.BIN:000330	1	　このぶんで行くと、予定	
01214	SYSTEM/BOOK32.BIN:000349	1	どおり３日目の明け方には	
01215	SYSTEM/BOOK32.BIN:000362	1	ニーリに着くだろう。	
01216	SYSTEM/BOOK32.BIN:000377	1	巡礼の旅人に祝福あれ！	
01217	SYSTEM/BOOK32.BIN:00038E	1	それにしても、２等船室の	
01218	SYSTEM/BOOK32.BIN:0003A7	1	２人連れは１度も船室から	
01219	SYSTEM/BOOK32.BIN:0003C0	1	姿を現わさない。恥ずかし	
01220	SYSTEM/BOOK32.BIN:0003D9	1	がり屋なのだろうか・・・。	
01221	SYSTEM/BOOK35.BIN:00010C	1	　　＜楽しいお料理＞	
01222	SYSTEM/BOOK35.BIN:000158	1	　～基本素材の１０種類～	
01223	SYSTEM/BOOK35.BIN:000174	1	・トマトピューレ	
01224	SYSTEM/BOOK35.BIN:000185	1	・玉ねぎ	
01225	SYSTEM/BOOK35.BIN:00018E	1	・にんじん	
01226	SYSTEM/BOOK35.BIN:000199	1	・セロリ	
01227	SYSTEM/BOOK35.BIN:0001A2	1	・じゃがいも	
01228	SYSTEM/BOOK35.BIN:0001AF	1	・赤ワイン	
01229	SYSTEM/BOOK35.BIN:0001BA	1	・にんにく	
01230	SYSTEM/BOOK35.BIN:0001C5	1	・オリーブ油	
01231	SYSTEM/BOOK35.BIN:0001D2	1	・スパイス	
01232	SYSTEM/BOOK35.BIN:0001DD	1	・岩塩	
01233	SYSTEM/BOOK35.BIN:00020C	1	　これらの材料だけでも	
01234	SYSTEM/BOOK35.BIN:000223	1	『トマトシチュー』	
01235	SYSTEM/BOOK35.BIN:000236	1	ができます。	
01236	SYSTEM/BOOK35.BIN:000246	1	　でも、もっとお料理を楽	
01237	SYSTEM/BOOK35.BIN:00025F	1	しみたい方は、この基本素	
01238	SYSTEM/BOOK35.BIN:000278	1	材にいくつかの素材を加え	
01239	SYSTEM/BOOK35.BIN:000291	1	て、１ランク上のお料理に	
01240	SYSTEM/BOOK35.BIN:0002AA	1	挑戦してみましょう。	
01241	SYSTEM/BOOK35.BIN:0002E0	1	『ビーフのトマトシチュー』	
01242	SYSTEM/BOOK35.BIN:00030C	4	・牛肉	
01243	SYSTEM/BOOK35.BIN:000316	6	　で出来ます。	
01244	SYSTEM/BOOK35.BIN:000348	1	『ビーフの赤ワイン煮』	
01245	SYSTEM/BOOK35.BIN:0003BC	1	『ボルシチ』	
01246	SYSTEM/BOOK35.BIN:0003DA	1	・ビーツ（赤かぶ）	
01247	SYSTEM/BOOK35.BIN:0003F0	1	・キャベツ	
01248	SYSTEM/BOOK35.BIN:0003FE	1	・サワークリーム	
01249	SYSTEM/BOOK35.BIN:00044C	1	『ビーフシチュー』	
01250	SYSTEM/BOOK35.BIN:00047A	1	・デミグラスソース	
01251	SYSTEM/BOOK35.BIN:0004C8	1	『ブイヤベース』	
01252	SYSTEM/BOOK35.BIN:0004EA	1	・サフラン	
01253	SYSTEM/BOOK35.BIN:0004F8	1	・魚と貝	
01254	SYSTEM/BOOK35.BIN:00054C	1	『ビーフカリー』	
01255	SYSTEM/BOOK35.BIN:000578	1	・カレースパイス	
01256	SYSTEM/BOOK35.BIN:00058C	1	・ココナツミルク	
01257	SYSTEM/BOOK35.BIN:0005A0	1	・ヨーグルト	
01258	SYSTEM/BOOK35.BIN:0005E8	1	『ビーフカリー』の要領で	
01259	SYSTEM/BOOK35.BIN:000604	1	牛肉の代りに魚貝類をお使	
01260	SYSTEM/BOOK35.BIN:000620	1	いになると、とってもおい	
01261	SYSTEM/BOOK35.BIN:00063C	1	しい『シーフードカリー』	
01262	SYSTEM/BOOK35.BIN:000658	1	になります。	
01263	SYSTEM/BOOK35.BIN:0006A3	1	これで貴女もお料理名人。	
01264	SYSTEM/BOOK35.BIN:0006C2	1	素晴らしい	
01265	SYSTEM/BOOK35.BIN:0006CD	1	　味覚のハーモニーを	
01266	SYSTEM/BOOK35.BIN:0006E2	1	　　ぜひ、お試しください。	
01267	SYSTEM/BOOK35.BIN:000709	1	　アンビッシュ城調理顧問	
01268	SYSTEM/BOOK35.BIN:000722	1	　　　ジョルノ・グルーメ	
01269	MAP/MAP000.BIN:00351A	13	アルフレッド	
01270	MAP/MAP000.BIN:003621	1	てすとてすと　ＮＰＣ＿０００\n改行しました。{0F}{07}{01}	
01271	MAP/MAP000.BIN:003650	1	これから、ＧＯＳＵＢ～ＲＥＴＵＲＮのテストをします。{0F}	
01272	MAP/MAP000.BIN:00368C	1	無事に戻ってきました。{10}	
01273	MAP/MAP000.BIN:0036A8	1	さくらいとも{0F}	
01274	MAP/MAP000.BIN:0036C0	1	ながさきもえ{0F}	
01275	MAP/MAP000.BIN:0036D8	1	もりやひそか{0F}	
01276	MAP/MAP000.BIN:0036F0	1	はしもとあそび{0F}	
01277	MAP/MAP000.BIN:003710	1	てすとてすと　ＮＰＣ＿００１\nジュリ夫たちは、{04}と\n{05}を持っている！{0F}{07}	
01278	MAP/MAP000.BIN:003756	1	でーす！{0F}{07}{01}	
01279	MAP/MAP000.BIN:003762	1	{02}{01}でーす！{0F}２人あわせて、ジュリクリで～す！{0F}	
01280	MAP/MAP000.BIN:003794	1	ボクはＯＢＪ＿０００さっ。\n{07}	
01281	MAP/MAP000.BIN:0037B4	1	{17}{0B}２行目です。{0E}{16}{15}３行目だよん。\n{16}{0E}４行目だってば。{0F}	
01282	MAP/MAP000.BIN:0037F4	1	ボクはＯＢＪ＿００１さっ。\nこれから、アイテム名の表示テストをするね。{0F}『{01}	
01283	MAP/MAP000.BIN:00383E	1	』を手に入れた！{0F}『{01}{01}』を手に入れた！{0F}『{01}{17}』を手に入れた！{10}『{01}e』を手に入れた！{10}	
01284	MAP/MAP001.BIN:0000A2	1	悚ラグピック村	
01285	MAP/MAP001.BIN:019AFE	3	ジュリオの父	
01286	MAP/MAP001.BIN:019B1E	4	ジュリオの母	
01287	MAP/MAP001.BIN:019B3E	4	クリスの父	
01288	MAP/MAP001.BIN:019B5E	4	クリスの母	
01289	MAP/MAP001.BIN:019B7E	4	トルタ村長	
01290	MAP/MAP001.BIN:019B9E	5	ログ	
01291	MAP/MAP001.BIN:019BBE	4	ピック	
01292	MAP/MAP001.BIN:019BDE	4	チアナ	
01293	MAP/MAP001.BIN:019BFE	4	スコル	
01294	MAP/MAP001.BIN:019C1E	4	ペルナ夫人	
01295	MAP/MAP001.BIN:019C3E	4	道具屋のテルノ	
01296	MAP/MAP001.BIN:019C5E	5	キリー	
01297	MAP/MAP001.BIN:019CC6	1	{02}{14}大イノシシ以外は、\n祝いの獲物とは認めないからな。{0F}ほら、頑張ってきなさい。{10}	
01298	MAP/MAP001.BIN:019D18	1	{02}{14}よくやった！\nさすがは我が息子。{10}	
01299	MAP/MAP001.BIN:019D40	1	{02}{14}ちゃんと聞いてきたか？{10}	
01300	MAP/MAP001.BIN:019D72	1	{02}{15}料理の方は母さんに任せなさい。{0F}びっくりするくらい、\nおいしいお鍋を作るわよ。{10}	
01301	MAP/MAP001.BIN:019DC6	1	{02}{15}村長さんのところで、巡礼の心構えを聞いていらっしゃい。{10}	
01302	MAP/MAP001.BIN:019E04	1	{02}{15}おかえり。\nもう明日の準備はすんだのね？{0E}	
01303	MAP/MAP001.BIN:019E42	1	{02}{15}だったら早く済ませてらっしゃい。\nそれから、お祝いにしましょうね。{0E}	
01304	MAP/MAP001.BIN:019EA2	1	{02}{14}ぐずぐずしてると、陽が暮れちまうぞ。{10}	
01305	MAP/MAP001.BIN:019ECE	1	{02}{15}それじゃ、ジュリオの\nお祝いをしましょう。{0F}さぁ、\nおいしい、おいしい、イノシシ鍋も\nちゃーんとできていますよ。{10}	
01306	MAP/MAP001.BIN:019F8C	1	{02}{14}あんなに泣き虫だったジュリオが\nもう巡礼の旅だなんてよう。{0F}まったく、月日がたつのは\n早いもんだなぁ・・・。{10}	
01307	MAP/MAP001.BIN:01A010	1	{02}{15}そうですねぇ、お父さん。{10}	
01308	MAP/MAP001.BIN:01A036	1	{02}{14}俺たちの息子の旅立ちに乾杯！{10}	
01309	MAP/MAP001.BIN:01A05C	1	{02}{15}乾杯！{10}	
01310	MAP/MAP001.BIN:01A075	1	かんぱ～い！{10}	
01311	MAP/MAP001.BIN:01A09A	1	\n\n\n\n\n\n　　　こうして巡礼の旅の前夜は更けていった。	
01312	MAP/MAP001.BIN:01A138	1	{02}{16}ああ、ジュリオ君。よく来たね。{0F}クリスかね？{0F}あの子なら西の原に\n薬草を探しに行ったよ。{10}	
01313	MAP/MAP001.BIN:01A196	1	{02}{16}去年はクリスがカゼをひいてしまって巡礼が延期になってしまったけど{0F}考えようによっては\n幸いだったかもしれないね。{0F}いくら、おてんばだからといっても\nクリス１人で巡礼の旅に出すのは\nやっぱり心配だったからね。{10}	
01314	MAP/MAP001.BIN:01A268	1	{02}{16}明日に備えて\nお隣の村長さんの家に行っておいで。{10}	
01315	MAP/MAP001.BIN:01A2A0	1	{02}{16}船でメナート国に渡ると、{0F}フォルティア国とは、\nうってかわって寒くなる。{0F}カゼには気をつけるのだよ。{10}	
01316	MAP/MAP001.BIN:01A31E	1	{02}{17}まあ、ジュリオ。いらっしゃい。\n明日からクリスのことをよろしくね。{10}	
01317	MAP/MAP001.BIN:01A368	1	{02}{17}まあ、ジュリオ。いらっしゃい。\nお隣の村長さんによろしくね。{10}	
01318	MAP/MAP001.BIN:01A3AC	1	{02}{17}食事はきちんと取るようにね。{0F}旅先で体をこわしたら、\nとても心細いものですからね。{10}	
01319	MAP/MAP001.BIN:01A426	1	{02}{18}おお、よく来たな。{0F}明日からの巡礼の旅のことを\n話さんといかんな。{0F}なに、大イノシシを捕まえに？{0F}そうか。\nならば、用がすんだら、\nクリスチーナと一緒に来るといい。{10}	
01320	MAP/MAP001.BIN:01A4D0	1	{02}{18}用がすんだなら\nクリスチーナと一緒に来なさい。{10}	
01321	MAP/MAP001.BIN:01A50A	1	{02}{18}おお、ジュリオにクリスチーナ。{0F}さっそく明日からの巡礼の旅についてちと話すことにしよう。{0E}	
01322	MAP/MAP001.BIN:01A5CC	1	{02}{1D}長くなるかもしれないけど、\n我慢して聞くんですよ。{0E}	
01323	MAP/MAP001.BIN:01A60C	1	{02}{18}さて。ジュリオ、クリスチーナ。{0F}いよいよ２人は、明日から\n成人の儀式である巡礼の旅に\n出発するわけだが・・・。{0E}	
01324	MAP/MAP001.BIN:01A68E	1	どういったものなのかは、\n分かっているかね？{0E}	
01325	MAP/MAP001.BIN:01A6DE	1	{02}{18}素直でよろしい。では説明しよう。{0E}	
01326	MAP/MAP001.BIN:01A70A	1	{02}{18}ジュリオ。{0F}旅先で、その知ったかぶりを\n発揮してはいかんぞ。\nよく聞きなさい。{0E}	
01327	MAP/MAP001.BIN:01A782	1	{02}{18}遙かな昔からティラスイール地方にはシャリネと呼ばれる{0F}５つのホコラがあって、\nそこにはそれぞれ魔法の鏡が\n安置されている。{0E}	
01328	MAP/MAP001.BIN:01A816	1	その鏡をすべて見て回るのが\n成人の儀式であり、巡礼の旅なのだ。{0E}	
01329	MAP/MAP001.BIN:01A86C	1	ラグピック村の者はみんな、\nこの儀式を終えて\n大人になったのだよ。{0E}	
01330	MAP/MAP001.BIN:01A8C2	1	\n{02}{01}始めは、どこに行けばいいの？{0E}	
01331	MAP/MAP001.BIN:01A8F2	1	{02}{18}ディーネのシャリネだ。{0E}	
01332	MAP/MAP001.BIN:01A95C	1	{02}{18}その後は賢者の言葉に従って\nオルドスを目指すのじゃ。{0F}賢者の町オルドスで\n最後の魔法の鏡を見ることが、\n巡礼の旅の本来の目的なのだ。{0E}	
01333	MAP/MAP001.BIN:01A9EF	1	オルドスってとこまで、どのくらい？{0E}	
01334	MAP/MAP001.BIN:01AA26	1	{02}{18}長い旅になるぞ。{0F}そうだな、１ヵ月・・・。{0F}１ヵ月半・・・というとこかな。{0E}	
01335	MAP/MAP001.BIN:01AA8A	1	それに、帰り道も大変だ。{0F}オルドス国を出る頃にはニーリからの船は流氷で航行していないから、{0F}西回りでフォルティア国に\n戻ってこなくてはならん。{0E}	
01336	MAP/MAP001.BIN:01AB20	1	たぶん、\nこの村に帰ってくるのは・・・。{0F}うまくいっても３ヵ月後だろうな。{0E}	
01337	MAP/MAP001.BIN:01AB95	1	３ヵ月も！？\nその間にかかるお金はどうするのさ。{0E}	
01338	MAP/MAP001.BIN:01ABCE	1	{02}{18}それなら心配はいらん。{0E}	
01339	MAP/MAP001.BIN:01AC00	1	巡礼の旅に出る者は、\n銀の短剣を所持する習わしでな。{0F}それがある限り、\n宿代や船代は全てタダになる。{0E}	
01340	MAP/MAP001.BIN:01AC72	1	それに、関所での\n通行証代わりにもなるのだ。{0F}だから２人は自分たちのペースで\n焦ることなくゆっくりと\n旅を続ければいいのだよ。{0E}	
01341	MAP/MAP001.BIN:01AD00	1	いいか。ジュリオ、クリスチーナ。{0F}大切なのは、巡礼の旅を\n終えることじゃなくて、\n旅で何を見つけるかということだ。{0F}まあ、私からの心構えは\nこんなとこか。{0F}今日はゆっくり休んで、\n明日に備えなさい。{0E}銀の短剣は明日、\n出発前に渡すとしよう。{0E}	
01342	MAP/MAP001.BIN:01ADFF	1	けっきょく、\n好き勝手に旅をすればいいんだね？{0E}	
01343	MAP/MAP001.BIN:01AE3E	1	{02}{18}{19}{0F}・・・{19}	
01344	MAP/MAP001.BIN:01AE4A	1	クリス。{0F}くれぐれもジュリオから\n目を離さんようにな。{0E}{02}{18}さぁ、２人とも明日の準備をして\n今晩はぐっすり眠りなさい。{0E}そうだ、これを渡しておこう。{0F}	
01345	MAP/MAP001.BIN:01AEFA	1	ジュリオは1冊の本を手渡された。{0E}	
01346	MAP/MAP001.BIN:01AF22	1	{02}{18}これに巡礼者の心得が\n書いてあるから読んでおくようにな。{10}	
01347	MAP/MAP001.BIN:01AF8A	1	\n{02}{01}それじゃあ、ジュリオ。\n私、家に帰るね。{0E}	
01348	MAP/MAP001.BIN:01AFCA	1	うん。明日ね。{10}	
01349	MAP/MAP001.BIN:01B05A	1	{02}{18}落ち着かないのか？{0F}私もそうだったよ。{0F}だが、明日のためにちゃんと\n休まなくちゃいかん。{10}	
01350	MAP/MAP001.BIN:01B0B8	1	{02}{18}この旅が終われば、\n晴れて大人の仲間入りだ。{0F}辛いこともあるだろうが、\nくじけずに頑張るのだよ。{10}	
01351	MAP/MAP001.BIN:01B132	1	{02}{19}おう、ジュリオか。\n窓の修理を頼まれたんだ。{0F}いよいよ明日から巡礼の旅だな。{0F}俺はジュリオたちと違って\n１人旅だったが、{0F}そんな淋しさもフッ飛ぶくらい、\n魔法の鏡はキレイだったぜ。{0F}いいか、魔法の鏡を見るときは、\nまばたきひとつするんじゃないぞ。{0F}見逃したら\n悔しくて眠れなくなっちゃうぞ。{10}	
01352	MAP/MAP001.BIN:01B252	1	{02}{19}明日からの旅で、\nたくさんの人と巡り合うだろう。{0F}旅は道連れっていうだろ？{0F}これから知り合う人たちを\n大切にするんだぜ。{0F}いざって時に力をかしてくれるかも\nしれないからな。{0E}それと、魔獣の中にはラピカっていう貴重な鉱石を残してくやつもいる。{0F}道具屋に持ってけば、\n買い取ってくれるはずだ。{0F}うまくいけば\nリッチな旅ができるかもな。{10}	
01353	MAP/MAP001.BIN:01B39A	1	{02}{19}おう、ジュリオか。{0F}村長に頼まれて、\nこの柵を直してるんだ。{0F}村長の長話しは、あいかわらずだな。俺が旅の心構えを聞かされた時には\n軽く３時間は話したからな。{10}	
01354	MAP/MAP001.BIN:01B44E	1	{02}{1A}じゅりおー、あそぼう。\n	
01355	MAP/MAP001.BIN:01B47A	1	{02}{1A}あそんで、あそんで～！{10}	
01356	MAP/MAP001.BIN:01B4A9	1	よし、鬼ごっこだ。{10}	
01357	MAP/MAP001.BIN:01B4D3	1	あ～。目が回った。{0E}	
01358	MAP/MAP001.BIN:01B4FE	2	{02}{1A}もっとぉ！{10}	
01359	MAP/MAP001.BIN:01B510	1	{02}{1A}じゅりおー、あそぼう。{0E}	
01360	MAP/MAP001.BIN:01B52C	1	{09}{08}\n{02}{01}ジュリオ！{0F}ピックと鬼ごっこなんて\nしてる場合じゃないでしょ。{0E}{02}{01}村長さんのところに\n早く行かなくっちゃ。{10}	
01361	MAP/MAP001.BIN:01B5A1	1	う、うん。{0F}そうだね。{10}	
01362	MAP/MAP001.BIN:01B5BC	1	\n{02}{1A}ちぇ、\nじゃあ、またね。{10}	
01363	MAP/MAP001.BIN:01B5DF	1	うん、またね、ピック。{10}	
01364	MAP/MAP001.BIN:01B5FC	1	{02}{1A}じゅりおー、あそんで！{0E}	
01365	MAP/MAP001.BIN:01B625	1	え～？　ちょっと疲れてるんだよ。{0E}	
01366	MAP/MAP001.BIN:01B64E	1	{02}{1A}だって、じゅりおは、あしたから\nいないじゃない。{0F}だーから、あそんでよー。\nあそんでくれなきゃ、ぐれちゃうぞ。{0E}	
01367	MAP/MAP001.BIN:01B6CD	1	よ、よし！　鬼ごっこだ。{0E}	
01368	MAP/MAP001.BIN:01B6FD	1	もう、ふらふらだよ。{0E}	
01369	MAP/MAP001.BIN:01B7DE	1	{02}{1B}思い出すねぇ。{0F}私とあの人も巡礼の旅が縁で\n結ばれたんだよ。{10}	
01370	MAP/MAP001.BIN:01B820	1	{02}{1B}１つ年下でも、\nいざってときには{0F}ジュリオが頑張んなきゃね。{0F}女の子を守るのは男の役目だからね。{0E}	
01371	MAP/MAP001.BIN:01B884	1	{09}\n\n{02}{01}ホントにね。{0E}	
01372	MAP/MAP001.BIN:01B89F	1	大丈夫だよ～。{10}	
01373	MAP/MAP001.BIN:01B8B4	1	{02}{1B}ジュリオが巡礼の旅に出てる間\nピックが淋しがるだろうねぇ。{10}	
01374	MAP/MAP001.BIN:01B900	1	{02}{1C}成人の儀式を控えた\n大事な時なんだから{0F}丸腰のままで、村の外に\n出るんじゃないぞ。{0F}お前が思っているほど魔獣は\n弱くはないからな。{10}	
01375	MAP/MAP001.BIN:01B986	1	{02}{1C}長い巡礼の旅では、\nつらいこともあるだろう。{0F}でも、再びこの村に\n帰ってきたときには\nきっと素晴らしい思い出に\n変わっているさ。{10}	
01376	MAP/MAP001.BIN:01BA1E	1	{02}{1D}これで、あなたたちも\nいよいよ大人の仲間入りね。{10}	
01377	MAP/MAP001.BIN:01BA56	1	{02}{1D}魔法の鏡が、\n映し出す景色もキレイだけれど{0F}旅先で出会う人たちとの思い出も\nきっとかけがえのないものになるわ。{10}	
01378	MAP/MAP001.BIN:01BACA	1	{02}{1D}ディーネは水晶湖の橋を\n越えた所にあるわ。{0F}ゆっくり歩いても、\nそんなにかからないはずよ。{10}	
01379	MAP/MAP001.BIN:01BB34	1	{02}{1E}やぁ、ジュリオ。明日の準備かい？{0F}明日は俺も商売しないからさ。\n買うなら今のうちだよ。{0F}さぁ、どんな用だい？{0E}	
01380	MAP/MAP001.BIN:01BBAA	1	{02}{1E}明日が楽しみだな！{10}	
01381	MAP/MAP001.BIN:01BBC4	1	{02}{1E}村長の話を聞いて来たのかい？{0F}じゃあ、明日は\n銀の短剣の授与式だな。\n早いとこ、準備を整えなきゃ。{0F}明日は俺も商売しないからさ。\n買うなら今のうちだよ。{0F}さぁ、どんな用だい？{0E}	
01382	MAP/MAP001.BIN:01BC78	1	{02}{1E}ジュリオ、\n世界をいっぱい見てこいよ。{0F}いろんな国があって面白いぞ。{0F}うまい料理があったら\n作り方を覚えてきてくれ。{10}	
01383	MAP/MAP001.BIN:01BD2A	1	{02}{1E}何が必要なんだい？{0F}	
01384	MAP/MAP001.BIN:01BD4E	1	{02}{1E}ジュリオは小さい頃から{0F}しょうもない物を\n買うクセがあったっけ。{0F}さぁ、ちゃんと\n商品は選んで買うんだぜ。{0E}	
01385	MAP/MAP001.BIN:01BDC0	1	{02}{1E}あいよ。\nさぁ、じっくり選んでくれ。{0E}	
01386	MAP/MAP001.BIN:01BDF6	1	{02}{1E}あいよ、{08}だね？\nそれなら{06}でいいよ。{0E}	
01387	MAP/MAP001.BIN:01BE22	1	{02}{1E}{08}かい？\n{06}もらうよ。{0E}	
01388	MAP/MAP001.BIN:01BE48	1	{02}{1E}何を売ってくれるんだい？{0E}	
01389	MAP/MAP001.BIN:01BE72	1	{02}{1E}ジュリオは小さい頃\nビンのコルクを集めてたっけな。{0F}また、ガラクタを\nためてるんじゃないか？\nさぁ、いらない物は引き取るぜ。{0E}	
01390	MAP/MAP001.BIN:01BEF6	1	{02}{1E}旅は身軽が１番だ。\nさぁ、いらないものは置いて行きな。{0E}	
01391	MAP/MAP001.BIN:01BF3E	1	{02}{1E}{08}だね？\nそれなら{06}でいいよ。{0E}	
01392	MAP/MAP001.BIN:01BF62	1	{02}{1E}{08}だね。\nじゃあ、{06}で引き取ろう。{0E}	
01393	MAP/MAP001.BIN:01BF8E	1	{02}{1E}１ゴアあたり{06}で引き取るよ。{0E}	
01394	MAP/MAP001.BIN:01BFBC	1	{02}{1E}全部で{06}だね。{0E}	
01395	MAP/MAP001.BIN:01BFD2	1	{02}{1E}よし、{06}払おう。\nよくためたな！{0E}	
01396	MAP/MAP001.BIN:01C002	1	{02}{1E}やめるのかい？{0E}	
01397	MAP/MAP001.BIN:01C018	1	{02}{1E}気が変わったら、いつでもおいで。{0E}	
01398	MAP/MAP001.BIN:01C04A	1	{02}{1E}おいおい、ジュリオ。\n換金するラピカがないじゃないか。{0E}	
01399	MAP/MAP001.BIN:01C088	1	{02}{1E}こら！\n大人をからかうんじゃない。{0E}	
01400	MAP/MAP001.BIN:01C0BC	2	{02}{1E}他には、どんな用があるんだい？{0E}	
01401	MAP/MAP001.BIN:01C121	1	今日はいい天気だね。\n緑の高原もキレイだろうなぁ。{0E}	
01402	MAP/MAP001.BIN:01C15E	1	{02}{1F}ああ、キレイだろうな。{0E}	
01403	MAP/MAP001.BIN:01C183	1	緑の高原は、大イノシシがいるかな？ねえ、クリスはこっちに来なかった？{0E}	
01404	MAP/MAP001.BIN:01C1D4	1	{02}{1F}なんだかんだ言って、\n出ようとしてもダメだぞ。{0F}旅立ちまでは\nおとなしく村の中にいろよ。{10}	
01405	MAP/MAP001.BIN:01C232	1	{02}{1F}クリスと一緒でも\n今日はおとなしく村にいろよ。{10}	
01406	MAP/MAP001.BIN:01C26D	1	ね、村長の話って\nいっつもあんなに長いの？{0E}	
01407	MAP/MAP001.BIN:01C2A2	1	{02}{1F}ああ、巡礼の心構えを聞いたんだな。{0F}俺はそんなに長くなかったよ。\nまぁ、ジュリオとクリスだからな。\n長くなるのは当然だな。{0E}	
01408	MAP/MAP001.BIN:01C329	1	・・・どーゆう意味さ。{10}	
01409	MAP/MAP001.BIN:01C350	1	{02}{0E}おお、ジュリオか。\n明日から巡礼の旅じゃったな。{0E}{09}	
01410	MAP/MAP001.BIN:01C387	1	うん、\nいよいよ明日、出発なんだ。{0E}ラップじいさんの頃から\n巡礼の旅ってあったの？{0E}{02}{0E}わしが旅立つよりも\nもっとずっと昔から\nあったそうじゃよ。{0E}{09}	
01411	MAP/MAP001.BIN:01C417	1	ふーん。{10}	
01412	MAP/MAP001.BIN:01C428	1	{02}{0E}わしが巡礼の旅に出たのは、\nもう50年も前だからな。{0F}様々な景色を見て来たが、\nきっと、どこもかしこもあの頃とは\n変わってしまっただろう。{0F}色々と見てきたが{19}{0F}・・・。{0F}{19}	
01413	MAP/MAP001.BIN:01C4CC	1	やっぱり、ここだけがわしの村だ。{10}	
01414	MAP/MAP001.BIN:01C4F4	1	\n{02}{01}明日の朝、迎えにいってあげるね。{0F}それから一緒に\n村長さんのところに行きましょう。{0F}だけど、\n寝坊してたら承知しないから。{10}	
01415	MAP/MAP001.BIN:01C6E5	1	あ、クリス。{0F}西の原に来るなら\nどうして誘ってくれなかったのさ～。{10}	
01416	MAP/MAP001.BIN:01C732	1	{09}{09}\n{02}{01}そんなこと\n言ってる場合じゃないでしょ！{0F}なんとかしてよ！！{10}	
01417	MAP/MAP001.BIN:01C77F	1	ええー！？そんなぁ。{10}	
01418	MAP/MAP001.BIN:01C7B1	1	あ、{19}{0F}・・・。{19}	
01419	MAP/MAP001.BIN:01C84A	1	{09}{09}\n{02}{01}なんでこっちに逃げてくるのよ。{10}	
01420	MAP/MAP001.BIN:01C87B	1	なに、言ってるんだよ。{0F}まったく\nクリスはいつもそうじゃないか。{10}	
01421	MAP/MAP001.BIN:01C8C8	1	\n{02}{01}ジュリオ、危ない！{10}	
01422	MAP/MAP001.BIN:01C90F	1	えっ？{10}	
01423	MAP/MAP001.BIN:01C9AE	1	{09}{0A}\n{02}{01}助かったわ、ジュリオ。{0F}薬草を探してたら、\n突然、こんな大きなイノシシが\n出てくるんだもの・・・。{0E}{09}{0A}\n{02}{01}私、びっくりしちゃった。{0E}{09}{08}\n{02}{01}えっ？　イノシシ鍋！？{0F}な～んだ。\nじゃあ、私を助けに\nきてくれたんじゃないのね。{10}	
01424	MAP/MAP001.BIN:01CA93	1	ねぇ、クリスも\nイノシシ食べにおいでよ。{0E}	
01425	MAP/MAP001.BIN:01CAC8	1	\n{02}{01}ありがとう。\nでも、明日から巡礼の旅だし、{0F}しばらく家族と食事できないから\n私も今晩は家で食べるわ。{0E}	
01426	MAP/MAP001.BIN:01CB39	1	そうだね。それがいいね。{0E}	
01427	MAP/MAP001.BIN:01CBB8	1	\n{02}{01}でも大きなイノシシね。{0F}	
01428	MAP/MAP001.BIN:01CC1E	1	\n{02}{01}家まで運ぶの手伝ってあげる。{0F}１人じゃ大変そうだもの。{0E}	
01429	MAP/MAP001.BIN:01CC8C	1	\n{02}{01}お母さんのオルゴールが聞きたいの？いいわよ。{0E}	
01430	MAP/MAP001.BIN:01CCC8	1	ジュリオはオルゴールを開けた。{0E}	
01431	MAP/MAP001.BIN:01CD0B	1	いつ聞いても、きれいな曲だね。{0E}{09}{0A}\n{02}{01}そうでしょ。\nわたしもこの曲大好きなの。{10}	
01432	MAP/MAP001.BIN:01CD72	1	{02}{1F}ジュリオ！{0E}	
01433	MAP/MAP001.BIN:01CDA6	1	銀の短剣をもらうまでは、\n村から出たらダメだよ。{0F}見張りに立たされてる\n俺の身にもなってくれよ。{10}	
01434	MAP/MAP001.BIN:01CE48	1	{02}{1F}頼むから、な？{0F}お前が外に出たら、村長に俺が\nしぼられるんだから。{10}	
01435	MAP/MAP001.BIN:01CFB8	1	\n\n\n\n\n\n　　　　　　　ガガーブ暦　９９２年	
01436	MAP/MAP001.BIN:01CFFA	1	\n\n\n\n\n\n　　　　　フォルティア国　ラグピック村	
01437	MAP/MAP001.BIN:01D0DA	1	{02}{17}クリスチーナ。\n明日の準備はできているの？{0F}明日になってあわてないように、\n必要なものは今日中に\n用意しておきなさい。{10}	
01438	MAP/MAP001.BIN:01D1B8	1	\n{02}{01}大丈夫よ、お母さん。{0F}私のことより、\n一緒に行くジュリオの方が\n心配だと思うわ。{10}	
01439	MAP/MAP001.BIN:01D242	2	{09}{08}\n{02}{01}まったくジュリオったら、\nいつまでたっても泣き虫だし、{0F}私がいなくちゃ\n何もできないんだから・・・。{0F}いよいよ明日から\n巡礼の旅だっていうのに、\n本当に大丈夫なのかしら？{10}	
01440	MAP/MAP001.BIN:01D34A	2	{02}{17}まぁ。クリスったら・・・。\nお姉さんぶっちゃって。{0F}ジュリオはあれで\n男らしいところもあるのだから\n心配いりませんよ。{0F}	
01441	MAP/MAP001.BIN:01D3F4	2	{02}{17}あっ、そうだわクリス。{0F}薬草が切れているかもしれない。\nちょっと、その棚の中を見て。{10}	
01442	MAP/MAP001.BIN:01D4F0	2	\n{02}{01}たしかここよね。{0F}	
01443	MAP/MAP001.BIN:01D536	2	ほんとだ。薬草切れてるわ。{10}	
01444	MAP/MAP001.BIN:01D586	2	{02}{17}この前、ログさんが大工仕事で{0F}ケガをした時に塗ってあげたのが\n最後だったみたいね。{0F}	
01445	MAP/MAP001.BIN:01D60A	2	クリス、西の原で薬草を\nつんできてくれないかしら。{10}	
01446	MAP/MAP001.BIN:01D64A	1	\n{02}{01}うん、わかったわ。{10}	
01447	MAP/MAP001.BIN:01D694	1	\n{02}{01}あ・・・。\nお母さんのオルゴール。{10}	
01448	MAP/MAP001.BIN:01D720	1	\n{02}{01}いい音色・・・。{10}	
01449	MAP/MAP001.BIN:01D7DE	1	\n{02}{01}ねぇ、お母さん！\nこのオルゴールの約束、覚えてる？{10}	
01450	MAP/MAP001.BIN:01D854	2	{02}{17}ええ。覚えてますよ。{0F}成人の儀式がすんだら、\nお祝いとして、クリスに{0F}プレゼントする約束だったわね。{10}	
01451	MAP/MAP001.BIN:01D908	1	\n{02}{01}きっとよ。{10}	
01452	MAP/MAP001.BIN:01D938	1	\n{02}{01}じゃあ、西の原に行って\n薬草をつんでくるわね。{10}	
01453	MAP/MAP001.BIN:01D994	2	{02}{17}気をつけて行ってらっしゃい。\n明日から長旅なんだから、{0F}	
01454	MAP/MAP001.BIN:01DA02	2	あんまりオテンバしちゃダメですよ。{10}	
01455	MAP/MAP001.BIN:01DA2E	1	\n{02}{01}はい、わかってまーす。{10}	
01456	MAP/MAP001.BIN:01DB16	2	{02}{14}ジュリオ。\nいよいよ明日から巡礼の旅だな。{10}	
01457	MAP/MAP001.BIN:01DB62	2	・・・明日からなのに\nなんで、もう巡礼服を着てるんだ？{10}	
01458	MAP/MAP001.BIN:01DBB5	2	いいじゃない。\nへるもんじゃないし。{10}	
01459	MAP/MAP001.BIN:01DBF0	2	{02}{15}私は心配ですよ。{0F}この子とクリスだけで\n大丈夫なのかしら？{10}	
01460	MAP/MAP001.BIN:01DC43	2	大丈夫だよ。\nそんなに心配しなくても。{10}	
01461	MAP/MAP001.BIN:01DC74	2	{02}{14}本当か？\n前にラグーナまで{0F}お使いに行ったときには\n迷子になって大泣きしたくせに。{10}	
01462	MAP/MAP001.BIN:01DCE3	2	あれはまだ10歳のころじゃないか。{10}	
01463	MAP/MAP001.BIN:01DD24	2	{02}{14}何にしても、方向オンチが\n俺に似るとまずいよな。{10}	
01464	MAP/MAP001.BIN:01DD64	2	{02}{15}最悪ですわね。{10}	
01465	MAP/MAP001.BIN:01DDA0	2	{02}{14}・・・とにかく、今晩はお祝いだ。{10}	
01466	MAP/MAP001.BIN:01DDCC	2	{02}{15}そうですね。\nごちそうを作りましょうね。{10}	
01467	MAP/MAP001.BIN:01DE0E	2	{02}{14}と、いうわけだ。{0F}この季節は西の原に\nイノシシが出るだろ？{0F}そうだな。{0F}大イノシシの肉なら\n門出を祝うのにちょうどいい。{10}	
01468	MAP/MAP001.BIN:01DEA5	2	ちょ、ちょっと、何が言いたいのさ。{10}	
01469	MAP/MAP001.BIN:01DEE0	2	{02}{14}お前も狩人の息子なら、\n自分の門出を祝う料理の獲物くらい{0F}自分で捕まえてこい。\n俺はここで待っているからな。{10}	
01470	MAP/MAP001.BIN:01DF6A	2	{02}{15}お鍋の用意はしておきますからね。{10}	
01471	MAP/MAP001.BIN:01DFD1	2	どこがボクのお祝いなのさ！{0E}	
01472	MAP/MAP001.BIN:01E00C	2	{02}{14}よし、行ってこい。{10}	
01473	MAP/MAP001.BIN:01E03E	2	今晩は久しぶりに{0F}大イノシシの肉が食べられそうだ。{10}	
01474	MAP/MAP001.BIN:01E084	1	{02}{15}西の原なら迷うことはないから\n安心して待っていられるわ。{0F}でも、早く戻ってらっしゃいね。{0F}今日中にクリスと一緒に\n村長さんのところへ行って、{0F}旅の心構えを聞いておかないと\nいけませんからね。{10}	
01475	MAP/MAP001.BIN:01E1CC	2	{02}{14}てっきり音をあげると\n思っていたが・・・。{0F}よくやった！\nこいつは、立派な大イノシシだ。\nさすがは我が息子。{10}	
01476	MAP/MAP001.BIN:01E242	2	{02}{15}クリスも一緒ね。{10}	
01477	MAP/MAP001.BIN:01E278	2	ちょうどいいわ。\n遅くならないうちに、{0F}村長さんのところで、巡礼の心構えを聞いていらっしゃい。{10}	
01478	MAP/MAP001.BIN:01E2D8	2	{02}{15}帰ってくるまでには、\nお鍋を作っておきますからね。{10}	
01479	MAP/MAP001.BIN:01E319	2	めんどうなことは、\n早くすませちゃおっと。{0F}クリス、行こ。{10}	
01480	MAP/MAP001.BIN:01E38C	4	{02}{01}うん。{10}	
01481	MAP/MAP001.BIN:01E4D9	1	ちぇ・・・。\n調子いいんだから・・・。{10}	
01482	MAP/MAP001.BIN:01E50E	1	もうダメだよ～。{10}	
01483	MAP/MAP001.BIN:01E5D4	1	ジュリオは、薬草をもらった。{10}	
01484	MAP/MAP001.BIN:01E642	1	ええ～、そんなあ～。{10}	
01485	MAP/MAP001.BIN:01E6CE	1	わわわ・・・！{10}	
01486	MAP/MAP002.BIN:001294	1	だちぐけ	
01487	MAP/MAP002.BIN:01273B	1	帥宴bプじいさん	
01488	MAP/MAP002.BIN:01275C	3	シノン	
01489	MAP/MAP002.BIN:01277C	3	シアラ	
01490	MAP/MAP002.BIN:01279C	3	エルポ	
01491	MAP/MAP002.BIN:012C72	1	{02}{14}さあ、元気に出発じゃ！{10}	
01492	MAP/MAP002.BIN:012C96	1	{02}{18}ジュリオ、クリス！{0F}１度村を出たら、\n巡礼の旅が終わるまで\n帰ってこれないのは知ってるだろ{0F}帰ってきたら、\nみやげ話をたくさん聞かせてくれよ。{10}	
01493	MAP/MAP002.BIN:012E75	1	だれか来るよ。{0E}	
01494	MAP/MAP002.BIN:012EB4	1	\n{02}{01}・・・旅の人かしら？{0E}	
01495	MAP/MAP002.BIN:012EF4	1	{02}{15}こんにちは。{0F}見たところ、\n巡礼の方ですね。{0F}ラグピック村の\nラップさんに会いたくて{0F}家族そろってアンビッシュ国から\n来たんですよ。{0E}	
01496	MAP/MAP002.BIN:012F82	1	\n{02}{01}ラップじいさん？{0E}	
01497	MAP/MAP002.BIN:012FBE	1	{02}{15}おや。\nラップさんを知っているのかい？{0E}	
01498	MAP/MAP002.BIN:013010	1	\n{02}{01}ええ、もちろん知ってるわ。{0F}ラグピック村では\n村長さんより古い長老だもの。{0F}あの・・・なにか、ご迷惑でも？{0E}	
01499	MAP/MAP002.BIN:013082	1	{02}{16}とんでもない！{0F}私たちはずいぶんと昔に\nラップさんに\n助けていただいたんです。{0E}	
01500	MAP/MAP002.BIN:0130F8	1	{02}{15}こうして、子供も\n旅ができる歳になったので、{0F}ラップさんを{0F}訪ねることにしたんですよ。{0E}	
01501	MAP/MAP002.BIN:013165	1	助けてもらったの？\n人ちがいじゃないかなぁ。{0E}	
01502	MAP/MAP002.BIN:013198	1	{02}{15}ティラスイールきっての\n大魔法使いのラップさんですよ。{0F}まちがう人はいませんよ。{0E}	
01503	MAP/MAP002.BIN:0131F4	1	{09}\n\n{02}{01}大魔法使い？{0E}	
01504	MAP/MAP002.BIN:01320E	1	{02}{16}あら、知らなかったの？{0E}	
01505	MAP/MAP002.BIN:013237	1	それ、本当？{0E}	
01506	MAP/MAP002.BIN:01324C	1	{02}{15}本当も何も、思い起こせば\n10年前のことです。{0F}あの時、ラップさんが\n狼の群れを追い払ってくれなかったら私たちは無事ではいられなかった。{0F}当然、この子も\n生まれてないだろうしね。{0F}私たち家族の今日があるのは{0F}すべてラップさんの\nおかげなんですよ。{0E}{02}{16}あら。\nお嬢さんの持っているその杖は？{0E}	
01507	MAP/MAP002.BIN:01336E	1	{09}{0A}\n{02}{01}ああ、これラップじいさんから、\nもらったんです。{0E}	
01508	MAP/MAP002.BIN:0133AA	1	{02}{15}そりゃすごい！{0F}お嬢さん、よほどラップさんに\n見込まれているんだね。{0E}	
01509	MAP/MAP002.BIN:0133FA	1	{09}\n\n{02}{01}えっ・・・。{0E}	
01510	MAP/MAP002.BIN:013414	1	{02}{15}たしかその杖は、\n大魔法使いであるラップさんが{0F}あの時に持っていた杖だ。{0E}	
01511	MAP/MAP002.BIN:013466	1	{02}{17}ねぇ、とぅちゃん。{0F}はやく、だいまほうつかいの\nラップさんにあいにいこうよ！{0E}	
01512	MAP/MAP002.BIN:0134BC	1	{02}{15}おお、そうだね。{0E}{02}{16}そうそう。{0F}この先の王都街道に抜ける\nルデラの境門に気の荒そうな兵隊が\n大勢いたから気をつけてね。{0E}	
01513	MAP/MAP002.BIN:01353A	1	{02}{15}まずはディーネを目指すんだよね？{0F}だったら王都街道は\n通らないから安心だ。{0F}君たちにとって巡礼の旅が、\n実り多きものであるように！{0E}{02}{16}じゃあ、お元気で。{0E}{02}{17}バイバイ！{0E}	
01514	MAP/MAP002.BIN:013698	1	{02}{01}ラップじいさんが、\n今までに魔法を使ったとこなんて、{0F}見たことないわ。{0E}	
01515	MAP/MAP002.BIN:0136EC	1	人は見かけに\nよらないって言うけど・・・。{0F}絶対なにかのカンちがいだと思うな。{0E}	
01516	MAP/MAP002.BIN:013740	1	{02}{01}うん。私もそう思う。{10}	
01517	MAP/MAP002.BIN:0137BE	1	{02}{18}ジュリオ、クリス！{0E}	
01518	MAP/MAP002.BIN:0137E2	1	１度村を出たら、\n巡礼の旅が終わるまで\n帰ってこれないのは知ってるだろ{0F}帰ってきたら、\nみやげ話をたくさん聞かせてくれよ。{10}	
01519	MAP/MAP002.BIN:0138B1	1	あれ？\nこんなところに本が落ちてるよ。{0E}ジュリオたちは\n{01}uを手に入れた。{10}	
01520	MAP/MAP002.BIN:013914	1	東　水晶湖　　　　　　　４１ミロ\n　　ディーネ　　　　　４６０ミロ{0F}南　ラグピック村　　　８１３ミロ\n北　ラグーナ　　　　１２０６ミロ{10}	
01521	MAP/MAP002.BIN:0139AE	1	東　水晶湖　　　　　２９６ミロ\n西　ルデラの境門　　１７０ミロ\n北　ラグピック村　　５５８ミロ{10}	
01522	MAP/MAP002.BIN:013A1F	1	ほら、クリス。\nフジツボがびっしり！{0E}{09}{09}\n{02}{01}ひっど～い！{0F}私が苦手だってこと、\n知ってるくせに！！{10}	
01523	MAP/MAP002.BIN:013A86	1	波高し！！遊泳禁止{0E}{02}	
01524	MAP/MAP002.BIN:013A9B	1	そうか、もうそんな季節だね。{0E}{02}{01}危ないから行きましょ。{10}	
01525	MAP/MAP002.BIN:013BDA	1	\n{02}{01}どうしたの？{10}	
01526	MAP/MAP002.BIN:013BF7	1	いや・・・なんでもないけど。{0F}ただ、誰かに見られてるみたいで。{10}	
01527	MAP/MAP002.BIN:013C40	1	{09}\n\n{02}{01}誰かに？{0F}見られてる？{10}	
01528	MAP/MAP002.BIN:013C67	32	うん。{10}	
01529	MAP/MAP002.BIN:013C7A	1	{09}\n\n{02}{01}例えば？{10}	
01530	MAP/MAP002.BIN:013C95	1	例えば・・・。{10}	
01531	MAP/MAP002.BIN:013CFC	1	例えば、イノシシの親子とか・・・。{10}	
01532	MAP/MAP002.BIN:013EC8	1	{09}\n\n{02}{01}ジュリオ・・・。{0F}ディーネに行かないまま\nラグーナに行ったら\n巡礼の旅にならないわ。{10}	
01533	MAP/MAP002.BIN:013F63	1	あ、デスカルゴが\n道をふさいでいる。{10}	
01534	MAP/MAP002.BIN:014088	1	フォルティア国　緑の高原	
01535	MAP/MAP002.BIN:0147B6	29	クリス～、\nもうヘトヘトだよ。{10}	
01536	MAP/MAP002.BIN:014818	29	クリス～、\nもうダメだよ・・・。{0E}	
01537	MAP/MAP002.BIN:014895	29	そんなあ～。{10}	
01538	MAP/MAP002.BIN:0148B2	29	あれ？\nクリス？{10}	
01539	MAP/MAP002.BIN:0149D4	29	クリス～\nヒールをかけてよ。{10}	
01540	MAP/MAP002.BIN:014A90	30	クリス、ありがとう～。{10}	
01541	MAP/MAP002.BIN:014B0C	30	クリス～、なんで\nヒールかけてくれないのさ。{10}	
01542	MAP/MAP002.BIN:014CB6	1	う・・・ん。そうだね。{10}	
01543	MAP/MAP002.BIN:014CDC	1	なんだか、かわいそうだなあ。{10}	
01544	MAP/MAP002.BIN:014E56	1	うん。そうだね・・・。{0F}でも、そのときは僕も大人に\nなっているから、\n正々堂々戦うよ。{10}	
01545	MAP/MAP002.BIN:014F18	1	今は、戦いたくないなあ。\nお互い大人になってから、\nまた会えるといいね。{0E}クリス、立ってよ。\n今のうちに行こうよ。{10}	
01546	MAP/MAP002.BIN:01505F	1	うん。これでよかったんだよ。{10}	
01547	MAP/MAP002.BIN:015180	3	みんな殻に\n閉じこもっているけど。{0F}クリス、立ってよ。\n逃げようよ。{10}	
01548	MAP/MAP002.BIN:015228	3	うん、そうだね。{10}	
01549	MAP/MAP002.BIN:015393	2	うん。\nなんとか逃げ切れたよ。{10}	
01550	MAP/MAP003.BIN:0000A4	1	ルデラの境門	
01551	MAP/MAP003.BIN:013120	1	アルト	
01552	MAP/MAP003.BIN:013140	16	フォルティアの兵士	
01553	MAP/MAP003.BIN:013180	1	モガン隊長	
01554	MAP/MAP003.BIN:0131A0	1	ファム	
01555	MAP/MAP003.BIN:0131C0	1	ブルー	
01556	MAP/MAP003.BIN:0131E0	1	サンク	
01557	MAP/MAP003.BIN:013200	1	ゴッチ	
01558	MAP/MAP003.BIN:013238	1	{02}{14}真意の分からない徴兵だが・・・。{0F}兵士となって、\n自分の力を試してもみたい。\nう～ん。どうすべきか。{10}	
01559	MAP/MAP003.BIN:0132A2	1	{02}{14}あまり、\n大人をからかっちゃダメだよ。{10}	
01560	MAP/MAP003.BIN:013330	1	フォルティア国　ルデラの境門	
01561	MAP/MAP003.BIN:0133EA	1	{02}{17}聞け！　若者たちよ。{0E}	
01562	MAP/MAP003.BIN:013418	1	ルドルフ国王は、寛大なお心の\n持主である！{0F}このたび、特別に\nフォルティア軍の兵士を募集する！{0E}	
01563	MAP/MAP003.BIN:0134A4	1	本来ならば、\n平民は就くことのできぬ地位だ。{0F}ルドルフ国王に忠誠を誓い、\n我が国のために働き\n名声と財産を手に入れよ！{0E}	
01564	MAP/MAP003.BIN:01355E	1	志願者は、このままルードへ向かえ。王都でルドルフ王の顧問である\nレバス様が直々に面接して下さる。{0E}	
01565	MAP/MAP003.BIN:013614	1	{02}{18}オラはやるだぞ。\nあんたはどうするだ？{0E}	
01566	MAP/MAP003.BIN:01364A	1	{02}{19}俺はメナート国から\n海を渡って来た。{0F}メナート国は不作続きで、\nその日のメシにも困る始末。{0F}たとえ他の国の兵隊になってでも、\n金を稼がなきゃやっていけない。{0F}・・・俺も行く。{0E}	
01567	MAP/MAP003.BIN:01377E	1	{02}{1A}あなたは、志願しないのですか？{0E}	
01568	MAP/MAP003.BIN:0137AC	1	{02}{14}どうも、この時期に徴兵するってのが気にかかるんだ。{0F}いったい何のためなのか・・・。{0E}	
01569	MAP/MAP003.BIN:01381C	1	{02}{1A}僕は行きますよ。{0F}兵士になるのは小さい頃からの\n夢だったんです。{0E}	
01570	MAP/MAP003.BIN:01386C	1	{02}{14}・・・・・・。{10}	
01571	MAP/MAP003.BIN:0138DC	1	{02}{15}じゃまだ、じゃまだ！\nガキには用はない。{0F}うろちょろしてると、\n牢屋に放り込むぞ！{10}	
01572	MAP/MAP003.BIN:01395C	1	{02}{15}お前らの相手してるほど、\nひまじゃないんだ。{0F}とっとと、帰んな。{10}	
01573	MAP/MAP003.BIN:0139CC	1	{02}{15}いい加減にしねぇか！\n何度いえば分かるんだ！？{0E}	
01574	MAP/MAP003.BIN:013A48	1	{09}{09}\n{02}{01}なによ、えばりんぼ。{0E}	
01575	MAP/MAP003.BIN:013A6E	1	{02}{15}なっ、なんだと！\nこの小娘がっ。{0E}	
01576	MAP/MAP003.BIN:013B05	1	びっくりしたなぁ。\nほんとに怒っちゃったよ。{0F}クリスがよけいなこと言うからだよ。{0E}	
01577	MAP/MAP003.BIN:013B60	1	{09}{09}\n{02}{01}だって、えばってるんだもん。{10}	
01578	MAP/MAP003.BIN:013BA6	1	{02}{16}こらこら、子供は雇えないよ。{0F}大体あんたら、\n剣術すら知らないだろう？{0F}あっちへ行きな！{10}	
01579	MAP/MAP003.BIN:013C32	1	イベントへ{10}	
01580	MAP/MAP003.BIN:013E80	1	{02}{1B}先生！\n逃がしません。{0F}５０００ピア、きっちり\n返していただきますよ。{0E}	
01581	MAP/MAP003.BIN:013EDE	1	{09}{0B}\n{02}\nこれもまた、運命のいたずら。\nはっはっはっはっは・・・。\n	
01582	MAP/MAP004.BIN:00FE0C	2	イーリン	
01583	MAP/MAP004.BIN:0107C2	1	\n{02}{01}がんばって、男の子！{10}	
01584	MAP/MAP004.BIN:0107E6	1	\n{02}{01}見つかった？{10}	
01585	MAP/MAP004.BIN:01081E	1	{02}{14}橋から水晶湖を見物するのもいいけど落ちないようにね。{10}	
01586	MAP/MAP004.BIN:01085E	1	{02}{14}巡礼の旅は始まったばかり。{0F}走ってたら見つからないものもある。自分のペースで行くことだよ。{10}	
01587	MAP/MAP004.BIN:0108C0	1	{02}{14}そろそろ私はシャリネに戻るからね。君たちも元気に旅を続けてね。{10}	
01588	MAP/MAP004.BIN:010982	1	{09}{0A}\n{02}{01}うわぁ・・・。\nキラキラしてる！{10}	
01589	MAP/MAP004.BIN:0109BB	1	ほんとにキレイだね。{10}	
01590	MAP/MAP004.BIN:0109E2	1	{09}{0A}\n{02}{01}こんなにステキなところだったなんて。・・・より道しちゃおうか？{10}	
01591	MAP/MAP004.BIN:010A55	1	ちょっとくらい、いいよね。{10}	
01592	MAP/MAP004.BIN:010AA0	1	\n{02}{01}・・・ねぇ、知ってる？{0E}{09}{0A}\n{02}{01}ここではキレイな石が見つかるのよ。{10}	
01593	MAP/MAP004.BIN:010AEF	1	ふ～ん。\nでも、石でしょ、ただの。{10}	
01594	MAP/MAP004.BIN:010B1C	1	{09}{0A}\n{02}{01}とってもキレイな石なんだって！{10}	
01595	MAP/MAP004.BIN:010B4D	1	へぇ～。{10}	
01596	MAP/MAP004.BIN:010B6A	1	{09}{09}\n{02}{01}もう！\n私のために探してよ！{0E}	
01597	MAP/MAP004.BIN:010BAF	1	最初っから、そう言えばいいのに。{0E}{09}{0A}\n{02}	
01598	MAP/MAP004.BIN:010BD5	1	ちょっと待ってて。\nすぐに見つけてあげる。{10}	
01599	MAP/MAP004.BIN:010C11	1	えー、なんでぇ？{0E}	
01600	MAP/MAP004.BIN:010C26	1	{09}{09}\n{02}{01}ジュリオ！！{0E}いいから、早く見つけてよ。{0E}{09}\n\n{02}	
01601	MAP/MAP004.BIN:010C58	1	ちぇ、クリスはいつもそうだよ。{10}	
01602	MAP/MAP004.BIN:010D7E	1	{09}{08}\n{02}{01}ジュリオ！？{0E}	
01603	MAP/MAP004.BIN:010DA2	1	{09}{08}\n{02}{01}どこに行くの？{0F}キレイな石を探してくれるって\n言ったじゃない！{10}	
01604	MAP/MAP004.BIN:010DF4	1	{09}{09}\n{02}{01}ジュリオってば！！{0E}{09}{09}\n{02}{01}もう！　まじめに探してよ。{10}	
01605	MAP/MAP004.BIN:010E59	1	あった！{0F}・・・びんのカケラが\n丸くなったやつだ。{10}	
01606	MAP/MAP004.BIN:010EB1	1	いてっ！\nこのザリガニめっ！！{10}	
01607	MAP/MAP004.BIN:010EF5	1	あっ！　見つけ・・・たけど\nヒビが入っちゃってる。{0F}思ったより、たいへんだなぁ。{10}	
01608	MAP/MAP004.BIN:010F92	1	手に入れました。{10}	
01609	MAP/MAP004.BIN:010FCD	1	ん？\nやった！　見つけたぞ！！{10}ジュリオは\n{01}{15}を見つけました。{0E}{09}{0A}\n{02}	
01610	MAP/MAP004.BIN:01100E	1	クリスー！\n見つけたよ～！{10}	
01611	MAP/MAP004.BIN:011053	1	ほら！　見て、クリス。{10}	
01612	MAP/MAP004.BIN:011076	1	{09}{0A}\n{02}{01}うわぁ・・・。\nとってもステキ。{10}	
01613	MAP/MAP004.BIN:0110A7	1	すっごく似合ってるよ！{10}	
01614	MAP/MAP004.BIN:0110CA	1	{09}{07}\n{02}{01}ありがとう。\nジュリオ、大切にするね。{10}	
01615	MAP/MAP004.BIN:011101	1	てれちゃうな。\nじゃあ、そろそろ行こうか？{10}	
01616	MAP/MAP004.BIN:011138	3	\n{02}{01}うん。{10}	
01617	MAP/MAP004.BIN:0111AE	1	{02}{14}あ、君たち。{0E}	
01618	MAP/MAP004.BIN:0111D4	1	{02}{14}ディーネのシャリネに行くのかな？{0E}	
01619	MAP/MAP004.BIN:011207	1	うん。\n巡礼の旅なんだ。{0E}	
01620	MAP/MAP004.BIN:011222	1	{02}{14}じゃあ、ラグピック村から！？\nそれは大変だったね。{0F}あいにく、この先の橋が\n壊れてしまってね。\n危ないから私が見張ってるんだ。{0F}遠回りだけど、下の道を行けば\nちゃんと行き着けるからね。{0F}途中の洞窟は、ちょっと広いから\n迷わないようにね。{0F}ルデラの境門の兵士さんに、\n応援を頼んであるから\n君たちがディーネから帰る頃には{0F}直ってると思うよ。\n道中気をつけてね。{10}	
01621	MAP/MAP004.BIN:0113B5	1	ホントだ。\n橋がこわれちゃってるよ。{0E}	
01622	MAP/MAP004.BIN:0113E6	1	\n{02}{01}ほんとだわ。\nどうしちゃったのかしら？{10}	
01623	MAP/MAP004.BIN:011427	1	これ以上は進めないや。{10}	
01624	MAP/MAP004.BIN:0114B2	1	{02}{14}さっきまで、橋が壊れてたんだけど\nもう通れるからね。{0E}	
01625	MAP/MAP004.BIN:0114F5	1	ほんと？\n全然知らなかったよ。{0E}	
01626	MAP/MAP004.BIN:01151E	1	{02}{14}見たところ、巡礼の旅人さんだね？{0E}	
01627	MAP/MAP004.BIN:01154A	1	\n{02}{01}ええ。ラグピック村から来たんです。{0E}	
01628	MAP/MAP004.BIN:01157C	1	{02}{14}まだまだ先は長い。\nゆっくり着実に進むんだよ。{10}	
01629	MAP/MAP004.BIN:0115FC	1	{02}{14}兵士さんたちのおかげで\n橋は元どおりになったよ。{0F}安心して通っておくれ。{10}	
01630	MAP/MAP004.BIN:01166A	2	\n{02}{01}ねえ、ジュリオ。{0F}ここからなら下に\n降りられそうじゃない？{10}	
01631	MAP/MAP004.BIN:0116AC	8	そうだね。{10}	
01632	MAP/MAP004.BIN:0116BA	2	{02}{01}降りてみる？\n	
01633	MAP/MAP004.BIN:0116DE	2	そうだね。\n降りてみようか。{10}	
01634	MAP/MAP004.BIN:011898	2	やめとこうよ。{10}	
01635	MAP/MAP004.BIN:0118BE	2	\n{02}{01}ねえ、ジュリオ。{0F}ここからなら上に\n登れそうじゃない？{10}	
01636	MAP/MAP004.BIN:01190A	2	{02}{01}登ってみる？\n	
01637	MAP/MAP004.BIN:01192E	2	そうだね。\n登ってみようか。{10}	
01638	MAP/MAP004.BIN:011B36	2	やっぱりやめようよ。{10}	
01639	MAP/MAP004.BIN:011BC4	2	うわっ！{10}	
01640	MAP/MAP004.BIN:011BD4	1	{02}{01}なによ！{10}	
01641	MAP/MAP004.BIN:011CD6	1	なにかいるよ。{10}	
01642	MAP/MAP004.BIN:0122D4	1	これ以上は、先にすすめないや。{10}	
01643	MAP/MAP004.BIN:01254A	1	フォルティア国　水晶湖	
01644	MAP/MAP005.BIN:0000A4	1	ディーネ	
01645	MAP/MAP005.BIN:00DC07	1	闔i書官のルトス	
01646	MAP/MAP005.BIN:00DC28	1	バシカ	
01647	MAP/MAP005.BIN:00DC48	1	行商人コレット	
01648	MAP/MAP005.BIN:00DC68	1	ホーゼ	
01649	MAP/MAP005.BIN:00DCA8	1	ディーネの賢者	
01650	MAP/MAP005.BIN:00DCF4	1	{02}{14}ラグピック村の方ですな？{0F}もし、書物に興味がおありなら、\n隣の書庫をご覧になってください。{0F}巡礼や、シャリネに関することが\n書かれている書物もありますよ。{10}	
01651	MAP/MAP005.BIN:00DD9E	1	{02}{14}でも・・・{0F}私の日記は読まないでくださいね。{10}	
01652	MAP/MAP005.BIN:00DDD2	1	{02}{14}魔法の鏡の間に入りたいのなら\n左奥の部屋に、{0F}このシャリネの賢者がおります。\n彼に銀の短剣をお示しください。{10}	
01653	MAP/MAP005.BIN:00DE44	1	{02}{14}魔法の鏡に、不吉な風景が出た？{0F}それは・・・。\nそれで、賢者はなんと？{0F}・・・ふむ。\nでしたら、私からお教えできることはありません。{10}	
01654	MAP/MAP005.BIN:00DED0	1	{02}{14}鏡の答えはオルドスにある。\nそう申しておきましょう。{10}	
01655	MAP/MAP005.BIN:00DF16	1	{02}{15}あら、ラグピック村から来たの。\n途中、ケガはしなかった？{0F}こころゆくまで、休んでね。\nここの賢者さんたちは、\nいつも難しい本ばかり読んでいて、{0F}世話する私は退屈なのよ。{10}	
01656	MAP/MAP005.BIN:00DFC2	1	{02}{15}ラグピック村には\nステキな風習があっていいわね。{0F}２人で旅ができるなんて\nとっても、うらやましいわ。{10}	
01657	MAP/MAP005.BIN:00E02C	1	{02}{16}巡礼の旅人を相手に\n商売ができるなんて縁起がいいや。{0F}さぁ、何をお求めで？{0E}	
01658	MAP/MAP005.BIN:00E0A6	1	{02}{16}しばらくは、ここにいるから\n気軽に寄っておくれよ。{10}	
01659	MAP/MAP005.BIN:00E0E0	1	{02}{16}まぁ、見るだけでも。{0F}それなりの物は\nそろえてるつもりだけどね。{0E}	
01660	MAP/MAP005.BIN:00E126	1	{02}{16}それなら{06}でいいよ。{0E}	
01661	MAP/MAP005.BIN:00E142	1	{02}{16}珍しい物を持ってるのかい？{0E}	
01662	MAP/MAP005.BIN:00E164	1	{02}{16}それなら、{06}で引き取るよ。{0E}	
01663	MAP/MAP005.BIN:00E18A	1	{02}{16}おや、魔獣と戦ったのかい？\n若いのに立派だねぇ。{0E}よし、大サービスだ！{0F}１ゴア当り{06}で\n引き取ろうじゃないか。\n	
01664	MAP/MAP005.BIN:00E1FC	1	{02}{16}{06}になるね。{0E}	
01665	MAP/MAP005.BIN:00E210	1	{02}{16}おや？　やめるのかい。{0E}	
01666	MAP/MAP005.BIN:00E22E	1	{02}{16}冷やかしは困るよ。\nこっちも商売なんだからね。{0E}	
01667	MAP/MAP005.BIN:00E264	1	{02}{16}もう用はないかい？{0E}	
01668	MAP/MAP005.BIN:00E288	1	{02}{17}やあ、こんにちは。\n知ってるかい？{0F}ラグピック村の巡礼者が、\n来るらしいんだよ。\nもしかしたら、{0F}魔法の鏡を見せてもらえるかも\n知れないと思って\nこうして待っているのさ。{0E}{09}\n\n{02}{01}鏡の間には、\n巡礼者しか入れないのよ。{0E}{09}\n\n{02}	
01669	MAP/MAP005.BIN:00E35E	1	それに、もう終わっちゃったよ。{0E}{02}{17}終わった・・・？\nなんてことだ・・・。{0F}せっかくラグーナから\nやって来たのに。{10}	
01670	MAP/MAP005.BIN:00E3D4	1	{02}{17}とほほ・・・。{10}	
01671	MAP/MAP005.BIN:00E3EA	1	{02}{18}あ、君たちか。{0F}私は賢者さんの下で働いてるんだよ。{0F}ここでの修行を終えたら\nオルドスへ行って、将来は\n立派な賢者になってみせるさ。{10}	
01672	MAP/MAP005.BIN:00E484	1	{02}{19}もしお疲れでしたら\n好きなだけ、このシャリネに{0F}滞在してください。{10}	
01673	MAP/MAP005.BIN:00E4D5	1	そうそう、賢者さん。{0F}途中の橋がこわれてたけど\nどうしちゃったの？{0E}{02}{19}ああ、あの橋ですか。\nロープが痛んでいたのでしょう。{0F}ルデラの境門の兵士さんに\n修理を頼んでおきましたから\nもう直っているはずですよ。{10}	
01674	MAP/MAP005.BIN:00E5A4	1	{02}{19}それでは道中お気をつけて。{10}	
01675	MAP/MAP005.BIN:00E6B2	1	{02}{19}どなたですかな？{0E}	
01676	MAP/MAP005.BIN:00E6CE	1	\n{02}{01}あの、私たち、\nラグピック村から来ました・・・。{0E}	
01677	MAP/MAP005.BIN:00E70C	1	{02}{19}おお、その短剣は・・・。{0F}巡礼の旅人がこの地を訪れたのは\n数年ぶりです。{0F}さぞ、お疲れでしょうから、\nゆっくりして下さい。{0E}	
01678	MAP/MAP005.BIN:00E791	1	すっごくキレイなんでしょ？\n魔法の鏡って。{0E}	
01679	MAP/MAP005.BIN:00E7C6	1	{02}{19}疲れよりも、\n少しでも早く魔法の鏡を見たくて{0F}仕方がないようですね。\nいいでしょう。{0F}ですが、魔法の鏡を見る前に\n私の話を聞いていただかなくては\nなりません。{0F}現在５ヵ所に残っている\nこれらのシャリネは、\n人の記憶も及ばぬ昔に{0F}ティラスイール地方を訪れた\n魔女たちが築いたものなのです。{0E}	
01680	MAP/MAP005.BIN:00E8E6	1	\n{02}{01}魔女？{0F}魔法使いじゃなくて・・・\n魔女なの・・・？{0E}	
01681	MAP/MAP005.BIN:00E926	1	{02}{19}そうです。魔女です。{0F}彼女たちは私たちのように、\n呪文を覚えなくても\n念じるだけで魔法が使えたのです。{0F}今ではこのシャリネを訪れる人も\n少なくなり、彼女たちのことも{0F}彼女たちの偉業も\n知る人は少なくなってしまいました。{0F}本来このシャリネは魔法の伝授と、\n魔女の予言の助けと\nなるべきものなのです。{0E}	
01682	MAP/MAP005.BIN:00EA4E	1	{09}{0F}\n{02}{01}私たちの旅と、\nなにか関係があるんですか？{0E}	
01683	MAP/MAP005.BIN:00EA88	1	{02}{19}無関係ではありません。{0F}ラグピック村の成人の儀式は、\n魔女たちの予言を見ることから\n始まったそうです。{0F}魔法の鏡は、魔女か子供にしか\n見えないのです。\nだから14歳で旅立つのです。{0E}	
01684	MAP/MAP005.BIN:00EB3E	1	{09}{0E}\n{02}{01}あの・・・私、去年病気で・・・。\n本当はもう15歳なんです。{0E}	
01685	MAP/MAP005.BIN:00EB88	1	{02}{19}年齢はラグピック村の\n決まりに過ぎません。{0F}きっと大丈夫ですよ。{0F}魔法の鏡を信じる素直な気持ちが\nありさえすれば。{0F}それでは鏡の間に案内しましょう。{10}	
01686	MAP/MAP005.BIN:00EC78	2	ジュリオは１冊のノートを開いた。{0E}	
01687	MAP/MAP005.BIN:00ECD7	1	ほら、見て。{0F}このノートには、村長やログの名前が書いてあるよ。{0E}{09}{0A}\n{02}{01}ほんとだ。{0F}あ、私たちのお父さんと、\nお母さんの名前もあるわ。{0E}{09}{0A}\n{02}	
01688	MAP/MAP005.BIN:00ED5C	1	ボクたちの名前も書いちゃおう。{0E}	
01689	MAP/MAP005.BIN:00ED7E	1	{09}\n\n{02}{01}・・・ジュリオって、字がへたね。{10}	
01690	MAP/MAP005.BIN:00EDDA	1	{09}\n\n{02}{01}はぁ・・・。{0F}このノートをラグピック村の子供たちが見ると思うと・・・。{0E}	
01691	MAP/MAP005.BIN:00EE5B	1	ちぇっ。{0F}だったら、クリスが書けば\nよかったじゃないか。{0E}	
01692	MAP/MAP005.BIN:00EEBA	1	ジュリオは\nホコリをかぶった本を開いた。{0E}	
01693	MAP/MAP005.BIN:00EF0D	1	むずかしい本だなぁ。\n眠くなっちゃうよ。{10}	
01694	MAP/MAP005.BIN:00EF5C	1	ジュリオは１冊の本を開いた。{0E}	
01695	MAP/MAP005.BIN:00EF9C	1	ジュリオは１冊の日記を開いた。{0E}	
01696	MAP/MAP005.BIN:00EFEC	1	{02}{14}わっ、私の日記を\n読まないでください！{0E}	
01697	MAP/MAP005.BIN:00F051	1	ごめんなさいっ。{10}	
01698	MAP/MAP005.BIN:00F0BE	1	ジュリオは１冊の童話を開いた。{0E}	
01699	MAP/MAP005.BIN:00F11B	1	小さいころ、\n母さんが読んでくれたっけ。{0E}{09}{0A}\n{02}{01}海賊ごっこも、よくやったね。{0E}{09}\n\n{02}	
01700	MAP/MAP005.BIN:00F16A	1	クリスったら{0F}いつもキャプテン・トーマス役\nだったもんな。{0E}{09}{07}\n{02}{01}てへへ。\nそうだっけ？{10}	
01701	MAP/MAP005.BIN:00F1D6	1	フォルティア国　ディーネのシャリネ	
01702	MAP/MAP005.BIN:00F25C	1	{02}{19}この扉の奥がディーネの鏡の間です。{0F}中に入って銀の短剣を\n台座に納めなさい。{0F}そうすれば、魔法の鏡が\n応えてくれるはずです。{0E}	
01703	MAP/MAP005.BIN:00F2FA	1	{02}{19}ここから先は巡礼者のみが\n入れる聖域です。{0F}一生に１度の魔法の鏡。\nしっかりと心に刻んでください。{10}	
01704	MAP/MAP005.BIN:00F631	1	な、なんだったんだろう・・・。\n今のうずまきは。{0E}	
01705	MAP/MAP005.BIN:00F678	1	{09}{0F}\n{02}{01}なんだか不吉な感じだったわ。{0E}{09}{0F}\n{02}	
01706	MAP/MAP005.BIN:00F69F	1	村のみんなは\nとってもキレイだって言ってたのに。{0F}賢者さんに聞いてみようよ。{0E}	
01707	MAP/MAP005.BIN:00F753	1	クリス？{0E}{09}{0F}\n{02}{01}・・・いま、行くわ。{10}	
01708	MAP/MAP005.BIN:00F80E	1	{02}{19}どうでした？{0F}え？　そんなことが・・・。{0E}{02}{19}もう少し、\nくわしく聞かせてもらえませんか？{0F}私の部屋へ行きましょう。{10}	
01709	MAP/MAP005.BIN:00F8BE	1	{02}{19}・・・あなた方の話ですと、\n急に魔法の鏡に暗雲が立ち込めた、{0F}ということですね？{0E}	
01710	MAP/MAP005.BIN:00F91B	1	びっくりしたよ。{0E}{09}{0F}\n{02}{01}それまでは、\nとてもキレイな景色だったのに。{0F}なにか、悪いことが\n起こるんじゃないかしら？{0E}	
01711	MAP/MAP005.BIN:00F994	1	{02}{19}今までこんな話は\n聞いたことがありません。{0F}おそらく魔法の鏡は、\n巡礼の旅に対するあなた方の不安を\n映し出したのでしょう。{0F}ですから、旅に慣れてくれば{19}{0F}・・・。{19}	
01712	MAP/MAP005.BIN:00FA33	1	{0F}そう、次のテグラのシャリネでは\n素晴らしい景色に\n出会えることでしょう。{0F}ラグーナから船でメナート国に渡り\nネガル島を目指しなさい。\nそこに、地のシャリネがあります。{0F}それが次に訪れるべき場所です。{0E}	
01713	MAP/MAP005.BIN:00FAFC	1	{09}{0E}\n{02}{01}もう、あんな景色なら見たくないわ。{0E}	
01714	MAP/MAP005.BIN:00FB30	1	{02}{19}きっと大丈夫です。\nきっと・・・。{10}	
01715	MAP/MAP006.BIN:0000A4	1	ラグーナ	
01716	MAP/MAP006.BIN:01764C	4	水夫のジム	
01717	MAP/MAP006.BIN:01766C	1	薬屋のリーナ	
01718	MAP/MAP006.BIN:01768C	1	宿酒場のジャルテ	
01719	MAP/MAP006.BIN:0176AC	1	シェリル	
01720	MAP/MAP006.BIN:0176CC	2	ジョイ	
01721	MAP/MAP006.BIN:0176EC	2	パッド	
01722	MAP/MAP006.BIN:01770C	1	ガボット	
01723	MAP/MAP006.BIN:01772C	1	ゴメリ	
01724	MAP/MAP006.BIN:01774C	1	レーゲン	
01725	MAP/MAP006.BIN:01776C	1	カンドのヌルー	
01726	MAP/MAP006.BIN:01778C	1	レロ	
01727	MAP/MAP006.BIN:0177AC	1	コルバ老人	
01728	MAP/MAP006.BIN:0177CC	1	ジュープ	
01729	MAP/MAP006.BIN:0177EC	1	クルム	
01730	MAP/MAP006.BIN:01780C	4	ロジャー	
01731	MAP/MAP006.BIN:01782C	4	テス	
01732	MAP/MAP006.BIN:01784C	1	案内嬢のグリジェ	
01733	MAP/MAP006.BIN:01786C	1	ボロル隊長	
01734	MAP/MAP006.BIN:01788C	1	アネット	
01735	MAP/MAP006.BIN:0178AC	1	テナー	
01736	MAP/MAP006.BIN:0178CC	1	武器屋のダロン	
01737	MAP/MAP006.BIN:0178EC	1	ネラ夫人	
01738	MAP/MAP006.BIN:01790C	1	ガリガ町長	
01739	MAP/MAP006.BIN:017966	1	{02}{15}俺は子供と犬が大嫌いなんだ。{0F}チョロチョロしてるし、\nやかましいからな。{0F}だからこっちに来るんじゃない！{10}	
01740	MAP/MAP006.BIN:0179D4	1	{02}{14}君たちにも迷惑かけるね。{0F}これも仕事なんだ。\n我慢しておくれ。{10}	
01741	MAP/MAP006.BIN:017A18	1	{02}{14}これから、\nちょっとした任務があるんだ。{0F}その前に腹ごしらえさ。{10}	
01742	MAP/MAP006.BIN:017A5E	1	{02}{14}どこの田舎から\n出て来たのか知らないが{0F}子供にかまってるほど、\nヒマじゃない。{0F}外で遊んでな！{10}	
01743	MAP/MAP006.BIN:017AD6	1	{09}{09}\n{02}{01}なによ、えば・・{0E}{09}\n\n{02}	
01744	MAP/MAP006.BIN:017AF1	1	クリス！{0F}もう追いかけられるのは、\nイヤだからね！{10}	
01745	MAP/MAP006.BIN:017B28	1	{02}{16}俺は船で航海している時も\n大好きだけど、{0F}桟橋につながれた船を見ながら\nのんびりするのも好きなんだ。{10}	
01746	MAP/MAP006.BIN:017BC4	1	{02}{19}あっ、あなた、もしかして・・・。{0F}いつか迷子になって、\n泣いてた子でしょ？{0F}やっぱり、そうなの！\nなつかしいわね。{0F}そう、巡礼の旅なの。\nもう、迷子になっても\n泣いちゃダメよ。{10}	
01747	MAP/MAP006.BIN:017C7A	1	{02}{19}訪ねてくれてうれしいわ。{0F}ラグーナはどう？\n王都よりは小さいけど\nキレイな町でしょ。{0F}ステキなガールフレンドと\nいっしょなんだから\nいろいろ見てくといいわよ。{10}	
01748	MAP/MAP006.BIN:017D1A	1	{02}{19}どうしたの。\nしょぼくれた顔しちゃって。{0F}もしかして、迷子になったのかな？{0E}{09}\n\n{02}	
01749	MAP/MAP006.BIN:017D6A	1	えっ？　そ、そんなことないよ。\n１人でもへっちゃらさ。{0E}{02}{19}やっぱり迷子になったのね。{10}	
01750	MAP/MAP006.BIN:017DC6	1	{02}{19}また迷子になっちゃったのね。{10}	
01751	MAP/MAP006.BIN:017DEE	1	{02}{19}いっしょに旅してきた\n女の子は見つかった？{10}	
01752	MAP/MAP006.BIN:017E22	1	\n{02}{19}クリスちゃん。{0F}あなたがいなくなって\n大変だったんだから。{0E}{09}{08}\n{02}{01}もう。\nジュリオったら恥ずかしい！{0E}{09}\n\n{02}	
01753	MAP/MAP006.BIN:017E8A	1	そんなこと言ったって\nあんなふうに突然いなくなれば{0F}誰だってびっくりするよ。{10}	
01754	MAP/MAP006.BIN:017EDC	1	{02}{1C}もうすぐ、船で兄さん夫婦が\n帰ってくるの。{0F}流氷が出たら航海はできないから\n何とか間にあったってところね。{10}	
01755	MAP/MAP006.BIN:017F60	1	{02}{1D}王都では急いで兵隊を\n集めてるみたいだな。{0F}この町からも若い連中が、\nかなり連れて行かれたよ。\nキナ臭くって、いやだねえ。{10}	
01756	MAP/MAP006.BIN:017FDE	1	{02}{1D}故郷から離れて１人ぼっちじゃ、\n心細いだろうけど{0F}男の子だろ？\n泣くんじゃないぞ。{10}	
01757	MAP/MAP006.BIN:018036	1	{02}{1D}この町の武器屋の親爺はガンコだけど根はすごくいい人みたいだね。{0F}弱い者の味方だって、\nもっぱらの噂だよ。{10}	
01758	MAP/MAP006.BIN:0180AE	1	{02}{1E}白き魔女がこの町を訪れてから、\nもう２０年くらいになるかのう。{0F}早いものだて。{0E}{09}	
01759	MAP/MAP006.BIN:018102	1	白き魔女？{0E}{02}{1E}いや、なになに。\n昔の話だ。{0F}あんたらが生まれる前のな。{10}	
01760	MAP/MAP006.BIN:018150	1	{02}{1E}若い者はいいのう。{0F}自分の力を信じて\n進んで行けるからの。{10}	
01761	MAP/MAP006.BIN:0181B6	1	{02}{1F}お嬢さんなら、\n間違いはないと思いますが{0F}くれぐれも魔法は悪用なさいますな。{0F}よこしまな思念は、\n我身にふりかかるものです。{10}	
01762	MAP/MAP006.BIN:018236	1	{02}{1F}今でこそ、カンドとチャッペルは\n別れていますが{0F}元々は同じものだったのです。{10}	
01763	MAP/MAP006.BIN:018288	1	{02}{1F}ようこそ。\n言葉のおりなす力の世界へ。{0E}	
01764	MAP/MAP006.BIN:0182CA	1	{02}{1F}また、お寄りください。{10}	
01765	MAP/MAP006.BIN:0182E8	1	{02}{1F}どなたに、お授けしましょう？{0E}	
01766	MAP/MAP006.BIN:01830C	1	{02}{1F}どの魔法をお望みでしょう？{0E}	
01767	MAP/MAP006.BIN:01832E	1	{02}{1F}{06}ですね？{0F}良心に恥じぬ使い方をしてください。{0E}	
01768	MAP/MAP006.BIN:01838A	1	{02}{17}この中に入って来ちゃダメよ。{0F}調合中は\n間違いがおこると大変ですから\n入ってこないでくださいね。{10}	
01769	MAP/MAP006.BIN:0183F0	1	{02}{17}薬草は調合の仕方で\nさまざまな効果が得られます。{0F}これも魔法の１つかもしれませんね。{10}	
01770	MAP/MAP006.BIN:018454	1	{02}{17}いらっしゃいませ。\nここは、薬屋です。{0F}どんな薬が必要でしょうか？{0E}{09}	
01771	MAP/MAP006.BIN:01849C	1	えっ、ボクは元気だから薬なんか\nいらないや。{10}	
01772	MAP/MAP006.BIN:0184D8	1	{02}{17}いらっしゃいませ。{0E}{09}	
01773	MAP/MAP006.BIN:0184F2	1	すみません。薬ありますか？{0E}{02}{17}カゼですか？　カゼでしたら・・・。{0F}症状は鼻カゼですか？\nセキがとまらない？{0F}それとも、全身がだるいとか。{0E}{09}\n\n{02}	
01774	MAP/MAP006.BIN:01857C	1	え？{0F}あの・・・よく効くのください。{0E}{02}{17}はい、これをどうぞ。{0F}８０ピアになります。\nどうかお大事に。{0E}ジュリオは{01}{19}を買いました。{0E}	
01775	MAP/MAP006.BIN:01860C	1	{02}{17}カゼは早めに治してくださいね。\nどうかお大事に。{10}	
01776	MAP/MAP006.BIN:01865A	1	国王は無理に兵隊を増やすことなど\nしないお方だったのに・・・。{0F}魔獣を追い払うには\n前の軍隊でも充分なはずなんだが。{10}	
01777	MAP/MAP006.BIN:0186D8	1	噂によれば、\nルデラの境門でも、かなりの若者が{0F}徴兵に応じているらしい。{0F}いったい王都で\n何が起きているのやら。{10}	
01778	MAP/MAP006.BIN:018756	1	今回の徴兵は、\nどうもイヤな予感がするのう。{0F}ルドルフ国王のよき相談役であり、\nフォルティア国きっての{0F}剣士でもあるデュルゼル様が\nやめさせてくれればいいんだが。{0E}しかし、デュルゼル様は\n側近のレバス様と\n意見が合わないらしい。{0F}むずかしいものだのう。{10}	
01779	MAP/MAP006.BIN:018856	1	デュルゼル様は{0F}側近のレバス様と\n意見が合わないらしい。{0F}むずかしいものだのう。{10}	
01780	MAP/MAP006.BIN:0188B6	1	ハックさんを訪ねて来たの？{0F}あの人は\nわけの分からない事を言っては\nよく留守にしてるみたいだけど。{0F}ハックさんの家なら、\n橋の向こう側よ。{0F}変わり者だって町中の評判だから\n気をつけた方がいいわ。{10}	
01781	MAP/MAP006.BIN:01897A	1	ハックさんも、\n魔女や魔法に熱中してないで{0F}早くお嫁さんをもらえばいいのに。{10}	
01782	MAP/MAP006.BIN:0189FE	1	あんたも鷹の爪号に乗るのかい？{0F}船長のジルバとは\n昔っからの知り合いだが\nあいつほど、たよれる船乗りは{0F}２人といないな。{0F}まぁ、ニーリまでの船旅は、\n安心で楽しいものになること\n請け合いだ。{10}	
01783	MAP/MAP006.BIN:018AC2	1	船は帰港してからも\n何かと準備があって{0F}すぐには出港できないんだ。{0F}だから町を見物するなら\n今のうちだよ。{10}	
01784	MAP/MAP006.BIN:018B30	1	ハックを訪ねてきたのかい？{0F}ああ、\nあいつとは昔っからの知り合いだが\nあそこまで変わってる奴は{0F}２人といないよ。{10}	
01785	MAP/MAP006.BIN:018BA8	1	探求心は男の宝だが、\nハックの場合、{0F}人生を狂わしちまってるからな。{10}	
01786	MAP/MAP006.BIN:018BF2	1	借金取りがハックのところに？\nそれならいつものことだよ。{10}	
01787	MAP/MAP006.BIN:018C36	1	ハックは白き魔女を研究するとかで\nまともに働いたことなんか{0F}ないんだ。{10}	
01788	MAP/MAP006.BIN:018C8C	1	へぇ、まだ巡礼の旅なんて習慣が\n残ってるんだ。{0F}それじゃあ、ニーリまで一緒だね。\n短い間だろうけど、よろしく頼むよ。{10}	
01789	MAP/MAP006.BIN:018D06	1	もうすぐ、鷹の爪号に\n乗船できるらしいよ。{0F}あんなに大きな船だなんて、\n楽しみだね。{10}	
01790	MAP/MAP006.BIN:018D74	1	私とロジャーは先週王都で\n式を挙げてティラスイール中を{0F}ハネムーンで回ってるの。{0F}ちょっと頼りないところもあるけど\nロジャーは私の１番大切な人なのよ。{10}	
01791	MAP/MAP006.BIN:018E0E	1	一緒に旅をしている女の子が\nいなくなった？{0F}ふふ、きっとあなたに\n探してもらいたいのよ。{0F}女の子って、\nそういうところがあるから。{10}	
01792	MAP/MAP006.BIN:018E94	1	巡礼の旅？\nロマンチックな風習ね。{0E}	
01793	MAP/MAP006.BIN:018EDA	1	ガイドの仕事は\nいろんな国の人とお話ができて{0F}とっても楽しいのよ。{10}	
01794	MAP/MAP006.BIN:018F3C	1	はい、いらっしゃいませ。{0E}{02}&鷹の爪号をご利用ですか？{0F}ラグーナ　－　ニーリ間を\n結ぶ快速艇です。{0F}旅客船としては、\nフォルティア国内でも\n最大でしょう。{0F}ジルバ船長をはじめ、\n乗組員はみな１級の腕前。{0F}きっと快適な船旅を\nお約束できますわ。{0E}	
01795	MAP/MAP006.BIN:019032	1	出港までは、今しばらくの時間が\nかかりそうです。{0F}また、おいでください。{0E}{09}{0A}\n{02}{01}よかった。{0F}ジュリオ、船が来る前にディーネに\n急がなくちゃ。{10}	
01796	MAP/MAP006.BIN:0190C0	1	鷹の爪号は、すでにラグーナ港に\n入港しています。{0F}もう桟橋に接岸しているでしょう。{10}	
01797	MAP/MAP006.BIN:019118	1	鷹の爪号をご利用ですか？{0F}只今、次の航海に向けて準備中です。出港まで今しばらくお待ちください。{10}	
01798	MAP/MAP006.BIN:01917E	1	鷹の爪号をご利用ですか？\n間もなく出港いたします。{0F}乗船なさるのでしたら、\nお急ぎください。{10}	
01799	MAP/MAP006.BIN:0191E0	1	沿岸警備なんて、退屈そのものだ。\n早くルード城に帰りたいよ。{10}	
01800	MAP/MAP006.BIN:01923E	1	{02}{18}巡礼の旅人が訪れてくれたのは\nかれこれ５年ぶりかな。{0F}無事にここまで来れてよかったね。{10}	
01801	MAP/MAP006.BIN:0192B8	1	{02}{18}いらっしゃい。{0F}悪いけど、未成年に酒は出せないな。{0F}かわりに\n鳥ガラスープでもどうだい？{10}	
01802	MAP/MAP006.BIN:019316	1	{02}{18}相棒の女の子とはぐれたって？{0F}きっと、すぐに見つかるさ。\nまあ、\n鳥ガラスープでも１杯やってけよ。{10}	
01803	MAP/MAP006.BIN:01937E	1	{02}{18}相棒の女の子とは会えたかい？\nそいつはよかったな！{0F}景気づけに\n鳥ガラスープでも１杯やってけよ。{10}	
01804	MAP/MAP006.BIN:0193E4	1	{02}{18}お客さんたちは、\n本当にお似合いだ。{0F}再会を祝して、\n鳥ガラスープでも１杯やってけよ。{10}	
01805	MAP/MAP006.BIN:01947C	1	おや、これは珍しい。\n巡礼の旅人かい。{0F}ゆっくりと、休んでおいき。{10}	
01806	MAP/MAP006.BIN:0194C8	1	疲れてんだったら、休んでおいき。\n遠慮するんじゃないよ。{10}	
01807	MAP/MAP006.BIN:019508	1	一緒にいた女の子を知らないかって？赤毛で気の強そうな子ねぇ・・・。{0F}この酒場には来てないと思うけど。\n見かけたら必ず知らせるよ。{10}	
01808	MAP/MAP006.BIN:019592	1	ああ、お客さん。{0F}あんたの相棒らしい子が、\n武器屋の主人と話してたってよ。{0F}つい今さっきだから、\nさっそく行ってみなよ。{10}	
01809	MAP/MAP006.BIN:019612	1	見つかったかい？{0F}そうかい、会えたかい。\nホッとしたろう？{0F}あたしまでソワソワしちまったよ。{10}	
01810	MAP/MAP006.BIN:019674	1	お嬢さん、あんたが\nいなくなっちまった時の{0F}この人の顔を見せてやりたかったよ。{0E}{09}\n\n{02}	
01811	MAP/MAP006.BIN:0196C6	1	おばさん！　かんべんしてよ。{10}	
01812	MAP/MAP006.BIN:01971C	1	客か・・・。{0F}言っておくが、\n俺は自他共に認める\nガンコ親父でね。{0F}いくら金を積まれたって\n使い手にあった武器しか\n売らないからな。{0E}	
01813	MAP/MAP006.BIN:0197A6	2	また寄ってくんな。{10}	
01814	MAP/MAP006.BIN:0197C0	1	あの２人のことなら任せとけって。{0F}体力がつくまで、\nかくまってやるからさ。{0F}ところでなにか買っていくか？{0E}	
01815	MAP/MAP006.BIN:01987E	1	あんたらなら、\nここいらが手ごろだろう。{0F}	
01816	MAP/MAP006.BIN:0198AE	1	{06}もらうよ。{0E}	
01817	MAP/MAP006.BIN:0198C2	1	不用な物は引き取るぜ。\n長旅では身軽な方が快適だからな。{0F}	
01818	MAP/MAP006.BIN:019902	1	それなら\n{06}で買わせてもらおう。{0E}	
01819	MAP/MAP006.BIN:01992C	1	換金率は１ゴアが{06}だ。{0F}あんたさえよければ、\n引き取らせてもらうぜ。{0E}	
01820	MAP/MAP006.BIN:019976	1	全部で{06}だな。{0E}	
01821	MAP/MAP006.BIN:01998C	1	ひやかしは、御免だぜ。{0E}	
01822	MAP/MAP006.BIN:0199AA	1	ラピカがないようだな。\nがんばって稼いで来なよ。{0E}	
01823	MAP/MAP006.BIN:0199E2	1	他には、どんな用があるんだ？{0E}	
01824	MAP/MAP006.BIN:019A06	1	おっ、坊主。遅かったな。\nずいぶんと待ってたぜ。{0F}合い言葉は『泣き虫ジュリオ』だ。{0E}{09}\n\n{02}	
01825	MAP/MAP006.BIN:019A5C	1	なに？\nその合い言葉・・・。{0E}{02}*クリスって子に頼まれてな。\nもう１度、言おうか？{0E}{09}\n\n{02}	
01826	MAP/MAP006.BIN:019AAF	1	わかったってば。\nそんなの１回聞けば。{0E}{02}*物置の扉の前に立って、\n合い言葉を言ってみな。{0F}あの子が出てくるはずだぜ。{10}	
01827	MAP/MAP006.BIN:019B2C	1	物置の扉の前で、\n合い言葉を言うんだぜ。{10}	
01828	MAP/MAP006.BIN:019B5C	1	クリスって子には会えたかい？\n見ず知らずの奴のために{0F}あそこまで親身になれるなんてな。\nあんなにいい子が彼女だなんて、\n幸せだな。{0E}{09}\n\n{02}	
01829	MAP/MAP006.BIN:019BE0	1	かっ、彼女なんかじゃないよ！{0F}おじさんは、\nいつものクリスを知らないから\nそんなふうに思うんだよ！{0E}{02}*ははは、そうムキになるな。{0F}まぁ、あの地下室にいるかぎりは\n兵士に見つかることはないだろう。{10}	
01830	MAP/MAP006.BIN:019CA4	1	地下室にいるかぎり\nあの２人は安全だ。{10}	
01831	MAP/MAP006.BIN:019CF0	1	ああ、あの時の坊やだね。\n月日のたつのは早いものだねぇ。{0F}泣き虫の坊やが、\nこんなに立派になって。{10}	
01832	MAP/MAP006.BIN:019D58	1	いっしょに来たお嬢さんと\nはぐれたって？{0F}町の人に話を聞いてごらん。{0F}誰か見た人が\nいるかもしれないからね。{10}	
01833	MAP/MAP006.BIN:019DC8	1	何だか慌てているようね。\nあせって川に落ちないようにね。{10}	
01834	MAP/MAP006.BIN:019E08	1	これから船に乗るのかい？\n楽しい旅になるといいねぇ。{10}	
01835	MAP/MAP006.BIN:019E58	1	町長として、あれほど辛い役目は\n初めてじゃった。{0F}入隊を望まない者まで、\n徴兵しなくてはならぬとは。{10}	
01836	MAP/MAP006.BIN:019EC6	1	いやいや。{0F}町長たるわしが\nこんなことを言ってはいかんな。{10}	
01837	MAP/MAP006.BIN:019F06	1	ルドルフ国王のお考えに\n反対するのもなんだが・・・。{0F}やはり、わしは今回の徴兵には\n賛成できん！{10}	
01838	MAP/MAP006.BIN:019F76	1	こんな小さな子を残して{0F}ルードに\n行ってしまうなんて・・・。{0F}男の人って、\nどうして兵士に憧れるのかしら？{10}	
01839	MAP/MAP006.BIN:019FE4	1	はやく、あの人が兵士をやめて\n帰ってこないかしら。{0F}わたしはもう、心配で・・・。{10}	
01840	MAP/MAP006.BIN:01A044	1	とーちゃ、とーちゃはねぇ・・・。\nへえたいにいっちゃった。{10}	
01841	MAP/MAP006.BIN:01A086	1	とーちゃはねぇ\nとってもつよいんだよ・・・。{0F}でもね\nいっしょにいてくれるほうが、\nいいや。{10}	
01842	MAP/MAP006.BIN:01A0F8	1	{02}{1A}ミリア・・・。{0F}もうすぐ・・帰るから・・。{10}	
01843	MAP/MAP006.BIN:01A132	1	{02}{1A}う・・・。{0F}俺は・・軍隊なんか・・・。{10}	
01844	MAP/MAP006.BIN:01A160	2	{02}{1A}本当にありがとう。{0F}体が本調子に戻ったら\nすぐに出発するよ。{10}	
01845	MAP/MAP006.BIN:01A1D4	1	{02}{1B}すみません、ジュリオさん。{0F}僕では見つかったら、\n王都に連行されてしまいます。{0F}どうか、ジョイのために薬を・・・。{0E}{09}	
01846	MAP/MAP006.BIN:01A24B	1	うん。兵士は怖いもんね。\nまかしといてよ。{10}	
01847	MAP/MAP006.BIN:01A27E	1	{02}{1B}・・・ミリアはジョイの婚約者です。{0F}徴兵さえなければ、今ごろ結婚式を\nあげられたのに・・・。{10}	
01848	MAP/MAP006.BIN:01A2E4	1	{02}{1B}どうか、よろしくお願いします。{10}	
01849	MAP/MAP006.BIN:01A30A	1	{02}{1B}どうか、\n一刻も早く薬をお願いします。{0E}	
01850	MAP/MAP006.BIN:01A338	1	{02}{1B}早く、クリスさんに\n薬を渡してください。{0F}僕では扱いが、\nよくわかりませんから。{10}	
01851	MAP/MAP006.BIN:01A38E	1	{02}{1B}君たちや、この町の人は\n軍隊に追われている{0F}僕たちをかばってくれた。\nこのことは一生忘れないよ。{10}	
01852	MAP/MAP006.BIN:01A40C	1	\n{02}{01}急いで、ジュリオ！\nとにかく熱を下げないと。{10}	
01853	MAP/MAP006.BIN:01A446	1	\n{02}{01}急いで、ジュリオ！{0F}くれぐれも兵士に\n見つからないでね。{10}	
01854	MAP/MAP006.BIN:01A48A	1	{09}{08}\n{02}{01}大丈夫だった？{0F}兵士に見つからなかったでしょうね？{0E}	
01855	MAP/MAP006.BIN:01A4F1	1	ちょっとは信用してよ。\nはい、{01}{19}だよ。{0E}	
01856	MAP/MAP006.BIN:01A540	1	{02}{1A}うっ・・・。{0E}	
01857	MAP/MAP006.BIN:01A584	1	{02}{1B}ジョイ！{0E}	
01858	MAP/MAP006.BIN:01A5B4	1	{02}{1A}・・・パッド？\nここは？{0E}	
01859	MAP/MAP006.BIN:01A5D6	1	{02}{1B}安心しろ。\nここまでは兵士も来ない。{0F}それよりも具合はどうだ？{0E}	
01860	MAP/MAP006.BIN:01A620	1	{02}{1A}ああ、すっかりいいようだ。{0E}	
01861	MAP/MAP006.BIN:01A644	1	{02}{1B}クリス君とジュリオ君に感謝しろよ。{0F}彼らがいなかったら、\n今ごろどうなっていたか。{0E}	
01862	MAP/MAP006.BIN:01A6A2	1	{02}{1A}そうだったのか。{0F}見ず知らずの俺のために、\n本当にありがとう。{0E}	
01863	MAP/MAP006.BIN:01A708	1	{09}{07}\n{02}{01}ジュリオが、がんばってくれたから。{0E}	
01864	MAP/MAP006.BIN:01A743	1	クリスだって。{0E}	
01865	MAP/MAP006.BIN:01A761	1	それより、よかったね。\n元気になって。{0F}でも、どうして脱走なんかしたの？{0E}	
01866	MAP/MAP006.BIN:01A7B6	1	{02}{1B}軍にいるのがイヤで\n逃げたんじゃありません。{0F}レバスのやり方が納得できないから\n飛び出したんです。{0E}	
01867	MAP/MAP006.BIN:01A824	1	{02}{1A}俺たちは国王には忠誠を誓ったが\n側近であるレバスの横暴さは{0F}我慢できなかった。\n・・・フォルティア国は、\nこの先どうなるんだろう？{0E}	
01868	MAP/MAP006.BIN:01A8AC	1	{02}{1B}もう僕たちは大丈夫です。{0F}もう少し、\nここでやっかいになってから\n旅立つことにします。{0E}	
01869	MAP/MAP006.BIN:01A90E	1	{02}{1A}いろいろありがとう。{0F}巡礼の旅がうまくいくことを\n祈ってるよ。{10}	
01870	MAP/MAP006.BIN:01AA06	1	ハックの家の戸棚さ。\nお金なら入ってないよ。{10}	
01871	MAP/MAP006.BIN:01AB14	1	{02}{14}ボク、ちょっと待ってくれないか？{0E}	
01872	MAP/MAP006.BIN:01AB43	2	なに？{0E}	
01873	MAP/MAP006.BIN:01AB56	1	{02}{14}君は関係ないと思うけど、{0F}上官の命令で誰も\n町の外に出しちゃいけないんだ。{0F}悪いけどガマンしておくれ。{10}	
01874	MAP/MAP006.BIN:01ABF6	1	{02}{15}こら！　ちょっと待て。{0E}	
01875	MAP/MAP006.BIN:01AC1B	2	え？{0E}	
01876	MAP/MAP006.BIN:01AC2C	1	{02}{15}この町に脱走兵が\nひそんでいる可能性がある。{0F}その不届き者が捕まるまで\n誰１人通行を許可するなとの命令だ。{10}	
01877	MAP/MAP006.BIN:01AD01	1	うわぁ～！\nボクたちの乗る船まだかな？{0E}	
01878	MAP/MAP006.BIN:01AD2E	1	{09}{0A}\n{02}{01}ちょうど今、着いたばかりみたいね。{0E}	
01879	MAP/MAP006.BIN:01AD63	1	ね、もっと近くで見てみようよ！\n船に乗るなんて、初めてだもん。{0E}	
01880	MAP/MAP006.BIN:01ADA4	1	{09}{0A}\n{02}{01}そうね。行ってみよ。{0E}	
01881	MAP/MAP006.BIN:01AE2C	1	{02}{14}ちょっと待て！{0E}	
01882	MAP/MAP006.BIN:01AEB2	1	この町に脱走兵が\n隠れているという情報があるんだが、{0F}何か知らないかね？{0E}	
01883	MAP/MAP006.BIN:01AF09	1	・・・・・・。\nだっそうへい？{0E}	
01884	MAP/MAP006.BIN:01AF30	1	そう、脱走兵だ。{0F}このあたりに\n潜伏しているはずなんだが。\n不審な人物を見なかったかい？{0E}	
01885	MAP/MAP006.BIN:01AF97	1	う、うん。知らないよ。\n見たことも聞いたこともないよ！{0E}	
01886	MAP/MAP006.BIN:01AFD9	1	この町には、もういないのかも\n知れないな・・・。{0F}いや、済まなかった。\n行ってよろしい。{0E}	
01887	MAP/MAP006.BIN:01B0A5	1	ふう、ドキドキしちゃったよ。{10}	
01888	MAP/MAP006.BIN:01B114	2	\n{02}{01}ね、ジュリオ。{0F}せっかくだから、\nハックおじさんのところに\n寄っていきましょ。{0E}	
01889	MAP/MAP006.BIN:01B17B	2	え～？\n変わり者で有名なんでしょ？{0E}{09}{08}\n{02}{01}変わってるって言うなら\nラップじいさんだって{0F}十分変わってるじゃない。{10}	
01890	MAP/MAP006.BIN:01B338	2	{02}{19}ジュリオ君！{10}	
01891	MAP/MAP006.BIN:01B353	1	え？{10}	
01892	MAP/MAP006.BIN:01B40E	1	{02}{19}ジュリオ君でしょ？\n忘れちゃったかもね。{0F}小さい頃、町外れで迷子になって\n泣いてたでしょ？{10}	
01893	MAP/MAP006.BIN:01B475	1	あっ！　あの時のお姉さん。{10}	
01894	MAP/MAP006.BIN:01B49C	1	{02}{19}思い出してくれた？{0F}ジュリオ君は昔と\n全然変わってないんだもの。\nすぐ分かったわ。{0F}もしかして巡礼の旅？{10}	
01895	MAP/MAP006.BIN:01B513	1	うん。\nあの時はどうもありがとう。{10}	
01896	MAP/MAP006.BIN:01B540	1	{02}{19}いいのよ、そんなこと。{0F}そうだ、時間があったら\n遊びに来るといいわ。{0F}家は西の外れだから、\nすぐ分かると思うわ。\nそれじゃ、後でね。{10}	
01897	MAP/MAP006.BIN:01B5F2	1	{09}{0A}\n{02}{01}ジュリオの迷子は有名なのね。{10}	
01898	MAP/MAP006.BIN:01B631	1	ちぇっ。{0F}小さい頃のことなのに、\nみんな覚えてるんだもんな。{10}	
01899	MAP/MAP006.BIN:01B69E	1	ブルーの背表紙の本があります。\n読んでみますか？{0E}	
01900	MAP/MAP006.BIN:01B6EE	1	面白かった？{0E}{02}&その本は全部で９巻あるんだけど\nなかなか、手に入らないのよ。{0F}また読みたくなったら\nいつでも読んでいいわよ。{10}	
01901	MAP/MAP006.BIN:01B771	1	今はいいや。{10}	
01902	MAP/MAP006.BIN:01B7C3	1	この鍵のかかってる扉は、\nなんだろう？{10}	
01903	MAP/MAP006.BIN:01B803	1	なんだか、いやな合い言葉だなぁ。\n{19}{0F}・・・{19}{04}泣き虫ジュリオ。{0E}	
01904	MAP/MAP006.BIN:01B851	1	声が小さい！{0E}	
01905	MAP/MAP006.BIN:01B86B	1	ちぇっ、なんだよ・・・。\n{19}{02}泣き虫ジュリオ！！{0E}	
01906	MAP/MAP006.BIN:01B8AB	1	よろしい。{0E}	
01907	MAP/MAP006.BIN:01B8FD	1	なんで、\nこんなところにかくれてるの？{0E}	
01908	MAP/MAP006.BIN:01B930	1	\n{02}{01}いいから早く入って。{0E}	
01909	MAP/MAP006.BIN:01B9BA	1	運命のいたずらによって、\n　　　　　しばらく留守にします。\n　　　　　　　　　　ＢＹハック{10}	
01910	MAP/MAP006.BIN:01C1B1	1	すごい人だね！　クリ・・・{0E}	
01911	MAP/MAP006.BIN:01C24D	1	クリスー！！\n・・・どこいっちゃったのさぁ・・・。{10}	
01912	MAP/MAP006.BIN:01C2A8	1	フォルティア国　港町ラグーナ	
01913	MAP/MAP006.BIN:01C2E7	1	やった！\nここがラグーナだよ。{10}	
01914	MAP/MAP006.BIN:01C308	1	{09}\n\n{02}{01}ジュリオ・・・。{0F}ディーネに行かないで\nラグーナに来ちゃ{0F}巡礼の旅にならないわ。{10}	
01915	MAP/MAP006.BIN:01C39D	1	やった！　ここがラグーナだよ。{0F}ボクたちの乗る船は、\nまだ来てないかなぁ？{10}	
01916	MAP/MAP006.BIN:01C3EA	1	{09}{0A}\n{02}{01}港に行ってみる？{10}	
01917	MAP/MAP006.BIN:01C409	1	うん。\n町も歩き回ってみたいしね。{10}	
01918	MAP/MAP006.BIN:01C4C6	1	{02}{1B}あなたがジュリオさんですね。\n心配をかけてすみませんでした。{10}	
01919	MAP/MAP006.BIN:01C518	1	僕はパッド。\n横になっているのが\n相棒のジョイです。{0E}	
01920	MAP/MAP006.BIN:01C55E	1	\n{02}{01}パッドとジョイは脱走兵なんだって。{0E}	
01921	MAP/MAP006.BIN:01C5A1	1	だっそうへい？{0E}	
01922	MAP/MAP006.BIN:01C5BE	1	\n{02}{01}ルードでむりやり\n兵隊にさせられたから{0F}船で逃げるつもりで、\nラグーナまで来たらしいの。{0E}	
01923	MAP/MAP006.BIN:01C61E	1	{02}{1B}そうなんです。{0E}	
01924	MAP/MAP006.BIN:01C642	1	{02}{1B}もう少しで\n船に乗れるところだったのですが{0F}ジョイがひどいカゼに\nかかってしまって・・・。{0F}軍に手配されているので\n身動きが取れないんです。{0E}	
01925	MAP/MAP006.BIN:01C6D8	1	{02}{01}それで、あの港の人だかりの中で\n親切そうな私を見かけて、{0F}声をかけたってわけなの。{0E}	
01926	MAP/MAP006.BIN:01C744	1	だれが親切そうだって？{0E}	
01927	MAP/MAP006.BIN:01C766	1	{09}{08}\n{02}{01}私よ、決まってるじゃない。{0F}とにかくジュリオ。\nジョイの容体は\n目がはなせないほど悪いの。{0F}私の魔法じゃ、\nどうしようもないくらい。{0F}ジュリオ、薬を買ってきて。{0F}兵隊には気づかれないように\nしなくちゃダメよ。{0F}たよりにしてるからね。{0E}	
01928	MAP/MAP006.BIN:01C874	1	{02}{1B}これで、薬を買ってきてください。\nたぶん足りると思います。{0E}{02}{1B}もし、おつりがあったら\nせめてもの僕の気持ちですから{0F}とっておいてください。{0E}	
01929	MAP/MAP006.BIN:01C915	1	えっ、ほんと？\nいいの？{0F}{02}{1B}はい、すみませんが\nよろしくお願いします。{0E}ジュリオは\n１００ピアを受け取りました。{0E}	
01930	MAP/MAP007.BIN:00BCFE	2	トンジャ	
01931	MAP/MAP007.BIN:00BD1E	3	ガートン	
01932	MAP/MAP007.BIN:00BD3E	4	コック長	
01933	MAP/MAP007.BIN:00BD5E	4	ボスレイ	
01934	MAP/MAP007.BIN:00BD7E	3	ブルト	
01935	MAP/MAP007.BIN:00BDDE	3	ヘストン	
01936	MAP/MAP007.BIN:00BDFE	4	ジルバ船長	
01937	MAP/MAP007.BIN:00BE1E	38	ジュリオ＆クリス	
01938	MAP/MAP007.BIN:00BE5E	8	男の声	
01939	MAP/MAP007.BIN:00BE7E	2	この場のみんな	
01940	MAP/MAP007.BIN:00BE9E	1	ジュリオ＆シャーラ	
01941	MAP/MAP007.BIN:00CAC4	1	{02}{14}いっとくけど、\n俺はサボってんじゃないからな。{0F}ここは非番の船乗りたちが\n休む船員室なんだ。\n交代までここにいるんだよ。{0F}ああ、そうか。\n君が巡礼の旅の少年だな。{0F}旅は危険がいっぱいだから、\n十分に気をつけろよ。{0F}でも、この船の中は安心だ。\n俺たちがいるからよ。{10}	
01942	MAP/MAP007.BIN:00CBCC	1	{02}{14}俺の出番はまだだな。\n時間まで、もうひと休みだ。{0F}まあ夜の運航はこの俺に任せてくれ。{10}	
01943	MAP/MAP007.BIN:00CC26	1	{02}{14}おっ、ようやっと来たな。\n先に食わせてもらってるぜ。{0F}ほら、早く席に着きなよ。{10}	
01944	MAP/MAP007.BIN:00CC80	1	{02}{14}ジュリオも今日は疲れたろ？\n早く部屋に戻って寝な。{10}	
01945	MAP/MAP007.BIN:00CCC0	1	{02}{14}寝起きは頭がぼ～っとして、\nしょうがねぇや。{10}	
01946	MAP/MAP007.BIN:00CCFE	1	{02}{14}ちっと、待っててくれや。\nすぐにしゃんとするからよ。{10}	
01947	MAP/MAP007.BIN:00CD40	1	{02}{14}ヘストンさんが\n水を持ってきてくれたおかげで{0F}いくらか目がさめたような\n気がするぜ。{10}	
01948	MAP/MAP007.BIN:00CDA0	1	{02}{14}ヘストンさんに水をもらったのに\nまだ、目がパッチリしねぇ・・・。{0F}船長？\n多分船内の見回りじゃねぇか？{10}	
01949	MAP/MAP007.BIN:00CE62	1	{02}{15}よう、頑張ってるな。\nおいらも見張り、頑張ってるぜ。{0F}右舷異常なーし。左舷異常なーし。\nついでにオイラの頭も異常な～し！{0E}{09}\n\n{02}	
01950	MAP/MAP007.BIN:00CEDF	1	・・・・・。\nへんなの。{10}	
01951	MAP/MAP007.BIN:00CEFC	1	{02}{15}お～っ　お～っ\nオイラ船乗り～　船は行く～{0F}高波なんてぇ～　な～んのそのぉ～\n七つの海なんて　ひ～とまたぎ～\n女がオイラを待ってるぜ～っ{0F}ちょぴり　嵐はこ～わいけどおぅ～\nなんとかなるさ～\nそれくらい　へい！{0E}{09}\n\n{02}	
01952	MAP/MAP007.BIN:00CFCD	1	・・・・。\nへんな唄。{10}	
01953	MAP/MAP007.BIN:00D006	1	{02}{15}う～みの～　向こうに～\nな～にが～　あるのか～{0F}待ってろ～　海賊ラモン～\nおれは～　おぉれはぁ～　海の王者～キャプテン～ト～マス～{0E}{09}	
01954	MAP/MAP007.BIN:00D08D	1	それ、なんの歌？{0E}{02}{15}いい歌だろ？\nキャプテン・トーマスの歌だ。{0E}{09}{0A}\n{02}	
01955	MAP/MAP007.BIN:00D0CF	1	あっ、{0F}キャプテン・トーマスなら\n知ってるよ。{0F}小さい頃、母さんが\nよく読んでくれたっけ。\nあの童話にも歌があったんだね。{0E}{02}{15}いや。\n作詞作曲ガートン。{0F}なんてね。{0E}{09}\n\n{02}	
01956	MAP/MAP007.BIN:00D171	12	・・・・・・。{10}	
01957	MAP/MAP007.BIN:00D18A	1	{02}{15}船長は、この時間なら\n船内を見回ってるはずだぜ。{10}	
01958	MAP/MAP007.BIN:00D1C6	1	{02}{15}ジルバ船長か？\n船長は責任感が強いからなぁ。{0F}船客が快適に過ごせるように\n船内を見回ってるんだと思うぜ。{10}	
01959	MAP/MAP007.BIN:00D238	1	{02}{15}おう、ジュリオ。{0F}お前が探してるってんで\n船長がお待ちかねだぜ。{10}	
01960	MAP/MAP007.BIN:00D27E	1	{02}{15}いつも～　\n見失ってた～　おいらのゆ～め～{0F}夜の海見つめてた～\nゆらゆらとゆれて～　\n古い傷跡洗い流そう～{0E}{09}	
01961	MAP/MAP007.BIN:00D2EC	1	いい歌だね。{0E}{02}{15}国においてきた、\n彼女が好きだったんだ。{10}	
01962	MAP/MAP007.BIN:00D341	1	ジルバ船長が\n船首の見張りについてくれって。{0E}{02}{15}任しとけ！{10}	
01963	MAP/MAP007.BIN:00D38B	1	ジルバ船長が\n船首の見張りについてくれって。{0E}{02}{15}イエッサー！{0F}ん？　どうした、元気がねぇな。{0E}{02}{15}・・・そんなことがあったのか。{0F}ジュリオ、お前さえよかったら\n船長を助けてくれよ。{10}	
01964	MAP/MAP007.BIN:00D478	1	{02}{15}今までごくろうだったな！{10}	
01965	MAP/MAP007.BIN:00D4AC	1	{02}{15}ジュリオ。{0F}船長の命令を\n教えてくれなかったろ？{0E}{09}	
01966	MAP/MAP007.BIN:00D4E2	1	あっ！　ごめんね。\n船長に怒られちゃった？{0E}{02}{15}はは、そんな大げさなものじゃ\nないけどよ。{0F}次から気をつけてくれよ。{10}	
01967	MAP/MAP007.BIN:00D55A	1	{02}{15}わりぃな。{0F}変わったことには\n気づかなかったよ。{10}	
01968	MAP/MAP007.BIN:00D594	1	{02}{15}甲板では妙なことをしているやつは\n見かけなかったけどな。{10}	
01969	MAP/MAP007.BIN:00D5D4	1	{02}{15}え？　あの２人組があやしいって？{0F}あの２人を船室に案内したのは\n俺だけど、たしかに\nいい印象は受けなかったな。{10}	
01970	MAP/MAP007.BIN:00D64C	1	{02}{15}なぁに、安心しろよ。{0F}ブルトのばか力に、\nかなうヤツはいないぜ。{10}	
01971	MAP/MAP007.BIN:00D71E	1	{02}{16}ジュリオ君\n厨房はいつもキレイにしとるから{0F}ここの掃除はいいよ。\nほら、クリス嬢ちゃん。\n急いだ、急いだ。{10}	
01972	MAP/MAP007.BIN:00D790	1	{02}{16}船乗りは、ほんとによく食うわい。\nそのくせ味にもうるさい。{0F}だから、気が抜けんのじゃ。{10}	
01973	MAP/MAP007.BIN:00D7EC	1	{02}{16}クリス嬢ちゃんなら\n食事を持って船員室に行ったぞ。{0F}ジュリオ君のも持っていったから\n行ってお食べ。{0F}ただし{0E}{09}\n\n{02}	
01974	MAP/MAP007.BIN:00D85A	1	ただし・・・？{0E}{02}{16}今日にかぎっては\n味の保証はできない。{0E}{09}\n\n{02}	
01975	MAP/MAP007.BIN:00D896	3	・・・・・。{10}	
01976	MAP/MAP007.BIN:00D8AC	1	{02}{16}さぁ、早く船員室に行かんと\n料理が冷めてしまうぞ。{10}	
01977	MAP/MAP007.BIN:00D8E6	1	{02}{16}クリス嬢ちゃんは{0F}料理のセンスは\nあるんじゃが・・・。{0F}独創的すぎるようじゃ。{10}	
01978	MAP/MAP007.BIN:00D93A	1	{02}{16}今日は甲板掃除かい？{0F}そうそう、ジルバ船長が\nほめとったよ。{0F}ジュリオ君はよく働く、いい子だと。{0E}{09}{07}\n{09}{07}\n{02}	
01979	MAP/MAP007.BIN:00D9A2	1	えへへ、てれるなぁ。{10}	
01980	MAP/MAP007.BIN:00D9CA	1	{02}{16}今日もはりきっていこうかの！{0F}船の中で食べる料理も\n思い出の一部になるのだからな。{10}	
01981	MAP/MAP007.BIN:00DA22	1	{02}{16}今日もクリス嬢ちゃんとの\n共同料理でいくとしよう。{10}	
01982	MAP/MAP007.BIN:00DA5C	1	{02}{16}ジルバ船長は\nこの船と乗組員をほんとに{0F}大事にしとる。{0F}時間があくと、\n船内のいろんなところを\n見回っとるんだよ。{10}	
01983	MAP/MAP007.BIN:00DADC	1	{02}{16}ジルバ船長は水夫からはじめて\n船長にまでなった男じゃ。{0F}だから、心底からこの船と\n乗組員を愛してくれとる。{0F}きっと、船内を見回っとるはずだよ。{10}	
01984	MAP/MAP007.BIN:00DB78	1	{02}{16}船乗りの第一条件は、\n遠くを見渡す目じゃ。{0F}幸いジュリオ君は\n目はいいようじゃな？{0E}{09}	
01985	MAP/MAP007.BIN:00DBCF	1	うん。{0F}ラグピック村で、\nログの次によかったんだ。{10}	
01986	MAP/MAP007.BIN:00DC06	1	{02}{16}きっとネズミの仕業じゃて。\nそうあわてなくてもいいわい。{10}	
01987	MAP/MAP007.BIN:00DC4A	1	{02}{16}クリス嬢ちゃん・・・。\nこれからが忙しいんじゃが。{10}	
01988	MAP/MAP007.BIN:00DC84	1	{02}{16}クリス嬢ちゃん。\nまだ手がはなせないのかい？{0E}{09}	
01989	MAP/MAP007.BIN:00DCB4	1	\n{02}{01}うん、ゴメンね。{0F}ジルバ船長に頼まれて、\n酔い止めの薬を探しにきたの。{0E}{02}{16}そうか、大変じゃのう。{0F}クリス嬢ちゃんの分まで\nがんばるとするか。{10}	
01990	MAP/MAP007.BIN:00DD48	1	{02}{16}船乗り連中をうならせる料理を\n作ってやるぞい。{10}	
01991	MAP/MAP007.BIN:00DD7E	1	{02}{16}酔い止めがない？{0F}そういえば、前の航海で\n船に弱いご婦人がいたのう。{0F}船長に聞けば、予備のある場所が\nわかるじゃろうて。{10}	
01992	MAP/MAP007.BIN:00DED6	1	{02}{17}ご苦労さん。{0F}そろそろ食事もできるみたいだし\n船員室でクリスちゃんと食事をとって今日は休んでくれ。{0F}他の乗客への食事は\n俺が運んでおいたよ。{0F}明日も早いから、ゆっくり休めよ。{10}	
01993	MAP/MAP007.BIN:00DFD8	1	{02}{17}しっかり働けば食事もうまい！\nキレイに掃除してくれよ。{10}	
01994	MAP/MAP007.BIN:00E016	1	{02}{17}ジュリオ。{0F}このボスレイの目はごまかせないぜ。まだ、やり残しがあるんじゃないか？{0F}ジルバ船長はキレイ好きだからな。\n見えないところも手が抜けないんだ。{10}	
01995	MAP/MAP007.BIN:00E0B2	1	{02}{17}ジュリオは予想以上に働き者だな。\n明日もこの調子でたのむぜ。{10}	
01996	MAP/MAP007.BIN:00E0F6	1	{02}{17}さぁ、はりきっていこうぜ！{10}	
01997	MAP/MAP007.BIN:00E11C	1	{02}{17}もう船長に仕事をもらったのか？{10}	
01998	MAP/MAP007.BIN:00E142	1	{02}{17}船長？{0F}今さっき、\n俺の仕事ぶりを見に来たぜ。\n行き違いになったのかもな。{10}	
01999	MAP/MAP007.BIN:00E19C	1	{02}{17}いくら大きいとはいえ\nこの船にいることは{0F}間違いないんだ。{0F}まぁ、見物がてら、ゆっくり探せよ。{10}	
02000	MAP/MAP007.BIN:00E206	1	{02}{17}今度は見張りか？\nおたがいに、がんばろうぜ！{10}	
02001	MAP/MAP007.BIN:00E23A	1	{02}{17}ロジャーとテスさんの？\nほんとかよ、そりゃ。{0F}鷹の爪号で、\n今までにそんなトラブルが\n起きたことはなかったのに・・・。{0F}俺の仕事がなけりゃ、\nまっさきに調べるんだが。{0F}そうだ、ジュリオ！\nお前が調べて見ろよ！{0F}船長は喜んで\n任せてくれると思うぜ。{10}	
02002	MAP/MAP007.BIN:00E332	1	{02}{17}お前ならできるって！\nなんたって巡礼の旅人だろ？{0F}このトラブルも巡礼の一部さ。{10}	
02003	MAP/MAP007.BIN:00E386	1	{02}{17}う～ん。{0F}たしかにここで仕事はしてるが\n１日中いたわけじゃないからな。{10}	
02004	MAP/MAP007.BIN:00E3D6	1	{02}{17}変わったこととか\n妙な物音はしなかったぜ。{10}	
02005	MAP/MAP007.BIN:00E416	1	{02}{17}おっ。クリスちゃんも一緒か。\nがんばれよ、めいコンビ。{10}	
02006	MAP/MAP007.BIN:00E474	1	{02}{17}変だな。\nなんだか、魚臭いんだよな。{0F}さっきまで、\nなにも匂わなかったのになぁ。{10}	
02007	MAP/MAP007.BIN:00E4CD	3	どうしたの？{10}	
02008	MAP/MAP007.BIN:00E4E4	1	{02}{17}いやな、ちょっと前に\nコック長と話をして戻ってみると{0F}なんだか生臭いんだ。{10}	
02009	MAP/MAP007.BIN:00E56C	1	\n{02}{01}・・・。\nほんとね。お魚の匂いだわ。{10}	
02010	MAP/MAP007.BIN:00E5A8	1	\n{02}{01}もしかして、{0F}これって厨房から消えた\nお魚の匂いじゃない？{10}	
02011	MAP/MAP007.BIN:00E5FD	1	うん、そうかもね。{10}	
02012	MAP/MAP007.BIN:00E624	1	{09}{08}\n{02}{01}だとしたら、\nこの先に犯人が・・・。{10}	
02013	MAP/MAP007.BIN:00E660	1	{02}{1D}ごくりっ・・・！{10}	
02014	MAP/MAP007.BIN:00E67E	1	{02}{17}お、おい。２人とも\nごくりっ・・・ってなんだよ？{10}	
02015	MAP/MAP007.BIN:00E6D9	1	さっき調理場から魚が消えたんだ。{10}	
02016	MAP/MAP007.BIN:00E6FE	1	{09}{09}\n{02}{01}つまり、お魚を盗んだ犯人が\nこの下にいるってことよ。{10}	
02017	MAP/MAP007.BIN:00E742	1	{02}{17}なな、なんと・・・！？{0F}そうだったのか！{0F}うおっし！\n俺がひっつかまえてやる！{10}	
02018	MAP/MAP007.BIN:00E7D6	2	{02}{1F}クリス・・・。{10}	
02019	MAP/MAP007.BIN:00E7EE	1	{09}\n\n{02}{01}えっ？{0E}	
02020	MAP/MAP007.BIN:00E82E	1	{09}\n\n{02}{01}ん？　ジュリオ\nいま、私のこと呼んだ？{10}	
02021	MAP/MAP007.BIN:00E879	1	えっ、ボクじゃないよ。{10}	
02022	MAP/MAP007.BIN:00E8A0	1	{02}{1F}クリス・・・。\nジュリオ君・・・。{10}	
02023	MAP/MAP007.BIN:00E8E9	1	あれ？\nボクも呼ばれたような気がする。{10}	
02024	MAP/MAP007.BIN:00E91A	1	{02}{1F}こっちだ、こっち。{10}	
02025	MAP/MAP007.BIN:00E952	1	{02}{1D}ハックおじさん！？{10}	
02026	MAP/MAP007.BIN:00E972	1	{02}\nいや、また会ったね。{0F}これぞまさしく運命のいたずらと\n呼ばずして、なんと呼ぼう。{10}	
02027	MAP/MAP007.BIN:00E9CA	1	{09}\n\n{02}{01}ど、どうして、ここに？{10}	
02028	MAP/MAP007.BIN:00E9F2	1	{09}{0B}\n{02}\nはっはっはっはっ・・・。{0F}だから、さけられない運命の\nいたずらによってなのだよ。{0F}{09}	
02029	MAP/MAP007.BIN:00EA48	1	\n私の研究を理解できない\n金貸しになど用はない！{0F}学者たる者、つねに探求心を持って\n前進しなくてはならないのだ。{0F}そこでこの船に乗りこんだのさ。{10}	
02030	MAP/MAP007.BIN:00EADC	1	{09}{09}\n{02}{01}ハックおじさん！{0F}むずかしいこと言ってるけど{0F}お金が返せなくて\n逃げたんでしょっ！！{10}	
02031	MAP/MAP007.BIN:00EB3B	1	それに密航もしてるし。{10}	
02032	MAP/MAP007.BIN:00EB5E	1	{09}{0B}\n{02}\n・・・ははは。{0F}少年よ、ささいな事は気にするな。{0F}研究の達成には、\n多少の犠牲はつきものだ。{10}	
02033	MAP/MAP007.BIN:00EBC4	1	{09}{08}\n{02}{01}・・・ハックおじさん？\n調理場から黙ってお魚を\n持ち出したでしょ？{0F}そんなことしたら\n泥棒になっちゃうんだから。{10}	
02034	MAP/MAP007.BIN:00EC44	1	\n{02}\nえっ？　そりゃ誤解だ。\n私じゃない。{0E}{0A}\nぐ～・・ぎゅるる・・・\nハックのお腹が鳴った。\nよほどお腹がすいているようだ。{10}	
02035	MAP/MAP007.BIN:00ECC7	1	あっ、お腹がなった。{10}	
02036	MAP/MAP007.BIN:00ECE8	1	{02}\nどうだ、これが本当の\n動かぬ証拠ってもんだ。{0F}私は借金を踏み倒しても、\n人様の物に手を出したりしない。{0F}クリス、安心したまえ。\n君のおじさんはいい人なのだよ。{10}	
02037	MAP/MAP007.BIN:00EDA1	1	でも、これからどうしよう？{10}	
02038	MAP/MAP007.BIN:00EDD0	1	{09}\n\n{02}{01}ジルバ船長に話さなきゃ。{10}	
02039	MAP/MAP007.BIN:00EE18	1	{02}{17}おう、そこにいたのか。\nかじった魚の残りがあった。{0F}こりゃあ、ネズミのしわざだな。{10}	
02040	MAP/MAP007.BIN:00EE99	1	ネズミ？{0E}	
02041	MAP/MAP007.BIN:00EEB2	1	\n{02}\nこれで私への疑いは晴れたようだね。{10}	
02042	MAP/MAP007.BIN:00EEEA	1	{02}{17}ああ、噛んだ後から見て\n大ネズミだな。間違いねぇ。{0E}えっ？{10}	
02043	MAP/MAP007.BIN:00EF28	1	{02}{17}あんた誰？{10}	
02044	MAP/MAP007.BIN:00EF42	1	{02}\nはじめまして。{0F}私はクリスの叔父さんにして\n白き魔女の研究家ハックだ。{0F}姪がいつもお世話になってます。{10}	
02045	MAP/MAP007.BIN:00EFB4	1	{02}{17}いや、それほどでも。{0E}{19}{0F}・・・{19}	
02046	MAP/MAP007.BIN:00EFD5	1	ちょっと待った！{0F}あんた、一体どこから。\nなんでこんな所にいるんだ？{10}	
02047	MAP/MAP007.BIN:00F020	1	{02}\nなんでって{0F}そこで寝ていたから、\n今ここにいるのです。{10}	
02048	MAP/MAP007.BIN:00F062	1	{02}{17}そこって？{10}	
02049	MAP/MAP007.BIN:00F076	1	{02}\nそこの樽のそば。\nそこそこ、そこのあたり。{10}	
02050	MAP/MAP007.BIN:00F0BE	1	{02}{17}まいったな。{0F}俺は１日中ここにいたのに\nちっとも気づかなかったぜ。{10}	
02051	MAP/MAP007.BIN:00F10A	1	\n{02}\n私も寝ていたので\n少しも気がつかなかったよ。{0E}{09}{0B}\n{02}\nわっはっはっはっ・・・！{10}	
02052	MAP/MAP007.BIN:00F177	1	クリス、どうすんの？\nハックおじさん・・・。{10}	
02053	MAP/MAP007.BIN:00F1A6	1	{09}\n\n{02}{01}もう！\nお父さんの言ってたとおりだわ。{10}	
02054	MAP/MAP007.BIN:00F1F6	1	{02}{17}とにかくよ。{0F}密航者をこのままにはできねぇんだ。一緒に船長室まで来てくれるか？{10}	
02055	MAP/MAP007.BIN:00F264	1	{02}{17}クリスちゃん、安心しろよ。{0F}君の叔父さんに\n手荒なマネはしないからよ。{0F}でも、船長の命令だからな。\nニーリに着くまでは\n部屋にはカギをかけておく。{0F}カギは俺が預かってるよ。\nなーに、ニーリに着くまでの辛抱さ。{10}	
02056	MAP/MAP007.BIN:00F336	1	{02}{17}えっ？{0F}船倉に酔い止めの薬を\n取りに行くのか。{0F}大ネズミが\n隠れているかもしれないから\n気をつけろよ。{0F}俺も一緒に行ってやりたいが\n仕事が残ってるからよ。{0F}気をつけろよ。{10}	
02057	MAP/MAP007.BIN:00F3F8	1	{02}{17}おう、薬はあったか？{10}	
02058	MAP/MAP007.BIN:00F482	1	{02}{18}海はいいよな～。\n広くって、青くって・・・。{0F}お前もそう思うだろ？{0E}{09}	
02059	MAP/MAP007.BIN:00F4CA	1	波を見てるだけでも\nあきないもんね。{0E}{02}{18}オレ、ほんと船乗りに\nなって良かったなぁ。{10}	
02060	MAP/MAP007.BIN:00F520	1	{02}{18}海を眺めてると、\nふしぎな気分になるよ。{0F}海底からは、この船はどんなふうに\n見えるんだろうな？{10}	
02061	MAP/MAP007.BIN:00F584	1	{02}{18}コック長の料理は最高さ！{0F}でも、今日のこの匂いは、なんだか\nちょっと、いつもと違うぞ・・・？\n味付けでも変えたのかなぁ。{10}	
02062	MAP/MAP007.BIN:00F602	1	{02}{18}いやぁ、クリスちゃんの作った料理は最高だったな！{0E}{09}\n\n{02}	
02063	MAP/MAP007.BIN:00F63A	1	ほんとに？{0E}{02}{18}ほんとさ！{0F}海で嘘をつくと、\nセイレーンのバチが当るからな。{10}	
02064	MAP/MAP007.BIN:00F688	1	{02}{18}見渡す限りの水平線・・・{0F}鷹の爪号が\nわが家のように思えてくるのが\n分かるだろ？{10}	
02065	MAP/MAP007.BIN:00F6F2	1	{02}{18}ああ。{0F}ジルバ船長なら、さっき部屋から\n出て行くのを見たぜ。{10}	
02066	MAP/MAP007.BIN:00F734	1	{02}{18}ジルバ船長なら、\n船倉の方へ降りて行ったぜ。{0F}あせらないで、のんびり探せよ。{10}	
02067	MAP/MAP007.BIN:00F786	1	{02}{18}おう、ジュリオ。\n船長なら船首の方に行ったぜ。{10}	
02068	MAP/MAP007.BIN:00F7C6	1	{02}{18}おう、ジュリオ。\n今度は舳先で見張りだってな。{10}	
02069	MAP/MAP007.BIN:00F800	1	{02}{18}見張りは、\n地味な仕事に思えるかもしれないが{0F}安全に航行するために、\n欠かせない仕事なんだ。\nがんばれよ。{10}	
02070	MAP/MAP007.BIN:00F86E	1	{02}{18}えっ！\n魚がなくなった！？{0F}コック長のフライは\n最高なのに・・・。{10}	
02071	MAP/MAP007.BIN:00F8B6	1	{02}{18}あの新婚さんの持ち物が\nなくなったって？{0F}何かのまちがいだったら、\nいいがなぁ。{10}	
02072	MAP/MAP007.BIN:00F90C	1	{02}{18}いざって時は任せろよ。{0F}これでも１人で樽を３つは運べる\n力自慢だからよ。{10}	
02073	MAP/MAP007.BIN:00F95A	1	{02}{18}船長が何を言っても\n出てこようとしねぇ。{0F}なかなか強情な客だな。{10}	
02074	MAP/MAP007.BIN:00F9F0	1	{02}{19}この船はとても乗り心地がいいよ。{0F}それも、君みたいに\n熱心に働くクルーが\nいるおかげなんだろうな。{10}	
02075	MAP/MAP007.BIN:00FA67	1	こんにちは。{0E}{02}{19}やあ、やっぱり同じ船だったんだね。{0F}ニーリまで、船員として働くのかい？そいつは立派だ。{0F}さすがは巡礼の旅人だね。{10}	
02076	MAP/MAP007.BIN:00FAF8	1	{02}{19}まったく、\nなんで女性は宝石が{0F}好きなんだろう。{0F}メナート国で宝石を買う約束を\nさせられてしまったよ。{10}	
02077	MAP/MAP007.BIN:00FB62	1	{02}{19}やあ、ジュリオ君。\nもう一仕事終えたみたいだね。{0F}本当に君たちには感心してしまうよ。{0F}自分たちで働きながら、\n巡礼の旅をつづけているんだからね。{0F}それにしても、成人の儀式で\n巡礼の旅をする風習があるなんて\nとっても素敵な村だね。{0F}話のタネによかったら\nどんなものなのか話してくれないか？{0E}	
02078	MAP/MAP007.BIN:00FC93	1	ボクもあんまり知らないけど{0F}村では14歳になったら、\nティラスイールにある{0F}５つのシャリネを\n巡礼するきまりなんだって。{0F}ずっと昔からの風習みたいだよ。{0F}昔は他の村でも巡礼の儀式が\nあったって話を聞いたことがあるけど{0F}よくわからないや。{0F}シャリネには魔法の鏡があって\nそれを自分の目で見ながら\nオルドスまで行くのが\n旅の目的なんだよ。{0E}{02}{19}オルドスかい。\nずいぶん遠い所まで行くんだね。{0F}魔法の鏡ってのはどういうものなの？{0E}{09}	
02079	MAP/MAP007.BIN:00FE2C	1	うん。巡礼の旅人が鏡を見ると\n占い師の水晶玉みたいに{0F}風景があらわれるんだ。{0E}{02}{19}不思議な鏡なんだね。{0E}{09}	
02080	MAP/MAP007.BIN:00FE93	1	うん。ディーネで初めて見たけど、\nとっても不思議だったよ。{0E}{02}{19}どんな風景が見えたんだい？{0E}{09}\n\n{02}	
02081	MAP/MAP007.BIN:00FEEF	1	う・・ん・・・。\nよく、わからなかった。{0F}草原みたいだったけど・・・{0F}シャリネの賢者さんは、\n巡礼をつづけていけば{0F}美しい風景が\n見えるって言ってた・・・。{0E}{02}{19}ふーん、なるほどね。{0F}たぶん巡礼の旅をつづけることが{0F}成人を迎えるための\n修行でもあるんだね。{0F}ありがとう、\nいい話を聞かせてもらったよ。{10}	
02082	MAP/MAP007.BIN:01001D	1	生まれる前からあった村の風習だからボクにもよくわからないんだ。{0E}{02}{19}残念だなぁ。でも、成人を迎える者に巡礼の旅をさせるなんて{0F}本当に素晴らしい風習だと思うよ。{10}	
02083	MAP/MAP007.BIN:0100C2	1	{02}{19}相棒の女の子は元気かい？{0E}{09}	
02084	MAP/MAP007.BIN:0100E2	1	うん。\nコック長と一生けんめい働いてるよ。{10}	
02085	MAP/MAP007.BIN:01011C	2	{02}{19}おや、どうしたんだいジュリオ君。{0E}{09}	
02086	MAP/MAP007.BIN:010144	1	ジルバ船長、こっちにこなかった？{0E}{02}{19}ああ、船長ならさっき\n向こうの階段を降りて行ったよ。{10}	
02087	MAP/MAP007.BIN:0101D6	1	ジルバ船長、こっちにこなかった？{0E}{02}{19}ああ、船長ならさっき\nそこの扉から出て行ったよ。{10}	
02088	MAP/MAP007.BIN:01023C	1	{02}{19}船長には会えたのかい？{0E}{09}	
02089	MAP/MAP007.BIN:01025A	1	うん。\n今度は見張りをたのまれたんだ。{10}	
02090	MAP/MAP007.BIN:010286	1	{02}{19}やあ、ジュリオ君。\nやっぱり見あたらないよ。{0F}困ったなぁ。{10}	
02091	MAP/MAP007.BIN:0102C6	1	{02}{19}ほんとに済まないね。{0F}あの懐中時計は、\nすごく大切な物なんだよ。{10}	
02092	MAP/MAP007.BIN:01035C	1	{02}{1A}まあ、かわいい水夫さんね。\nニーリに着くまでよろしくね。{10}	
02093	MAP/MAP007.BIN:0103BD	1	あの、お部屋の掃除しても\nいいですか？{0E}{02}{1A}あら、お願いできる？{0E}{09}{0A}\n{02}	
02094	MAP/MAP007.BIN:0103FF	1	うん。まかしといて。{10}	
02095	MAP/MAP007.BIN:0104DD	1	あれ？\n頭にホコリがついてるよ。{0E}	
02096	MAP/MAP007.BIN:010540	1	{02}{19}ありがとう。{0E}	
02097	MAP/MAP007.BIN:01055C	1	{02}{1A}見ちがえるほど、キレイになったわ。{0E}	
02098	MAP/MAP007.BIN:01059C	1	{02}{19}え？{0E}	
02099	MAP/MAP007.BIN:0105AA	1	{02}{1A}やぁねぇ。\n部屋のことよ。{10}	
02100	MAP/MAP007.BIN:0105D0	1	{02}{1A}メナート国では炭の泥で何年もかけてこしらえる有名な宝石があるの。{0F}早く見てみたいわ。{10}	
02101	MAP/MAP007.BIN:010630	1	{02}{1A}今日もお仕事ね。\nがんばって、小さな水夫さん。{10}	
02102	MAP/MAP007.BIN:010666	1	{02}{1A}甲板掃除は終わったの？\n今日はこれでのんびりできるのね。{0E}{09}	
02103	MAP/MAP007.BIN:0106A5	1	ううん。\nもっと働きたいんだ。{0F}ジルバ船長に仕事をもらわなくちゃ。{0E}{02}{1A}立派ね。{0F}わたしたちも将来、あなたみたいな\n子供が授かるとうれしいわ。{10}	
02104	MAP/MAP007.BIN:010732	1	{02}{1A}どうしたの？{0E}{09}	
02105	MAP/MAP007.BIN:010746	1	ジルバ船長に\n仕事をもらおうと思って。{0E}{02}{1A}あら、すれ違いだったのね。\n船長なら船倉に降りて行ったわ。{10}	
02106	MAP/MAP007.BIN:0107BC	1	{02}{1A}あら？{0F}ジルバ船長なら、\n甲板に行ったわよ。{0E}	
02107	MAP/MAP007.BIN:0107FC	1	{02}{1A}これから見張りのお仕事？{0F}ジルバ船長は、\nあなたを買ってくれてるのね。{0E}{09}	
02108	MAP/MAP007.BIN:010848	1	あ．．．！{0F}じゃあ、こんなところにいる\n場合じゃないね。{0E}{02}{1A}そうよ。\nがんばって、小さな水夫さん。{10}	
02109	MAP/MAP007.BIN:0108AC	1	{02}{1A}やっぱり、この部屋には\nないみたい。{10}	
02110	MAP/MAP007.BIN:0108D8	1	{02}{1A}クリスちゃんまで来てくれたの？\n迷惑かけてごめんなさいね。{0E}{09}	
02111	MAP/MAP007.BIN:010916	1	\n{02}{01}ううん。{0F}好きな人からのプレゼントは\nほんとに大切だもの。{10}	
02112	MAP/MAP007.BIN:0109D9	1	こんにちは。{0E}	
02113	MAP/MAP007.BIN:0109EE	1	{02}{1B}なんだね？{0E}	
02114	MAP/MAP007.BIN:010A0B	1	お部屋の掃除にきました。{0E}	
02115	MAP/MAP007.BIN:010A2C	1	{02}{1B}おお、そうか。\nそれはご苦労なことだね。{0F}じゃあ、頼んだよ。{0E}ヘストンの襟には\n金のブローチが光っている。\n相当のお金持ちのようだ。{10}	
02116	MAP/MAP007.BIN:010BE7	1	終わりました。{0E}	
02117	MAP/MAP007.BIN:010C04	1	{02}{1B}ごくろうさん。チップをあげたいけどあいにく小銭を切らしててね。{0F}金のブローチくらいしか、\n今ないんだ。{0E}	
02118	MAP/MAP007.BIN:010C7B	1	そっ、そんな高そうなの\nもらえないよ！{0F}ごめんなさい！{10}	
02119	MAP/MAP007.BIN:010CC2	1	{02}{1B}そういえば君たちは\n巡礼の旅人なんだってね。{0F}だったら銀の短剣を\n持っているんだろ。{0F}よかったら、\n私に見せてくれないかね？{0E}	
02120	MAP/MAP007.BIN:010D55	1	これが銀の短剣だよ。{0E}{02}{1B}ほう。これは素晴らしい。\nこれが噂に聞く銀の短剣か・・・。{0F}いや、いいもの見せてもらった。\nこれこそ伝統と格式を\n今に伝える聖具。{0F}くれぐれも、道中、泥棒なんかに\n盗まれないよう、\n気をつけなきゃいけないよ。{0E}{09}	
02121	MAP/MAP007.BIN:010E51	1	う・・・ん。{0F}村の宝物だから、\nあんまり見せたくないんだ。{0F}ごめんね。{0E}{02}{1B}それほど大切な物なら仕方ない。{0F}私こそ、ぶしつけなことを言って\n済まなかったね。{10}	
02122	MAP/MAP007.BIN:010EF0	1	{02}{1B}いやぁ、ほんとにキレイになった。{0F}私の邸宅とはくらべものにならないがたまには、質素な装飾もいいもんだ。{0E}	
02123	MAP/MAP007.BIN:010F5C	1	{02}{1B}ところで、{0F}水夫君の村には、銀の短剣のような\n宝物が他にもあるのかい？{0E}{09}	
02124	MAP/MAP007.BIN:010FA8	1	ううん。{0F}そんなにお金持ちの村じゃないんだ。{0F}でも住んでる人は、\nいい人ばかりだよ。{10}	
02125	MAP/MAP007.BIN:011000	1	{02}{1B}さっきの水夫さんだね。{0F}君はチャノムには\n行ったことがあるかね？{0E}	
02126	MAP/MAP007.BIN:011054	1	{02}{1B}ほう。若いのにたいしたもんだ。\nダイスのカジノは最高だ。{0F}私も、あの町は大好きだよ。{10}	
02127	MAP/MAP007.BIN:0110B2	1	{02}{1B}ダイスという町にはカジノが\nあるんだが、そこで１晩に{0F}500万ピア稼いだことがあってね。\n君も機会があったら、\n試してみるといい。{10}	
02128	MAP/MAP007.BIN:01113A	1	{02}{1B}私は大の旅行好きでね。{0F}見知らぬ土地を訪れるのが\nなによりの楽しみなんだ。{10}	
02129	MAP/MAP007.BIN:01118A	1	{02}{1B}昨日の水夫さんだね。{0F}君たちのがんばりのおかげで\n私の旅も快適そのものだよ。{10}	
02130	MAP/MAP007.BIN:0111DC	1	{02}{1B}この水夫君が目がさめないと\n言うのでね。{0F}水を汲んできて\n差し上げたところなんだよ。{10}	
02131	MAP/MAP007.BIN:01123B	1	ヘストンさん、\nジルバ船長を見なかった？{0E}{02}{1B}ジルバ船長かい？{0F}さぁ？\nここには来てないようだよ。{10}	
02132	MAP/MAP007.BIN:0112A8	1	{02}{1B}この水夫君も、\nきっと疲れがたまったんだろう。{0F}船を航行させるのは、話によれば\nずいぶんと大変なことらしいからね。{10}	
02133	MAP/MAP007.BIN:011320	1	{02}{1B}なくなったブローチは\nほんの安物なんだから{0F}気にしないでくれたまえ。{10}	
02134	MAP/MAP007.BIN:01136A	1	{02}{1B}そろそろお茶の時間に\nしようと思ってね。{0F}紅茶を入れていたところなんだよ。{0E}{09}	
02135	MAP/MAP007.BIN:0113B7	1	\n{02}{01}いい香り。{0E}{09}\n\n{02}	
02136	MAP/MAP007.BIN:0113CA	1	ごめんね、ヘストンさん。{0F}まだ、金のブローチは\n見つからないんだ。{0E}{02}{1B}あれは気にしないでくれたまえ。{0F}そうだ。\n君たちも飲んでいかないかね？\nすぐに用意できるから。{0E}{09}\n\n{02}	
02137	MAP/MAP007.BIN:01146E	1	ジルバ船長に仕事を頼まれている\n途中だから・・・。{0E}{02}{1B}そうかね。\nじゃあまた、次の機会に。{10}	
02138	MAP/MAP007.BIN:0114D0	1	{02}{1B}いつも世話になっている\n水夫君たちにも{0F}紅茶を入れてあげよう。{10}	
02139	MAP/MAP007.BIN:011564	1	{09}{0A}\n{02}{01}キレイに盛りつけするのは\n楽しいわ。{0E}{09}\n\n{02}	
02140	MAP/MAP007.BIN:011592	1	クリス・・・。{0F}なんでスープの中に\nフォークが入ってるの？{10}	
02141	MAP/MAP007.BIN:0115E2	2	{09}{0A}\n{02}{01}今日こそは、おいしく作るわ。\nジュリオもがんばって！{10}	
02142	MAP/MAP007.BIN:01162A	2	\n{02}{01}どいて、どいて。{10}	
02143	MAP/MAP007.BIN:011672	1	{09}{0A}\n{02}{01}いい匂いでしょ？\nこれにつられて入ってきたのね。{0E}{02}	
02144	MAP/MAP007.BIN:0116A9	1	ちがうよ。\n	
02145	MAP/MAP007.BIN:0116C2	1	掃除にきたんだよ。{0E}	
02146	MAP/MAP007.BIN:0116DE	1	クリスの様子を見に来ただけだよ。{0E}	
02147	MAP/MAP007.BIN:011702	1	{09}{08}\n{02}{01}ほんとかしら。\nつまみ食いはダメだからね。{10}	
02148	MAP/MAP007.BIN:011748	1	{09}{10}\n{02}{01}今日こそ船乗りのみんなを\nうならせてみせるんだから。{0F}まずは下ごしらえよ。{10}	
02149	MAP/MAP007.BIN:0117A6	1	\n{02}{01}どうして、おじいさんは\nこんなに上手なのかしらね。{10}	
02150	MAP/MAP007.BIN:0117E8	1	{09}{09}\n{02}{01}ジュリオったら、またさぼってる！{10}	
02151	MAP/MAP007.BIN:01183C	1	{09}{0A}\n{02}{01}いろんなお皿があるわ。\nこれなんか、きっとラグーナのね。{10}	
02152	MAP/MAP007.BIN:011886	1	{09}{0A}\n{02}{01}そろそろできあがるわ。{10}	
02153	MAP/MAP007.BIN:0118B0	2	{09}{10}\n{02}{01}今度はぜったい、\nおいしく作るんだから！{10}	
02154	MAP/MAP007.BIN:0118EA	2	{09}{09}\n{02}{01}ジュリオ！　さぼってるわね！\n早くお仕事しなさい。{0E}{09}{08}\n{02}	
02155	MAP/MAP007.BIN:011926	2	ちがうよ！\n船長を探してるんだ。{10}	
02156	MAP/MAP007.BIN:0119CC	1	{09}{0A}\n{02}{01}ジュリオ、すわってすわって。\n待ってたんだから。{0F}私の特製料理よ。\nゆっくり味わってね。{0E}	
02157	MAP/MAP007.BIN:011A58	1	{02}{14}どうも今日の料理の味付けは\nひと味違うな。{0E}	
02158	MAP/MAP007.BIN:011A90	1	{09}\n\n{02}{01}・・・・・。\nどう違うの？{0E}	
02159	MAP/MAP007.BIN:011AB6	1	{02}{14}う～ん・・・。{0E}	
02160	MAP/MAP007.BIN:011AD2	1	{09}{08}\n{02}{01}いつもより、\nおいしいってことでしょ？{0E}	
02161	MAP/MAP007.BIN:011B04	2	{02}{14}・・・いや。{0E}	
02162	MAP/MAP007.BIN:011B1E	1	{09}{09}\n{02}{01}まさか、マズイっていうの？{0E}	
02163	MAP/MAP007.BIN:011B46	1	{02}{14}・・・・・いや。{0E}	
02164	MAP/MAP007.BIN:011B64	1	{09}{09}\n{02}{01}どっちなのよ！{0E}	
02165	MAP/MAP007.BIN:011B80	1	{02}{14}・・・・・。{0E}	
02166	MAP/MAP007.BIN:011B9A	1	{09}{09}\n{02}{01}なんで黙っちゃうの？{0E}	
02167	MAP/MAP007.BIN:011BBC	1	{02}{14}・・・・・・・・いや。{0E}	
02168	MAP/MAP007.BIN:011BE7	1	いっ、いいじゃないか・・・。\nきっと、おいしいってことだよ。{0F}ねっ、そうだよね？{0E}	
02169	MAP/MAP007.BIN:011C44	1	{02}{14}いや。{0F}海の男は\n正直者じゃなくちゃいけねえ。{0F}マズくもないが、うまくもない。\nいってみれば個性的な味だ。{0E}	
02170	MAP/MAP007.BIN:011CBF	1	ねっ、クリス。\nこれはホメてくれてるんだよ。{0F}よかったね。{0E}	
02171	MAP/MAP007.BIN:011D1C	1	ジュリオは早く話題を変えないと\nマズイと思った。{0E}	
02172	MAP/MAP007.BIN:011D59	1	ね、クリス。\nおっかしいんだよ。{0F}さっき、ヘストンさんの部屋を\n掃除に行ったら、小銭がないからってチップ代わりに金のブローチを{0F}渡されそうになっちゃった。\nあわてて逃げてきちゃったよ。{0F}お金持ちってヘンだよね。\n金のブローチみたいな高価なものを\n平気であげちゃうんだから。{0F}はははっ、おかしい・・・{0F}・・・よね？{0E}	
02173	MAP/MAP007.BIN:011E94	1	{09}{09}\n{02}{01}なんだかんだ言って\nジュリオは、{0F}ひと口も食べてないじゃない！{0F}私が一生けんめい作った\nお料理なんだからね！{0E}	
02174	MAP/MAP007.BIN:011F0F	1	う、うん。\nクリスも食べなよ。{0E}	
02175	MAP/MAP007.BIN:011F38	1	{09}{09}\n{02}{01}もちろん食べるわ。{0E}	
02176	MAP/MAP007.BIN:011F58	1	{02}{1D}・・・・・。{0E}ひと口食べた２人は、\nなぜか黙ってしまった。{0E}	
02177	MAP/MAP007.BIN:011F9E	1	{02}{1D}ムシャ、ムシャ、ムシャ・・・。{0E}	
02178	MAP/MAP007.BIN:011FC8	1	\n{02}{01}ごちそうさま。\n後かたづけをしてこなくっちゃ。{0E}	
02179	MAP/MAP007.BIN:012012	1	\n{02}{01}ジュリオ。\n先に部屋に帰っててね。{0E}	
02180	MAP/MAP007.BIN:012090	1	{02}{14}ありゃぁ、逃げたな。{0E}	
02181	MAP/MAP007.BIN:0120D7	1	・・・きっと、\nそのうちうまくなるよ。{0E}	
02182	MAP/MAP007.BIN:012104	1	{02}{14}できれば、ニーリに着くまでに\n上達してほしいもんだな。{10}	
02183	MAP/MAP007.BIN:01215A	1	\n{02}{01}もう少しで、後かたづけが終わるわ。ジュリオは部屋で待っててね。{10}	
02184	MAP/MAP007.BIN:0121A4	1	\n{02}{01}ジュリオったら、さみしがり屋ね。{0E}{09}{08}\n{09}\n\n{02}	
02185	MAP/MAP007.BIN:0121D0	1	そんなことないよ！\nちょっと、気になっただけさ。{0F}部屋で待ってるからね。{10}	
02186	MAP/MAP007.BIN:0122C0	1	{09}{10}\n{02}{01}今度は船長もびっくりするくらい\nおいしいのを作るわ！{10}	
02187	MAP/MAP007.BIN:012308	1	\n{02}{01}ここらへんまでは\n自信あるんだけどな。{10}	
02188	MAP/MAP007.BIN:0123F4	1	{09}{0A}\n{02}{01}いい匂いでしょ？\nこれにつられて入ってきたのね。{0E}{09}\n\n{02}	
02189	MAP/MAP007.BIN:01242E	1	ちがうよ。\nクリスの様子を見に来たんだよ。{0E}{09}Z\n{02}{01}ほんとかしら。\nつまみ食いはダメだからね。{10}	
02190	MAP/MAP007.BIN:0124A0	1	{09}{10}\n{02}{01}ジュリオ。{0F}船長に私たちで調べるって\n言ってきて！{0F}そうしたら私も力をかしてあげる。{10}	
02191	MAP/MAP007.BIN:012512	1	{09}{10}\n{02}{01}船長に言ってきてくれたのね！\nそれでこそジュリオだわ。{0E}	
02192	MAP/MAP007.BIN:012550	1	{09}{10}\n{02}{01}ちょっと待ってて。{0E}	
02193	MAP/MAP007.BIN:012576	1	{09}{10}\n{02}{01}コック長！{0E}	
02194	MAP/MAP007.BIN:012596	1	{02}{16}どうした？\nクリス嬢ちゃん。{0E}	
02195	MAP/MAP007.BIN:0125B8	1	{09}{10}\n{02}{01}なくなったお魚を見つけてくるわ。{0E}	
02196	MAP/MAP007.BIN:0125E2	1	{02}{16}きっとネズミのしわざじゃろうて。\n気にすることはないぞ。{0E}	
02197	MAP/MAP007.BIN:012620	1	{09}{10}\n{02}{01}私はチャッペルの娘だもん。{0F}こういうことは、きちんとしなきゃ。{0E}	
02198	MAP/MAP007.BIN:01266C	1	{09}{10}\n{02}{01}ね、ジュリオ。\n部屋に戻って着替えましょ。{0E}	
02199	MAP/MAP007.BIN:0126A9	1	どうして？\nこのままでいいじゃない。{0E}	
02200	MAP/MAP007.BIN:0126D0	1	{09}{10}\n{02}{01}巡礼の旅人として\nなくなった物を探すのよ。{0E}	
02201	MAP/MAP007.BIN:012707	1	ちぇ。\n変なところで、こだわるんだから。{0E}	
02202	MAP/MAP007.BIN:0127EA	1	{02}{1C}ニーリからラグーナまでの航海も\n無事に終えることができた・・・。{0F}今回の乗客は・・・６名だったのか。積荷は泥炭が20樽に、\n干し魚が・・・。{0E}{09}	
02203	MAP/MAP007.BIN:012879	1	すっごく忙しいみたい。\n邪魔しちゃわるいや。{10}	
02204	MAP/MAP007.BIN:0128AA	1	{02}{1C}おお、ジュリオ君。{0F}さっそく働いてくれている\nみたいだな。{0F}ここも掃除してくれるのかい？\n船長室ならいいよ。{0F}ここは私がちゃんと\n整頓してるからな。{0F}船長たる者、\n船乗りの鑑でなくてはな。{0F}今、航海日誌をつけ終えたところだ。君たちのことも書いておいた。{0F}船長の仕事に興味があるのなら\n航海日誌を読んでもかまわないよ。{10}	
02205	MAP/MAP007.BIN:0129E8	1	{02}{1C}ハリキリすぎて、\n無理をしないようにな。{10}	
02206	MAP/MAP007.BIN:012A18	1	{02}{1C}私も、クリス君の食事を\nいただいたよ。{0F}その・・・何というか・・・\n独特な味だった。{10}	
02207	MAP/MAP007.BIN:012A77	1	ジルバ船長！{10}{02}{1C}ジュリオ君。\nどうかしたのか？{10}{09}	
02208	MAP/MAP007.BIN:012AA9	1	うん。{0F}甲板ふきが終わったから\n次の仕事をもらおうと思って。{10}{02}{1C}ふむ。たのもしいな。{10}	
02209	MAP/MAP007.BIN:012B04	1	{02}{1C}ガートン！\nちょっといいか。{10}	
02210	MAP/MAP007.BIN:012B44	1	{02}{15}はい、船長。{10}	
02211	MAP/MAP007.BIN:012B5A	1	{02}{1C}現針路の報告をしてくれ。{10}	
02212	MAP/MAP007.BIN:012B80	1	{02}{15}パナン海流のせいで\nやや南東に流され気味ですが{0F}午後の風に乗れば、\n進路は戻るはずです。{10}	
02213	MAP/MAP007.BIN:012BE0	1	{02}{1C}ごくろう。{0F}ではジュリオ君に代わってもらっても支障はないな？{10}	
02214	MAP/MAP007.BIN:012C2A	1	{02}{15}ええ。{0F}グレイデス暗礁海域は\nとっくに抜けましたからね。{10}	
02215	MAP/MAP007.BIN:012C70	1	{02}{1C}ではジュリオ君。\n早速、船首の見張りについてくれ。{0F}ここから先は、針路よりも\n他の航行船に気を配ってほしい。{10}	
02216	MAP/MAP007.BIN:012CE6	1	{02}{1C}ガートン、\nお前は２番マストの下につけ。{10}	
02217	MAP/MAP007.BIN:012D1C	1	{02}{15}イエッサー！{10}	
02218	MAP/MAP007.BIN:012D32	1	{02}{1C}ジュリオ君、たのんだぞ。{10}	
02219	MAP/MAP007.BIN:012D55	1	イエッサー！！{10}{02}{1C}フフ・・よろしい。{10}	
02220	MAP/MAP007.BIN:012DD6	1	{02}{1C}ジュリオ君。{0F}航路の見張りも\n船乗りの重要な仕事だ。{0F}舳先から離れないよう頼むよ。{10}	
02221	MAP/MAP007.BIN:012E2E	1	{02}{1C}もし、これが盗難事件なら\nたいへんなことになる・・・。{0F}かといって、\n手のあいている者はいないし・・・。{0F}そうだ、ジュリオ君！\n見張りの後で済まないが\n少し調べてくれないか？{0E}	
02222	MAP/MAP007.BIN:012EF1	1	はい！\nきっとどこかに落ちてるよ。{0F}さがしてみます！{10}	
02223	MAP/MAP007.BIN:012F33	1	ボクじゃ、\n調べようがないよ・・・。{10}	
02224	MAP/MAP007.BIN:012F7C	1	{02}{1C}君なりの考えで調べてみてくれ。{0F}ロジャー夫婦の、\nそして私の力になってほしい。{0E}{09}{0A}\n{02}	
02225	MAP/MAP007.BIN:012FD0	1	イエッサー！{10}	
02226	MAP/MAP007.BIN:013006	1	{02}{1C}おお、クリス君も\n協力してくれるのか。{0F}女性の目は、時として男より鋭い。\n期待しているよ。{0E}	
02227	MAP/MAP007.BIN:013068	1	{09}{0A}\n{02}{01}はい！{0E}	
02228	MAP/MAP007.BIN:01308B	1	ちがうよクリス。\nイエッサーって言わなきゃ。{0E}	
02229	MAP/MAP007.BIN:0130C6	1	\n{02}{01}そっか。\nその方が船乗りみたいだもんね。{0E}	
02230	MAP/MAP007.BIN:0130FF	1	船長！　もう１回言って。{0E}	
02231	MAP/MAP007.BIN:013124	1	{02}{1C}あ、ああ。\nクリス君、期待しているよ。{0E}	
02232	MAP/MAP007.BIN:013154	1	{09}{0A}\n{02}{01}イエッサー！{10}	
02233	MAP/MAP007.BIN:01317E	1	{02}{1C}２人とも最善をつくしてくれ。{0E}{02}{1D}イエッサー！{10}	
02234	MAP/MAP007.BIN:0131B2	1	{02}{1C}犯罪者は、仕事をしたあとは\n別の国に逃げようとする。{0F}だから、関所や国家間を\n航行する船には\n手配書が配布されるんだ。{10}	
02235	MAP/MAP007.BIN:013230	1	{02}{1C}手配書に何か、\n手がかりがあるかもしれない。{10}	
02236	MAP/MAP007.BIN:013264	1	{02}{1C}船長室の奥の黒い棚にあるはずだ。{10}	
02237	MAP/MAP007.BIN:013290	1	{02}{1C}急いで持ってきてくれ。{0F}船長室の奥の黒い棚にあるはずだ。{0F}わたしも彼らの言い分は\n信じたいのだよ。{10}	
02238	MAP/MAP007.BIN:0132FC	1	{02}{1C}酔い止めの薬はあったかね？{10}	
02239	MAP/MAP007.BIN:013323	1	ジルバ船長。\n酔い止めの薬は空だったよ。{0E}{02}{1C}えっ？　うかつだったな。\nすまん、すまん。{0F}じゃあ、下の船倉の奥に\n予備があるはずだから\n持ってきてくれないか。{0E}{09}	
02240	MAP/MAP007.BIN:0133BF	1	下の船倉の奥の方だね。{0E}{02}{1C}ああ、いちばん奥だ。\n頼んだよ。{10}	
02241	MAP/MAP007.BIN:013402	1	{02}{1C}下の船倉は暗いから\n足元に気をつけてくれ。{10}	
02242	MAP/MAP007.BIN:013434	1	{02}{1C}ぐが・・・。\n・・とり～か～じ～。{0E}{09}	
02243	MAP/MAP007.BIN:01345A	1	\n{02}{01}ジルバ船長までグッスリ眠ってるわ。{0E}{09}	
02244	MAP/MAP007.BIN:013485	2	なんだか、イヤな予感がするなぁ。{10}	
02245	MAP/MAP007.BIN:0134B0	2	{02}{1C}ぐが・・・。{10}	
02246	MAP/MAP007.BIN:0134F8	1	{02}{14}むにゃ・・・。すやすや・・・\nググググ・・・グゴーッ・・・{0F}・・・グピーッ・・・むにゃ。{0E}{09}	
02247	MAP/MAP007.BIN:013556	1	気持ちよさそうに寝てる。\nきっと疲れてるんだね。{10}	
02248	MAP/MAP007.BIN:013592	1	{02}{14}ぐぅぐぅ・・・。{0E}{09}	
02249	MAP/MAP007.BIN:0135AA	1	ねえ、トンジャさん！\nまだ寝てていいの？{0E}{02}{14}んがっ！{0E}{09}\n\n{02}	
02250	MAP/MAP007.BIN:0135E2	1	・・・寝ながら怒ってる。{10}	
02251	MAP/MAP007.BIN:013608	1	\n{02}{01}よく寝てるわ。{0E}{09}\n\n{02}	
02252	MAP/MAP007.BIN:01361F	1	うん。\nさっきからずっと寝たままなんだ。{0F}なんか変だなぁ・・・。{10}	
02253	MAP/MAP007.BIN:01366A	2	{02}{14}むにゃ・・・。すやすや・・・\nググググ・・・グゴーッ・・・{0F}・・・グピーッ・・・むにゃ。{10}	
02254	MAP/MAP007.BIN:0136D0	1	\n{02}{01}寝てる・・・。\nジュリオ、変ね。{0E}{09}	
02255	MAP/MAP007.BIN:0136F8	1	う～ん。{10}	
02256	MAP/MAP007.BIN:013849	1	自分たちの部屋も掃除しなくちゃ。{0E}{09}\n\n{02}	
02257	MAP/MAP007.BIN:01386F	1	・・・あれ？{0F}	
02258	MAP/MAP007.BIN:0138EA	1	なんだか、\nさっきと変わってるような・・・。{0E}	
02259	MAP/MAP007.BIN:01391F	1	気のせいだよね、きっと。{10}	
02260	MAP/MAP007.BIN:013A9F	1	うん。\nキレイ、キレイ。{10}	
02261	MAP/MAP007.BIN:013AF0	1	\n{02}{01}ねぇ、ジュリオ。\n銀の短剣は部屋に置いていく？{10}	
02262	MAP/MAP007.BIN:013B4A	1	{09}{09}\n{02}{01}寝ないでよ！{10}	
02263	MAP/MAP007.BIN:013B6D	1	ちがうよ！　考えてるんだよ。{10}	
02264	MAP/MAP007.BIN:013B94	1	\n{02}{01}なにを？{10}	
02265	MAP/MAP007.BIN:013BB1	1	なにって。\n・・・ちょっとね。{10}	
02266	MAP/MAP007.BIN:013BD6	1	{09}{09}\n{02}{01}ちょっとじゃ、\nわかんないわよ！{10}	
02267	MAP/MAP007.BIN:013C0B	1	おこんないでよ。{0F}とにかく、今は自分で持ってるのが\n１番いいと思うんだ。{10}	
02268	MAP/MAP007.BIN:013C5C	1	\n{02}{01}そう・・・。{0F}ジュリオがそう言うんなら\n別にそれでもいいけど。{0F}なくしたら\nジュリオのせいだからね。{10}	
02269	MAP/MAP007.BIN:013CD1	1	そんな～。{10}	
02270	MAP/MAP007.BIN:013CF4	1	{09}{09}\n{02}{01}キッ！{10}	
02271	MAP/MAP007.BIN:013D11	1	・・・気をつけるよ。{10}	
02272	MAP/MAP007.BIN:013E07	2	あれ？　開かないや。{0E}	
02273	MAP/MAP007.BIN:013E48	5	・・・・・。{0E}	
02274	MAP/MAP007.BIN:013E6F	2	すみません、留守ですか？\nお部屋の掃除にきました。{0E}	
02275	MAP/MAP007.BIN:013EC6	1	{09}\n\n{02}{03}（やべぇ。）{0F}（なんであのガキが）\n（掃除にまわってくるんだよ。）{0E}	
02276	MAP/MAP007.BIN:013F14	1	{09}\n\n{02}{02}（あたしが知るわけないじゃない。）{0F}（それより、）\n（窓からのぞかれるとまずいよ！）{0E}	
02277	MAP/MAP007.BIN:013F9F	2	いませんかー？{10}	
02278	MAP/MAP007.BIN:013FCA	1	{09}{08}\n{02}{02}（しょうがないわ。）\n（なにか答えなよ。）{0E}	
02279	MAP/MAP007.BIN:014006	1	{09}\n\n{02}{03}（俺が？）{0E}	
02280	MAP/MAP007.BIN:01401A	1	{09}{08}\n{02}{02}（あんた以外に誰がいるのよ。）{0E}	
02281	MAP/MAP007.BIN:014046	1	{09}{09}\n{02}{03}（ちっ、しょうがねぇ。）{0E}	
02282	MAP/MAP007.BIN:01406E	1	\n{02}{03}せ、せっかくだけど\n昼寝してるから掃除はいいや。{0F}後で自分でやっとくよ。{0F}任せといてくれ。{0E}	
02283	MAP/MAP007.BIN:0140E3	2	そうですか。\nじゃあ、お願いします。{0E}	
02284	MAP/MAP007.BIN:014128	1	{09}\n\n{02}{02}ふーっ・・・。\n溜め息しかでないわね。{0E}	
02285	MAP/MAP007.BIN:01418B	2	入れてくれないと\nどんな人なのか気になっちゃうな。{10}	
02286	MAP/MAP007.BIN:0141D7	2	お隣さんなんだから\nあいさつくらいしておこう。{0E}	
02287	MAP/MAP007.BIN:01420D	2	こんばんはー。{0E}	
02288	MAP/MAP007.BIN:014238	1	{09}\n\n{02}{03}（また来やがった！）\n（しぼりあげちまうか？）{0E}	
02289	MAP/MAP007.BIN:01427E	1	{09}{08}\n{02}{02}（バカ！）{0F}（ニーリに着くまで）\n（船から逃げようがないのよ。）{0F}（なんとかごまかすんだよ。）{0E}	
02290	MAP/MAP007.BIN:0142E4	1	\n{02}{03}ぐーぐー！\nぐごぉ、がぁー。{10}	
02291	MAP/MAP007.BIN:01431B	2	もう寝ちゃったんだ。\nでも、すごいイビキだなぁ。{10}	
02292	MAP/MAP007.BIN:014373	2	あんなすごいイビキだと\nいっしょにいたら眠れないね。{10}	
02293	MAP/MAP007.BIN:0143CF	2	すみませーん。\nこちらにジルバ船長いませんか？{0E}	
02294	MAP/MAP007.BIN:014418	1	{09}\n\n{02}{03}・・・・・！？\nあんないかついオヤジ・・・{0F}いや、船長なら来てないぜ。{0E}	
02295	MAP/MAP007.BIN:01447D	2	どうもありがとう。\n（船長はどこに行ったのかな？）{0F}（ここの人は１度も出てこないし。）（船の中にもいろいろ）\n（不思議なことがあるね。）{10}	
02296	MAP/MAP007.BIN:01453D	2	ここには船長はいないよね。{10}	
02297	MAP/MAP007.BIN:014563	1	ここの人も不思議だなぁ。\n１度も出てこないし・・・。{10}	
02298	MAP/MAP007.BIN:0145A1	2	ここの人も不思議だなぁ。\n１度も出てこないし・・・。{0F}あ、船長室に行かなきゃ。{10}	
02299	MAP/MAP007.BIN:01463B	1	ここの人たちとは\n１度も会ってないね。{10}	
02300	MAP/MAP007.BIN:014664	1	{09}{10}\n{02}{01}どんな人か確かめる\nチャンスじゃない。{0F}	
02301	MAP/MAP007.BIN:01469A	1	\n{02}{01}すいませ～ん。{10}	
02302	MAP/MAP007.BIN:0146D2	1	{09}{08}\n{02}{02}また、あの子たちだ。{10}	
02303	MAP/MAP007.BIN:0146F6	1	{09}\n\n{02}{03}かんべんしてくれよ。{0F}こんな狭いとこに\n閉じ込められてるだけで\nたまんねーのに。{10}	
02304	MAP/MAP007.BIN:014760	1	\n{02}{01}ちょっと、すみませーん。{10}	
02305	MAP/MAP007.BIN:014792	1	{09}{09}\n{02}{02}もう！\nピーピーうるさいね。{10}	
02306	MAP/MAP007.BIN:0147B8	1	\n{02}{02}坊やたち、ごめんなさいね。{0F}連れが船酔いで、\nとても人様の前に出られないの。{10}	
02307	MAP/MAP007.BIN:014844	1	\n{02}{01}まぁ！　大丈夫？{10}	
02308	MAP/MAP007.BIN:01486E	1	\n{02}{01}お薬を持ってきましょうか？{10}	
02309	MAP/MAP007.BIN:0148B2	1	{09}\n\n{02}{02}心配しなくて大丈夫よ。\nタフさだけが取柄の男だから。{10}	
02310	MAP/MAP007.BIN:014926	1	\n{02}{01}そうですか。\nそれじゃ、おだいじに。{10}	
02311	MAP/MAP007.BIN:014972	1	{09}{0A}\n{02}{03}よくあんな嘘が思いつくな。\n喋り方まで変えちまってよ。{10}	
02312	MAP/MAP007.BIN:0149B0	1	{09}{08}\n{02}{02}あんたとは、育ちがちがうんだよ。{10}	
02313	MAP/MAP007.BIN:014A2B	2	１度も部屋から出てないんだから\nここの人たちは関係ないよね。{10}	
02314	MAP/MAP007.BIN:014A71	1	早く\n酔い止めの薬を取ってこなくちゃ。{10}	
02315	MAP/MAP007.BIN:014AD9	2	ここの人たちは大丈夫かな？{10}	
02316	MAP/MAP007.BIN:014AFE	1	\n{02}{01}あの、すみません。\n無事ですか？{10}	
02317	MAP/MAP007.BIN:014B3E	1	\n{02}{03}・・・・・？{10}	
02318	MAP/MAP007.BIN:014B6A	1	{09}{08}\n{02}{02}無事って何のことよ？\n連れが船酔いだって言ってるでしょ！{10}	
02319	MAP/MAP007.BIN:014BCE	2	\n{02}{01}無事みたいね。{10}	
02320	MAP/MAP007.BIN:014C06	2	{09}\n\n{02}{03}だから無事じゃねぇってば！{10}	
02321	MAP/MAP007.BIN:014C34	1	\n{02}{02}（なんか妙だね。）{10}	
02322	MAP/MAP007.BIN:014C62	2	{09}\n\n{02}{03}（どうなってんだ？）{10}	
02323	MAP/MAP007.BIN:014CB9	2	みんな、どうしちゃったんだろう？{10}	
02324	MAP/MAP007.BIN:014D70	1	{09}\n\n{02}{03}やばい！\nあのガキがのぞいてるぜ！{0E}	
02325	MAP/MAP007.BIN:014DBE	1	{09}\n\n{02}{02}隠れるんだよ！{10}	
02326	MAP/MAP007.BIN:014E0F	2	あれ？{0F}この部屋のお客さんは\nどこにいるんだろう？{10}	
02327	MAP/MAP007.BIN:014E55	2	すっごい\nはずかしがり屋さんなのかな？{10}	
02328	MAP/MAP007.BIN:014EC4	1	{09}\n\n{02}{03}ちっ！\nあのガキがのぞいてやがる。{0E}	
02329	MAP/MAP007.BIN:014EF6	1	{09}\n\n{02}{02}隠れるんだよ！{0E}	
02330	MAP/MAP007.BIN:014F34	1	{09}{08}\n{02}{02}なにやってんのさ・・・。{0E}	
02331	MAP/MAP007.BIN:014F5C	1	\n{02}{03}ここにいれば、\nのぞきようがねぇだろ。{0E}	
02332	MAP/MAP007.BIN:014F92	1	\n{02}{02}あんた、ずっとそうしてるつもり？{0E}	
02333	MAP/MAP007.BIN:014FBE	1	{09}\n\n{02}{03}が～ん。{10}	
02334	MAP/MAP007.BIN:014FE5	1	人の部屋をだまって\nのぞいちゃいけないよね。{0F}でも、気になるんだよね。{10}	
02335	MAP/MAP007.BIN:015052	1	{09}\n\n{02}{03}あいつらが来たぜ！{0E}	
02336	MAP/MAP007.BIN:015076	1	{09}{08}\n{02}{02}まったく！\nいいダイエットだね！{0E}	
02337	MAP/MAP007.BIN:0150D8	1	{09}{09}\n{02}{02}ちょっと！\nそんなにくっつかないでよ！！{0E}	
02338	MAP/MAP007.BIN:01510C	1	{09}\n\n{02}{03}し、仕方ないだろ！{0E}	
02339	MAP/MAP007.BIN:01513D	1	ここの人たちは\nどんな人たちなんだろう？{10}	
02340	MAP/MAP007.BIN:015180	1	\n{02}{01}ちゃんと起きてるかしら？{10}	
02341	MAP/MAP007.BIN:0151A8	1	\n{02}{01}なにが、どうなっちゃったの？{10}	
02342	MAP/MAP007.BIN:0151D0	1	\n{02}{01}ヘストンさんを追わなきゃ！{10}	
02343	MAP/MAP007.BIN:015257	1	ここは倉庫だな。\nよ～し、とにかく掃除だけしちゃえ。{10}	
02344	MAP/MAP007.BIN:015399	1	うん。\nばっちぐー！{10}	
02345	MAP/MAP007.BIN:0153FA	1	{02}{16}クリス嬢ちゃん。\nこっちの味見をしてくれるかの。{0E}	
02346	MAP/MAP007.BIN:0154F6	1	{09}{0A}\n{02}{01}んー。{0F}ねぇ、コショーをもっと\n入れちゃいましょうよ。{0E}	
02347	MAP/MAP007.BIN:01553C	1	{02}{16}あっ！　ダメじゃ。\nそんなに入れちゃあ～。{0E}	
02348	MAP/MAP007.BIN:01557C	1	{09}{10}\n{02}{01}これがおいしいのよ。{0E}	
02349	MAP/MAP007.BIN:0155B3	1	あ～あ・・・。{0E}	
02350	MAP/MAP007.BIN:0155D4	1	{09}{09}\n{02}{01}なによ。\nなんか文句ある？{0E}	
02351	MAP/MAP007.BIN:015618	1	{09}{09}\n{02}{01}ジュリオ。\nジャマだから、あっちにいって！{10}	
02352	MAP/MAP007.BIN:015662	1	\n{02}{01}はい。{0E}	
02353	MAP/MAP007.BIN:0156A4	1	《ティラスイール航海図》\nティラスイールの地図だ。{0F}各国名と港の位置、航路などが\nびっしり書きこまれている。{0E}{09}	
02354	MAP/MAP007.BIN:015713	1	ボクの家はのってないや。{10}	
02355	MAP/MAP007.BIN:01573C	3	ジュリオは\nティラスイール航海図を見ました。{0E}{09}	
02356	MAP/MAP007.BIN:01576D	1	つぎに行くテグラは・・・と。{0F}あ、あった！\nディーネの偉い人が言ってた通りだ。{0F}テグラは島だから、\nまた船に乗れるぞ！{10}	
02357	MAP/MAP007.BIN:01581B	1	こんなに大きな地図を見たって\n船長の居場所がわかるわけないよね。{10}	
02358	MAP/MAP007.BIN:015891	1	ティラスイール地方って\n広いなぁ・・・。{0F}村長の言ったとおり、\nほんとに３ヵ月くらい\nかかっちゃうかもね。{10}	
02359	MAP/MAP007.BIN:0158FE	2	ジュリオは\nティラスイール航海図を見ました。{0E}	
02360	MAP/MAP007.BIN:015933	2	こんなの見てる場合じゃないよね。{0E}	
02361	MAP/MAP007.BIN:015982	1	航海日誌があります。\n読みますか？{0E}	
02362	MAP/MAP007.BIN:0159E3	2	今日のは、まだつけてないんだ。{10}	
02363	MAP/MAP007.BIN:015A12	2	{09}{09}\n{02}{01}ヘストンさんが逃げちゃうわよ！{10}	
02364	MAP/MAP007.BIN:015A3E	1	{02}{1B}きみ、きみ。{0E}	
02365	MAP/MAP007.BIN:015A78	1	{02}{1B}その鞄は私の１番大切なものだ。\n触らないでもらえるかね？{0E}	
02366	MAP/MAP007.BIN:015AC1	1	ご、ごめんなさい。{10}	
02367	MAP/MAP007.BIN:015B51	1	クリスったら遅いなぁ・・・。\n本でも読んで待ってよっと。{10}	
02368	MAP/MAP007.BIN:015BA5	1	あっ！\nキャプテン・トーマスがあるぞ。{0F}ひさしぶりに、\nじっくり読んでみよっかな。{0F}{09}\n\n{02}	
02369	MAP/MAP007.BIN:015BFA	1	あれ？　なんだろう、この本。{10}	
02370	MAP/MAP007.BIN:015C2B	1	・・・うわぁ。ちょっとエッチだよ。{0F}い、いいのかなぁ？{0F}だれもいないよね。{10}	
02371	MAP/MAP007.BIN:015CDD	1	もうすこし見てみようかな？{10}	
02372	MAP/MAP007.BIN:015D2B	1	やっぱりやめとこう。{10}	
02373	MAP/MAP007.BIN:015D68	1	\n{02}{01}ジュリオ。\nなに読んでるの？{10}	
02374	MAP/MAP007.BIN:015DD3	1	なっ、なんでもないよ！\nほんっとに、なんでもないよ！{10}	
02375	MAP/MAP007.BIN:015E5C	1	\n{02}{01}あやしい。{10}	
02376	MAP/MAP007.BIN:015E8B	1	あやしくなんかないよ！\nそれより、クリスも疲れたでしょ？{0F}もう寝ようよ。{10}	
02377	MAP/MAP007.BIN:015F06	1	\n{02}{01}ふ～ん、まぁいいわ。\n明日も早いから寝ましょ。{10}	
02378	MAP/MAP007.BIN:015F5D	1	（ほっ・・・。）{10}	
02379	MAP/MAP007.BIN:015F8B	1	１日中、船の中をあちこち動いていたおかげで船酔いもしなかったよ。{0F}船のまわりが、ぜんぶ海だなんて\nすごいね。{10}	
02380	MAP/MAP007.BIN:016000	1	\n{02}{01}ラグピック村のまわりは\n山だらけだもんね。{10}	
02381	MAP/MAP007.BIN:01603D	1	よぉ～し。\n明日もがんばるぞ。{10}	
02382	MAP/MAP007.BIN:016062	1	{09}{10}\n{02}{01}うん。\nがんばりましょ。{10}	
02383	MAP/MAP007.BIN:01608C	1	こうして鷹の爪号の１日目は\n瞬く間にすぎていった。{10}	
02384	MAP/MAP007.BIN:01614C	1	\n{02}{01}ジュリオ、今日もがんばろうね。{0F}私の今日の仕事はね、\n洗濯と料理のお手伝いよ。{0F}洗濯はお昼までに済ましちゃうから、ジュリオも汚れ物があったら\n出しといて。{10}	
02385	MAP/MAP007.BIN:0161F9	1	いいよ、ボクのは・・・。{10}	
02386	MAP/MAP007.BIN:01622E	1	{09}{08}\n{02}{01}ダメよ。\n洗わないと臭くなっちゃうんだから。{10}	
02387	MAP/MAP007.BIN:016271	1	いいったら。{10}	
02388	MAP/MAP007.BIN:01628A	1	{09}{09}\n{02}{01}下着は毎日変えなきゃダメよ。\nちょっとジュリオ、見せなさい！{10}	
02389	MAP/MAP007.BIN:0162E7	1	うわ！？　いいってば！\nやめてよ！{10}	
02390	MAP/MAP007.BIN:016324	1	{09}{09}\n{02}{01}ダメ！{10}	
02391	MAP/MAP007.BIN:016367	1	いいってば！\n自分で洗うから。{10}	
02392	MAP/MAP007.BIN:01638C	1	{09}{09}\n{02}{01}あきらめが悪いわよ！{10}	
02393	MAP/MAP007.BIN:0163CB	1	もう甲板掃除に行かなきゃ。{10}	
02394	MAP/MAP007.BIN:0163F2	1	{09}{09}\n{02}{01}下着を出してからにしなさい！{10}	
02395	MAP/MAP007.BIN:016450	1	{09}{09}\n{02}{01}もう！\nいつもこうなんだから。{10}	
02396	MAP/MAP007.BIN:0164A2	1	{09}\n\n{02}{03}ガキどもは\n朝っぱらから元気だな。{10}	
02397	MAP/MAP007.BIN:0164D4	1	{09}\n\n{02}{02}それに比べてあたしたちは\n今日も１日、{0F}ここでじっとしてるわけ・・・？{10}	
02398	MAP/MAP007.BIN:016526	1	{09}\n\n{02}{03}こんな中にずっといたら、\n船酔いになっちまうぜ。{10}	
02399	MAP/MAP007.BIN:016566	1	{09}\n\n{02}{02}どうすんのさ、まったく。{10}	
02400	MAP/MAP007.BIN:0165D5	1	ジルバ船長！{0E}	
02401	MAP/MAP007.BIN:016631	1	あれ・・・？\nどこ行ったんだろう。{10}	
02402	MAP/MAP007.BIN:0166D9	1	あれ？\n鍵がかかってる。{10}	
02403	MAP/MAP007.BIN:016701	1	あれ？\n鍵がかかってる・・・。{0F}じゃましちゃわるいよね。{10}	
02404	MAP/MAP007.BIN:016763	1	鍵がかかってるよ。{0E}	
02405	MAP/MAP007.BIN:016780	1	\n{02}{01}ヘストンさんにも\n話を聞いてみましょ。{0F}すみませ～ん。\nヘストンさん？{0E}	
02406	MAP/MAP007.BIN:01681C	1	{02}{1B}やあ、水夫君に料理のお嬢さん。\nなにか用かね？{0E}	
02407	MAP/MAP007.BIN:016859	1	ヘストンさん。{0F}何か変わったことは\nありませんか？{0E}	
02408	MAP/MAP007.BIN:016896	1	{02}{1B}変わったことって？\nいいや、とりたてて何もないが。{0F}どうかしたのかね？{0F}ああ、すまない。\n立ち話もなんだから、\n中に入りたまえ。{0F}遠慮はいらない。さぁ。{10}	
02409	MAP/MAP007.BIN:0169BF	1	あ、クリス。\nどうしたのさ。{0E}	
02410	MAP/MAP007.BIN:016A14	1	{09}{10}\n{02}{01}ちょっとねぇ。{10}{02}{01}さてと。{10}	
02411	MAP/MAP007.BIN:016A45	1	クリス！\nまさか・・・。{10}	
02412	MAP/MAP007.BIN:016A6A	1	{09}{10}\n{02}{01}ボスレイさんみたいに{0F}かっこよく洗濯物を\n取り込んでみせるわ。{0E}{02}{01}ジュリオ、見てて。{10}	
02413	MAP/MAP007.BIN:016ADD	1	クリス！　あぶないよ！！{10}	
02414	MAP/MAP007.BIN:016B08	1	{09}{10}\n{02}{01}だいじょうぶよ。{0F}私が木のぼり上手なの\nジュリオ、知ってるでしょ？{10}	
02415	MAP/MAP007.BIN:016BD6	1	{09}{0A}\n{02}{01}ちょっと危なかったけど\nばっちりでしょ！{10}	
02416	MAP/MAP007.BIN:016C0F	1	ばっちりじゃないよ！\nもしケガでもしたらどうするのさ。{10}	
02417	MAP/MAP007.BIN:016C56	1	{09}{07}\n{02}{01}・・・ジュリオ、やさしいのね。{10}	
02418	MAP/MAP007.BIN:016C87	1	クリスがケガしたら{0F}ボクがオルドスまで、おぶって\n行かなきゃならないじゃないか。{10}	
02419	MAP/MAP007.BIN:016CE8	1	{09}{08}\n{02}{01}・・・そういうわけね。{10}	
02420	MAP/MAP007.BIN:016D11	1	おこった？{10}	
02421	MAP/MAP007.BIN:016D28	1	{09}{08}\n{02}{01}ちょっとね。{0E}{09}{09}\n{02}{01}じゃあ、お料理しにもどるけど\nさぼっちゃダメよ！{10}	
02422	MAP/MAP007.BIN:016DD1	1	・・・見張りにもどろっと。{10}	
02423	MAP/MAP007.BIN:016E9C	1	{02}{19}ちょっと、船長に\n話があるんだけど・・・。{0F}ジュリオ君に取り次いでほしいんだ。{10}	
02424	MAP/MAP007.BIN:016EF7	1	うん、いいよ。{0F}さっそく行ってみようよ。{10}	
02425	MAP/MAP007.BIN:016FA9	1	あれ？{0F}クリスとコック長は\nどこ行ったんだろ？{10}	
02426	MAP/MAP007.BIN:016FE6	1	{02}{16}ちょいと通してくれんかの。{10}	
02427	MAP/MAP007.BIN:01703F	1	どこ行ってたの？{10}	
02428	MAP/MAP007.BIN:017076	1	\n{02}{01}ちょっと船倉にね。{10}	
02429	MAP/MAP007.BIN:017090	1	{09}{09}\n{02}{01}あーっ！！{10}	
02430	MAP/MAP007.BIN:0170A9	1	な、なに？{10}	
02431	MAP/MAP007.BIN:0170BE	1	{09}{09}\n{02}{01}ここにあったお魚が\nなくなってる！{0F}{09}{08}\n{02}{01}・・・・・・。{10}	
02432	MAP/MAP007.BIN:017105	1	その目はまさか。{10}	
02433	MAP/MAP007.BIN:017122	1	{09}{09}\n{02}{01}正直に白状しなさい！{10}	
02434	MAP/MAP007.BIN:017149	1	ボ、ボクが来たときには\n魚なんてなかったよ！{0F}ほんとだってば！{10}	
02435	MAP/MAP007.BIN:017192	1	{09}{08}\n{02}{01}ふむ！{0F}いくらお腹がへってても\n生のままじゃ食べられないわね。{0F}{09}	
02436	MAP/MAP007.BIN:0171D6	1	\nよろしい、信じてあげる。{10}	
02437	MAP/MAP007.BIN:0171FD	1	信じるもなにも・・・。{0F}{09}	
02438	MAP/MAP007.BIN:017216	1	\nそれよりさ、クリス。\nちょっと来て。{10}	
02439	MAP/MAP007.BIN:017268	1	{09}{08}\n{02}{01}なによ、ジュリオったら\nこそこそしちゃって。{10}	
02440	MAP/MAP007.BIN:0172A2	1	なくなったのは\n魚だけじゃないんだよ。{0F}テスさんのコートと{0F}ロジャーさんの時計も\nなくなったんだ。{10}	
02441	MAP/MAP007.BIN:01730C	1	{09}{08}\n{02}{01}えっ！？\nそれって泥棒が出たわけ？{10}	
02442	MAP/MAP007.BIN:01733F	1	そう決まったわけじゃないよ。\nこの船に泥棒がいるなんて・・・。{10}	
02443	MAP/MAP007.BIN:017396	1	{09}{08}\n{02}{01}それで、ジュリオは\n黙って見てるのね？{10}	
02444	MAP/MAP007.BIN:0173CD	1	だって、ボクには何もできないよ。{10}	
02445	MAP/MAP007.BIN:0173FA	1	{09}{08}\n{02}{01}ふ～ん。\nならジュリオはこのままでいいんだ。{0F}私だったら、自分で真犯人を見つけてイヤな気分を追い払うけどな。{0F}私、お料理にもどるわ。{10}	
02446	MAP/MAP007.BIN:0174B7	4	クリス・・・。{10}	
02447	MAP/MAP007.BIN:0174DE	1	\n{02}{01}そうよね。\nみんないい人だもん。{10}	
02448	MAP/MAP007.BIN:01750D	1	だから、ボクが見つけ出すって\n船長と約束したんだ。{10}	
02449	MAP/MAP007.BIN:01754A	1	{09}{10}\n{02}{01}そうこなくっちゃ！\nちょっと待ってて。{10}	
02450	MAP/MAP007.BIN:01757C	1	{09}{10}\n{02}{01}コック長！{10}	
02451	MAP/MAP007.BIN:0175AE	1	{02}{16}どうした？\nクリス嬢ちゃん。{10}	
02452	MAP/MAP007.BIN:0175D4	1	{09}{10}\n{02}{01}なくなったお魚を見つけてくるわ。{10}	
02453	MAP/MAP007.BIN:017606	1	{02}{16}きっとネズミのしわざじゃろうて。\n気にすることはないぞ。{10}	
02454	MAP/MAP007.BIN:017648	1	{09}{10}\n{02}{01}私はチャッペルの娘だもん。\nこういうことは、きちんとしなきゃ。{10}	
02455	MAP/MAP007.BIN:01769C	1	{09}{10}\n{02}{01}ね、ジュリオ。\n部屋に戻って着替えましょ。{10}	
02456	MAP/MAP007.BIN:0176E7	1	どうして？\nこのままでいいじゃない。{10}	
02457	MAP/MAP007.BIN:017716	1	{09}{10}\n{02}{01}巡礼の旅人として\nなくなった物を探すのよ。{10}	
02458	MAP/MAP007.BIN:017751	1	ちぇ。\n変なところで、こだわるんだから。{10}	
02459	MAP/MAP007.BIN:0177CE	1	手配書が２通あります。\nどちらを見ますか？{0E}	
02460	MAP/MAP007.BIN:017844	1	{02}{1C}続けてネルバからの手配書も\n読んでくれ。{0E}	
02461	MAP/MAP007.BIN:01787C	1	{02}{1C}ルードからの手配書も\n読んでくれないか？{0E}	
02462	MAP/MAP007.BIN:0178DC	1	{02}{1C}う～ん・・・。\nルードからの手配書にある{0F}男女２人組ってのが、ひっかかるな。{0E}	
02463	MAP/MAP007.BIN:017930	1	{09}{10}\n{02}{01}ねっ、やっぱりそう思うでしょ。{10}	
02464	MAP/MAP007.BIN:017960	1	{02}{1C}実は、前からあの２人組が\n気になってはいたんだ。{0F}なんと言っても\n船が出てから{0F}１度も姿をあらわさないのは\n合点がいかない。{10}	
02465	MAP/MAP007.BIN:0179E2	1	{09}{10}\n{02}{01}そうよね。\n絶対あやしいわ。{0E}	
02466	MAP/MAP007.BIN:017A1B	1	でも、あんまり人を疑っちゃ\nいけないと思うけど・・・。{10}	
02467	MAP/MAP007.BIN:017A78	1	{09}{09}\n{02}{01}そんなこと言ってられないでしょ！{0F}もう、盗まれちゃった人が\nいるんだから。{0E}{09}{10}\n{02}{01}ニーリに着いたら\n逃げられちゃうのよ。{0F}それまでに、何とかしなくちゃ！{10}	
02468	MAP/MAP007.BIN:017B38	1	{02}{1C}よし、とにかく顔だけでも\n見せてもらうことにしよう。{0F}私には乗客の財産を守る義務がある。しかたないだろう。{0F}ジュリオ君、クリス君。\n一緒に来てくれ。{0F}いざという時のために\nブルトも連れて行こう。{10}	
02469	MAP/MAP007.BIN:017C10	1	《男女２人組の窃盗犯》\n窃盗犯８６号（男）８７号（女）{0F}姓名はともに不明だが、\n常に２人で行動をとる。{0F}美男美女のコンビ。{0F}女は変装、\n男は空き巣を得意とする。{0F}口が災いし、未遂事件が多い。{0E}	
02470	MAP/MAP007.BIN:017CE0	1	《窃盗犯Ａ－14号（男）》\n中年の紳士に扮装し\n窃盗を重ねている。{0F}行動は基本的に\n１人で行っているが{0F}背後には\n組織が関係しているらしい。{0F}計画的犯罪を得意とし、用心深い。\n睡眠薬を使った犯行が\n報告されている。{0E}	
02471	MAP/MAP007.BIN:017E12	1	\n{02}{01}ここね。{10}	
02472	MAP/MAP007.BIN:017E2B	1	あれ、酔い止めの薬は空だよ。{10}	
02473	MAP/MAP007.BIN:017E78	1	{09}\n\n{02}{01}ほんと。\nもう、ないじゃない。{0F}ジルバ船長も、\n気づかなかったのね。{0F}きっと船酔いする\nお客さんが多いんだわ。{10}	
02474	MAP/MAP007.BIN:017F03	1	１度、船長のところに戻ろう。{10}	
02475	MAP/MAP007.BIN:017F5C	1	{02}{1C}まだ話の途中だよ。{10}	
02476	MAP/MAP007.BIN:018007	1	うわ・・・。\nなんか怖いよ、ここ。{10}	
02477	MAP/MAP007.BIN:018040	1	{09}{0A}\n{02}{01}ジュリオは小さい頃から\n暗いところが苦手だものね。{10}	
02478	MAP/MAP007.BIN:018087	1	早く薬を見つけて戻ろうよ。{10}	
02479	MAP/MAP007.BIN:0180EE	1	\n{02}{01}この倉庫が怖かったのは\nきっと、さっきの\nネズミたちのせいね。{10}	
02480	MAP/MAP007.BIN:01814F	1	そうだよね。{0F}あんなネズミさえ、いなきゃ\n暗いところもへっちゃらだもの。{10}	
02481	MAP/MAP007.BIN:01819E	1	{09}{0A}\n{02}{01}強がり言っちゃって。{10}	
02482	MAP/MAP007.BIN:0181FB	1	クリス。\nこの木箱に干し肉って書いてあるよ。{0E}{02}{01}お腹がすいたのね？{0E}{02}	
02483	MAP/MAP007.BIN:01823E	2	だって、お昼ごはん抜きじゃない。{0F}ラグピック村の\nくるみパイが食べたいよ。{10}	
02484	MAP/MAP007.BIN:0182C6	1	\n{02}{01}ジュリオ、見て！{0E}{02}	
02485	MAP/MAP007.BIN:0182DC	2	うわぁ。\nふっくらネズミの親子だね。{0E}{02}{01}こら、くすぐったいわ。{0E}{02}	
02486	MAP/MAP007.BIN:01831B	2	お腹がすいてるんだよ。{0E}{02}{01}ほらほら、ビスケットよ。{0E}{02}	
02487	MAP/MAP007.BIN:01834F	2	クリス！\nビスケット持ってるの？{0E}{02}{01}うん。\n今のでおしまい。{0E}{09}\n\n{02}	
02488	MAP/MAP007.BIN:01838E	2	がっかり。{10}	
02489	MAP/MAP007.BIN:0183C1	1	これかな？{0E}{02}{01}そうみたいね。{0F}早く船長のところに\n持っていきましょ。{0E}	
02490	MAP/MAP007.BIN:018412	1	{01}{1E}を見つけました。{10}	
02491	MAP/MAP007.BIN:0184AB	1	なにか聞こえない？{10}	
02492	MAP/MAP007.BIN:018500	1	{09}\n\n{02}{01}え？なにかってなによ。{10}	
02493	MAP/MAP007.BIN:018525	1	気のせいかなぁ。{10}	
02494	MAP/MAP007.BIN:01853A	1	{09}{0A}\n{02}{01}ジュリオ、やっぱり怖いんでしょ。{10}	
02495	MAP/MAP007.BIN:018569	1	怖くなんかないやい！{10}	
02496	MAP/MAP007.BIN:018584	1	\n{02}{01}もう、行くわよ。{10}	
02497	MAP/MAP007.BIN:0185BB	1	待ってよ、クリス。{10}	
02498	MAP/MAP007.BIN:0185E6	1	チュー、チュー{10}	
02499	MAP/MAP007.BIN:018600	1	{02}{1D}え？{10}	
02500	MAP/MAP007.BIN:018666	1	{02}{1D}わあ！！{10}	
02501	MAP/MAP007.BIN:0186A6	1	{02}{1D}ふぅー！びっくりした！{10}	
02502	MAP/MAP007.BIN:0186DE	1	{02}{01}はやく、薬を探しましょ。{10}	
02503	MAP/MAP007.BIN:01874A	1	\n{02}{01}ジュリオ。\nはやく薬を見つけなきゃ。{10}	
02504	MAP/MAP007.BIN:01877C	1	{09}{08}\n{02}{01}ジュリオ。{0F}イヤなのは分かるけど\nちょっとくらいガマンしなきゃ。{10}	
02505	MAP/MAP007.BIN:0187CC	1	{09}{09}\n{02}{01}ジュリオ！\n男の子でしょ。{10}	
02506	MAP/MAP007.BIN:01887A	1	\n{02}{01}ハックおじさ～ん！{10}	
02507	MAP/MAP007.BIN:0188B8	1	\n{02}\nおお、会いに来てくれたんだね。{10}	
02508	MAP/MAP007.BIN:0188F6	1	\n{02}{01}退屈してない？{10}	
02509	MAP/MAP007.BIN:018920	1	\n{02}\n退屈なんかするもんか。{0F}絶えず動き続けるこの頭脳が\n私を休ませてはくれない。{0F}ぐ～ぐ～眠れる人が\nうらやましいくらいだよ。{0F}	
02510	MAP/MAP007.BIN:0189A4	1	ああ、このハックに\n休息はないのか・・・。{10}	
02511	MAP/MAP007.BIN:0189FD	1	さっきまで樽の裏で\n寝てたくせに・・・。{10}	
02512	MAP/MAP007.BIN:018A34	1	\n{02}{01}ねぇ。\nでも、これだけ元気なら大丈夫ね。{10}	
02513	MAP/MAP007.BIN:018AAA	1	\n{02}{01}ハックおじさん！！{0E}{02}{01}おじさん！\nハックおじさん、だいじょうぶ？{10}	
02514	MAP/MAP007.BIN:018B14	1	\n{02}\nやあ、クリス。\nどうかしたかい？{10}	
02515	MAP/MAP007.BIN:018B52	2	\n{02}{01}おじさんは無事みたいだわ。{10}	
02516	MAP/MAP007.BIN:018B8F	2	ねぇ、おじさん。\n物音か何か聞かなかった？{10}	
02517	MAP/MAP007.BIN:018BD0	1	\n{02}\nえっ・・・？\n何かあったのかい。{10}	
02518	MAP/MAP007.BIN:018C0E	1	\n{02}{01}船乗りさんが寝ちゃってるの！{10}	
02519	MAP/MAP007.BIN:018C4A	1	{02}\nう～む。{0F}そういえば誰か男の声が聞こえたような聞こえなかったような・・・。{10}	
02520	MAP/MAP007.BIN:018CA4	2	男の声？{10}	
02521	MAP/MAP007.BIN:018CC8	2	{02}\n考えごとをしていたんで\n確かとは言えないけどね。{10}	
02522	MAP/MAP007.BIN:018E33	1	ふぅー！{0F}ドキドキした。{10}	
02523	MAP/MAP007.BIN:018E56	1	{09}{08}\n{02}{01}ジュリオ、なに読んでるの？{0E}{09}{04}\n{02}	
02524	MAP/MAP007.BIN:018E7B	1	な、なんでもないよ。{10}{09}{09}\n{02}{01}あやしい・・・。{10}	
02525	MAP/MAP007.BIN:018EBA	1	本棚にｍｏｎａと\n書いてある本がある。\n読みますか？{0F}	
02526	MAP/MAP007.BIN:018F05	1	今はやめとこう。{10}	
02527	MAP/MAP007.BIN:018F1C	1	ジュリオはドキドキしながら\nｍｏｎａを手に取った。{10}	
02528	MAP/MAP007.BIN:018FE7	1	（こっ、こわい顔・・・。）{0E}	
02529	MAP/MAP007.BIN:019010	1	\n{02}{01}はじめましてジルバ船長。\nラグピック村のクリスです。{0E}	
02530	MAP/MAP007.BIN:019053	1	こんにちは。\nジュリオです。{0E}	
02531	MAP/MAP007.BIN:01907A	1	{02}{1C}ようこそ、鷹の爪号へ。\n私が船長のジルバだ。{0F}巡礼の旅の手助けができて\n私もうれしい。{0E}	
02532	MAP/MAP007.BIN:0190D8	1	{02}{17}ほら、\n船長に銀の短剣を見せてやれよ。{0E}	
02533	MAP/MAP007.BIN:01910D	1	あ、うん。{10}	
02534	MAP/MAP007.BIN:019120	4	ジュリオは銀の短剣を見せた。{0E}	
02535	MAP/MAP007.BIN:019148	1	{02}{1C}おおっ、まさしく銀の短剣だ。{0F}巡礼の旅人を運ぶなんて\n何年ぶりのことだろう。\n今回の航海は、さい先いいぞ。{0F}ところで、鷹の爪号のモットーを\n知っているかね？{0E}	
02536	MAP/MAP007.BIN:0191EA	1	{02}{1D}・・・？{0E}	
02537	MAP/MAP007.BIN:019200	1	{02}{1C}働かざる者食うべからず。{0F}残念ながら、君たち２人は\n本船の客人ではない。{0F}巡礼の旅人だ。{0F}ジュリオ君は掃除\nクリス君には料理と洗濯を\n担当してもらう。{0E}	
02538	MAP/MAP007.BIN:01929A	1	{02}{1D}え～っ！？\n冗談じゃなかったの？{0E}	
02539	MAP/MAP007.BIN:0192D8	1	{02}{17}はっはっはっ・・・。\nサメのエサになるってのは冗談さ。{0F}とにかく船室に案内するよ。\nさあ、ついてこいよ。{0E}	
02540	MAP/MAP007.BIN:01937C	1	{02}{1C}ああ、ジュリオ君、クリス君。{0E}	
02541	MAP/MAP007.BIN:0193BE	1	君たちはニーリに着くまでは\n船員扱いだから\nどこにでも入って構わない。{0F}船乗りの気分を満喫してくれ。{10}	
02542	MAP/MAP007.BIN:0194D2	1	{02}{17}ここが１等船室と厨房がある\n地下１階だ。{0F}他のお客さん達が\n泊まってるからな。{10}	
02543	MAP/MAP007.BIN:019596	1	{02}{17}ここは２等船室がある地下２階だ。{0F}船室の向かいは\n倉庫になっているんだ。{10}	
02544	MAP/MAP007.BIN:01970D	1	うっわ～！\nすっごくキレイな部屋だね。{0E}	
02545	MAP/MAP007.BIN:01978A	1	{09}{0A}\n{02}{01}ほんと！\nステキな部屋ね。{0F}ため息がでちゃうわ。{0E}	
02546	MAP/MAP007.BIN:0197CC	1	{02}{17}気に入ってくれたかい？{0F}２等船室にしちゃ、\nけっこういい部屋だろ。{10}	
02547	MAP/MAP007.BIN:01981C	1	\n{02}{01}ねぇ、ジュリオ。{0F}	
02548	MAP/MAP007.BIN:01983A	1	ベッドもテーブルもあって\n新婚旅行みたいね。{0E}	
02549	MAP/MAP007.BIN:019879	3	・・・・・・。{0E}	
02550	MAP/MAP007.BIN:0198A4	1	{09}{0A}\n{02}{01}ねぇ、ジュリオ。\n新婚旅行みたいだね。{0F}ね、ね、ねぇってば！{0E}	
02551	MAP/MAP007.BIN:019936	1	{09}{09}\n{02}{01}返事しなさいよ。{0E}	
02552	MAP/MAP007.BIN:01995F	1	・・・（ポッ！）{0E}	
02553	MAP/MAP007.BIN:019988	1	{02}{17}おい、クリスちゃん。{0F}ジュリオの奴\n耳のウラまで赤くなってるぜ。{0F}あんまりいじめてやるなよ。{0E}	
02554	MAP/MAP007.BIN:019A0C	1	{02}{17}じゃあ、また後で呼びにくるからな。しばらく休んでてくれ。{0E}	
02555	MAP/MAP007.BIN:019A7C	1	\n{02}{01}ねえ。{0F}ジルバ船長って、\nずいぶん恐い顔してるけど\n怒るとやっぱり恐いの？{0E}	
02556	MAP/MAP007.BIN:019ADA	1	{02}{17}船長はいかつい顔だけど\n不思議と子供には優しいんだ。{0F}恐がることはないさ。{0F}じゃあ、着替えて働く準備を\nしといてくれよ。{10}	
02557	MAP/MAP007.BIN:019B72	1	{02}{17}ああ、\nそれと船室はいつもキレイにな。{0F}ジルバ船長の方針なんだ。{10}	
02558	MAP/MAP007.BIN:019C1A	1	\n{02}{02}まあまあの部屋ね。{0E}	
02559	MAP/MAP007.BIN:019C60	1	{09}\n\n{02}{03}なんだ、あのおっかねぇ船長はよ。{0F}港を離れたら海賊に\n早がわりするんじゃないだろうな？{0E}	
02560	MAP/MAP007.BIN:019CC6	1	\n{02}{03}案内ごくろうさん。\n悪いけど、チップはねぇぜ。{0E}	
02561	MAP/MAP007.BIN:019D12	1	{02}{03}ん？{0E}	
02562	MAP/MAP007.BIN:019D60	1	\n{02}{01}よかったね、ジュリオ。\n船の人、みんないい人ばかりみたい。{0F}楽しい船旅になりそうね。{0E}	
02563	MAP/MAP007.BIN:019DC4	1	メナート国のニーリには、\n何日くらいで着くのかなぁ。{0E}	
02564	MAP/MAP007.BIN:019E00	1	{02}{01}順調に進めば３日か４日だと思うけど。{10}	
02565	MAP/MAP007.BIN:019E3A	1	{09}{10}\n{02}{01}あれ・・・？{0F}ジュリオ、もしかして船が恐いの？{0E}	
02566	MAP/MAP007.BIN:019E7D	1	そっ、そんなことないさ。\nボク・・・泳げるから大丈夫だよ。{0E}	
02567	MAP/MAP007.BIN:019EBE	1	{09}{10}\n{02}{01}ふ～ん。\nムリしちゃって。{0E}	
02568	MAP/MAP007.BIN:019F0D	1	そっ、そんなことないよ。{0F}これから長い巡礼の旅を\nしなきゃいけないんだ。{0F}船くらい、へっちゃらだよ。{0E}	
02569	MAP/MAP007.BIN:019F76	1	{09}{0A}\n{02}{01}うん、そうこなくっちゃ。{0F}私たちはティラスイール中を旅する\n巡礼の旅人なんだから。{0E}	
02570	MAP/MAP007.BIN:019FFE	1	\n{02}{03}聞いたか？{0E}	
02571	MAP/MAP007.BIN:01A02A	1	\n{02}{02}もちろん。{0E}	
02572	MAP/MAP007.BIN:01A042	1	\n{02}{03}巡礼の旅人だとよ。\nあのガキどもだ。{0F}同じ船に乗り合わせるとはな。{0F}今度こそ、銀の短剣を\n盗み出してやるぜ。{0E}	
02573	MAP/MAP007.BIN:01A0BA	1	{02}{02}でも、あの子たち、あたしたちの顔を知ってるんじゃなかった？{0E}	
02574	MAP/MAP007.BIN:01A0FE	1	{02}{03}見つかったらマズイな。{0E}	
02575	MAP/MAP007.BIN:01A122	1	{02}{02}隠れるのか盗むのか、どっちなのさ？{0E}	
02576	MAP/MAP007.BIN:01A14E	1	{02}{03}ちょっと待て！{0F}向こうの声が\n聞こえるってことは・・・。{0E}	
02577	MAP/MAP007.BIN:01A1E8	1	{02}{01}お隣さんは、ずいぶんにぎやかね。{0E}	
02578	MAP/MAP007.BIN:01A217	1	後で遊びに行ってみようよ。{0E}	
02579	MAP/MAP007.BIN:01A23A	1	{02}{17}おーい、ジュリオにクリス。{0E}	
02580	MAP/MAP007.BIN:01A290	1	{02}{17}そろそろ仕事にかかってくれるか？\nジュリオは船内掃除。{0F}クリスちゃんは厨房の手伝いだ。{0E}	
02581	MAP/MAP007.BIN:01A2F7	36	うん。{0E}	
02582	MAP/MAP007.BIN:01A302	1	{09}{10}\n{02}{01}まかしといて！\n腕がなるわ。{10}	
02583	MAP/MAP007.BIN:01A38C	1	\n{02}{03}チャーンス！\nあいつら部屋を出ていったぜ。{0E}	
02584	MAP/MAP007.BIN:01A3D4	1	\n{02}{02}さあ、今のうちに忍び込んで\n銀の短剣をいただくんだよ。{0E}	
02585	MAP/MAP007.BIN:01A502	1	{09}\n\n{02}{03}んーと、銀の短剣・・・。\n銀の短剣・・・と。{0E}	
02586	MAP/MAP007.BIN:01A56C	1	{09}\n\n{02}{02}まったく、どこに置いたんだろうね。{0E}	
02587	MAP/MAP007.BIN:01A5A6	1	{09}\n\n{02}{03}俺に見つからないように隠すとは\nあなどれないガキだな。{0E}	
02588	MAP/MAP007.BIN:01A5EE	1	{09}{08}\n{02}{02}ジュリオとかいう坊やが\n肌身離さず持ってるんじゃないの？{0E}	
02589	MAP/MAP007.BIN:01A636	1	{09}{08}\n{02}{03}やっぱ、そうかなぁ。\nとにかく、ここにいちゃヤバそうだ。{0F}部屋に戻った方がいいぜ。{0E}	
02590	MAP/MAP007.BIN:01A694	1	{09}{09}\n{02}{02}何だ、けっきょく隠れるんじゃない。{0E}	
02591	MAP/MAP007.BIN:01A6CA	1	\n{02}{03}ふん。\nプロはあせらないもんさ。{10}	
02592	MAP/MAP007.BIN:01A75A	1	{09}\n\n{02}{02}ここから出られないじゃない。{0E}	
02593	MAP/MAP007.BIN:01A78A	1	{09}\n\n{02}{03}ふーっ・・・。\n溜め息しかでねーな。{0E}	
02594	MAP/MAP007.BIN:01A880	1	{02}{17}それじゃあ、ジュリオ。\n船室の掃除からやってもらおうか。{0F}全部で７つの部屋があるからな。{0E}	
02595	MAP/MAP007.BIN:01A8DC	1	ほとんどのお客さんが\n部屋でくつろいでるだろうから{0F}そそうのないように頼むぞ。{0E}	
02596	MAP/MAP007.BIN:01A92C	1	ああ、それと船倉は\n掃除しなくていいぜ。{10}	
02597	MAP/MAP007.BIN:01AA06	1	{02}{17}それじゃあ、\n今日は甲板掃除をたのむぜ。{10}	
02598	MAP/MAP007.BIN:01AA50	1	{02}{17}ジュリオのおかげで、大助かりだよ。客船でも仕事が多くってな。{0F}俺は船倉のチェックがあるから\n悪いけど、戻ってくるまでに\n甲板の掃除を終わらせといてくれ。{0F}よろしく！{0E}	
02599	MAP/MAP007.BIN:01AB39	1	けっこう楽しいよ、これ。{10}	
02600	MAP/MAP007.BIN:01AB78	1	{02}{18}おう、ジュリオ。{0F}	
02601	MAP/MAP007.BIN:01AB94	1	甲板掃除ご苦労さん。{0F}どうだい。\n青く広大な海原を旅する\n船乗りの生活も悪くないだろう？{10}	
02602	MAP/MAP007.BIN:01ABF7	1	うん。\nさいこーだよ。{10}	
02603	MAP/MAP007.BIN:01AC18	1	{02}{18}でもな、\nこんなに穏やかな日ばかりじゃ{0F}ないんだぜ。{0F}	
02604	MAP/MAP007.BIN:01AC50	1	嵐の日もあれば、{0F}海の怪物に\n出食わすときだってあるんだ。{0F}海獣ガルガって知ってるか？\nクジラよりでっかい海の怪物だよ。{0F}ガルガに襲われたら、\nひとたまりもないぜ。{10}	
02605	MAP/MAP007.BIN:01ACFB	1	クジラより大きいの！？{10}	
02606	MAP/MAP007.BIN:01AD1E	1	{02}{18}ああ、バカでかいぞ。{0F}海には人間の想像を\nはるかに越えた生物が\nいっぱい住んでいるんだ。{10}	
02607	MAP/MAP007.BIN:01AD83	1	そんな～。{0F}そんなに大きい怪物に襲われたら\nどうするの？{10}	
02608	MAP/MAP007.BIN:01ADC6	1	{02}{18}はっはっはっ、大丈夫だよ。{0F}ガルガはでかいけど\n普段はおとなしい動物なんだ。{0F}こちらがヤツの住みかに\n近寄らなければ襲ってはこないさ。{0F}もっとも、船が航路をはずれて\nガルガの巣にでも入っちまったら\nお陀仏だけどな。{0F}船乗りの仕事ってのは\n常に危険と\n隣り合わせっていうことよ。{0F}まぁ、そこらへんは俺たちに任せて\nジュリオは甲板掃除をがんばんな。{10}	
02609	MAP/MAP007.BIN:01AF74	1	あれ？\nクリス。{10}	
02610	MAP/MAP007.BIN:01AFA0	1	{09}{10}\n{02}{01}ジュリオもがんばってるのね。\nさてと、次はこれを干さなきゃ。{10}	
02611	MAP/MAP007.BIN:01B075	1	こんなに？\nクリスもたいへんだね。{0F}でも、どうやって干すの？{10}	
02612	MAP/MAP007.BIN:01B0B8	1	{09}\n\n{02}{01}それが問題なのよ。{10}	
02613	MAP/MAP007.BIN:01B0F0	1	{02}{17}やれやれ、荷物の整理は疲れるぜ。{10}	
02614	MAP/MAP007.BIN:01B11C	1	おっ、クリスちゃん。{0F}それ乾かすのかい？\nよし、俺が干してやるよ。{10}	
02615	MAP/MAP007.BIN:01B21E	1	{02}{17}ほらよ。\nざっとこんなもんかな！{10}	
02616	MAP/MAP007.BIN:01B248	1	{09}{0A}\n{02}{01}ボスレイさん、ありがとう。{10}	
02617	MAP/MAP007.BIN:01B271	1	すごいや！{10}	
02618	MAP/MAP007.BIN:01B288	1	{02}{17}そんなことよりも\nジュリオは甲板掃除おわったのか？{10}	
02619	MAP/MAP007.BIN:01B2C9	1	うん、おわったよ。{10}	
02620	MAP/MAP007.BIN:01B2E8	1	{02}{17}ご苦労さん。\nあとはのんびりしろよ。{10}	
02621	MAP/MAP007.BIN:01B32B	1	もっと仕事がしたいなー。\nつぎは何をすればいいの？{10}	
02622	MAP/MAP007.BIN:01B368	1	{02}{17}えっ？{0F}本当かよ。近頃の子供にしては\n珍しい奴だな。{0F}じゃあ、ジュリオはジルバ船長に\n手頃な仕事がないか聞いてみてくれ。{0F}クリスちゃんは厨房の手伝いだ。{0F}今日もうまい料理をたのむぞ。{10}	
02623	MAP/MAP007.BIN:01B422	1	{02}{1D}は～い！{0E}	
02624	MAP/MAP007.BIN:01B448	1	\n{02}{01}さっそく私は厨房に行くね。{10}	
02625	MAP/MAP007.BIN:01B46F	1	ボクはジルバ船長のところに\n行こっと。{10}	
02626	MAP/MAP007.BIN:01B4B6	1	{02}{17}俺は積荷のチェックのつづきだ。\nそれじゃあ、ガッチリいこうぜ！{10}	
02627	MAP/MAP007.BIN:01B4FE	1	{02}{1D}おー！{10}	
02628	MAP/MAP007.BIN:01B606	1	{02}{1C}・・・すると、{0F}ロビーでくつろいでいるうちに\nテスさんのコートが、消失した・・・ということですね？{10}	
02629	MAP/MAP007.BIN:01B670	1	{02}{1A}新婚旅行の記念に\nロジャーが買ってくれた{0F}大切なものなんです。{10}	
02630	MAP/MAP007.BIN:01B6BA	1	{02}{1C}なくなったのはコートだけですか？{10}	
02631	MAP/MAP007.BIN:01B700	1	{02}{19}いえ・・・。{0F}他に船室に置いてあった懐中時計も\n見当らないんです。{0F}どちらか１つなら{0F}置き忘れということもあるかも\n知れませんが・・・。{10}	
02632	MAP/MAP007.BIN:01B7A3	1	まさか、そんな～。{0F}この船の中に\n泥棒がいるなんて・・・。{0F}ボク、そんなの信じたくないよ。{10}{02}	
02633	MAP/MAP007.BIN:01B7FD	1	だって、この船の人たちは\nみんないい人ばかりだよ。{10}	
02634	MAP/MAP007.BIN:01B842	1	{02}{19}そうだよね。{0F}もちろん僕もそう思っているけど\n船長に話しといた方がいいと思って。{10}	
02635	MAP/MAP007.BIN:01B8B4	1	{02}{1C}話してくれたことに感謝します。{0F}しかし、この船内に泥棒がいるとは\n考えたくありませんね・・・。{10}	
02636	MAP/MAP007.BIN:01B920	1	{02}{19}僕も見落としがないか\nもう１度調べてみます。{10}	
02637	MAP/MAP007.BIN:01B958	1	{02}{1A}失礼しました。{10}	
02638	MAP/MAP007.BIN:01B974	1	{02}{1C}こちらも最善をつくして\n調査しましょう。{10}	
02639	MAP/MAP007.BIN:01BA2B	1	ジルバ船長！{10}	
02640	MAP/MAP007.BIN:01BA44	1	{02}{1C}困ったことになった・・・。{0F}	
02641	MAP/MAP007.BIN:01BA74	1	ジュリオ君、ごくろうだった。\nしばらく休んでいてくれ。{0F}ガートンに船首の見張りにつくよう\n伝えてくれないか。{10}	
02642	MAP/MAP007.BIN:01BB33	1	クリスー。\nまだ～？{0E}	
02643	MAP/MAP007.BIN:01BB71	1	のぞくわけないよ、\nクリスの着替えなんか。{0E}	
02644	MAP/MAP007.BIN:01BBDC	1	{09}{09}\n{02}{01}なんかで悪かったわね！{0E}	
02645	MAP/MAP007.BIN:01BC02	1	ジュリオとクリスは\nロジャー夫婦とお魚のために\n団結しました。{10}	
02646	MAP/MAP007.BIN:01BC6E	2	{02}{1B}で、一体どうしたんだい？{0E}	
02647	MAP/MAP007.BIN:01BC92	1	\n{02}{01}ヘストンさんの身の回りで\n何か、なくなった物はありませんか？{0E}	
02648	MAP/MAP007.BIN:01BCDC	2	{02}{1B}なくなったもの・・・。{0F}ああ！\nそれなら１つなくなった物がある。\n金のブローチが見当らないんだ。{0F}どこかに置き忘れたのだと思うが。\nまあ、気にしてないけど。{0E}	
02649	MAP/MAP007.BIN:01BD80	1	\n{02}{01}えっ！？\n金のブローチがなくなったの！{0E}	
02650	MAP/MAP007.BIN:01BDAE	1	ヘストン氏にそう言われ襟首を見ると確かに金のブローチは\nついていなかった。{0E}	
02651	MAP/MAP007.BIN:01BE04	2	{02}{1B}はっはっはっ、お嬢さん。{0F}そんなにおおげさに\n驚くほどじゃないよ。{0F}あんな安物いくらもしないんだから。{10}	
02652	MAP/MAP007.BIN:01BE72	1	{09}\n\n{02}{01}で、でも・・・。{10}	
02653	MAP/MAP007.BIN:01BE94	1	{02}{1B}それより、例の銀の短剣だけど。{0F}いつも肌身離さず\n持ち歩いているのかい？{0F}そりゃ、あぶないな。\nそれこそ、落としたら大変だ。{0F}海に落としたらそれまでだし、\n船室に厳重に保管しておいた方が\n安全だと思うよ。{10}	
02654	MAP/MAP007.BIN:01BF74	1	{09}\n\n{02}{01}そう言われてみれば、\nたしかにそうよね。{10}	
02655	MAP/MAP007.BIN:01BFAA	2	じゃあ、金のブローチをみつけたら\nすぐに知らせるからね。{10}	
02656	MAP/MAP007.BIN:01BFEE	2	{02}{1B}すまないね。{0F}私はもうあきらめているから、\nあまり気にしないでくれたまえ。{10}	
02657	MAP/MAP007.BIN:01C0AA	2	{02}{1C}うむ、話はわかった。{0F}そうか。{0F}クリス君の叔父さんとはね。{10}	
02658	MAP/MAP007.BIN:01C0FC	1	{09}\n\n{02}{01}ごめんなさい、ジルバ船長。{10}	
02659	MAP/MAP007.BIN:01C126	1	\n{02}\nなにぶん、時間的余裕がなかった上に{0F}経済状況も\n差し迫っていたので・・・。{0F}しかし、これも白き魔女の・・・。{10}	
02660	MAP/MAP007.BIN:01C1AE	2	{09}{09}\n{02}{01}おじさん！{10}	
02661	MAP/MAP007.BIN:01C1C8	1	\n{02}\n・・・申し訳ない。{10}	
02662	MAP/MAP007.BIN:01C1EA	2	{02}{1C}まあ、罪は密航だけのようだから\n身元もわかっていることだし{0F}大騒ぎすることもないだろう。{10}	
02663	MAP/MAP007.BIN:01C25A	1	{09}\n\n{02}{01}でも、罪になるんでしょ？{10}	
02664	MAP/MAP007.BIN:01C284	2	{02}{1C}そうだな。\n密航者の処分は船長に任されている。{0F}よって、目的地のニーリ港に着くまで部屋からの外出は\n禁止させてもらうよ。{0F}ニーリに到着するまで問題がなければ罪は問わなくてもいいだろう。{10}	
02665	MAP/MAP007.BIN:01C342	1	{09}{0A}\n{02}{01}ありがとう、ジルバ船長。{10}	
02666	MAP/MAP007.BIN:01C368	2	{02}{1C}よろしいですね？\nハックさん。{10}	
02667	MAP/MAP007.BIN:01C392	1	\n{02}\nしかたありませんな。{10}	
02668	MAP/MAP007.BIN:01C3D8	1	\n{02}\n・・・寛大なご処置、感謝します。{10}	
02669	MAP/MAP007.BIN:01C408	1	{02}{1C}ボスレイ。{0F}	
02670	MAP/MAP007.BIN:01C41E	2	ハックさんを\n２階の倉庫に案内してくれ。{0F}その後は船倉の作業に戻れ。\n鍵はお前が持っているように。{10}	
02671	MAP/MAP007.BIN:01C486	1	{02}{17}イエッサー！{10}	
02672	MAP/MAP007.BIN:01C4F5	2	ジルバ船長、本当にありがとう。{10}	
02673	MAP/MAP007.BIN:01C51E	1	{09}{07}\n{02}{01}ありがとうございました。{10}	
02674	MAP/MAP007.BIN:01C548	2	{02}{1C}いや、礼には及ばないよ。{0F}君たちの身内に\n悪い奴はいないに決まってる。{0F}２人を見ていればよくわかるさ。{0F}それよりジュリオ君。{0F}例のロジャーさんの件はどうだった？なにかわかったかね。{10}	
02675	MAP/MAP007.BIN:01C607	2	うん、それだけど。{0F}物がなくなったのは、ロジャーさん\nだけじゃなかったんだ。{0F}ヘストンさんも金のブローチを\nなくしたそうなんだよ。{10}	
02676	MAP/MAP007.BIN:01C692	2	{02}{1C}ヘストンさんまで？{0F}考えたくはないが・・・。{0F}航路荒らしのゴマの灰が\nこの船に忍び込んで\nいるのかもしれない。{10}	
02677	MAP/MAP007.BIN:01C70B	2	ゴマの灰って、なに？{10}	
02678	MAP/MAP007.BIN:01C72C	2	{02}{1C}ああ、旅人のふりをして\n金品を盗む泥棒のことだよ。{10}	
02679	MAP/MAP007.BIN:01C768	2	{02}{01}ふ～ん。{10}	
02680	MAP/MAP007.BIN:01C77E	2	{02}{1C}たしか、フォルティア国と\nメナート国の王都から{0F}送られた手配書があったな。{0E}ジュリオ君。{0F}そこの本棚にあるはずだ。\nちょっと読み上げてくれないか？{10}	
02681	MAP/MAP007.BIN:01C854	2	{02}{1C}失礼、船長のジルバだが。{0F}いらっしゃるかな。{10}	
02682	MAP/MAP007.BIN:01C89E	1	{09}\n\n{02}{03}今度は船長かよ？{10}	
02683	MAP/MAP007.BIN:01C8CA	2	{02}{1C}失礼、ジルバだが。{10}	
02684	MAP/MAP007.BIN:01C8F4	1	{09}\n\n{02}{02}は、は～い。{10}	
02685	MAP/MAP007.BIN:01C928	1	\n{02}{02}なにか・・・？{10}	
02686	MAP/MAP007.BIN:01C950	2	{02}{1C}あまり部屋から出ていないようだが。具合でも悪いのかね？{10}	
02687	MAP/MAP007.BIN:01C99E	1	{09}\n\n{02}{02}えっ、ええ。\n連れが船酔いで・・・。{10}	
02688	MAP/MAP007.BIN:01C9DC	2	{02}{1C}それはさぞお困りでしょう。{0F}酔い止めの薬があるから\n持って来させましょう。{0F}よく効く薬ですから、\nすぐによくなりますよ。{10}	
02689	MAP/MAP007.BIN:01CA74	1	{09}\n\n{02}{03}そっ、そりゃーどうも・・・。{0F}	
02690	MAP/MAP007.BIN:01CAA6	1	{02}{03}（冗談じゃねぇよ。）\n（まだ何も盗んでないのに）\n（捕まってたまるかよ。）{10}	
02691	MAP/MAP007.BIN:01CB1A	2	{02}{1C}じゃあ、君たち。{0F}悪いが船長室に行って酔い止めの薬を取ってきてくれないか。{0F}棚の左の方にあるはずだから。{10}	
02692	MAP/MAP007.BIN:01CB8A	2	{02}{1D}イエッサー！{10}	
02693	MAP/MAP008.BIN:0000A2	1	蟯ニーリ	
02694	MAP/MAP008.BIN:00E292	1	うわついた兵士	
02695	MAP/MAP008.BIN:00E2B2	1	マーシャ	
02696	MAP/MAP008.BIN:00E2D2	1	バルー	
02697	MAP/MAP008.BIN:00E2F2	1	ラーナ	
02698	MAP/MAP008.BIN:00E312	1	スレッド	
02699	MAP/MAP008.BIN:00E332	1	ラスパ町長	
02700	MAP/MAP008.BIN:00E352	1	ピニカ夫人	
02701	MAP/MAP008.BIN:00E372	1	酒場のネウロ	
02702	MAP/MAP008.BIN:00E392	1	ダンテル	
02703	MAP/MAP008.BIN:00E3B2	1	ボレ	
02704	MAP/MAP008.BIN:00E3D2	1	ジーン	
02705	MAP/MAP008.BIN:00E3F2	1	武器屋のカリス	
02706	MAP/MAP008.BIN:00E412	1	行商人トレダ	
02707	MAP/MAP008.BIN:00E432	1	ナデル	
02708	MAP/MAP008.BIN:00E452	1	ガンチョ	
02709	MAP/MAP008.BIN:00E472	1	ヘム	
02710	MAP/MAP008.BIN:00E492	1	スミラ	
02711	MAP/MAP008.BIN:00E4B2	1	キルマ	
02712	MAP/MAP008.BIN:00E4D2	1	イール	
02713	MAP/MAP008.BIN:00E4F2	1	ルーナ	
02714	MAP/MAP008.BIN:00E512	1	宿屋のカップ	
02715	MAP/MAP008.BIN:00E532	1	サジ	
02716	MAP/MAP008.BIN:00E552	1	ソナ	
02717	MAP/MAP008.BIN:00E572	1	カイ	
02718	MAP/MAP008.BIN:00EA28	1	{02}{14}おお、ジュリオ君とクリス君か。\nニーリはどうだい。{0F}なかなかいい町だろう。{0E}{09}	
02719	MAP/MAP008.BIN:00EA77	1	うん。\nちょっと寒いけどね。{0F}どうしたの？{0E}{02}{14}ああ。{0F}こうして船を停泊させて、\n水面を眺めてると安心するんだよ。{0F}こうして、ひと航海終えて\n何も考えずにいる時が最高の時間だ。{0F}今年もラグーナに折り返せば\n流氷がなくなるまで休業だ。{0F}少しさみしい気もするがね。{10}	
02720	MAP/MAP008.BIN:00EB7A	1	{02}{14}こうして船を停泊させて、\n水面を眺めてると安心するんだよ。{0F}こうして、ひと航海終えて\n何も考えずにいる時が最高の時間だ。{0F}今年もラグーナに折り返せば\n流氷がなくなるまで休業だ。{0F}少しさみしい気もするがね。{10}	
02721	MAP/MAP008.BIN:00EC52	1	{02}{15}船長と２人きりで語らうのも\nずいぶん久しぶりのことじゃて。{0E}そうじゃ、いいものをやろう。{0F}鷹の爪号の乗組員が持っている\n{01} をな。{0E}	
02722	MAP/MAP008.BIN:00ECD8	1	コック長から{01} を\nもらいました。{0E}{02}{15}だいじに使っておくれ。{10}	
02723	MAP/MAP008.BIN:00ED28	1	{02}{15}わしも長いこと船に乗っとったが{0F}あんなに予想外のことが起きたのは\nはじめてじゃったよ。{10}	
02724	MAP/MAP008.BIN:00ED84	1	{02}{15}ジュリオ君と\nクリス嬢ちゃんのおかげで{0F}本当に楽しい航海じゃったよ。{10}	
02725	MAP/MAP008.BIN:00EDD8	1	{02}{16}監理局のチェックが終わったら\n次の航海を待つばかり。{0F}今度はどんなお客が来るのか\n楽しみだな。{0F}また、ジュリクリみたいなお客が\n来るといいけどな。{0E}{09}\n{02}	
02726	MAP/MAP008.BIN:00EE6C	1	ジュリクリってなに？{0E}{02}{16}俺がつけたお前たち２人のあだ名さ。なかなかセンスあるだろ？{0E}{09}\n{02}	
02727	MAP/MAP008.BIN:00EEC2	1	そうかなぁ？{10}	
02728	MAP/MAP008.BIN:00EED8	1	{02}{16}まだまだ旅は長いな。{0F}さみしくなったら\nこのボスレイを思い出してくれよ。{10}	
02729	MAP/MAP008.BIN:00EF3A	1	{02}{17}国と国を結ぶ船には\n船長の意志とは無関係に{0F}密航者や密輸品が\n紛れている危険がある。{0F}そのために、鷹の爪号は\nチェックが必要なんだ。{0F}分かるだろ？{0E}{09}\n{02}	
02730	MAP/MAP008.BIN:00EFCD	1	すっごく分かる気がするよ。{10}	
02731	MAP/MAP008.BIN:00EFEE	1	{02}{17}まったく、いつも俺ばかり\n真面目に働いて、{0F}相棒はぶらぶらしてばかり。\n根はいいヤツなんだけどな。{10}	
02732	MAP/MAP008.BIN:00F056	1	{02}{17}今、鷹の爪号は本監理局が\nチェックしている。{0F}密航者、密輸品がないかどうかのな。だからこの先には通せないんだ。{0F}まぁ、鷹の爪号の船長は\n信用できるから\nそんな心配はないと思うけどね。{10}	
02733	MAP/MAP008.BIN:00F12E	1	{02}{18}いい天気だなぁ。{0F}こんな日は潮さいの道で\nハイキングでもしたいよな。{10}	
02734	MAP/MAP008.BIN:00F186	1	{02}{18}たまには船で旅するのもいいなぁ\n船に揺られて気ままな旅．．．。{0F}きっと気分は最高だろうなぁ。{10}	
02735	MAP/MAP008.BIN:00F1FA	1	{02}{18}鷹の爪号が来たおかげで\nちっとは食糧が出回るかな。{0F}フォルティア国の干し肉は\n最高だからな。{0E}{09}	
02736	MAP/MAP008.BIN:00F25A	1	ボクの父さんは狩人なんだ。{0E}{02}{18}へぇ～。{0F}じゃあ、君のお父さんのとった\n肉もあるかもしれないな。{10}	
02737	MAP/MAP008.BIN:00F2C4	1	{02}{18}入国係官のマーシャちゃんって\nかわいいよな。{0F}今度ゆっくりお話がしてみたいなぁ。{10}	
02738	MAP/MAP008.BIN:00F328	1	{02}{19}何か困ったことがあったら\nいつでもいらっしゃい。{0F}相談にのるわよ。{10}	
02739	MAP/MAP008.BIN:00F370	1	{02}{19}何か困ったことがあるの？\nいつでも力になるわよ。{10}	
02740	MAP/MAP008.BIN:00F3B2	1	{02}{1A}どうすりゃいいんだ。{0F}こんなに不作じゃ、\n来年の種も買えやしないよ。{10}	
02741	MAP/MAP008.BIN:00F3FC	1	{02}{1A}あ～、人助けをしたあとは、\n気分がいいなぁ。{10}	
02742	MAP/MAP008.BIN:00F430	1	{02}{1B}こんなにひどい不作に\nなるなんて・・・。{0F}私たちが何をしたっていうのかねぇ。{10}	
02743	MAP/MAP008.BIN:00F486	1	年くらい前に\n白き魔女がここを訪れて{0F}将来、メナート国に\nすごい不作が起こるって\n予言を残したそうなんだが・・・。{0F}それがまさか、\n本当に起こるなんてなぁ。{10}	
02744	MAP/MAP008.BIN:00F55E	1	{02}{1D}おや？　旅の人か・・・。\nわしはこの町の町長、ラスパじゃ。{0F}旅人よ、どうじゃ？\n凶作にあえぐ国を見た感想は？{0F}今年はとくに\n時期はずれの吹雪のせいで、\n麦が育たなくてのう・・・。{0F}みんな食べ物に困っておる。{0F}あの時、ノルディック王が、\n白き魔女の言葉を信じておればのう。{0F}いや・・・何でもない。{10}	
02745	MAP/MAP008.BIN:00F686	1	{02}{1D}何か食料を調達する方法を、\n考えねばならんのう。{10}	
02746	MAP/MAP008.BIN:00F6BE	1	{02}{1D}あんたらは巡礼の旅人じゃろう。{0F}すまんが、\nこれをアルデの村長のもとへ\n届けてもらえんかね？{0F}隣のアルデも\n貧しい村には変わりないが、{0F}ネガル島や南のチッタとの\n付き合いもある。{0F}あの村なら\n商人の出入りも多いじゃろう。{0F}アルデの村長に、もっと商人が\nニーリにも来るよう、\n頼んでもらいたいのじゃ。{0F}手紙を持っていってくれるかな？{0E}	
02747	MAP/MAP008.BIN:00F812	1	{09}{0A}{02}{01}困った時には、お互いさまよ。\n私たちに任せてください。{0F}アルデの村長に渡せばいいのね。{0E}	
02748	MAP/MAP008.BIN:00F872	1	{01}{1C}を預かった。{0E}{02}{1D}すまないのう。{0F}お礼にあげられる物も\n何もなくて・・・。{0F}だが、良い行いをする者には、\nきっと良いことがあるものじゃ。{0F}そういうもんじゃて。{10}	
02749	MAP/MAP008.BIN:00F918	1	{02}{1D}この町を出る前に、\nあんたらの気が変わったら、{0F}また、よってくだされ。{10}	
02750	MAP/MAP008.BIN:00F974	1	{02}{1D}やはり寄ってくださったか。{0F}それでは手紙を\nアルデの村長のもとへ\nよろしく頼みましたぞ。{0E}	
02751	MAP/MAP008.BIN:00F9D8	1	{02}{1D}アルデの村長への手紙のことは、\nくれぐれも頼んだぞ。{10}	
02752	MAP/MAP008.BIN:00FA1E	1	{02}{1D}おや、まだ出発してなかったのかの？{0E}{09}	
02753	MAP/MAP008.BIN:00FA45	1	{02}{01}もうアルデに行ってきたのよ。{0F}アルデの村長にちゃんと\n手紙を渡してきたわ。{0F}ニーリに商人が、寄るように\n手配してくれるそうよ。{0E}{02}{1D}それは、助かるのう。\nどうもご苦労じゃった。{10}	
02754	MAP/MAP008.BIN:00FAFA	1	{02}{1D}どうもご苦労じゃった。{10}	
02755	MAP/MAP008.BIN:00FB18	1	{02}{1D}こないだは\nすまんかったの。{10}	
02756	MAP/MAP008.BIN:00FB46	1	{02}{1E}隣村のアルデまでも\n結構な距離があるのでね。{0F}陸路で食料を運んでもらうのも、\nままならないんだよ。{0F}もっぱら、今では\n定期船の運んで来る食料と\n海で捕れる魚だけが{0F}頼みの綱なんだよ。{10}	
02757	MAP/MAP008.BIN:00FC02	1	{02}{1E}もっぱら、今では\n定期船の運んで来る食料と{0F}海で捕れる魚だけが\n頼みの綱なんだよ。{10}	
02758	MAP/MAP008.BIN:00FC64	1	{02}{1F}おや？{0F}ここは子供の来るところじゃないよ。お酒しか置いてないんだから。{0E}{09}\n{02}{01}そうよね。\nジュリオ、何でここに来たのよ？{0E}{09}\n{02}	
02759	MAP/MAP008.BIN:00FCDE	1	なんでって・・・。{0E}{09}\n{02}	
02760	MAP/MAP008.BIN:00FCF5	1	あの、質問だけど。{0F}不作で困っているみたいなんだけど、お酒だけは豊富にあるの？{0E}{02}{1F}お酒だって、\nさっきまではなかったよ。{0F}今、鷹の爪号が到着したろう。\nそれでラム酒が入荷したのさ。{0F}ジルバ船長も大変だよ。\nいつもなら１杯やってくのにさ。{0F}流氷が迫ってくるんで、\nトンボ返りだそうだ。{0F}ここは大人の酒場だけど、\n困ったことがあったら、\nいつでも訪ねてきな。{0F}相談にのるぜ。{10}	
02761	MAP/MAP008.BIN:00FE64	1	{02}{1F}ここは大人の酒場だけど、\n困ったことがあったら、{0F}いつでも訪ねてきな。\n相談にのるぜ。{10}	
02762	MAP/MAP008.BIN:00FEC0	1	{02}{1F}おっ、手伝ってくれるのかい？{10}	
02763	MAP/MAP008.BIN:00FF18	1	悪いが、通してくれないか？{0F}あたたかいものを\n胃袋に流し込みたいんだ。{10}	
02764	MAP/MAP008.BIN:010012	1	あいかわらず、\nここのブイヤベースは絶品だな。{0F}体のしんまであたたまるとは、\nこのことだ。{10}	
02765	MAP/MAP008.BIN:010072	1	メナート国が不作つづきなのは{0F}白き魔女の呪いだっていう、\nもっぱらの噂だよ。{10}	
02766	MAP/MAP008.BIN:0100CE	1	魔女って、おっかねーなぁ。\nひっく・・・。{0F}困ったことがあったら、\nいつでも訪ねてきな。\n相談にのるぜ。{0F}ういっ・・・。{10}	
02767	MAP/MAP008.BIN:01014A	1	あんたも一緒に飲むかい？{10}	
02768	MAP/MAP008.BIN:01016A	1	昔から、賢い旅人は、{0F}賢い武器の使い手であるとも\n言われています。{0F}切り詰めて旅をする心構えも\n必要ですが、余裕をみて武器を\nそろえておくのも賢明でしょう。{0F}何をご用立てしましょうか？{0E}	
02769	MAP/MAP008.BIN:010228	1	ありがとうございました。{0F}また、必要な物があったら\nお越し下さい。{10}	
02770	MAP/MAP008.BIN:0102A2	1	何をお求めでしょう？{0E}	
02771	MAP/MAP008.BIN:0102BE	1	{06}いただきます。{0E}	
02772	MAP/MAP008.BIN:0102D6	1	何をお引き取りしましょう？{0E}	
02773	MAP/MAP008.BIN:0102F8	1	{08}でしたら\n{06}でお引き取りいたします。{0E}	
02774	MAP/MAP008.BIN:010328	1	１ゴアあたり{06}で\nお引き取りいたしますよ。{0E}	
02775	MAP/MAP008.BIN:010358	2	{06}をお支払いします。{0E}	
02776	MAP/MAP008.BIN:010374	2	気が変わりましたら\nいつでもどうぞ。{0E}	
02777	MAP/MAP008.BIN:0103A0	1	ラピカがたまりましたら、\n又おいでください。{0F}いつでも、\n引き取らせていただきます。{0E}	
02778	MAP/MAP008.BIN:0103FA	1	他には、どんな用がありますか。{0E}	
02779	MAP/MAP008.BIN:01042A	1	はいよ。\nあんたも干し肉を買うのかい。{0F}４ピアだけど、いいかな？{10}	
02780	MAP/MAP008.BIN:010482	1	うまいんだぞ。\nあとで後悔するなよ。{10}	
02781	MAP/MAP008.BIN:0104C0	1	毎度あり！{0F}栄養たっぷりのイノシシの干し肉だ！うまいよーっ！{0E}	
02782	MAP/MAP008.BIN:010504	1	ジュリオたちは\n干し肉を買いました。{0E}{09}{0A}{02}	
02783	MAP/MAP008.BIN:01052C	1	お父さんの捕まえた\nイノシシの肉かもね。{0F}クリスも食べなよ。おいしいよ。{0E}{09}\n{02}{01}もう食べちゃったわよ。{10}	
02784	MAP/MAP008.BIN:0105A0	1	おや、ピアが足りないようだね。{10}	
02785	MAP/MAP008.BIN:0105C6	1	悪いね、１人１個なんだ。{10}	
02786	MAP/MAP008.BIN:0105E6	1	おにいちゃんたちも\n食べてみなよ。{0F}うまいよーっ。{10}	
02787	MAP/MAP008.BIN:010632	1	いつもフォルティア国からの船は\n食い物を積んできてくれるからな。{0F}なによりの楽しみだよ。{10}	
02788	MAP/MAP008.BIN:010690	1	もっと干し肉が食べたいよ。{10}	
02789	MAP/MAP008.BIN:0106B2	1	よっ！　久しぶり。\n一緒に飲まないか？{10}	
02790	MAP/MAP008.BIN:0106E0	1	魚ばっかりじゃ、あきるからな。{0F}たまには思いっきり\n肉を食べたいよ。{10}	
02791	MAP/MAP008.BIN:01072A	1	この国にもイノシシが\nいればいいのにねえ。{10}	
02792	MAP/MAP008.BIN:010766	1	あら、いらっしゃい。{0F}困ったことがあったら遠慮しないで\n言ってくださいね。{0E}	
02793	MAP/MAP008.BIN:0107C0	1	（こまってるんだけど、\n先に言われると{0F}かえって言い出せないなぁ・・・）{10}	
02794	MAP/MAP008.BIN:010810	1	また、困ったことがあったら\n気兼ねしないでいってね。{10}	
02795	MAP/MAP008.BIN:010860	1	なんだ？\nよってくるんじゃない。{0F}魚が逃げるだろ。{10}	
02796	MAP/MAP008.BIN:01089C	1	ははーん。{0F}さては、堤防で魚を釣る漁師が\n珍しいんだろ？{0F}以前はここも砂浜が\nあったんだけどな。{0F}定期船を\n港につけられるようにするために、\n砂浜を埋めちまったのさ。{10}	
02797	MAP/MAP008.BIN:010948	1	どんなに頑張っても\n大漁とはいかないが、{0F}こうして堤防から漁をするだけなら\n船酔いもしないってワケだ。{10}	
02798	MAP/MAP008.BIN:0109C8	1	あら、旅の人。\n困ったことがあったら\n遠慮なく言っておくれよ。{0F}力になるからね。{0E}{09}{0A}{02}{01}ありがとう、おばさん。{10}	
02799	MAP/MAP008.BIN:010A38	1	あら、旅の人。\nどうかしたのかい？{0F}何か困ったことがあるみたいだね。{0E}{09}\n{02}{01}いえ、いいんです。{0F}ちょっと落とし物を\nしてしまって・・・。{0F}もう少し探してみます。{0E}{02}+困ったことがあったら\n遠慮なく言っておくれよ。{0F}力になるからね。{0E}{09}{0A}{02}{01}ありがとう、おばさん。{10}	
02800	MAP/MAP008.BIN:010B34	1	探し物が見つかってよかったわね。\n気をつけて旅をつづけて下さいね。{10}	
02801	MAP/MAP008.BIN:010B88	1	客足も減り、\nまったく気が{0F}滅入るばかりだ・・・。{0F}えっ？　ああ・・・いらっしゃい。\n部屋なら開いてるが、\n食事は魚料理くらいしかないよ。{0F}それに、あらかじめ言っとくが\n米や麦も多くは出せないよ。{0E}{09}\n{02}	
02802	MAP/MAP008.BIN:010C4A	1	あのう・・・。{0F}ボクたち、これで\nお願いしたいんですけど・・・。{0E}ジュリオは銀の短剣を見せた。{0E}{02},おや？　まさかそれは、\n・・・銀の短剣！？{0F}これは縁起がいいや。{0F}巡礼の旅人が\n泊まってくれるなんて！\n暗いご時勢に縁起のいいことだ。{0F}そういうことだったら、\n私も喜んで奮発させてもらうよ。{0F}よし決めた！\n奥のベッドを自由に使って下さいな。{10}	
02803	MAP/MAP008.BIN:010D9C	1	部屋は遠慮なく使ってくれて\nいいんだよ。{10}	
02804	MAP/MAP008.BIN:010DCC	1	すまないが、カウンターの向こうから話しかけてくれよ。{10}	
02805	MAP/MAP008.BIN:010E12	1	昔からの旅人の言葉で、\n『疲れた足は影に捕まる』{0F}ってのがある。{0F}無理して先を急いだところで、\n足の運びも鈍るってもんさ。{0F}ゆっくりしていってくれよ。{10}	
02806	MAP/MAP008.BIN:010EAC	1	君たちが訪ねてくれたおかげで、\n親父が明るさを{0F}取り戻したみたいだ。{0F}昔からの旅人の言葉で、\n『疲れた足は影に捕まる』\nってのがある。{0F}無理して先を急いだところで、\n足の運びも鈍るってもんさ。{0F}ゆっくりしていってくれよ。{10}	
02807	MAP/MAP008.BIN:010F88	1	あなたたち、巡礼の旅人なの？{0F}じゃあ、テグラのシャリネに\n向かうのね？{0F}テグラなら\nアルデの漁船で送ってもらえば\n半日くらいで着けるわよ。{0E}{09}{0A}{02}	
02808	MAP/MAP008.BIN:011012	1	ありがとう。{0E}{02}.でも、アルデの漁師さんは{0F}気が荒いから{0F}注意した方がいいわよ。{0F}あなたたちが無事に\nオルドス国に到着することを\n祈っているわ。{10}	
02809	MAP/MAP008.BIN:0110B6	1	お兄ちゃん、お姉ちゃん。{0F}ボクのたからもの見たい？{0E}	
02810	MAP/MAP008.BIN:0110FE	1	なぁんだ。つまんないな。{10}	
02811	MAP/MAP008.BIN:01111E	1	へへへ。\nないしょだよ。{10}	
02812	MAP/MAP008.BIN:01113E	1	お兄ちゃん、お姉ちゃん。{0E}	
02813	MAP/MAP008.BIN:0112E2	1	はい、これっ！{0E}	
02814	MAP/MAP008.BIN:01131E	1	カイはジュリオに白い石を\n差し出した。{0E}	
02815	MAP/MAP008.BIN:011362	1	これは？{0E}{02}/ホワイトストーンっていうんだ。\nお兄ちゃんに、これをあげるよ。{0F}旅に、きっと役立つよ。\nこの石には不思議な力が\nあるんだってさ。{0E}	
02816	MAP/MAP008.BIN:011428	1	いいの？\nもらっちゃって。{0E}	
02817	MAP/MAP008.BIN:011458	1	どうぞ、もらってあげて下さいな。{0E}{09}{0A}{02}	
02818	MAP/MAP008.BIN:01147D	1	ありがとう。\n大切にするよ。{0E}	
02819	MAP/MAP008.BIN:0114A0	1	ジュリオは\n{01}{15}をもらいました。{0E}	
02820	MAP/MAP008.BIN:0114D4	1	これで、怖い魔獣が来ても\nへっちゃらだね。{0F}また、困ったことがあったら\nおいらに言ってくれよ。{0E}{02}+まあ、カイったら、\n生意気いっちゃって。{10}	
02821	MAP/MAP008.BIN:011580	1	また、困ったことがあったら\nおいらに言ってくれよ。{10}	
02822	MAP/MAP008.BIN:011662	1	{02}{16}悪いな。{0F}ここの監理局の許可がないと\n誰も乗船できないんだ。{10}	
02823	MAP/MAP008.BIN:0116EA	1	{02}{16}みんなに会いたいのは分かるけどよ{0F}決まりをやぶると、\n後でいろいろ困るんだ。{0F}がまんしてくれよ。{10}	
02824	MAP/MAP008.BIN:0117B4	1	{02}{17}ちょっと、君たち。{0E}	
02825	MAP/MAP008.BIN:011806	1	監理局の調査が始まったら\nここから先へは入れないようになる。{0F}気にとめておいてくれ。{10}	
02826	MAP/MAP008.BIN:0118D6	1	{02}{17}すでに鷹の爪号の、\n入国チェックが始まっている。{0F}ここから先は\n関係者以外立入り禁止だ。{10}	
02827	MAP/MAP008.BIN:011980	1	うっひょーっ！{0F}早くしないと干し肉が\n売り切れちゃうぞ！{0E}	
02828	MAP/MAP008.BIN:0119EC	1	やったー！\n魚以外のものが食えるぞ。{0E}	
02829	MAP/MAP008.BIN:011A34	1	さあ、たった今\n船で到着したばかりの{0F}イノシシの干し肉だ！\n早くしないと売り切れちまうよ！{0F}数に限りがあるんだ。\n早いもの勝ちだよ。{0F}さあ、買った買った！{10}	
02830	MAP/MAP008.BIN:011B66	1	うわー！\n川だ！{0E}{09}	
02831	MAP/MAP008.BIN:011B78	1	{02}{01}お魚いないかな。{0E}	
02832	MAP/MAP008.BIN:011E5C	1	ゴメンよ、お兄ちゃん。\n大丈夫だったかい？{0E}	
02833	MAP/MAP008.BIN:011EA8	1	うん、大丈夫だよ。{0E}	
02834	MAP/MAP008.BIN:011ECC	1	{09}{09}{02}{01}あぶないじゃない、\n気をつけなさいよ！{0E}	
02835	MAP/MAP008.BIN:011F04	1	・・・あっ！？{0E}	
02836	MAP/MAP008.BIN:011F26	1	{02}{01}どうしたの？{0E}	
02837	MAP/MAP008.BIN:011F42	1	ない・・・。{0F}銀の短剣がないよ。{0E}{09}{0F}{02}{01}えっ？　大変・・・。{0F}ぶつかった勢いで、\n落としちゃったのかなぁ。{0E}	
02838	MAP/MAP008.BIN:012160	1	ゴメンよ。{0F}おいら、探すの手伝うよ。{0E}	
02839	MAP/MAP008.BIN:0121B0	1	いいよ、急いでるんだろ。{0F}きっとすぐに見つかると思うから、\n君はいいよ。{0E}{02}/ほんと？{0E}{09}	
02840	MAP/MAP008.BIN:012206	1	うん。{0E}{02}/ありがとう。\nじゃあ行かせてもらうね。{0E}	
02841	MAP/MAP008.BIN:012262	1	ゴメンね、お兄ちゃん。{0E}	
02842	MAP/MAP008.BIN:0122AA	1	{09}\n{02}{01}銀の短剣を探さなくちゃ。{10}	
02843	MAP/MAP008.BIN:01233E	1	きっと、この川の底なんだよ。{0E}{09}\n{02}{01}どうしよう・・・。{0F}この川、けっこう広いし、\n深そうだわ。{0E}	
02844	MAP/MAP008.BIN:0123AC	1	それに冷たそう・・・。{0E}	
02845	MAP/MAP008.BIN:0123DA	1	うん、困ったね。{0E}{02}&えっ？　今、どこかで\n誰かが”困った”って言ったぞ！{0E}{02}/うん、僕も聞こえた。{0E}{02})誰かが困っているわ！\n助けてあげなきゃ。{0E}{02}"どこだ、どこだ！{0E}	
02846	MAP/MAP008.BIN:0124D6	1	{02}{1A}あの橋の上だ！{0E}	
02847	MAP/MAP008.BIN:012630	1	{09}\n{02}{01}なっ、ナニ？{0E}	
02848	MAP/MAP008.BIN:01266C	1	この人たち・・・。{0E}	
02849	MAP/MAP008.BIN:0126DC	1	？？？？？{0E}	
02850	MAP/MAP008.BIN:0126FC	1	うえっぷ・・・安心しな。{0E}	
02851	MAP/MAP008.BIN:012738	1	悩みごとは、すぐに俺たちが\n解決してやるぜ！{0E}	
02852	MAP/MAP008.BIN:01276E	1	なっ、みんな！{0E}	
02853	MAP/MAP008.BIN:0127A2	1	困った時はお互いさまよ！{0E}	
02854	MAP/MAP008.BIN:0127FA	1	俺さまに任せろーっ！{0E}	
02855	MAP/MAP008.BIN:01283C	1	{02}{1C}おーっ！！{0E}	
02856	MAP/MAP008.BIN:012894	1	{02}{1A}安心しろよ、大丈夫だ！{0E}	
02857	MAP/MAP008.BIN:0128CA	1	{09}\n{02}{01}すっ、すごい・・・。{0E}	
02858	MAP/MAP008.BIN:012900	1	確かに困った時には\n力になってくれるって、\nみんな、言ってたけど。{0E}	
02859	MAP/MAP008.BIN:012982	1	あっ？！　なんだ、\nお兄ちゃんたちじゃないか。{0F}落とし物がまだ、\n見つからないんだね？{0E}{09}{07}{02}	
02860	MAP/MAP008.BIN:0129DA	1	う、うん。\nこの川の中に{0F}落としたみたいなんだ。{0E}	
02861	MAP/MAP008.BIN:012A14	1	なんだ、そんなことか。{0E}	
02862	MAP/MAP008.BIN:012A4E	1	おう、みんな、\n探せーっ！{0E}	
02863	MAP/MAP008.BIN:012C2E	1	ぶくぶく・・・{0E}	
02864	MAP/MAP008.BIN:012D10	1	この町の人たち・・・スゴすぎるよ。{0E}	
02865	MAP/MAP008.BIN:012D6C	1	{09}\n{02}{01}わ・・・私もそう、思うわ・・・。{0E}	
02866	MAP/MAP008.BIN:012DF4	1	もぐってる！\nもぐってる！{0E}	
02867	MAP/MAP008.BIN:012EA8	1	あっ、あったよ！{0E}	
02868	MAP/MAP008.BIN:012F10	1	お兄ちゃん、お姉ちゃん。\nこれだろーっ！{0E}	
02869	MAP/MAP008.BIN:012FC4	1	ジュリオは銀の短剣を受け取った。{0E}	
02870	MAP/MAP008.BIN:013034	1	みなさん、本当にどうも、\nありがとうございました。{0E}	
02871	MAP/MAP008.BIN:013082	1	みんなで協力すればアッという間ね。{0E}	
02872	MAP/MAP008.BIN:0130B2	1	また、困ったことがあったら\n遠慮しないでいってね。{0E}{02}/お兄ちゃん、お姉ちゃん。{0E}	
02873	MAP/MAP008.BIN:013136	1	出発の前においらの家へよってよ。{0F}渡したい物があるからさぁ。{0E}	
02874	MAP/MAP008.BIN:0131BC	1	巡礼の旅の人も、\nご苦労さんだったな。{0E}	
02875	MAP/MAP008.BIN:0131E8	1	{02}{01}『困ったときには、お互いさま』っていうやつね。{0E}{02}"さあて、{0E}	
02876	MAP/MAP008.BIN:01322E	1	酒場に戻って\nもう１杯ひっかけてくるか！{10}	
02877	MAP/MAP008.BIN:013364	1	{09}{09}{02}{01}ダメよ、ジュリオ！{0F}銀の短剣がないと\n旅が続けられないわ。{10}	
02878	MAP/MAP008.BIN:013424	1	この川、けっこう深いね。{0F}どうしよう・・・。{10}	
02879	MAP/MAP008.BIN:0134DE	1	{09}\n{02}{01}ダメだわ・・・。{0F}川が深くて、\nよく見えないわ。{10}	
02880	MAP/MAP008.BIN:01361A	1	メナート国　港町ニーリ	
02881	MAP/MAP008.BIN:013662	1	{02}{19}メナート国へ、ようこそ。{0E}	
02882	MAP/MAP008.BIN:013692	1	{02}{19}私は入国係官のマーシャです。\n何か申告するものはありますか？{0E}あらっ？{0E}	
02883	MAP/MAP008.BIN:0136EC	1	あなたたち巡礼の方ですね。\nだったら申告なんて必要ないわね。{0E}{09}	
02884	MAP/MAP008.BIN:01372A	1	{02}{01}ええ、そうですけど。\nでもどうしてわかったの？{0E}{02}{19}その年齢で、\n子供だけで旅をしているのですもの。{0F}フォルティア国にある\nラグピック村の風習なんでしょ？{0F}入国監理手引きに書いてあったわ。{0F}でも、ここ数年ほど銀の短剣を持って古式にのっとった巡礼をする人は\n来なかったみたいだから・・・{0F}もう、その風習はなくなったのかと\n思っていたわ。{0E}{09}	
02885	MAP/MAP008.BIN:013873	1	それがね、\nちゃんと続いてたんだよ。{0F}ほらね。{0E}	
02886	MAP/MAP008.BIN:0138A8	1	ジュリオは銀の短剣を見せた。{0E}{02}{19}まあ、これが銀の短剣ね。{0F}こんなに貴重な物を\n見せてもらえて感激だわ。{0F}どうもありがとう。{0F}今メナート国は、\n不作で大変なんだけど{0F}このニーリの町の人たちは、\n親切な人ばかりよ。{0F}困ったことがあったら\n遠慮しないで相談するといいわよ。\nきっと、力になってくれるから。{10}	
02887	MAP/MAP009.BIN:002AB7	4	{1F}{01}ゥ{10}{01}泥 	
02888	MAP/MAP009.BIN:00DB42	2	ミゲルじいさん	
02889	MAP/MAP009.BIN:00DB62	5	漁師トバイ	
02890	MAP/MAP009.BIN:00DC18	1	{02}{14}ここで待っておるからな。{0F}日が暮れるまでには\n戻ってきてくれよ。{10}	
02891	MAP/MAP009.BIN:00DCA6	1	{02}{14}ううっ・・・。{0E}	
02892	MAP/MAP009.BIN:00DCC8	1	{02}{14}いかんな、足をくじいてしまった。{0E}	
02893	MAP/MAP009.BIN:00DD06	1	{09}\n{02}{01}大丈夫ですか？{0E}	
02894	MAP/MAP009.BIN:00DD26	1	{02}{14}ああ、たいしたことはない。{0F}崖崩れで道が\nふさがってしまったと言うんで\n様子を見にきたんだが・・・。{0F}歳甲斐もなく、\n岩に登っていい気になっていたら\n足を踏みはずしてしまったわい。{0E}	
02895	MAP/MAP009.BIN:00DDF2	1	岩になんか登るからだよ。{0E}	
02896	MAP/MAP009.BIN:00DE1E	1	{09}\n{02}{01}ジュリオ！{0E}	
02897	MAP/MAP009.BIN:00DE34	1	{02}{14}はっはっはっ、お嬢ちゃん。{0F}そう、怒るな。{0E}	
02898	MAP/MAP009.BIN:00DE7A	1	この子の言うとおりだ。{0F}それはそうと、\nアルデの村に戻りたいのじゃが、{0F}くじいた足ではチトこたえる。{0F}すまないが、\nアルデの村から息子のトバイを{0F}呼んできてもらえないじゃろうか？{0E}	
02899	MAP/MAP009.BIN:00DF3A	1	{02}{14}じょ、冗談じゃろ？{0F}か弱い老人を置いてきぼりかぁ。{0F}お前ら、それでも人間かぁ。\nな、冗談じゃろ？{0E}	
02900	MAP/MAP009.BIN:00DFBA	1	{02}{14}なかなか強情な子らじゃの。{0F}そう言っておいて、\nトバイを呼んできてくれるんじゃろ。わしは信じて待っとるからのう。{0F}そんじゃ、頼んだぞ。{10}	
02901	MAP/MAP009.BIN:00E06C	1	{02}{14}それじゃあ、\nここで待っておるからな。{0F}日が暮れるまでには\n戻ってきてくれよ。{10}	
02902	MAP/MAP009.BIN:00E0E8	1	港町ニーリへようこそ！{0F}ラグーナへの定期便・鷹の爪号停泊港東　アルデ　　　　　　１１６４ミロ{10}	
02903	MAP/MAP009.BIN:00E14C	1	西　ニーリ　　　　　６３９ミロ\n南　アルデ　　　　　５２５ミロ{10}	
02904	MAP/MAP009.BIN:00E190	1	ようこそアルデへ！\nテグラへの連絡港{0F}東　チッタ　　　　１１０８ミロ\n西　ニーリ　　　　１１６４ミロ{10}	
02905	MAP/MAP009.BIN:00E22C	1	あぁっ！{0E}	
02906	MAP/MAP009.BIN:00E24E	1	{02}{01}えっ、どうしたのジュリオ？{0E}	
02907	MAP/MAP009.BIN:00E2AC	1	な、なんでもないよ。{0E}	
02908	MAP/MAP009.BIN:00E2C8	1	ジュリオは\n{01}{17}を見つけました。{0E}しかし、クリスに見つかると\nばかにされると思い、{0F}だまって拾った。{0E}	
02909	MAP/MAP009.BIN:00E360	1	{09}{08}{02}{01}ジュリオ。{0F}気がつかなかったと思っているの？{0E}	
02910	MAP/MAP009.BIN:00E3BC	1	そんな、どーしようも\nない物なんか拾って・・・。{0E}	
02911	MAP/MAP009.BIN:00E426	1	ふん、クリスなんかには\nわからないさ。{10}	
02912	MAP/MAP009.BIN:00E57A	1	{02}{01}ジュリオ、なにやってるの？{0E}	
02913	MAP/MAP009.BIN:00E5C2	1	えっ、{0F}まだなにか落ちてないかと思って。{0E}{09}{08}{02}{01}ばっかみたい。{0E}	
02914	MAP/MAP009.BIN:00E610	1	そんなガラクタ集めて、\nなにがおもしろいの？{0E}	
02915	MAP/MAP009.BIN:00E658	1	・・・・くやしい。{10}	
02916	MAP/MAP009.BIN:00E7A8	1	{09}{0E}{02}{01}ジュリオ、{0F}いい子だからもうやめなさい。{0E}{09}\n{02}	
02917	MAP/MAP009.BIN:00E7D8	1	・・・・。{10}	
02918	MAP/MAP009.BIN:00E910	1	{02}{01}ジュリオ！{0F}逃げるわよ。{10}	
02919	MAP/MAP009.BIN:00E976	1	{02}{16}あちゃー・・・。{10}	
02920	MAP/MAP009.BIN:00EAAA	1	{09}\n\n{02}{01}逃げましょう、ジュリオ！{10}	
02921	MAP/MAP009.BIN:00EAF5	1	さっきも逃げたじゃないか。{10}	
02922	MAP/MAP009.BIN:00EB18	1	{09}{10}\n{02}{01}そうこなくっちゃ！{0F}いくわよ！！{10}	
02923	MAP/MAP009.BIN:00EBAA	1	{02}{01}あっ！ジュリオ！？\nそっちに逃げてどうすんのよ！{10}	
02924	MAP/MAP009.BIN:00ECA0	1	{09}{09}\n{02}{01}ジュリオの方向音痴には\nおそれいるわね。{10}	
02925	MAP/MAP009.BIN:00ECE9	1	そんな言い方って・・・。{10}	
02926	MAP/MAP009.BIN:00ED20	1	{09}{0A}\n{02}{01}ちょっと見直したわ。{10}	
02927	MAP/MAP009.BIN:00ED57	1	ちぇ！　ちょっとか。{10}	
02928	MAP/MAP009.BIN:00EE38	1	あ、{10}	
02929	MAP/MAP009.BIN:00EE5A	1	{02}{14}ヒエー！\n助けてくれえ！{10}	
02930	MAP/MAP009.BIN:00EED0	1	{02}{15}オヤジさん。\nでーじょうぶか？{0E}	
02931	MAP/MAP009.BIN:00EEFA	1	{02}{14}おお、トバイ。\nやっと来てくれたか。{0F}お２人さん、すまんかったのう。{0E}{02}{15}オヤジさん。もう、年なんだから、\n１人で出歩くのはヤメてくれよ。{0F}こん人たちが来なかったら、\nどうしただよ。{0E}{02}{14}うるさい！{0F}アザラシが出たくれぇで\n漁に出ねぇ根性なしに、{0F}ああだ、こうだ、\n言われる覚えはねぇ！{0F}とっとと、わしをオブって、\n村へ連れて行けっ！{0E}	
02932	MAP/MAP009.BIN:00F098	1	{02}{15}ひえぇぇぇ・・・・。\nオラが悪りかったよ・・・。{10}	
02933	MAP/MAP009.BIN:00F0D2	1	ミゲルじいさんは、\n無事に息子のトバイに連れられて\n村へ戻ることになった。{0F}ジュリオたちも、\nひとまずアルデの村に戻り、{0F}ネガル島へ渡る方法を\n考え直すことにした。{10}	
02934	MAP/MAP010.BIN:0000A3	1	{06}アルデ	
02935	MAP/MAP010.BIN:00DF66	1	武器屋のベロネ	
02936	MAP/MAP010.BIN:00DF86	1	カンドのミサ	
02937	MAP/MAP010.BIN:00DFA6	1	ミンケ	
02938	MAP/MAP010.BIN:00DFE6	1	ミラ	
02939	MAP/MAP010.BIN:00E006	1	ライマ	
02940	MAP/MAP010.BIN:00E026	1	ナダル村長	
02941	MAP/MAP010.BIN:00E046	1	ベル夫人	
02942	MAP/MAP010.BIN:00E066	1	管理人パロ	
02943	MAP/MAP010.BIN:00E086	1	漁師ラバ	
02944	MAP/MAP010.BIN:00E0A6	1	サリナ	
02945	MAP/MAP010.BIN:00E0C6	1	宿屋のデンタ	
02946	MAP/MAP010.BIN:00E0E6	1	ハボン	
02947	MAP/MAP010.BIN:00E106	1	漁師リック	
02948	MAP/MAP010.BIN:00E126	1	漁師ユッタ	
02949	MAP/MAP010.BIN:00E146	1	行商人ポルベ	
02950	MAP/MAP010.BIN:00E186	1	ロス	
02951	MAP/MAP010.BIN:00E1C6	1	男の子の声	
02952	MAP/MAP010.BIN:00E1E6	1	アザラシ	
02953	MAP/MAP010.BIN:00E68A	1	{02}{14}いらっしゃいませ。\n武器をお求めですかな？\n	
02954	MAP/MAP010.BIN:00E6C0	1	{02}{14}またよってくださいね。{10}	
02955	MAP/MAP010.BIN:00E710	1	{02}{14}お客さんたちには、\nこのあたりが手頃だと思いますよ。{10}	
02956	MAP/MAP010.BIN:00E74C	1	{02}{14}{06}いただきます。{10}	
02957	MAP/MAP010.BIN:00E764	1	{02}{14}何をお引き取りしましょうか？{10}	
02958	MAP/MAP010.BIN:00E788	1	{02}{14}{08}でしたら\n{06}でお引き取りいたします。{10}	
02959	MAP/MAP010.BIN:00E7B8	1	{02}{14}１ゴアあたり{06}で\nお引き取りいたしますよ。{10}	
02960	MAP/MAP010.BIN:00E7E8	1	{02}{14}{06}をお支払いします。{10}	
02961	MAP/MAP010.BIN:00E804	2	{02}{14}よろしいのですか？{10}	
02962	MAP/MAP010.BIN:00E81E	1	{02}{14}ラピカがたまりましたら、\n又おいでください。{0F}いつでも、\n引き取らせていただきます。{10}	
02963	MAP/MAP010.BIN:00E878	1	{02}{14}他には、どんな用がありますか？{10}	
02964	MAP/MAP010.BIN:00E89E	1	{02}{14}お客さん、\nカウンターの中に入らないで{0F}くださいよ。{10}	
02965	MAP/MAP010.BIN:00E8D8	1	{02}{15}アルデのカンドにようこそ。{10}	
02966	MAP/MAP010.BIN:00E8FE	1	{02}{15}また、訪ねて下さいね。{10}	
02967	MAP/MAP010.BIN:00E934	1	{02}{15}どなたに魔法を、お授けしましょう？{10}	
02968	MAP/MAP010.BIN:00E95E	1	{02}{15}どの魔法をお望みでしょう？{10}	
02969	MAP/MAP010.BIN:00E980	1	{02}{15}{06}ですね？{10}	
02970	MAP/MAP010.BIN:00E99C	1	{02}{16}いまね、かくれんぼしてるの。\nあたしがオニでね、いそがしいの。{0F}だから、あとであそんであげる。{0E}{09}\n{02}	
02971	MAP/MAP010.BIN:00E9FF	1	・・・なんか、くやしい。{10}	
02972	MAP/MAP010.BIN:00EA1E	1	{02}{16}こんどはね、かいぞくごっこなの。{0F}あたしが\n『サボテン・トースト』なのよ。{0E}{09}{07}{02}{01}それを言うなら、\n『キャプテン・トーマス』でしょ？{10}	
02973	MAP/MAP010.BIN:00EAEA	1	{02}{17}なんだ、オラに用か。{0E}{09}	
02974	MAP/MAP010.BIN:00EB05	1	あのう・・・。{0F}ボクたち、ネガル島に\n渡りたいんだけど。{0E}	
02975	MAP/MAP010.BIN:00EB50	1	{02}{17}だから何だ？{0E}	
02976	MAP/MAP010.BIN:00EB7E	1	あのう・・・それで・・・。{0E}	
02977	MAP/MAP010.BIN:00EBAC	1	{02}{17}あん？　聞こえねーべ。{0E}	
02978	MAP/MAP010.BIN:00EBE8	1	ジュリオは漁師に少し腹が立った。{0E}	
02979	MAP/MAP010.BIN:00EC34	1	でも、やっぱり恐かったので、\nクリスに説明を代わってもらった。{0E}	
02980	MAP/MAP010.BIN:00ECD0	1	{02}{01}私たち、巡礼の旅をしてるんです。{0E}ネガル島にあるテグラのシャリネに\n行きたいのだけど・・・。{0F}このアルデの村から\n漁師さんの船に\n乗せてもらいなさいって{0F}ニーリの人に教えてもらったの。{0E}{02}{17}ほう、なるほどな。{0F}そりゃーあいにくだったなあ。\n船は出せねーべ。{0E}	
02981	MAP/MAP010.BIN:00EE26	1	今年は流氷が早くってなぁ。{0F}流氷だけならまだしも、\n浜をアザラシに占領されちまった。{0E}	
02982	MAP/MAP010.BIN:00EE8C	1	オラたちだってよう。\n漁のための船も出せない有様なんだ。{0F}商売あがったりだ。\n他をあたってくんろ。{10}	
02983	MAP/MAP010.BIN:00EF9A	1	{02}{17}他をあたってくんろ。{10}	
02984	MAP/MAP010.BIN:00EFEA	1	{02}{17}なんだおめーら、\nまた、来たか。{0F}ダミだっちゅうに。{0E}	
02985	MAP/MAP010.BIN:00F04A	1	{09}{08}{02}{01}なんだはないでしょ。{0F}街道の崖崩れで、\nおじさんのお父さんが\n足をくじいて困ってたわよ。{0E}	
02986	MAP/MAP010.BIN:00F0BC	1	ねえ、早く助けに行ってあげようよ。{0E}{02}{17}えっ！？{0E}	
02987	MAP/MAP010.BIN:00F0FE	1	そりゃ、大変だ・・・。{0E}	
02988	MAP/MAP010.BIN:00F168	1	こうしちゃおれねぇ！{0E}	
02989	MAP/MAP010.BIN:00F28C	1	クリスから、\n父親のことを聞いたトバイは、{0F}とるものもとりあえず、\n家から飛び出して行った。{0F}ジュリオたちも心配だったので、\nトバイのあとを追って{0F}崖崩れのところまで\n行くことにした。{10}	
02990	MAP/MAP010.BIN:00F358	1	おいらがトバイだ。{10}	
02991	MAP/MAP010.BIN:00F384	1	{02}{18}すまないね。\nうちの人は今、機嫌が悪いんだよ。{10}	
02992	MAP/MAP010.BIN:00F3BA	1	{02}{18}オヤジさんは\nどこに行ったのかしらねぇ。{0F}さっきまでウロウロしてたのに。{10}	
02993	MAP/MAP010.BIN:00F408	1	{02}{18}オヤジさんのことを知らせてくれて、ありがとうね。{0F}本当に助かったわ。{10}	
02994	MAP/MAP010.BIN:00F468	1	{02}{19}ミゲルじいさんは\nどこ、行ったんじゃろうね。{0F}茶でも一緒に飲もうと\n思っとったのにのう。{10}	
02995	MAP/MAP010.BIN:00F4C6	1	{02}{19}じいさん、どこにいったのじゃろう。{10}	
02996	MAP/MAP010.BIN:00F4F0	1	{02}{19}子供は元気があっていいのう。{0F}こんな世の中でも、\n子供たちが明るいのが\nせめてもの救いだよ。{10}	
02997	MAP/MAP010.BIN:00F57C	1	{02}{01}あのう、すみません。{0F}私たち巡礼の旅をしているんですけどネガル島への船って、出てないの？{0E}	
02998	MAP/MAP010.BIN:00F5E6	1	{02}{1A}う～む、それがのう。\nわしの悩みのタネなんじゃ。{0F}今年はなぜか\n流氷が早く流れてきてな。{0F}とんでもないことに、\n流氷に乗ってきたアザラシどもが、\n村の回りの海に住みつきおった。{0F}浜にドテーっと寝そべるわ、\n船着場を囲んで\nクルクル回るわ・・・。{0F}もう、たいへんじゃ。{0F}アザラシを追い散らす方法が\nあればのう。{10}	
02999	MAP/MAP010.BIN:00F728	1	{02}{1A}もう、あぶなくって、あぶなくって。{0F}とても船なんか\n出せる状態じゃない。{0F}別の村から渡る方法を\n考えた方がええぞ。{10}	
03000	MAP/MAP010.BIN:00F79E	1	{02}{1A}まったく困ったのう。{0F}食べ物も少ないし、\nおまけにアザラシまで\n出るとは・・・。{0E}{02}{1A}おや、なんじゃ？{0E}{09}	
03001	MAP/MAP010.BIN:00F805	1	ニーリの町長さんから、\n手紙を預かってきました。{0E}{02}{1A}え・・・？\nニーリの町長から手紙だと。{0F}・・・嫌な予感がする。{0F}あいつのことだ。\n食料を送れとか、\nどうせそんなとこだろう。{0F}この村だってピーピーなんじゃぞ。{0F}ニーリの町の連中は\n人がいいんだが、\nたくわえることを知らん。{0F}・・・いかんのう。\n食料を積んだ大きな船が泊まるんで、危機感が足りんのじゃ。{0E}	
03002	MAP/MAP010.BIN:00FC0C	1	ジュリオは{01}{1C}を渡した。{0E}{02}{1A}ふむ、ふむ、ふむ・・・。{0F}な～るほど。\n少しは心を入れかえたようじゃな。{0F}商人がもっと\nニーリにくるようにしてくれ、か。\nそのくらいなら、お安い御用じゃ。{0F}いや、あんたら、\nご苦労じゃったな。{10}	
03003	MAP/MAP010.BIN:00FCEC	1	{02}{1A}ラスパの頼みは引き受けた。{0F}今度商人が来たら、ニーリへよるよう手配しておこう。{10}	
03004	MAP/MAP010.BIN:00FD42	1	{02}{1A}おや、あんたたち。\nまだおったのか？{10}	
03005	MAP/MAP010.BIN:00FD78	1	{02}{1B}あなたたちは巡礼の旅人なのね。{0F}今でもそんな習慣があるなんて\nなんだか嬉しいわ。{10}	
03006	MAP/MAP010.BIN:00FDCE	1	{02}{1B}ネガルまで送ってあげたいけど、{0F}アザラシが邪魔で\n船が出せないのよ。{0E}	
03007	MAP/MAP010.BIN:00FE20	2	ごめんなさいね。{10}	
03008	MAP/MAP010.BIN:00FE40	1	ごめんなさいね。{0E}{09}	
03009	MAP/MAP010.BIN:00FE53	1	{02}{01}そういえば、ジュリオ。{0F}ニーリの町長さんから\n手紙をあずかったじゃない。{0F}忘れないうちに\n早く手紙を届けましょ。{10}	
03010	MAP/MAP010.BIN:00FEE8	1	{02}{1C}ああ、この倉庫かい？{0F}海を渡ったネガル島では\n泥炭（デイタン）が採れるんだよ。{0E}{09}\n{02}{01}でいたん？{0E}{02}{1C}そう、デイタンっていうんだ。{0F}石炭より粗末な炭なんだけど、\nそれをここに\nたくわえておいて、{0F}メナート国中に運ぶのさ。{10}	
03011	MAP/MAP010.BIN:00FFC4	1	{02}{1C}倉庫に入ってもかまわないけど、\n何も面白いものはないよ。{10}	
03012	MAP/MAP010.BIN:01000E	1	{02}{1D}これは内緒だけンども、\nオレは白き魔女の予言を信じて、{0F}麦を栽培してたンだ。{0F}あっ、言っちゃった・・・。\nでもな、そんおかげでなンとか\n喰いつないで行けるだよ。{10}	
03013	MAP/MAP010.BIN:0100B6	1	{02}{1D}こん村の収入源は、\nネガルからの泥炭の運送と{0F}魚だけだかンな。\n『そなえあれば、なんとやら』\nだよな。{10}	
03014	MAP/MAP010.BIN:01012A	1	{02}{1E}あら、あなたたち巡礼の旅人なの？\n悪いときにあたっちゃったわね。{0F}チッタに行く道は\n崖崩れで通れないって聞いたわ。{0F}今はアザラシのおかげで\n船も出せないし、\nチッタへの道もダメじゃ、{0F}困っちゃったわね。{10}	
03015	MAP/MAP010.BIN:0101FA	1	{02}{1E}アザラシのエサでもあれば、\nなんとかなるかも{0F}しれないのにねぇ。{10}	
03016	MAP/MAP010.BIN:010240	1	{02}{1F}ごめんよ。\n今は部屋がふさがってんだ。{0E}	
03017	MAP/MAP010.BIN:010276	1	チッタからの旅人が泊まってるし、\n旅の商人が、\nもうすぐ来るはずなんだ。{0F}もうしわけない。{0E}	
03018	MAP/MAP010.BIN:0102D2	1	よかったら、\nロビーで休んでいってくれ。{10}	
03019	MAP/MAP010.BIN:010316	1	いやぁ、私はチッタから来たんだが、やっぱり、メナートの国は{0F}どこも貧しくって大変なんだなぁ。\n苦しいのはチッタだけじゃないって、よくわかったよ。{0F}でも、どうしよう・・・。{0F}街道が崖崩れで\nチッタへの道が通れないんだよ。{0F}困ったなあ・・・。{10}	
03020	MAP/MAP010.BIN:01040A	1	街道が崖崩れで\nチッタへの道が通れないんだよ。{0F}困ったなあ・・・。{10}	
03021	MAP/MAP010.BIN:01045C	1	さっき町の人に聞いたんだけど、{0F}船着場でアザラシが\nウロウロしているらしいね。{0F}街道は崖崩れだし、\n町の中はアザラシがいるし、\nまったく、困ったもんだよ。{10}	
03022	MAP/MAP010.BIN:0104FA	1	ここに来るとき崖崩れのところで\nじいさんに会ったけど、{0F}この村の人なのかなぁ・・・。{10}	
03023	MAP/MAP010.BIN:010554	1	おらの船がアザラシのせいで\n沈められちまったよう。{10}	
03024	MAP/MAP010.BIN:010598	1	やっぱ、漁師は船にのらんと\nカッチョ悪いもんダべ。\n男は船、女は港、つうダべ。{0F}{02}$・・・・・？{10}	
03025	MAP/MAP010.BIN:010606	1	トバイなら船着場に行ったぜ。{0F}オヤジさんにしかられたみてーだべ。船を出すってよ。{0F}やっぱ、漁師は船にのらんと\nカッチョ悪いもんダべ。\n男は船、女は港、つうダべ。{0F}{02}$・・・・・？{10}	
03026	MAP/MAP010.BIN:0106BE	1	ほら、トバイが待ってるダべ。{0F}準備がいいんなら、\n船着場へ行ってくんろ。{10}	
03027	MAP/MAP010.BIN:0107A8	1	ほう、あんたら巡礼の旅人かい？{0F}それじゃあ、あの崖崩れで\nさぞかし苦労したろう。{0F}疲れにゃ、甘いもんが１番だ。\nこのお菓子を食いなよ。{0E}	
03028	MAP/MAP010.BIN:010832	1	わぁ、ありがとう。{0E}	
03029	MAP/MAP010.BIN:010858	1	{02}{01}見たことないお菓子だねぇ。{0E}	
03030	MAP/MAP010.BIN:01087C	1	ジュリオは、お菓子をほおばった。{0E}	
03031	MAP/MAP010.BIN:0108E4	1	ぶべ～。{0E}	
03032	MAP/MAP010.BIN:01091E	1	{02}{01}どうしたのジュリオ。{0E}	
03033	MAP/MAP010.BIN:010968	1	う、ううん何でもない。{0E}	
03034	MAP/MAP010.BIN:010992	1	クリスも食べてみなよ。\nおいしいよ。{0E}{09}{08}{02}{01}なんだか、怪しいわね。{0E}{02}#おお、すまん。{0E}	
03035	MAP/MAP010.BIN:010A14	1	それは、アザラシのエサじゃった。{0E}{09}\n{02}{01}アザラシのエサ？{0E}	
03036	MAP/MAP010.BIN:010AFE	1	{02}{01}それ１つもらってもいいかしら。{0E}{02}#そんなもんで良かったら、\n持ってってくれよ。{0E}	
03037	MAP/MAP010.BIN:010B54	1	ジュリオは\n{01}{1D}を手に入れた。{0E}	
03038	MAP/MAP010.BIN:010B8E	1	{02}{01}これで何とかなるかもね。{0E}	
03039	MAP/MAP010.BIN:010BE4	1	{09}{0A}{02}{01}おじさん、どうもありがとう。{0E}	
03040	MAP/MAP010.BIN:010C16	1	わしは、道具屋なんだが\n何か他にいるものはないかね？{0E}	
03041	MAP/MAP010.BIN:010C76	2	何かほしいものがあったら\nまた訪ねてきなよ。{10}	
03042	MAP/MAP010.BIN:010CAC	1	おや、きみたちか。\nなにか必要な物はあるかい？{0E}	
03043	MAP/MAP010.BIN:010D4A	1	何がほしいんだい？{0E}	
03044	MAP/MAP010.BIN:010D64	1	それなら{06}でいいよ。{0E}	
03045	MAP/MAP010.BIN:010D80	1	何を引き取ろうかい？{0E}	
03046	MAP/MAP010.BIN:010D9C	1	それなら、{06}で引き取るよ。{0E}	
03047	MAP/MAP010.BIN:010DC2	1	１ゴアあたり{06}で引き取ろう。{0E}	
03048	MAP/MAP010.BIN:010DE6	1	全部で{06}だよ。{0E}	
03049	MAP/MAP010.BIN:010E28	1	ラピカがたまったら\nまた来てくれよ。{0E}	
03050	MAP/MAP010.BIN:010E54	1	他には、どんな用があるかい？{0E}	
03051	MAP/MAP010.BIN:010E96	1	いたいっ！！{0E}	
03052	MAP/MAP010.BIN:010EBE	1	{09}\n{02}{01}え？　え？{0E}	
03053	MAP/MAP010.BIN:010EE2	1	ひどいよ！　ふんづけるなんてっ。{0F}せっかく、かくれてたのにぃ！！{0E}{09}\n{02}	
03054	MAP/MAP010.BIN:010F26	1	ご、ごめん。{0E}	
03055	MAP/MAP010.BIN:010F96	1	{02}{16}み～つけた！{0E}	
03056	MAP/MAP010.BIN:010FD6	1	ほらぁ、\nみつかっちゃったじゃないか！{0E}	
03057	MAP/MAP010.BIN:01100E	1	木箱の中にいるのも、\nらくじゃないんだよっ。{0E}	
03058	MAP/MAP010.BIN:01104E	1	{09}{07}{02}{01}そ、それなら\n今度はオニごっこにしたら？{0E}	
03059	MAP/MAP010.BIN:01108E	1	{02}{16}わぁい。\nやろう！　やろう！{0E}	
03060	MAP/MAP010.BIN:0110C8	1	よし。\nおまえがオニだぞ！{0E}	
03061	MAP/MAP010.BIN:01112A	1	{02}{16}え～！\n	
03062	MAP/MAP010.BIN:011154	1	なんで、なんで！？　ずるい～。{0E}	
03063	MAP/MAP010.BIN:0111D8	1	小さいころの、\n	
03064	MAP/MAP010.BIN:0111F8	1	ボクたちみたいだね。{0E}	
03065	MAP/MAP010.BIN:01123C	1	{09}\n{02}{01}私はあんな、\nおてんばじゃなかったもん。{0E}	
03066	MAP/MAP010.BIN:011292	1	へぇ～。{0E}	
03067	MAP/MAP010.BIN:0112EE	1	{09}\n{02}{01}なによ！{10}	
03068	MAP/MAP010.BIN:01134C	1	わがはいは、\nかいぞく王・ラモンだ！{0F}やろうども！　いかりをあげろっ。{0E}	
03069	MAP/MAP010.BIN:0113A8	1	へい、わかりやした！{0E}	
03070	MAP/MAP010.BIN:0113C0	1	{09}\n{02}{01}ジュリオ・・・。{10}	
03071	MAP/MAP010.BIN:01141A	1	トバイにお嬢ちゃんたちを{0F}ネガル島まで送るよう\nキツく言っといたからな。{0F}船着場で待っておるはずじゃ。{0F}あんたらの準備がよければ、\n行ってみなされ。{10}	
03072	MAP/MAP010.BIN:0114B6	1	船着場で待っておるはずじゃ。{0F}あんたらの準備がよければ、\n行ってみなされ。{10}	
03073	MAP/MAP010.BIN:011506	1	え？　アザラシが・・・。{0F}アザラシのエサでもあれば\n一時的にアザラシをどけることも\nできるのじゃがな。{0E}	
03074	MAP/MAP010.BIN:011580	1	なんじゃ、\nアザラシのエサを\n持っておるじゃないか。{0E}	
03075	MAP/MAP010.BIN:0115BE	1	おお、アザラシのエサを\n手に入れたか。{0E}	
03076	MAP/MAP010.BIN:0115E8	1	それで船着場のアザラシどもも\nどいてくれるじゃろう。{10}	
03077	MAP/MAP010.BIN:011624	1	巡礼の旅が、実り多き旅であるよう、心から祈っておるぞ。{10}	
03078	MAP/MAP010.BIN:011714	1	{02}{17}お～い、こっちダベ！{0E}	
03079	MAP/MAP010.BIN:0117B8	1	おめーら、どこ行くだ？{0E}	
03080	MAP/MAP010.BIN:0117F2	1	船着場はあぶねぇぞ。\nでっけーアザラシがいるだ。{0F}おめーらみてーな子供なんか、\n喰われちまっぞ。{0F}ダミ、ダミ、あっち行った。{10}	
03081	MAP/MAP010.BIN:0118BC	3	これじゃ進めないよ。{10}	
03082	MAP/MAP010.BIN:011BA4	1	{02}{17}寝てるアザラシを起こさねーように、こっちに来るべ！！{0E}	
03083	MAP/MAP010.BIN:011C7E	1	ところが・・・。{0F}そのトバイの声が\nあまりにも大きかったので{0F}アザラシが目を覚ましてしまった。{0E}	
03084	MAP/MAP010.BIN:011D66	1	うわっ、{0E}	
03085	MAP/MAP010.BIN:011E5A	1	{09}{10}{02}{01}どうする？　ジュリオ。{0F}アザラシなんかやっつけちゃえば？{10}	
03086	MAP/MAP010.BIN:011EAE	1	やってやる！！{0E}	
03087	MAP/MAP010.BIN:011EDC	1	・・・と言いたいけど、\nやっぱりやめとこう。{10}	
03088	MAP/MAP010.BIN:011F64	1	えぇ？　でも・・・。{0F}かわいそうじゃないか。{10}	
03089	MAP/MAP010.BIN:0120BE	1	クリス、今のうちだよ。{0E}{09}{10}{02}{01}急ぎましょう。{10}	
03090	MAP/MAP010.BIN:012194	2	メナート国　アルデ	
03091	MAP/MAP010.BIN:0123D0	1	なんか\nかわいそうだな～。{10}	
03092	MAP/MAP010.BIN:01240A	1	これを使えばいいのかなあ。{10}	
03093	MAP/MAP010.BIN:012438	1	どうしよう、どうしよう。{10}	
03094	MAP/MAP010.BIN:0125AD	1	わかったよう・・・。{10}	
03095	MAP/MAP010.BIN:01284C	1	しょうがないなあ・・・。{10}	
03096	MAP/MAP010.BIN:0128D8	1	クリスは、いっつも\nそうなんだから・・・。{10}	
03097	MAP/MAP011.BIN:0000A2	1	鷄タラッタ号	
03098	MAP/MAP011.BIN:00E9B0	4	インタ	
03099	MAP/MAP011.BIN:00E9D0	3	エメナ	
03100	MAP/MAP011.BIN:00E9F0	3	リム	
03101	MAP/MAP011.BIN:00EA10	2	ビアノ	
03102	MAP/MAP011.BIN:00F64C	2	{02}{14}なんか食わせてやるっぺ。{10}	
03103	MAP/MAP011.BIN:00F66C	2	{02}{14}『キャプテン・トーマス』は\n最高ダべ。{0F}オラも漁師じゃなかったら、\n七つの海を股にかけ、\n大冒険をしてただろうぜ。{0E}{09}{0A}{02}	
03104	MAP/MAP011.BIN:00F6E1	2	ボクも『キャプテン・トーマス』\n大好きなんだ。{0E}海賊王ラモンとの\n最後の勝負のところなんか、\n何回読んでもドキドキしちゃうよ。{0E}{02}{14}うん。そうだろ、そうだろ。\nやっぱいいべなー。{0F}女の子にはわからんよなぁ。{0E}{09}	
03105	MAP/MAP011.BIN:00F7AB	2	でも、クリスは別だよ。{0E}{09}{08}{02}{01}どういう意味よ。{10}	
03106	MAP/MAP011.BIN:00F7DC	2	{02}{14}心配しねーでも、\nのんびりしてれば{0F}タラッタ号が安全にネガル島の港まで連れてってくれるって。{10}	
03107	MAP/MAP011.BIN:00F85C	4	{02}{14}いいから早く行って、\n用事を済ましてきてくれよ。{10}	
03108	MAP/MAP011.BIN:00F8BC	2	{02}{14}おう、用事は済んだのかい？{0E}{09}\n{02}{01}それがね、トバイさん。{0E}	
03109	MAP/MAP011.BIN:00F930	2	ごめんなさい。\nもう少しかかりそうなの。{0E}{02}{14}そうか。まだ、でーじょうぶダべ。\nあせらなくったってよう。{0F}オラはここで待ってるから。\nまだ、２、３日は、\n流氷で海が埋まることも{0F}ねーだろうぜ。{0E}	
03110	MAP/MAP011.BIN:00FA08	4	{02}{14}待っててやるって\n安心しな。{10}	
03111	MAP/MAP011.BIN:00FA54	4	{02}{14}おう、もういいのかい？\nいつでも出航できるぜ。{0E}	
03112	MAP/MAP011.BIN:00FA9A	4	{02}{01}ねぇ、トバイさん。{0F}じつは他にも乗せて欲しいって人が\nいるんだけど、\nかまわないかしら？{0E}{02}{14}オラは構わないぜ。{0F}ものはついでダっぺ。\n連れてこいよ。{0E}{09}{0A}{02}{01}ありがとう。{10}	
03113	MAP/MAP011.BIN:00FB6C	1	{02}{14}インタの奴、元気になりすぎだ。{0F}ずっと１人で\n海賊ゴッコをやってるぜ。{0E}{02}{14}船の進路なら心配ねーダべ。{0F}そうだ。チッタへの道の崖崩れは、\nまだ直ってねーだろうから、\n崖崩れの先辺りまで、{0F}船で連れてってやるべ。{0E}{09}{0A}{02}{01}ありがとう、助かるわ。{0E}{09}{0A}{02}	
03114	MAP/MAP011.BIN:00FC57	2	ありがとう。{0F}{02}{14}帰りは風向きが反対だからな。{0F}つきっきりで見てないと、\n船がいうこと、きかないんだ。{10}	
03115	MAP/MAP011.BIN:00FCC2	2	{02}{14}帰りは風向きが反対だからな。{0F}つきっきりで見てないと、\n船がいうこと、きかないんだ。{10}	
03116	MAP/MAP011.BIN:00FDBA	2	{02}{15}わ～い、わ～い！{0E}	
03117	MAP/MAP011.BIN:00FDE8	2	ねぇ、ボクは\nキャプテン・トーマスだよ。{0E}	
03118	MAP/MAP011.BIN:00FE1A	2	悪い海賊ラモンは\nあのマストの下に捕まえたよ。{0E}	
03119	MAP/MAP011.BIN:00FE6E	2	{02}{14}なんでオラがラモンなんだよ・・・。{0E}	
03120	MAP/MAP011.BIN:00FEEC	2	{02}{15}おかあちゃん。\nボク、海賊ラモンを捕まえたよ。{0E}{02}{16}あらあら・・・。\nトバイさん、\nすみませんね。{0E}	
03121	MAP/MAP011.BIN:00FF66	2	{02}{14}へーん！\nいいってことよ。{0F}どうせオラはラモン役ダっぺ。{0E}	
03122	MAP/MAP011.BIN:00FFFA	2	わはははは・・・！\nラモンは逃げたぞーっ！{0E}	
03123	MAP/MAP011.BIN:010040	2	{02}{15}あっ、待てーっ！{0E}	
03124	MAP/MAP011.BIN:0101BC	2	トバイのおかげでメナート大陸への\n航海は楽しいうちに進んだ。{0F}ジュリオたちは、いまさらながらに\n旅先で出会う人々の温かさを感じた。{0E}やがて大陸が近づいてきた。{0E}	
03125	MAP/MAP011.BIN:0102A4	2	目の前にメナート大陸の岸壁が\nせまってきた。{0F}トバイはジュリオたちが\nチッタへ行けるように、\nアルデの港に船を着けるのではなく{0F}崖崩れを越えた場所に\n接岸してくれることになった。{0E}エメナ親子は、\nしばらくアルデで暮らし、{0F}落ち着いてから\nニーリへ行くことになった。{0F}優しいニーリの人たちなら、\nインタを温かく迎えてくれるだろうとジュリオは思った。{0E}	
03126	MAP/MAP011.BIN:01058E	2	{02}{14}よおし、ジュリオ、クリス。{0E}	
03127	MAP/MAP011.BIN:0105F0	2	あの岸壁の下に接岸するぜ！\n準備はいいかい？{0E}	
03128	MAP/MAP011.BIN:010638	2	{02}{19}準備いいよ！{0E}	
03129	MAP/MAP011.BIN:010698	2	{09}\n{02}{01}でも、あんなに険しい岸壁。\n登れるの？{0E}	
03130	MAP/MAP011.BIN:0106DA	1	{02}{14}あの岸壁は、見た目には険しいが、\n以外と簡単に登れるんだ。{0F}お前たちなら大丈夫ダっぺ。{10}	
03131	MAP/MAP011.BIN:0107DA	2	{02}{16}故郷のネガル島を離れて\n大陸に渡っても、{0F}この先、大変なことは\n覚悟しているわ。{0F}でも、インタのためにも\n頑張らなくてはね。{10}	
03132	MAP/MAP011.BIN:01085A	2	{02}{17}ぼくはリム。\nインタの兄貴分さっ！{10}	
03133	MAP/MAP011.BIN:010884	2	{02}{18}私はビアノ。\n倉庫番をやってるぞ。{10}	
03134	MAP/MAP011.BIN:0108AE	2	{02}{19}俺は仮ローディ。{0F}立ち位置を決めるために\n雇われたんだ。{10}	
03135	MAP/MAP011.BIN:0109F8	2	{02}{01}このマスト、\n登れないのかしら？{0E}	
03136	MAP/MAP011.BIN:010A6A	2	やめなよ、クリス。{0F}本当におてんばなんだから・・・。{0E}	
03137	MAP/MAP011.BIN:010AB4	2	{02}{01}わかってるわよ、\n登らないから安心しなさい。{0E}	
03138	MAP/MAP011.BIN:010AFA	2	でも、私が船で１番好きな場所は\nマストの上よ。{0F}覚えといてね。{0E}{09}\n{02}	
03139	MAP/MAP011.BIN:010B3B	4	覚えててもいいけどさ、\nそんなこと覚えて、何になるんだよ。{10}	
03140	MAP/MAP011.BIN:010BA8	1	{02}{01}私が船で１番好きな場所は\nマストの上よ。{0F}覚えといてね。{0E}{09}\n{02}	
03141	MAP/MAP011.BIN:010C60	2	やっぱり船は、\nこの場所が１番いいなぁ。{0E}	
03142	MAP/MAP011.BIN:010CB4	2	鷹の爪号のジルバ船長も、\nこの眺めが気に入って\n船長になろうと思ったんだってさ。{0E}	
03143	MAP/MAP011.BIN:010D1A	2	キャプテン・トーマスも、\nこんな風に、ここに立って\nいたんだろうなぁ・・・。{10}	
03144	MAP/MAP011.BIN:010DA2	2	やっぱり船は、\nこの場所が１番いいなぁ。{10}	
03145	MAP/MAP011.BIN:010E18	2	{02}{01}ねえ、ジュリオ。{0F}どうも樽を見ると、ハックおじさんが出てきそうな気がするわね。{0E}	
03146	MAP/MAP011.BIN:010E76	2	でも、ボクはまた会いたいな。{0E}	
03147	MAP/MAP011.BIN:010E9E	2	{02}{01}あら、私だってそうよ。{0F}ハックおじさんは\n少し変わっているけど、\n私、大好きよ。{0E}{09}	
03148	MAP/MAP011.BIN:010EF2	2	うん、ボクも好きだよ。{10}	
03149	MAP/MAP011.BIN:010F7C	2	あっ？\nあ・・あれは、なんだろう！{0E}	
03150	MAP/MAP011.BIN:010FE2	1	うわーっ\nなんだろう、すごいや。{0E}	
03151	MAP/MAP011.BIN:011030	2	{02}{14}お～い、どうした？{0E}	
03152	MAP/MAP011.BIN:011096	2	と、と、トバイさん！\nあれっ・・・何だろう？{0E}	
03153	MAP/MAP011.BIN:011178	2	{02}{01}トバイさん！\nあれって、なに？{0E}	
03154	MAP/MAP011.BIN:0111CA	2	{02}{14}あ、ありゃぁ・・・まさか。{0F}そんな・・・バカな・・・。{0E}	
03155	MAP/MAP011.BIN:01120E	2	ネガル島の沖海を\n巨大なコブのようなものが、\n南に向けて移動していた。{0E}	
03156	MAP/MAP011.BIN:011256	2	{09}{0F}{02}{01}・・・まるで、\n山が海を渡っているみたい・・・。{0E}	
03157	MAP/MAP011.BIN:01131E	2	{02}{14}まちげぇねぇ！　ガルガだ・・・。{0E}{09}{0F}{02}	
03158	MAP/MAP011.BIN:011345	3	えーっ？！{0E}	
03159	MAP/MAP011.BIN:01136A	2	{09}{0F}{02}{01}ガルガ・・・・・？！{0E}	
03160	MAP/MAP011.BIN:01139A	2	ガルガだって？！{0E}	
03161	MAP/MAP011.BIN:0113BE	1	\n\n\n\n\n　　　　　小さな巡礼者ジュリオとクリスは\n　　第２のシャリネがあるネガル島に向かう船上で\n　　　　　海獣ガルガを目撃したのだった。\n	
03162	MAP/MAP011.BIN:0114CC	2	本棚に本がある。{0F}『キャプテン・トーマス』の本だ。{0E}表紙には\n《キャプテン・トーマスの大航海》\nと、書いてある。{0F}ジュリオの大好きな物語だ。{0E}少し長いけど、読んで見ますか？{0E}	
03163	MAP/MAP011.BIN:011588	6	ジュリオは\n手にとって本を開いてみた。{10}	
03164	MAP/MAP011.BIN:0115BA	2	ジュリオは\nトバイも『キャプテン・トーマス』のファンだと知って、{0F}少しうれしくなった。{10}	
03165	MAP/MAP011.BIN:011616	1	{02}{08}デバッグ用イベントです。\n	
03166	MAP/MAP011.BIN:011688	2	部屋の中でインタが\n横になっているようだ。{0E}	
03167	MAP/MAP011.BIN:0116C4	2	どうしたのトバイさん？\nインタ、具合でも悪くなったの。{0E}	
03168	MAP/MAP011.BIN:011708	2	{02}{14}どうも船酔いらしい。{0E}	
03169	MAP/MAP011.BIN:011728	2	タラッタ号は\n客船じゃないから薬はないし、{0E}	
03170	MAP/MAP011.BIN:011760	2	港に着くまで\n我慢してもらうしかないな。{0E}	
03171	MAP/MAP011.BIN:011798	2	{02}{01}そうだわ、ジュリオ。{0F}ジルバ船長にもらった\n酔い止めの薬あったわよね！{0E}	
03172	MAP/MAP011.BIN:0117FA	2	そうだ、\n薬だったらあるよ。{0E}	
03173	MAP/MAP011.BIN:011828	1	ジュリオは荷物の中から\n酔い止めの薬を取り出した。{0E}	
03174	MAP/MAP011.BIN:011882	1	{02}{14}なんだ、酔い止めの薬を\n持っていたのか。{0F}良かった。さあ、飲ませてやりな。\n船酔いくらい、たちどころに治るさ。{0F}さてと。{0E}	
03175	MAP/MAP011.BIN:011910	1	オラは船の進路を\n見てなきゃならないからな。\n甲板にあがってるぜ。{0E}	
03176	MAP/MAP011.BIN:01199C	2	{02}{15}なんだかボク、気持ち悪いよ・・・。{10}	
03177	MAP/MAP011.BIN:0119D4	2	{02}{16}インタったら、船に乗れるって\nあれほど喜んでいたのに・・・。{0F}大丈夫かしら。{0E}	
03178	MAP/MAP011.BIN:011A3E	2	{02}{16}あら？　お薬があるのですか。{0E}	
03179	MAP/MAP011.BIN:011A72	2	{02}{01}はい、酔い止めの薬よ。{0F}これをインタくんに飲ませてあげて。すぐに良くなるわ。{0E}	
03180	MAP/MAP011.BIN:011AC8	1	クリスは酔い止めの薬を\nエメナに渡した。{0E}{02}{16}何から何まで、\n本当にありがとうございます。{0F}さっそく飲ませてみます。{0F}	
03181	MAP/MAP011.BIN:011B86	2	エメナは酔い止めの薬を\nインタに飲ませた。{0E}	
03182	MAP/MAP011.BIN:011D90	2	{02}{15}ぶるぶる～ん！\nあっひー。{0E}	
03183	MAP/MAP011.BIN:011DB6	1	この薬、すごく効くみたい。\nボク、気持ち悪いの、\nなおっちゃったよ！{0E}	
03184	MAP/MAP011.BIN:011E24	2	{02}{15}わーっ。{0F}なおっちゃった。\nなおっちゃった。{0F}ありがとう。\nお兄ちゃん、お姉ちゃん！{0F}おかあちゃん、\nボク遊んでくるねー！{0E}	
03185	MAP/MAP011.BIN:012042	2	{02}{16}まあ、あの子ったら・・・。{0F}本当にありがとうございました。{0E}	
03186	MAP/MAP011.BIN:0120BE	2	そうだわ。{0E}	
03187	MAP/MAP011.BIN:0120E6	2	どうぞ、これを受け取ってください。{0E}エメナは麦の入った麻袋を\n取り出した。{0E}	
03188	MAP/MAP011.BIN:012142	2	{02}{16}１度煮立ててから乾燥させた麦です。{0F}旅の間の食料には、\nとってもいいのよ。\n非常食代わりに持っていって下さい。{0E}{09}{0A}{02}{01}わっ。{0F}いただいて、\nいいんですか？{0E}	
03189	MAP/MAP011.BIN:012212	2	ありがとう、エメナさん。{0E}	
03190	MAP/MAP011.BIN:012232	1	ジュリオたちは\n乾燥麦をもらいました。{0E}{02}{16}故郷のネガル島を離れて\n大陸に渡っても、{0F}この先、大変なことは\n覚悟しているわ。{0F}でも、インタのためにも\n頑張らなくてはね。{10}	
03191	MAP/MAP011.BIN:012364	2	{09}{09}{02}{01}ジュリオ、そっちは海よ！{0F}もう、本当に方向オンチなんだから。{0E}{09}\n{02}	
03192	MAP/MAP011.BIN:01250E	2	{02}{14}まだ、でーじょうぶダべ。\nあせらなくったってよう。{0F}オラはここで待ってるから。\nまだ、２、３日は、\n流氷で海が埋まることも{0F}ねーだろうぜ。{0E}	
03193	MAP/MAP011.BIN:012A30	2	{02}{14}もう、大丈夫ダべ。{0E}	
03194	MAP/MAP011.BIN:012A8A	2	海に出てしまえば\nこっちのもんダべ。{0F}こん海は、オラの庭みたいなもんだ。{0E}{09}\n{02}	
03195	MAP/MAP011.BIN:012AD5	2	（ぐうるぅ・・ぐぐぐるぅ・・！）{0E}	
03196	MAP/MAP011.BIN:012B16	1	ジュリオのお腹が鳴った。{0E}{09}	
03197	MAP/MAP011.BIN:012B31	2	{02}{01}アザラシも\nお腹が減っていたのかしら。{0E}	
03198	MAP/MAP011.BIN:012B6C	2	{02}{14}ジュリオ、\nお前、腹へってんのか？{0E}{09}\n{02}	
03199	MAP/MAP011.BIN:012B94	2	うん、ぺこぺこ。{0E}	
03200	MAP/MAP011.BIN:012BBA	2	{02}{01}そういえば、\nニーリの港についてから、{0F}食事らしい食事を\nしてなかったものね。{0E}	
03201	MAP/MAP011.BIN:012C1C	1	なんだか私も\nお腹が空いてきちゃった。{0E}{02}{14}そんなら、ちょっと早いけど、\n飯にすっか。{0E}{09}	
03202	MAP/MAP011.BIN:012C70	2	{02}{01}えっ？！\n食事の用意なんかしてあるの？{0E}{02}{14}あったりめーだ。{0F}漁師はよう、１度漁に出たら\n何日かかるかわからねぇ。{0F}だから、食料だけは\nいつも余分に船に積んでおくんダべ。{0E}	
03203	MAP/MAP011.BIN:012D34	2	もっとも、麦ばっかだけどよ。{0F}	
03204	MAP/MAP011.BIN:012D64	2	さあ、ついて来るべ。{10}	
03205	MAP/MAP011.BIN:012E6E	2	準備はいいね。{0E}{02}{16}はい、よろしくお願いします。{0E}	
03206	MAP/MAP011.BIN:012ECA	2	{02}{16}ビアノさん、\nお世話になりました。{0E}{02}{18}世話になったのはこっちの方さ。\n気をつけて行くんだよ。{0F}心配しないでも、\nみんなにはうまく言っておくよ。{0E}	
03207	MAP/MAP011.BIN:012F6A	2	いいかい。\nこのネガル島は、あんたの島だ。{0F}つらいことがあったら、\nいつでも戻っておいで。{0E}{02}{16}ありがとう、ビアノさん。{0E}{02}{18}落ち着いたら手紙をくれよ。{0E}{02}{16}はい。{0E}	
03208	MAP/MAP011.BIN:013024	2	{02}{15}ねぇ、{0E}	
03209	MAP/MAP011.BIN:013036	2	早くお船に乗ろうよ。{0E}	
03210	MAP/MAP011.BIN:013060	2	{02}{01}じゃあ、行きましょうか？{0E}{02}{16}ええ。{0E}	
03211	MAP/MAP011.BIN:0130FA	2	{02}{17}お～い、インタ～っ！{0E}	
03212	MAP/MAP011.BIN:01311A	2	{02}{15}あっ？！\nリムにいちゃんの声だ！{0E}	
03213	MAP/MAP011.BIN:0131C4	2	{02}{17}やっぱりいた。{0F}村にいないから、\nもしかしたら港じゃないかと思って、きてみたんだ。{0F}インタ。\nおまえ、こんなとこで\n何やってんだ？{0E}	
03214	MAP/MAP011.BIN:01325C	2	{02}{15}お船にのるんだよ。{0E}{02}{17}お船・・・？{0E}	
03215	MAP/MAP011.BIN:01329C	2	おまえ、どっか行くのか。{0F}行っちゃうのかよ。{0E}{02}{15}えっ？\nボクどこにも行かないよ。{0F}お船にのるだけだもん。{0E}	
03216	MAP/MAP011.BIN:013314	2	{02}{16}インタ・・・。\nごめんね。{0E}	
03217	MAP/MAP011.BIN:01333A	2	お船に乗るだけじゃないのよ。{0E}	
03218	MAP/MAP011.BIN:013364	2	私たちは大陸で暮らすのよ。{0E}{02}{15}大陸で・・・。{0E}	
03219	MAP/MAP011.BIN:0133BC	2	そんなの・・・ヤダよ。{0E}	
03220	MAP/MAP011.BIN:0133E0	2	リムにいちゃんと\n遊べなくなっちゃうじゃないか。{0E}	
03221	MAP/MAP011.BIN:01341E	2	だったらボク、お船に乗らない。{0E}	
03222	MAP/MAP011.BIN:013454	2	{02}{17}おばさん、本当なの？{0E}	
03223	MAP/MAP011.BIN:013474	2	{02}{16}ごめんね、リム。{0E}	
03224	MAP/MAP011.BIN:0134A0	2	{02}{17}そんなのあるかよ。\nなんで教えてくれなかったんだ。{0E}	
03225	MAP/MAP011.BIN:0134F0	2	{02}{18}リム、よしなさい。{0E}	
03226	MAP/MAP011.BIN:01351C	2	{02}{17}だってよう・・・。{0E}{02}{16}・・・・・・・・。{0E}{02}{18}みんなに黙って島を出て行くのも、\nつらいことなんだよ。{0F}リム、わかってあげられるね。{0E}{02}{17}・・・・・・・・。{0E}	
03227	MAP/MAP011.BIN:0135C4	1	{02}{15}・・・・・・・・。\nリムにいちゃん。{0E}	
03228	MAP/MAP011.BIN:013602	1	ボク・・・。\nお船にのって大陸に行くよ。{0E}{02}{17}インタ・・・。{0E}	
03229	MAP/MAP011.BIN:013642	2	わかったよ、元気でな。{0E}	
03230	MAP/MAP011.BIN:01367C	2	手紙よこせよ、\n俺も送るからさ。{0E}	
03231	MAP/MAP011.BIN:0136B0	2	{02}{15}うん・・・。{0E}{02}{18}さあ元気を出せ、２人とも。\n船出なんだぞ。{0F}大昔から、船出は笑顔で送り出し、\n笑顔で送り出されるのが\n縁起がいいと、されてんだ。{0F}いつまでも、\nメソメソしてるんじゃない。{0E}	
03232	MAP/MAP011.BIN:01377A	2	{02}{17}うん。\nじゃあな、インタ。{0F}手紙待ってるぜ。{0E}	
03233	MAP/MAP011.BIN:0137BA	2	{02}{15}うん。\nリムにいちゃんも元気でね。{0F}手紙書くよ。{0E}{02}{18}ほら、行った行った。\n日が暮れてしまうぞ。{0E}	
03234	MAP/MAP011.BIN:013888	2	{02}{01}じゃあ、今度は\n本当に船に乗るわよ。{0F}いいわね。{0E}	
03235	MAP/MAP011.BIN:0138EA	2	{02}{16}はい、お願いします。{0E}{02}{15}うん。{0E}	
03236	MAP/MAP011.BIN:0139BC	2	{02}{15}バイ、バ～イ！{0E}	
03237	MAP/MAP011.BIN:0139EA	2	{02}{17}元気でな！{0E}	
03238	MAP/MAP011.BIN:013A0E	2	{02}{18}気をつけてな。{0E}	
03239	MAP/MAP011.BIN:013A3E	2	{02}{01}そういうわけなの、\nトバイさん。{0E}{02}{14}何も言うな。\nガッテン承知の介ダっぺ。{0F}さあ乗ってくれ。{0E}	
03240	MAP/MAP011.BIN:013BA0	2	{02}{14}外はさみーから板をはずすまで、\n中で待っててけれ。{10}	
03241	MAP/MAP011.BIN:013CF8	2	{02}{01}トバイさん、どうもありがとう。{0E}{02}{14}いいってことよ。{0E}	
03242	MAP/MAP011.BIN:013D44	1	ありがとう、トバイさん。{0E}{02}{14}ところでお前たち。{0F}島からの帰りは、\nどうするつもりでいるっぺ？{0F}この島がガルガに\n襲われるなんてことがねかったら、\nそのまま置いてくる気だったども、{0F}このブンだと帰りの船を\n探すのも大変ダべ。{0E}	
03243	MAP/MAP011.BIN:013E4A	2	{09}\n{02}{01}そう言われてみれば、そうねぇ。\nどうしょう・・・。{0E}{02}{14}しかたねぇ。{0E}	
03244	MAP/MAP011.BIN:013EB0	2	乗り掛かった船ダべ。\nここで待っててやるぜ。{0F}どうせ２日くれぇで\n用事は済むんだろ。{0E}	
03245	MAP/MAP011.BIN:013F1A	1	うん、テグラのシャリネへ\n行くだけだから、{0F}そのくらいで戻れるよ。{0E}{02}{14}よし、決まりだ。\nじゃあ、行ってこい。{0F}気をつけてな。{0E}	
03246	MAP/MAP011.BIN:013FA6	2	{09}{0A}{02}{01}うん、トバイさん。\nありがとう。{0E}{09}{0A}{02}	
03247	MAP/MAP011.BIN:013FCE	2	じゃあまたね、トバイさん。{10}	
03248	MAP/MAP011.BIN:0140E0	2	{02}{15}リムにいちゃん！\n元気でねーっ！！{0F}さよならーっ！！{0E}{02}{17}インタ！\nきっと手紙よこせよーっ！{0E}{09}	
03249	MAP/MAP011.BIN:01413D	2	さよならーっ、ビアノさ～ん！{0E}{02}{18}巡礼の旅人さん！\nインタたちを頼んだぞー！{0E}{02}{16}ビアノさんも、お元気で！{0E}{09}	
03250	MAP/MAP011.BIN:0141A3	4	{02}{01}さようならー！{0E}	
03251	MAP/MAP011.BIN:0141CE	2	{02}{14}出発、進行！！{10}	
03252	MAP/MAP011.BIN:014256	2	{02}{14}何してたっぺ？\nえらい遅かったな。{0E}	
03253	MAP/MAP011.BIN:01428E	2	{09}\n{02}{01}トバイさん大きな声だすから、\nアザラシが起きちゃったじゃない。{0E}	
03254	MAP/MAP011.BIN:0142E8	2	そうだよ。{0E}{02}{14}え？　すまねぇ。\nいやぁ、悪かった・・・。{0E}トバイは少しモジモジしながら\nあやまった。{0E}	
03255	MAP/MAP011.BIN:01435C	2	{02}{14}オヤジさんにしかられっちまったぜ。{0E}やっぱり、漁師は海に出ねーと、\n男じゃねえってな。{0E}	
03256	MAP/MAP011.BIN:0143C6	2	タラッタ号の準備はできてるぜ。{0E}	
03257	MAP/MAP011.BIN:0143FC	2	タラッタ号？{0E}	
03258	MAP/MAP011.BIN:01441C	2	・・・へんな名前。{0E}	
03259	MAP/MAP011.BIN:014442	2	{09}\n{02}{01}こらっ、ジュリオ。{0E}	
03260	MAP/MAP011.BIN:01446C	2	乗せてもらうのに、\nそんなこと言っちゃダメでしょ。{0E}{02}{14}別にへんな名前じゃねーぜ。{0E}	
03261	MAP/MAP011.BIN:0144CE	2	土地の言葉で\n海原号っていう意味ダベ。{0E}	
03262	MAP/MAP011.BIN:014504	2	{02}{01}トバイさん、気にしないでね。{0F}じゃあ、すみませんが、\nネガル島までよろしくお願いします。{0E}{02}{14}よーし、\nタラッタ号の出航だべーっ！！{10}	
03263	MAP/MAP011.BIN:014744	2	{02}{14}甲板は冷えるだろ。{0E}	
03264	MAP/MAP011.BIN:014796	2	この季節の海風は体にこたえるぜ。{0E}	
03265	MAP/MAP011.BIN:0147D2	2	中に入った方がいいべ。{0E}	
03266	MAP/MAP011.BIN:014846	2	さあ、こっちだ。{0E}	
03267	MAP/MAP011.BIN:014924	2	{02}{01}ジュリオ、\nネガル島にもいろんな人がいたね。{0E}{09}	
03268	MAP/MAP011.BIN:014956	2	うん。\nでもみんな、いい人ばかりだった。{0E}{09}	
03269	MAP/MAP011.BIN:014980	2	{02}{01}そうね。{0E}	
03270	MAP/MAP011.BIN:0149DE	1	ねぇ、クリス。{0F}２０年前にボクらみたいに\n旅をした魔女って\nどんな人だったのかなぁ。{0E}今、メナート国で起きている悪いことは魔女の呪いだって言う人もいれば、{0F}泥炭で生活できるようになったのは、魔女のおかげだと、\n感謝してる人もいる。{0F}白き魔女は、いい人だったのかな。{0E}	
03271	MAP/MAP011.BIN:014B06	2	それとも、おとぎ話の魔女のように、恐ろしくて\n怖い人だったのかなぁ。{0E}	
03272	MAP/MAP011.BIN:014B5A	2	{09}{07}{02}{01}やっぱり、魔女っていうと、\n	
03273	MAP/MAP011.BIN:014B8E	2	怖いおばあさんを\n想像しちゃうわね。{0E}でも、白き魔女は\nそうでもないみたい。{0E}	
03274	MAP/MAP011.BIN:014BF4	2	ハックおじさんに、\nもう少し、話を聞いておけば\n良かったわね。{10}	
03275	MAP/MAP011.BIN:014E86	2	{02}{14}タラッタ号名物、\n麦飯のシーフード・カリーピラフだ。{0F}うっめーぞ。{0E}{09}{0A}{02}{01}うわーっ、おいしそう！{0E}{02}{19}いっただーき、ま～す！{0F}もぐもぐもぐもぐ・・・\nもぐもぐもぐもぐ・・・。{0F}・・・もぐもぐもぐもぐ\n・・・もぐもぐもぐもぐ\nもぐもぐもぐ・・・もぐ{0F}もぐもぐもぐ・・・。{0E}{09}	
03276	MAP/MAP011.BIN:014F8B	3	ふーっ・・・。{0E}{09}	
03277	MAP/MAP011.BIN:014F9C	2	{02}{01}あー、おいしかった。{0E}{02}{19}ごちそうさまでした！{0E}{02}{14}なっ、うまかっただろ。{0E}{09}{0A}{02}	
03278	MAP/MAP011.BIN:014FE7	2	うん、すごくおいしかったよ。{10}	
03279	MAP/MAP011.BIN:015008	1	{02}{14}どら、おらは甲板に戻るっぺ。{10}	
03280	MAP/MAP011.BIN:015148	1	\n\n\n\n\n\n　　　　　　　第１章　テグラの宝石\n	
03281	MAP/MAP011.BIN:0151AA	2	ほ・・・本当に・・・。\nガルガが・・・出た・・・。{0E}{02}{14}ネ・・・ネガル島が・・・。\nテグラが襲われちまったのか・・・。{0E}	
03282	MAP/MAP011.BIN:01523E	1	{09}{0F}{02}{01}ガルガって・・・。{0F}人を襲ったり\nしないんじゃなかったの。{0E}	
03283	MAP/MAP011.BIN:015290	2	あいつ、どこに泳いでいく\nつもりなんだろう？{0E}{02}{14}あっちはメナート国の首都、\nネルバの方角ダべ。{0E}	
03284	MAP/MAP011.BIN:015314	2	こりゃ、やっべーな。\nあんな奴が襲ってきたら、{0F}人間の作った城なんて\nひとたまりもねえぜ。{0F}上陸すんのかなぁ・・・。{0E}	
03285	MAP/MAP011.BIN:01539E	2	あれ？\n	
03286	MAP/MAP011.BIN:0153B8	2	クリス、トバイさん。{0E}	
03287	MAP/MAP011.BIN:015418	2	ほら、あそこ！{0E}	
03288	MAP/MAP011.BIN:015454	2	{02}{01}えっ？　なによ。{0E}	
03289	MAP/MAP011.BIN:01548E	2	ほら、人がのってるよ。\n呼んでみようか。{0E}	
03290	MAP/MAP011.BIN:0154D0	2	お～い、お～い！{0E}	
03291	MAP/MAP011.BIN:0155BC	2	お～い！{0E}	
03292	MAP/MAP011.BIN:0155D6	2	ちぇっ、\n行っちゃった。{0E}	
03293	MAP/MAP011.BIN:015636	2	行っちゃったよ。{0E}{09}{0F}{02}{01}それにしても、\nあの小舟に乗っていた人。{0F}ずいぶん深刻な顔をしていたわね。{0E}{02}{14}きっと、ガルガに無茶苦茶にされた\nテグラの村の人ダべ。{0E}	
03294	MAP/MAP011.BIN:0156E4	2	深刻な顔にもなるダべ。{0E}	
03295	MAP/MAP011.BIN:015712	2	{09}{0E}{02}{01}うん。そうよね。{0E}	
03296	MAP/MAP011.BIN:01572E	2	{02}{14}それよか、\nそろそろネガル島に着くっぺ。{0F}降りる準備をしてくれよ。{0E}	
03297	MAP/MAP011.BIN:01578E	1	{02}{19}うん！{0E}	
03298	MAP/MAP011.BIN:01579E	1	しばらくして、\nジュリオたちを乗せたタラッタ号は{0F}無事にネガル島の船着場に\n到着することができた。{0F}ガルガの被害が心配だったが、\n見たところ、船着場に\n被害はないようだった。{0E}テグラのシャリネは、もう近い。\nここまでくれば、{0F}シャリネがガルガによって\n破壊されていないことを\n祈るばかりだ。{0F}ジュリオとクリスはハヤル気持ちを\nおさえてタラッタ号を後にした。{10}	
03299	MAP/MAP012.BIN:0000A4	1	テグラ	
03300	MAP/MAP012.BIN:00F324	1	ニック	
03301	MAP/MAP012.BIN:00F344	1	坑夫のベン	
03302	MAP/MAP012.BIN:00F364	2	坑夫のモック	
03303	MAP/MAP012.BIN:00F384	1	ジェシカおばさん	
03304	MAP/MAP012.BIN:00F3A4	1	キテロ	
03305	MAP/MAP012.BIN:00F3E4	1	ケビンじいさん	
03306	MAP/MAP012.BIN:00F404	1	パイル	
03307	MAP/MAP012.BIN:00F424	1	チャッペルのモール	
03308	MAP/MAP012.BIN:00F444	1	武器屋のジャック	
03309	MAP/MAP012.BIN:00F464	1	道具屋のコイル	
03310	MAP/MAP012.BIN:00F484	1	倉庫番ビアノ	
03311	MAP/MAP012.BIN:00F4C4	1	エレック村長	
03312	MAP/MAP012.BIN:00F4E4	1	スカラ夫人	
03313	MAP/MAP012.BIN:00F504	1	パステ	
03314	MAP/MAP012.BIN:00F524	1	ホフカ	
03315	MAP/MAP012.BIN:00F544	1	テグラの賢者	
03316	MAP/MAP012.BIN:00FA2A	1	ダミー用ＮＰＣです。{10}	
03317	MAP/MAP012.BIN:00FA6A	1	テグラの男が海を見つめて、\nなにやらボソボソ独り言を{0F}いっている。{0E}{02}{15}ローディの奴、\n血相を変えて出て行きやがった。{0F}たった１人でガルガを倒すなんて\n無茶だ。{0F}それに、あんな小さな舟で\n漕ぎ出すなんて・・・。{0E}{09}\n{02}{01}ローディって、誰のことかしら？{10}	
03318	MAP/MAP012.BIN:00FB6A	1	{02}{15}ローディの奴・・・。{0F}ガルガ相手に、\n１人でどうするつもりなんだ・・・。{10}	
03319	MAP/MAP012.BIN:00FBB8	1	{02}{15}ケビンじいさんも、\n昔は漁師だったんだが、{0F}今じゃ、島１番の宝石作りなんだよ。{0F}泥炭でアコヤ貝を養殖するとね、\nそれはキレイな赤い宝石が\n出来上がるんだ。{0F}あれは誰もマネ出来ないよ。{10}	
03320	MAP/MAP012.BIN:00FC92	1	{02}{16}よお、巡礼の人だね。\n俺は泥炭坑夫のベン。{0F}君たちみたいな旅人が\n迷子にならないように\n交替でここに立ってるんだよ。{0F}北にまっすぐ行けば泥炭の炭坑。\n東へどんどん行けば\nテグラのシャリネだ。{0F}なっ、これで迷いっこないだろう。{0E}{09}{0A}{02}{01}ありがとう、ベンおじさん。{0E}{02}{16}どういたしまして。{0F}どうやらシャリネの魔法の鏡は\nガルガの襲撃から\n助かったみたいだから{0F}安心して行っておいでよ。{10}	
03321	MAP/MAP012.BIN:00FE06	1	{02}{16}北にまっすぐ行けば泥炭の炭坑。{0F}東へどんどん行けば\nテグラのシャリネだ。{0F}はい、気をつけて行っておいで。{10}	
03322	MAP/MAP012.BIN:00FE88	1	{02}{16}よお、巡礼の人だね。\n俺は泥炭坑夫のベン。{0F}君たちみたいな旅人が\n迷子にならないように\n交替でここに立ってるんだよ。{0E}{02}{16}どうだった。テグラのシャリネは？{0F}ありゃりゃ、２人とも、なんだか\n浮かない顔をしてるなぁ・・・。{0F}魔法の鏡で良くないものでも\n見たのかな。{0F}あんまり気にすることないさ。\n元気を出しなよ、お２人さん。{10}	
03323	MAP/MAP012.BIN:00FFD6	1	{02}{16}どうだった。テグラのシャリネは？{0F}ありゃりゃ、２人とも、なんだか\n浮かない顔をしてるなぁ・・・。{0F}魔法の鏡で良くないものでも\n見たのかな。{0F}あんまり気にすることないさ。\n元気を出しなよ、お２人さん。{10}	
03324	MAP/MAP012.BIN:0100AC	1	{02}{16}ほら、元気を出して。{10}	
03325	MAP/MAP012.BIN:0100DC	1	{02}{16}ほら、元気を出して。{0E}{09}{0E}{02}{01}うん。\nありがとう、ベンおじさん。{0E}{09}	
03326	MAP/MAP012.BIN:01011B	1	{02}{01}じゃあ、ジュリオ。\n早く炭坑へ行きましょう。{0E}{09}	
03327	MAP/MAP012.BIN:01014D	1	うん、そうだね。{0E}{02}{16}んっ？　なんだ君たち。\n炭坑に用があるのかい。{0E}{09}	
03328	MAP/MAP012.BIN:010190	1	{02}{01}うん。{0F}ケビンおじいさんに頼まれて、\n沼に宝石を取りに行くのよ。{0E}	
03329	MAP/MAP012.BIN:0101DC	1	{02}{01}こんにちは、ベンおじさん。{0E}{02}{16}おっ？　また君たちか。\nどうやら元気は戻ったみたいだね。{0F}シャリネに忘れものかい？{0E}{09}	
03330	MAP/MAP012.BIN:01024E	1	{02}{01}ううん、違うの。{0F}ケビンおじいさんに頼まれて、\n沼に宝石を取りに行くのよ。{0E}	
03331	MAP/MAP012.BIN:01029C	1	{02}{16}それは感心だ。{0F}でも、迷子にならないように\n気をつけるんだぞ。{10}	
03332	MAP/MAP012.BIN:0102E4	1	{02}{16}迷子にならないように\n気をつけるんだよ。{10}	
03333	MAP/MAP012.BIN:01031E	1	{02}{16}よう、ご苦労さん。\n炭坑の中はどうだった？{0F}暗くて恐かっただろ。\n炭坑の中から外に出たときは、\nなんだかホッとするんだよね。{0F}この気持ち、わかるだろ。{10}	
03334	MAP/MAP012.BIN:0103BC	1	{02}{16}よお、ご苦労さん。{0F}北にまっすぐ行けば泥炭の炭坑。\n東へどんどん行けば\nテグラのシャリネだ。{0F}はい、気をつけて行っておいで。{10}	
03335	MAP/MAP012.BIN:010482	1	{02}{17}ここは泥炭の炭坑だよ。{0F}子供はあぶないから入っちゃダメだ。迷子になっちゃうからね。{0F}ベンちゃんが道案内に\n立っていたろう。{0F}シャリネなら、あの角から\n東に行ったところにあるよ。{10}	
03336	MAP/MAP012.BIN:010592	1	{02}{17}ここは泥炭の炭坑だよ。\n子供はあぶないから入っちゃダメだ。{0F}迷子になっちゃうからね。{0E}	
03337	MAP/MAP012.BIN:0105FE	1	{02}{17}えっ・・・？\nケビンじいさんに頼まれたって。{0F}それじゃ、しょうがないなぁ。{0E}本当なら、孫のローディに\n頼むんだろうけどな。{10}	
03338	MAP/MAP012.BIN:0106FA	1	{02}{17}中は危険なところもあるから、\n気をつけて行くんだよ。{10}	
03339	MAP/MAP012.BIN:010762	1	{02}{17}おや？{0F}まだケビンじいさんの頼まれごと\n済んでなかったのか。{10}	
03340	MAP/MAP012.BIN:010828	2	{02}{17}おや、外に出たいのかい？{0F}炭坑の中は暗くて危険だから\nできるだけ、中に入らないようにね。{10}	
03341	MAP/MAP012.BIN:010898	2	{02}{17}やあ、君たちか。{0F}ケビンじいさんからの頼まれごとは\n済ませたのかい？{0E}{09}	
03342	MAP/MAP012.BIN:0108DF	2	{02}{01}ええ、なんとか。{0F}それより無事に出られて良かったわ。{0E}{09}	
03343	MAP/MAP012.BIN:010919	2	ケビンじいさんの所に\n早く持っていってあげようよ。{0E}{02}{17}御苦労だったな。{0F}でも、もう危ないから\n来ちゃダメだよ。{10}	
03344	MAP/MAP012.BIN:01098E	1	{02}{17}御苦労だったな。{0F}でも、もう危ないから\n来ちゃダメだよ。{10}	
03345	MAP/MAP012.BIN:0109CC	1	{02}{17}ガルガが上を通ったことで\n炭坑の地盤が{0F}ゆるんでいるみたいだから、\n今、調べてるところなんだ。{0F}とうぶん炭坑には入れないよ。{10}	
03346	MAP/MAP012.BIN:010A56	1	{02}{18}いやー、ハデにやられたわ。\nグシャグシャだものねぇ・・・。{0F}あたしはここで宿屋を\nしてたんだけどね。{0F}こりゃ、当分使いものには\nならないねぇ。{0F}今晩あたしはどこに\n泊まればいいんだ。{0E}	
03347	MAP/MAP012.BIN:010B12	1	{02}{18}まったく、ガルガの奴。\n腹が立つよ。{10}	
03348	MAP/MAP012.BIN:010B48	1	{02}{19}すっげーなぁ、すっげーだろ。{0F}エメナの家が\n跡形もなくなっちまったよ。\nこりゃ、ひでーや。{0F}これじゃあ、\n島を出て行こうと思うのも\nムリはないな。{0F}あっ？！　言っちゃった。{0F}村の者との別れがつらくなるから、\nエメナに黙っていてくれと\n言われたんだ。{0F}まあ、あんたらは旅の人だから、\nいいか。{10}	
03349	MAP/MAP012.BIN:010C6A	1	{02}{19}エメナも女手ひとつで\nインタを抱えて大変だからな。{0F}せめて大陸で、\nうまく暮らしていければ\nいいんだが・・・。{0F}でも、インタの遊び相手だったリムが知ったらきっと悲しむだろうなぁ。{10}	
03350	MAP/MAP012.BIN:010D34	1	{02}{1A}オレはリムってんだ。{0F}ここはガルガに壊されちゃったけど、オレの家なんだぞ。{0F}オレの家は、\nここでずっとカアちゃんが\nチャッペルをやってるんだ。{0E}{09}	
03351	MAP/MAP012.BIN:010DC5	1	へぇー。\nじゃあ、クリスの家と一緒だね。{0E}{02}{1A}なんだ、お姉ちゃんの家も、\nそうなの？{0E}{09}	
03352	MAP/MAP012.BIN:010E17	1	{02}{01}ええ、そうよ。{0E}{02}{1A}だったら、お姉ちゃんも\n少しは魔法が使えるんだろ？{0F}この家は壊されちゃったけどさぁ、\n近所のニックさんの家を借りて\nチャッペルをやっているから{0F}良かったら寄ってみなよ。{10}	
03353	MAP/MAP012.BIN:010ED8	1	{02}{1A}それにしてもインタの奴、\nどこに行ったのかなぁ。{0F}一緒に遊ぶ約束したのにさぁ。{10}	
03354	MAP/MAP012.BIN:010F2C	1	{02}{1A}インタの奴、\nまだ来ないんだ。{0F}どこ行っちゃったのかなぁ。{10}	
03355	MAP/MAP012.BIN:010FC6	1	{02}{1B}いたたっ・・・。{0F}ガルガの襲撃から逃げるときに、\n何かで腰を打ってしまったわい。{0F}逃げ足までニブルとは、\nワシも年をとったものだ。{0E}	
03356	MAP/MAP012.BIN:01105A	1	{09}{0E}{02}{01}大丈夫？　おじいさん。{0E}{02}{1B}なあに、これしきのこと。{0F}まったく・・・他人のお子でさえ、\nワシを心配してくれるというのに。{10}	
03357	MAP/MAP012.BIN:0110F2	1	{02}{1B}大丈夫じゃ。\nもうワシは心配ない。{10}	
03358	MAP/MAP012.BIN:011144	1	{02}{1B}ローディの奴め、{0F}ワシを置き去りにして、\nまたガルガを\n追いかけて行くとは・・・。{0F}年寄りに心配かけおって。{0F}あんな小舟で、出て行くなんて\n命を捨てるようなものじゃ。{0E}	
03359	MAP/MAP012.BIN:011214	1	{02}{01}ローディって・・・？\nきっと、タラッタ号で{0F}擦れ違った男の人ね。{0E}	
03360	MAP/MAP012.BIN:011264	1	{02}{01}そういえば海を見ていた人も\n言ってたじゃない。{0E}{09}	
03361	MAP/MAP012.BIN:011298	1	あの深刻な顔をしてた人だね。{0E}	
03362	MAP/MAP012.BIN:0112D0	1	{02}{1B}おや、あんたたちローディを\n見たのかね。{0E}	
03363	MAP/MAP012.BIN:01132E	1	{02}{01}ええ、たぶん。{0E}わたしたち、巡礼で魔法の鏡を\n見るために\nアルデから舟に乗せてもらったの。{0E}港に入るところで\nローディさんらしい人の小舟と\nすれちがったわ。{0E}ねえ、おじいさん。\nどうしてローディさんは\nガルガを追いかけて行ったの？{0E}	
03364	MAP/MAP012.BIN:01141C	1	{02}{1B}ガルガに復讐するためじゃよ。{0E}	
03365	MAP/MAP012.BIN:01145E	1	{09}\n{02}{01}えーっ？！\nあんなにスゴイ怪物を、{0F}１人でやっつけるつもりなの！{0E}{02}{1B}ローディがまだ幼い頃じゃ。{0F}その頃は、まだネガル島の者たちも\nほとんどが漁で\n生活を成り立たせておった。{0E}ローディも大きくなり、\nその頃にはワシと息子とで\n漁に出ていたのだが、{0F}あの日はローディがせがんでのう。{0F}ローディにとって\n初めての漁じゃった。{0F}息子と嫁とローディは\n仲良く漁に出て行った。{0F}ところがその船が、こともあろうに\nガルガに襲われたのじゃ。\n息子たちはガルガに襲われて死んだ。{0E}	
03366	MAP/MAP012.BIN:011686	1	{09}{0E}{02}{01}そんな・・・。{0E}	
03367	MAP/MAP012.BIN:0116B4	1	ガルガは\nおとなしい動物じゃなかったの？{0E}	
03368	MAP/MAP012.BIN:0116F8	1	{02}{1B}普段はな・・・。{0F}だが、ときとして、\n何かに魅入られたように\n狂暴になるときがあるのじゃ。{0F}ちょうど、このテグラを\n襲った惨劇のようにな。{0E}{02}{1B}奇跡的に生き残ったローディは、\n３日も漂流して、島に流れついた。{0F}あいつにとってガルガは\n親のカタキなのじゃ。{0E}	
03369	MAP/MAP012.BIN:011806	1	ローディはカタキを討つのだと言って剣を持てる年になると、\n祖父であるワシのもとを離れて、{0F}このテグラを出て行った。{0E}	
03370	MAP/MAP012.BIN:011898	1	{09}{0F}{02}{01}ローディさんは、{0F}ずっとガルガを\n追いかけていたのね。{0E}	
03371	MAP/MAP012.BIN:0118EE	1	{02}{1B}ふらっと戻ってきたと思ったら、\nガルガまで現れよった。{0F}まったく、どうなっておるんじゃ。{0E}	
03372	MAP/MAP012.BIN:011962	1	{02}{1B}そうじゃ、\nちょっと頼みがあるんじゃが。{0E}	
03373	MAP/MAP012.BIN:01199A	1	ワシの代わりに泥炭の沼まで行って、宝石を取って来て\nくれないじゃろうか。{0E}	
03374	MAP/MAP012.BIN:011A02	1	{02}{01}宝石？{0E}	
03375	MAP/MAP012.BIN:011A32	1	{02}{1B}ガルガの騒ぎで\nスッカリ忘れていたのじゃが、{0E}	
03376	MAP/MAP012.BIN:011A6E	1	そろそろ宝石を取りに行かないと、\n売り物にならなくなって\nしまうんじゃ。{0F}いやなぁ、宝石作りは\nとてもデリケートでのう。{0F}泥炭に沈める時間が、\n短すぎても長すぎてもいかん。{0F}そろそろ取り出さねばならん宝石が\nあるのだが。{0F}ワシはガルガの襲撃で\n腰を打ってしまい、このとおりじゃ。{0E}こんなこと、\nひと様に頼むようなことでは\nないんじゃが・・・。{0E}	
03377	MAP/MAP012.BIN:011BD2	1	{02}{01}どうする、ジュリオ。{0E}	
03378	MAP/MAP012.BIN:011C00	1	私たちで宝石を\n取って来てあげましょうよ？{0E}	
03379	MAP/MAP012.BIN:011C3E	1	{09}\n{02}{01}そんなこと言わずに\n取ってきてあげましょうよ。{10}	
03380	MAP/MAP012.BIN:011C96	1	{02}{01}そうね、そうしましょう。{0E}	
03381	MAP/MAP012.BIN:011CD8	1	わかったわ、ケビンおじいさん。{0F}私たちが\n宝石を取ってきてあげるね。{0E}{02}{1B}すまんなぁ、見ず知らずの人に\nこんなことまで{0F}頼んでしまってのう。{0E}	
03382	MAP/MAP012.BIN:011D76	1	気にしないでよ、ケビンじいさん。{0F}ボクたちね、ちょうど\n村のためになることをしたいと\n思ってたんだ。{0F}それでその沼はどこにあるの？{0E}{02}{1B}ああ。炭坑の底にあるんじゃが、\n明かりはついとるし、{0F}他の坑夫たちもおる。\n２人なら心配ないじゃろう。{0F}泥炭の沼に３つ沈めてあるから、\nそれを取ってきておくれ。{0E}{09}{0A}{02}{01}はい、わかりました。{0E}{09}{0A}{02}	
03383	MAP/MAP012.BIN:011EB0	1	バッチリだよ。{0E}{02}{1B}それと・・・。{0E}	
03384	MAP/MAP012.BIN:011EE6	1	{02}{01}なあに？{0E}{02}{1B}泥炭の中には長く沈めすぎて\n大きくなりすぎた宝石もあるが、{0F}あぶないから、さわってはいかんよ。{0E}{09}\n{02}	
03385	MAP/MAP012.BIN:011F54	7	えっ？{0E}	
03386	MAP/MAP012.BIN:011FF8	1	なんであぶないの。{0E}{02}{1B}なぜかはワシにもよくわからんが、\n炭坑の成分のためなのか、{0F}沈めすぎた宝石は\n爆弾のように爆発してしまうんじゃ。{0F}わずかな衝撃で、ドバァーン！\nと、なあ・・・。{0E}	
03387	MAP/MAP012.BIN:0120D8	1	{09}{01}\n{09}\n{02}{01}ほっ・・本当に、\nだいじょうぶ、なの？{0E}{02}{1B}大丈夫じゃ。\n大きい奴に、さわらなければな。{0E}{02}{1B}じゃあ、くれぐれも気をつけてな。\nすまないがよろしく頼んだよ。{10}	
03388	MAP/MAP012.BIN:01219C	1	{02}{1B}じゃあ、くれぐれも気をつけてな。\nすまないがよろしく頼んだよ{10}	
03389	MAP/MAP012.BIN:012208	1	{02}{1B}おぉ。\nおまえさんたち、{0F}ずいぶん早かったのう。{0E}	
03390	MAP/MAP012.BIN:01224C	1	{09}{07}{02}{01}ごめんねおじいさん、まだなの。\nジュリオが道に迷っちゃって。{0E}	
03391	MAP/MAP012.BIN:0122A2	1	えー。ボクのせいなの？{0E}{09}	
03392	MAP/MAP012.BIN:0122BB	1	{02}{01}もう１回行ってくるわね。{10}	
03393	MAP/MAP012.BIN:012338	1	{02}{1B}おう、すまなかったな。\n待っておったぞ。{0E}	
03394	MAP/MAP012.BIN:012376	1	{09}{0A}{02}{01}はい、おじいさん。{0F}ちゃんと宝石を３つ、\n見つけてきたわ。{0E}	
03395	MAP/MAP012.BIN:0123CA	1	ジュリオたちは\n泥炭の沼で見つけた３つの真紅の炎をケビンに渡した。{0E}{02}{1B}本当にありがとう。\nさすがは巡礼の旅人じゃ。{0E}	
03396	MAP/MAP012.BIN:012442	1	ケビンは１つ１つの輝きを確かめて、満足気にうなずいた。{0E}{02}{1B}どれも素晴らしい輝きだ。{0F}もし、あんたたちがいなければ、\n危うく全部爆弾に\nなってしまうとこじゃったよ。{0F}本当にあんたたちのおかげだ。\nこれはワシの心ばかりの気持ちじゃ。{0F}どうか受け取ってくれ。{0E}	
03397	MAP/MAP012.BIN:01255C	1	お礼なんかいいよ。{0E}{02}{1B}そうはいかん。\nワシの気持ちがおさまらんよ。{0F}受け取ってくれ。{0E}	
03398	MAP/MAP012.BIN:0125C6	1	ジュリオたちは、お礼にケビンから、真紅の炎を１つと\n２００ピアをもらいました。{0E}{09}{0A}{02}{01}ありがとう、ケビンおじいさん。\n大事にするね。{0E}{02}{1B}気をつけて旅を続けなされ。{0E}	
03399	MAP/MAP012.BIN:012690	1	{02}{1B}世界には思わぬ危険も色々ある。{0F}２人で力を合わせて\n困難を乗り越えてくれ。{0F}それが他人のためにもなれば、\nなお良い。{0F}あんたたちには、\nこの巡礼の旅を通じて{0F}ぜひ、そういう人に\nなって欲しいものじゃな。{10}	
03400	MAP/MAP012.BIN:012764	1	{02}{1C}ローディの奴も運がないよな～。{0F}せっかくガルガと巡り合ったのに、\n炭坑に行ってて\n擦れ違いだったなんて・・・。{0F}あれじゃあ、\nたまんねーよなぁ。{10}	
03401	MAP/MAP012.BIN:0127FC	1	{02}{1C}ケビンじいさんも可哀相だけど、\nローディの気持ちもわかるよなぁ。{10}	
03402	MAP/MAP012.BIN:012844	1	{02}{1D}よく、いらっしゃいましたね。{0F}家が壊されたくらいでは\n休まないわよ。{10}	
03403	MAP/MAP012.BIN:012892	1	{02}{1D}私が必要になったら、\nいつでも来てね。\nお待ちしていますよ。{10}	
03404	MAP/MAP012.BIN:0128EC	1	{02}{1D}どなたに魔法を授けましょうか？{10}	
03405	MAP/MAP012.BIN:012912	1	{02}{1D}どの魔法を習得したいの？{10}	
03406	MAP/MAP012.BIN:012932	1	{02}{1D}{06}ね？\nいい魔法を選んだわね。{0F}魔法は使う者の鏡。\nくれぐれも、注意を怠っちゃだめよ。{10}	
03407	MAP/MAP012.BIN:01298C	1	{02}{1E}いらっしゃい。備えあれば安心だ。{0F}とは言ってもガルガには\nかなわないけどな。{10}	
03408	MAP/MAP012.BIN:0129E2	1	{02}{1E}確かに、ここの武器じゃガルガには\nかなわないけど、{0F}旅の助けにはなるんだ。{0F}また、いつでもよってくれよな。{10}	
03409	MAP/MAP012.BIN:012A84	1	{02}{1E}まあ、品物を見てくれよ？\nこのあたりがお客さんには\n使いやすそうだと思うぜ。{0F}さあ、手にとって\nジックリ見てくれよ。{10}	
03410	MAP/MAP012.BIN:012AFC	1	{02}{1E}それなら{06}でいいよ。{10}	
03411	MAP/MAP012.BIN:012B18	1	{02}{1E}何を売ってくれるんだい？{10}	
03412	MAP/MAP012.BIN:012B38	1	{02}{1E}それなら、{06}で引き取るよ。{10}	
03413	MAP/MAP012.BIN:012B5E	1	{02}{1E}１ゴアあたり{06}で\n引き取りするよ。{10}	
03414	MAP/MAP012.BIN:012B86	2	{02}{1E}全部で{06}だよ。{10}	
03415	MAP/MAP012.BIN:012B9C	1	{02}{1E}いつでも換金するよ。{10}	
03416	MAP/MAP012.BIN:012BB8	1	{02}{1E}ラピカがたまったら\nまた来てくれよ。{10}	
03417	MAP/MAP012.BIN:012BE4	1	{02}{1E}他には、どんな用があるね？{10}	
03418	MAP/MAP012.BIN:012C06	1	{02}{1F}いらっしゃいませ。\n今日は何をお求めでしょうか？{10}	
03419	MAP/MAP012.BIN:012C42	1	{02}{1F}ありがとうございました。{0F}またのご来店をお待ちしております。{10}	
03420	MAP/MAP012.BIN:012C86	1	{02}{1F}そうですか、またお寄りくださいね。お待ちしています。{10}	
03421	MAP/MAP012.BIN:012CF0	1	{02}{1F}何をお求めでしょう？{10}	
03422	MAP/MAP012.BIN:012D0C	1	{02}{1F}{06}いただきますよ。{10}	
03423	MAP/MAP012.BIN:012D26	1	{02}{1F}何を引き取りましょうか？{10}	
03424	MAP/MAP012.BIN:012D46	1	{02}{1F}{08}でしたら\n{06}で引き取らせていただきます。{10}	
03425	MAP/MAP012.BIN:012D7A	1	{02}{1F}１ゴアあたり{06}で\nお引き取りしますよ。{10}	
03426	MAP/MAP012.BIN:012DA6	1	{02}{1F}{06}をお支払いします。{0E}	
03427	MAP/MAP012.BIN:012DC2	1	{02}{1F}いつでも気軽に\n声をかけて下さい。{10}	
03428	MAP/MAP012.BIN:012DEC	1	{02}{1F}ラピカをお持ちでないようですが。{10}	
03429	MAP/MAP012.BIN:012E14	1	{02}{1F}他に何か必要なものはありますか？{10}	
03430	MAP/MAP012.BIN:012E52	1	ああー、どうしよう。{0F}村がガルガに襲われるなんて・・・。{0F}今からが忙しい時期なのになぁ。\n泥炭や宝石の出荷の準備を\n始めようってときに{0F}このいっぱいの荷物、\nやっぱり私１人で面倒を\n見なきゃいけないのか。{10}	
03431	MAP/MAP012.BIN:012F28	1	でも、いつまでも\n困ってばかりいられない。{0F}気をとり直して\n出荷の準備を始めるか。{10}	
03432	MAP/MAP012.BIN:012F8A	1	１人でこの荷物を\nどうしようかと思ってたら、{0F}船が出るまでだけど、\nエメナが手伝ってくれる\nことになったんだ。{10}	
03433	MAP/MAP012.BIN:01300A	1	いやー、助かったよ。{10}	
03434	MAP/MAP012.BIN:013026	1	本当に助かったよ。{0F}だいぶ荷物も片付いてきたし、\nこれで次の荷物を置く場所もできた。{10}	
03435	MAP/MAP012.BIN:01308A	1	長年お世話になった土地を\n離れるのですもの、{0F}せめて、これくらいの御恩返しを\nしなくてはね。\nネガル島の人たちに申し訳ないわ。{10}	
03436	MAP/MAP012.BIN:01311A	1	もう少し時間が\nかかりそうなんですけど、{0F}すみませんが、\nこの荷物の整理が終わるまで、\n待って頂けませんか。{10}	
03437	MAP/MAP012.BIN:013192	1	{02}{01}よかった。{0F}実は私たちもまだ用事が\n済んでないの。{0F}用事を済ませたらまた来るから、\nそれまで、ここで待っていて\nちょうだいね。{0E}{02}!はい。ここでお待ちしてますよ。{10}	
03438	MAP/MAP012.BIN:01324A	1	{02}{01}じゃあジュリオ、村に戻りましょう。{0F}何か、わたしたちにも\nできることがあるかも知れないわ。{0E}{09}	
03439	MAP/MAP012.BIN:0132A9	1	そうだね、そうしよう。{10}	
03440	MAP/MAP012.BIN:0132C8	1	{02}{01}ジュリオ、じゃあ村に戻って\n珍しい宝石の話でも{0F}聞かせてもらいましょう。{0E}{02}!宝石のことならケビンおじいさんが\n詳しいですよ。{10}	
03441	MAP/MAP012.BIN:01334A	1	{02}{01}よかった。{0F}実は私たちもケビンおじいさんに\n頼まれた用事があるの。{0F}用事を済ませたらまた来るから、\nそれまで、ここで待っていて\nちょうだいね。{0E}{02}!はい。ここでお待ちしてますよ。{10}	
03442	MAP/MAP012.BIN:013430	1	もう御用は済みましたの？{0E}	
03443	MAP/MAP012.BIN:013468	1	{09}{0A}{02}{01}ええ、お待たせしました。\nもう出発できるわ。{0E}	
03444	MAP/MAP012.BIN:0134A2	1	そうですか、\nそれではインタを呼んできますね。{0E}	
03445	MAP/MAP012.BIN:013528	1	ねぇ、あの桟橋のとこの船に\n乗せてもらえるの？{0E}	
03446	MAP/MAP012.BIN:01356E	1	ボク、早く乗りたいなぁ。{0F}リムにいちゃんも\n連れてきてあげれば\nよかったなぁ・・・。{0E}{02}!まぁ、インタ。{0F}いま呼びに行こうとしてた\nとこなのよ。{0E}	
03447	MAP/MAP012.BIN:013660	1	やったー！\nお船に乗れるんだね。{0E}	
03448	MAP/MAP012.BIN:0136F4	1	じゃあ私も、\nそこまで送って行こう。{10}	
03449	MAP/MAP012.BIN:013744	1	ああ、旅の人か・・・。\nワシはテグラの村長エレック。{0F}村はガルガのおかげで\nご覧のとおりじゃ。{0F}せっかく立ち寄ってくださったのに、何のもてなしも出来はしない・・・。{0F}・・・すまないのう。{0E}{09}{0F}{02}{01}村長さん、\nあまり気を落とさないでください。{0E}{02}"大地が実りを忘れしとき、\n山は海を越え、{0F}人々のなげきがこだまする・・・か。あの時の魔女の言葉どおりじゃ。{0E}{09}	
03450	MAP/MAP012.BIN:013899	1	魔女の言葉？{0E}{02}"20年ほど前に、\nこの村に立ち寄った魔女が{0F}シャリネからの帰りに\nそう言い残したのじゃ。{0F}あの時は\n笑いとばしてしまったが・・・。{0F}すでにあの時、\n魔女はシャリネの魔法の鏡で\nこの村がガルガに破壊された{0F}今の光景を、\n見ていたのじゃろう。{10}	
03451	MAP/MAP012.BIN:013996	1	大地が実りを忘れしとき、\n山は海を越え、{0F}人々のなげきがこだまする・・・か。{0F}あの時の魔女の言葉どおりじゃ。{10}	
03452	MAP/MAP012.BIN:013A12	1	{02}{01}私たちでお役に立つこと、\n何かありませんか？{0F}{02}"なんと・・・。{0F}村のために力をかしてくれるのかね。{0F}いや、ありがとう。\nでも、その気持ちだけで十分だよ。\nテグラの者はみな、働き者じゃ。{10}	
03453	MAP/MAP012.BIN:013AD2	1	テグラは苦難をバネにして、\nすぐに元通りの村に{0F}復活するじゃろう。{0F}あなたたちは巡礼を続けなされ。{10}	
03454	MAP/MAP012.BIN:013B44	1	そういえば、{0F}今はもう、めっきりシャリネを\n訪れる魔女もいなくなりましたね。{0F}20年ほど前に来た魔女が最後です。{0F}そうだわ。洞窟で泥炭が採れると\n教えてくれたのも\nその魔女だったような気がするわ。{0F}昔、この島は\n漁業が唯一の生活の糧だったのだけど{0F}それ以来、\n泥炭が採れることがわかって、{0F}漁師以外でも暮らしていけるように\nなったのよ。{10}	
03455	MAP/MAP012.BIN:013C92	1	村はガルガに壊されてしまったけど、この村には、まだ泥炭があるわ。{0F}裕福な暮らしはできなくても、\nまだまだやっていけるわ。{0F}あの時の、魔女のおかげかも\n知れないわね。{10}	
03456	MAP/MAP012.BIN:013D4E	1	おやおや、\nもしかしてあんた達、巡礼かの？{0E}{09}	
03457	MAP/MAP012.BIN:013D7A	1	{02}{01}ええ、私たちラグピック村から\n来ました。{0E}{02}$おお、それはそれは。\nもう魔法の鏡は見なすったのか？{0E}{09}	
03458	MAP/MAP012.BIN:013DDE	2	ううん。これからなんだ。{0E}{02}$そうかそうか。\nそれは楽しみじゃのう。{0F}是非とも見終ったら話を\n聞かせておくれ。{10}	
03459	MAP/MAP012.BIN:013E56	1	是非とも見終ったら、\n話を聞かせておくれ。{10}	
03460	MAP/MAP012.BIN:013E88	1	旅の無事をいのっとるよ。{10}	
03461	MAP/MAP012.BIN:013EBC	1	いきなりガルガが現れて、\n賢者さまも、{0F}よほどショックだったみたいだね。\n奥に行ったきり戻ってきやしないよ。{10}	
03462	MAP/MAP012.BIN:013F32	1	賢者さまのお説教を聞くのが\nなによりの楽しみだったのに、{0F}早く戻ってきてくれないかねー。{10}	
03463	MAP/MAP012.BIN:013F9A	1	賢者さまも\nシャリネをこんなに壊されてしもうて{0F}さぞかし落ち込んで\nおられるじゃろう。{10}	
03464	MAP/MAP012.BIN:013FFA	1	いかに賢者さまとて人間じゃ。\n可哀相にのう。{10}	
03465	MAP/MAP012.BIN:014042	1	あ、巡礼の方ですか。{0F}もうしわけないが、\n少しかたづけたいので、休憩所の方で本でも読んでいてくれませんか。{10}	
03466	MAP/MAP012.BIN:01412A	1	あ、巡礼の方ですね。{0E}	
03467	MAP/MAP012.BIN:01414C	1	お待たせしました。{0E}	
03468	MAP/MAP012.BIN:014164	1	ガルガのおかげでこのシャリネも\nおおかた壊されてしまいましたが、{0F}魔法の鏡だけは\n何とか助かりましたよ。{0E}	
03469	MAP/MAP012.BIN:0141E0	1	{02}{01}私たち魔法の鏡を見るのは\nこれで２つ目なんです。{0F}私たちの村では\n成人の儀式に\nシャリネ巡りをするのよ。{0E}{02}&ええ。ラグピック村の成人の儀式は、シャリネでは有名ですよ。{0E}{09}{0A}{02}	
03470	MAP/MAP012.BIN:014288	1	へぇ、そうなの。{0F}なんだか、そう言われると\nうれしいなぁ。{0E}{02}&魔法の鏡は\n大昔からあったもののようですが、{0F}現在のように一般の方々が\n巡礼の場所とするようになったのは\n20年ほど前からなのです。{0F}それまでは、あなたたちのように、\nごくまれに成人の儀式の方が訪れるか魔女の巡礼ぐらいしか{0F}なかったようです。{0E}{09}	
03471	MAP/MAP012.BIN:0143AF	1	{02}{01}魔女の巡礼？{0E}	
03472	MAP/MAP012.BIN:0143E4	1	魔女たちも巡礼をしていたの。{0E}{02}&はい。\n私もよくは知りませんが、{0F}魔女とティラスイールに残る\n５つの魔法の鏡は、{0F}深いつながりがあるようです。{0F}魔法の鏡は、\nもしかすると、もともとは{0F}魔女たちのものだったのかも\n知れませんね。{10}	
03473	MAP/MAP012.BIN:0144DA	1	あなたたちの旅が、\n実り多きものでありますように{0F}祈っております。{10}	
03474	MAP/MAP012.BIN:014522	1	ねぇ、あの桟橋のとこの船に\n乗せてもらえるの？{0F}ボク、早く乗りたいなぁ。{0F}リムにいちゃんも\n連れてきてあげれば\nよかったなぁ・・・。{10}	
03475	MAP/MAP012.BIN:014742	1	背表紙に\n《海賊王ラモンの隠し財宝》と\n書かれた本がある。{0E}《海賊王ラモンの隠し財宝》\nを読みますか？{0E}	
03476	MAP/MAP012.BIN:0147BA	4	ジュリオは\n手にとって本を開いてみた。{0E}	
03477	MAP/MAP012.BIN:01481E	1	すごいな～。{0E}	
03478	MAP/MAP012.BIN:014852	1	もしもし、お若いの。{0E}	
03479	MAP/MAP012.BIN:014890	1	あんた達も巡礼かの？{0E}{09}	
03480	MAP/MAP012.BIN:0148A7	1	{02}{01}ええ、\n私たちラグピック村から来ました。{0E}{02}$おお、それはそれは。\nもう魔法の鏡は見なすったのか？{0E}{09}	
03481	MAP/MAP012.BIN:0149E2	1	{02}{01}ジュリオ、\n島の人が向こうからくるわ。{0F}シャリネが\n無事か聞いてみましょうよ。{0E}{09}	
03482	MAP/MAP012.BIN:014A34	1	うん、それがいいね。{0E}	
03483	MAP/MAP012.BIN:014B0C	1	{02}{01}あの、すみません。{0E}	
03484	MAP/MAP012.BIN:014B32	1	テグラの村の人ですか？{0E}{02}!ええ、そうですけど。{0E}	
03485	MAP/MAP012.BIN:014B7E	1	ボクたち、\n巡礼の旅の者なんですけど、{0F}シャリネも\nガルガに、ひどくやられたの？{0E}{02}!さあ、どうですかねぇ。{0E}	
03486	MAP/MAP012.BIN:014BF6	1	とにかく、\n村はヒドイありさまですよ。{0E}	
03487	MAP/MAP012.BIN:014C60	1	私たちの家は跡形もなくなりました。{0F}シャリネのことはわかりませんが\nもう、私たちは\nこの島では暮らしていけません。{0F}大陸の親戚を頼って島を\n出るつもりです。{0E}	
03488	MAP/MAP012.BIN:014D12	1	おかあちゃん、\nお船、きてるかなぁ。{0E}	
03489	MAP/MAP012.BIN:014D58	1	海が流氷で埋まる前には、\nきっと来てくれるわ。{0F}それまで港の倉庫で\n待たせてもらいましょう。{0E}	
03490	MAP/MAP012.BIN:014DC8	1	{02}{01}あの・・・。{0F}私たちが乗ってきた漁船が\n港で待っていてくれてます。{0F}もし、よろしければ、\n帰りに一緒に乗せてもらえるように\n頼んでみましょうか？{0E}	
03491	MAP/MAP012.BIN:014E94	1	えっ？　本当なの。\nそうして頂けますか。{0F}すみません、ぜひお願いします。{0E}{09}	
03492	MAP/MAP012.BIN:014EDD	1	{02}{01}ええ。そうしましょうよ。{0F}じゃあ、私たちが\nシャリネから戻ってくるまで、\n倉庫で待っててくださいね。{0E}{02}!はい、そうさせて頂きます。\n港の倉庫でお待ちしております。{0F}では、失礼いたします。{0E}	
03493	MAP/MAP012.BIN:014FB0	1	待っててね。{0E}{02}'待ってるよ。\nじゃあね、バイバ～イ！{0E}{02}(バイバ～イ！{10}	
03494	MAP/MAP012.BIN:0150CE	1	{02}{09}デバッグ用イベントに入りまーす。{10}	
03495	MAP/MAP012.BIN:015134	1	こんにちはー。\n	
03496	MAP/MAP012.BIN:015168	1	メナート国　テグラのシャリネ	
03497	MAP/MAP012.BIN:015260	1	さあ、どうぞ。{0F}この先が地をつかさどるテグラの\n魔法の鏡です。{0E}	
03498	MAP/MAP012.BIN:0153DA	1	そういえば、ハックおじさんも{0F}魔女とシャリネが\n関係あるなんて言っていたよね。{0E}{09}	
03499	MAP/MAP012.BIN:015429	1	{02}{01}おじさんの魔女の研究も、{0F}まんざら\nいい加減じゃないってことね。{0F}さあ、ジュリオ。{0F}いいから早く銀の短剣を\n置いてちょうだい。{0E}{09}	
03500	MAP/MAP012.BIN:015512	1	{09}{0F}{02}{01}いまの・・・ガルガよね。{0E}{09}{08}{02}	
03501	MAP/MAP012.BIN:015533	1	うっ、うん・・・。{0E}{09}{0E}{02}{01}私たちって、どうしてこんなに\n不気味な光景ばかり見るのかしら？{0E}{09}\n{02}	
03502	MAP/MAP012.BIN:01558C	1	村のみんなは{0F}素晴らしい景色を見たって\n言ってたのにね・・・。{0E}{09}\n{02}{01}なんだか暗くなっちゃうな、私。{10}	
03503	MAP/MAP012.BIN:015666	1	いかがでしたかな。{0E}{09}{0F}{02}{01}私たち、ディーネの魔法の鏡でも、\nやっぱり、このテグラでも・・・。{0F}あまり良くない光景しか\n見えませんでした。{0E}	
03504	MAP/MAP012.BIN:0156FC	1	まさか・・・。これからもっと\n良くないことが起こるんじゃ・・・。{0E}	
03505	MAP/MAP012.BIN:01575E	1	私・・・何だか心配だわ・・・。{0E}	
03506	MAP/MAP012.BIN:015796	1	魔法の鏡の映像は、\n見る者の心の状態や、{0F}これから体験するであろう未来など、様々な影響を受けて\n織り成されるのです。{0F}魔法の鏡で見たことが、\n必ずしも現実になるとは限りません。{0F}あまり気にしないことです。{0F}あなたたちは、\n成人の儀式としての巡礼に\n専念すればよいでしょう。{0E}	
03507	MAP/MAP012.BIN:0158AC	1	巡礼の旅も疑問も、\nオルドスで解けるはずです。{0E}	
03508	MAP/MAP012.BIN:0158E8	1	すべての答えはオルドスにあります。{0E}	
03509	MAP/MAP012.BIN:015922	1	だがその前に、あなたたちは、\nあと残り２つのシャリネを\n訪ねなければなりません。{0F}つぎはアンビッシュ国にある\n火のシャリネ、イグニスを\n目指しなさい。{0F}イグニスはアンデラ城の\n東の『大蛇の舌』\nと呼ばれるところにあります。{0E}	
03510	MAP/MAP012.BIN:015A0A	1	さて、私も復興の手伝いを\nしなくては・・・。{0F}いつまでも、悲しんでばかりいても\n仕方ありませんからね。{0E}	
03511	MAP/MAP012.BIN:015AA2	1	{09}\n{02}{01}ジュリオ、これからどうする？{0E}	
03512	MAP/MAP012.BIN:015AD0	1	私、このままイグニスのシャリネに\n向かいづらくなっちゃった。{0E}{09}	
03513	MAP/MAP012.BIN:015B10	1	そうだ、\nおじいさんに聞いてみようよ。{10}	
03514	MAP/MAP012.BIN:015C2A	1	どうじゃった、魔法の鏡は？{0E}{09}\n{02}	
03515	MAP/MAP012.BIN:015C49	1	う～ん。それが・・・。{0E}	
03516	MAP/MAP012.BIN:015C9C	1	ジュリオたちは、\n魔法の鏡で見たことを話した。{0E}	
03517	MAP/MAP012.BIN:015CD4	1	うむ。\n気を取り直して旅を続けなされ。{0E}	
03518	MAP/MAP012.BIN:015D0C	1	ワシはしばらくこの地に残り、\nテグラの人々の助けになることを\nしようと思っとる。{0E}	
03519	MAP/MAP012.BIN:015D6C	1	年寄りと言っても\nまだまだ旅ができるほどの{0F}体力はある。{0F}ワシだってまだ、役に立つぞ。{0E}	
03520	MAP/MAP012.BIN:015DD6	1	ボクたちもテグラの人たちのために\n何かしてあげられることが{0F}あればいいんだけど。{0E}	
03521	MAP/MAP012.BIN:015E3C	1	{09}\n{02}{01}でも、トバイさんに港で待って\nもらってる身だし。{0F}あんまり時間もかけられないわ。{0E}{09}	
03522	MAP/MAP012.BIN:015E93	1	とにかくテグラの村に戻ろうよ。{0F}何かボクたちにも、\nできることがあるかも知れない。{0E}{09}	
03523	MAP/MAP012.BIN:015EE6	1	{02}{01}そうね、そうしましょう。{10}	
03524	MAP/MAP012.BIN:016246	1	メナート国　ネガル島　テグラ	
03525	MAP/MAP013.BIN:0000A4	1	ダイス	
03526	MAP/MAP013.BIN:00F90E	2	ウッディ	
03527	MAP/MAP013.BIN:00F92E	2	ひつじ	
03528	MAP/MAP013.BIN:00F94E	2	羊飼いのムトン	
03529	MAP/MAP013.BIN:00F96E	2	サニー	
03530	MAP/MAP013.BIN:00F98E	2	ガスパ	
03531	MAP/MAP013.BIN:00F9AE	2	道具屋のトラン	
03532	MAP/MAP013.BIN:00F9CE	2	ブルーメ	
03533	MAP/MAP013.BIN:00F9EE	2	セレブ	
03534	MAP/MAP013.BIN:00FA0E	2	マイザー	
03535	MAP/MAP013.BIN:00FA2E	2	武器屋のマルキ	
03536	MAP/MAP013.BIN:00FA4E	2	バエット	
03537	MAP/MAP013.BIN:00FA6E	2	モッレ	
03538	MAP/MAP013.BIN:00FA8E	2	ミリス	
03539	MAP/MAP013.BIN:00FAAE	1	グラーク	
03540	MAP/MAP013.BIN:00FACE	2	アーデル	
03541	MAP/MAP013.BIN:00FAEE	2	カミル	
03542	MAP/MAP013.BIN:00FB0E	2	シャンス	
03543	MAP/MAP013.BIN:00FB2E	2	レント	
03544	MAP/MAP013.BIN:00FB4E	2	デューク	
03545	MAP/MAP013.BIN:00FB6E	2	ジョゴル	
03546	MAP/MAP013.BIN:00FB8E	2	フガト	
03547	MAP/MAP013.BIN:00FBAE	2	リッチ	
03548	MAP/MAP013.BIN:00FBCE	2	ロテリー	
03549	MAP/MAP013.BIN:00FBEE	2	ティップ	
03550	MAP/MAP013.BIN:00FC0E	2	カンドのオステン	
03551	MAP/MAP013.BIN:00FC2E	2	オヌール	
03552	MAP/MAP013.BIN:00FC4E	2	チャッペルのグレイス	
03553	MAP/MAP013.BIN:00FC6E	1	レミオ	
03554	MAP/MAP013.BIN:00FC8E	2	クラタン	
03555	MAP/MAP013.BIN:00FCAE	2	宿屋のポラレ	
03556	MAP/MAP013.BIN:00FCCE	2	グレマ	
03557	MAP/MAP013.BIN:00FCEE	1	ディーラーのキディ	
03558	MAP/MAP013.BIN:00FD0E	1	ガゼナル	
03559	MAP/MAP013.BIN:00FD2E	1	両替のマニー	
03560	MAP/MAP013.BIN:00FD4E	1	バニー	
03561	MAP/MAP013.BIN:00FD6E	1	支配人リバレ	
03562	MAP/MAP013.BIN:00FD8E	1	マイアー	
03563	MAP/MAP013.BIN:00FDAE	2	ディーラーのグランツ	
03564	MAP/MAP013.BIN:00FDEE	2	チャノムの兵士	
03565	MAP/MAP013.BIN:00FE2E	1	両替のペイ	
03566	MAP/MAP013.BIN:00FE4E	6	ジュリオ＆クリス＆ローディ	
03567	MAP/MAP013.BIN:00FE8E	1	オサムウ	
03568	MAP/MAP013.BIN:00FF28	1	さて、今日は何で勝負をしたら\nよいものか・・・。{0F}ん？　やあ、いい所に来てくれた。\nこれからカジノで一勝負しようと\n思っているんだがね。{0F}カードで勝負しようか。\nそれとも、\nルーレットで勝負しようか。{0F}迷ってしまって、\nなかなか決めがたい。{0F}なぁ、君たち。今日の私なら、\nカードとルーレット、{0F}どちらをやった方が\nツキが回ってくると思うかい？{10}	
03569	MAP/MAP013.BIN:01007A	1	カード	
03570	MAP/MAP013.BIN:010085	1	{01}ルーレット	
03571	MAP/MAP013.BIN:010095	1	{02}やめた方がいい	
03572	MAP/MAP013.BIN:0100A9	1	{03}自分で決める	
03573	MAP/MAP013.BIN:0100E2	1	いや。そうは言っても・・・。{0F}こういうのは\n他人に決めてもらった方が\n何となく、気が楽なんだよ。{0F}ね、たのむから決めてくれよ。{10}	
03574	MAP/MAP013.BIN:01016A	1	そうだよなぁ。{0F}やっぱり今日は勝負するのは\nやめるとするか。{10}	
03575	MAP/MAP013.BIN:0101B0	1	ルーレットねぇ。{0F}うん。それがいいかも知れないな。\nくるくる回って大当たりだ！{10}	
03576	MAP/MAP013.BIN:01020C	1	そうか、カードが良さそうか。{0F}よおーし。今日はカードで\nバッチリ当ててやるぞ。{10}	
03577	MAP/MAP013.BIN:010268	2	うん。\nあんたたちの言うとおりにするよ。{10}	
03578	MAP/MAP013.BIN:0102F8	1	やあ、また会ったね。{0F}君たちに言われたとおり\nルーレットやったら大儲けさ。{0F}これは僕の気持ちだよ。\n少ないがとっておいてくれたまえ。\n君たちは好運を呼ぶ旅人だ。{0E}グラークは２００ピアをくれました。{10}	
03579	MAP/MAP013.BIN:0103CE	1	君たちに言われたとおり\nルーレットをやったら大儲けさ。{0F}おかげで笑いが止まらないよ。{10}	
03580	MAP/MAP013.BIN:010432	1	やあ、また会ったね。{0F}君たちに言われたとおり\nカードやったら大儲けさ。{0F}これは僕の気持ちだよ。\n少ないがとっておいてくれたまえ。\n君たちは好運を呼ぶ旅人だ。{0E}グラークは８００ピアをくれました。{10}	
03581	MAP/MAP013.BIN:010504	1	君たちのおかげで、大もうけさ！{10}	
03582	MAP/MAP013.BIN:010532	2	カジノは本当に楽しいよ。{0F}でも、初心者はあまり夢中に\nならない方がいい。{0F}なんと言っても、\n生活に余裕があってこそできる\n貴族の娯楽だからね。{0E}	
03583	MAP/MAP013.BIN:0105D8	1	ここのカジノの支配人は、\nいつも２階で{0F}お客と大勝負をするんですよ。\n話の種に見に行ったらどうですか。{10}	
03584	MAP/MAP013.BIN:010648	1	いやー本当に。{0F}大勝負は見ているだけで\n緊張しますよ。{10}	
03585	MAP/MAP013.BIN:01068E	1	ここの支配人は、真のギャンブラーと勝負するのが好きなんだ。{0F}とてもボクなんかじゃ用意できない\n金額が賭けられるんだ。{10}	
03586	MAP/MAP013.BIN:010708	1	１度でいいから\nでっかい勝負をしてみたいよな。{10}	
03587	MAP/MAP013.BIN:01073E	1	ルーレットが好きな奴なんて\nモグリだよ。{0F}君たちもそう思うだろう？\nカードこそギャンブルの王様だ。{0F}ルーレットが\nぐるぐる回るのなんか見ていたら、\nこっちまで目が回っちまうよ。{0F}さてと、もう一儲けさせてもらうか。{10}	
03588	MAP/MAP013.BIN:01081E	1	私はカードよりルーレットの方が\n性に合っているようだ。{0F}カードは相手との駆け引きがあるからややこしくてかなわん。{10}	
03589	MAP/MAP013.BIN:010898	1	ルーレットは100％\nときの運だからな。{0F}あきらめがついていい。{10}	
03590	MAP/MAP013.BIN:0108E6	1	愉快だわ。\nおほほほほ・・・。{0F}愉快、愉快、\n笑いが止まらないわ。\nおほほほほ・・・。{10}	
03591	MAP/MAP013.BIN:010940	1	愉快だわ。\nおほほほほ・・・。{0F}愉快、愉快、\n笑いが止まらないわ。\nおほほほほ・・・。{0F}あ～・・・笑いすぎて\nホッペが痛いわ。{10}	
03592	MAP/MAP013.BIN:0109D4	1	２階は特別のギャンブル・ルームさ。{0F}俺の予想では、\n今日の勝負は大荒れだぜ。{0F}ルーレじいさんもブが悪いぜ。{0E}{09}	
03593	MAP/MAP013.BIN:010A3E	1	{02}{01}え？\nルーレじいさん？{0E}{02}+ああ、馴染みの客だよ。{0F}最近儲けすぎて、支配人のリバレに\n目をつけられちまったらしい・・・。{10}	
03594	MAP/MAP013.BIN:010ABA	1	支配人の奴、\n今までのルーレじいさんの儲けを{0F}残らず巻き上げるつもりだぜ。{10}	
03595	MAP/MAP013.BIN:010B14	1	テーブルが空いたよ。{0F}良かったら、そこでカードでも\nやっていきなよ。\nせっかくダイスに来たんだ。{0F}ここに来て、何もしないで\n帰るなんて手はないね。{10}	
03596	MAP/MAP013.BIN:010BAE	1	勝負は時の運。{0F}負けたって\nうらみっこなしさ。{10}	
03597	MAP/MAP013.BIN:010BEE	1	この町のカジノは女性でも子供でも、お金さえ持っていれば、{0F}誰だって賭けることができるのよ。{10}	
03598	MAP/MAP013.BIN:010C54	1	誰にでも億万長者になれるチャンスがあるってことだわ。{0F}本当にダイスって素晴らしい町ね。{10}	
03599	MAP/MAP013.BIN:010CC6	1	お客さんも\nブラックジャックがしたいのね？{0F}今はこのお客さんの相手をしてるから後で来てくれない？{0F}勝者には金貨の響き\n敗者には軽いめまい。\nそのどちらかを、味あわせてあげる。{10}	
03600	MAP/MAP013.BIN:010D92	1	いらっしゃいませ。\nディーラーのキディです。{0F}私がお相手をさせていただきます。\nルールは簡単よ。{10}	
03601	MAP/MAP013.BIN:010DFC	1	私はこのカジノで、\nカードを扱わせたら{0F}右に出る者はいない\n名ディーラーなのよ。{0F}さぁ、勝負したいのなら\nテーブルの正面にまわって。{10}	
03602	MAP/MAP013.BIN:010E9C	1	お客さん、\nブラックジャックがしたいのね？{0F}じゃあ、私と勝負する？{10}	
03603	MAP/MAP013.BIN:010EF6	1	そう？\n気が向いたら来てね。{0F}カードの虚実を見せてあげるわ。{10}	
03604	MAP/MAP013.BIN:010F38	1	そうこなくちゃ。{0E}{02}3ルールは知っていますか？{10}	
03605	MAP/MAP013.BIN:010F7A	1	それではブラックジャックを\n始めましょう。{10}	
03606	MAP/MAP013.BIN:01104D	1	なんかドキドキするね。{10}	
03607	MAP/MAP013.BIN:011083	1	ちぇ、負けちゃったよ。{10}	
03608	MAP/MAP013.BIN:0110B9	1	やったあ！！{0E}{02}3運がいいわね。{0E}	
03609	MAP/MAP013.BIN:0110EC	2	またきてね、お客さん。{10}	
03610	MAP/MAP013.BIN:01113C	4	残念ね。コインがないわ。\nまた来てちょうだい。{10}	
03611	MAP/MAP013.BIN:01117C	4	お客さん。いったんコインを\n売ってきたらどうかしら？{10}	
03612	MAP/MAP013.BIN:01123C	1	まずあなたに２枚、\n私に２枚カードを配るわ。{0F}ただし、私のカードの１枚は\nふせておくわね。{0F}数の合計が21に近い方が勝ちよ。{0E}{02}3ただしＡは、１又は11、\nＪ、Ｑ、Ｋは10で計算してね。{0F}{02}3カードが欲しい時は「ヒット」\nもういらない時には「スタンド」を{0F}選んでちょうだい。\nただし、最高で６枚までよ。{0F}21を越えたら負けだから\n気をつけてね。{0E}{02}3はじめに配られたカードの合計が{0F}9,10,11の時だけ掛け金を\n２倍に増やせるのよ。{0F}これを「ダブルダウン」と言うのよ。{0F}そのかわり、\nその後は１枚しか引けないけどね。{0E}{02}3２枚同じ数字が来たときだけ\n「スプリット」といって{0F}手を２つに分けることができるのよ。両方勝てば２倍儲かるって寸法よ。{0F}スプリットした後でも\n「ダブルダウン」はできるわ。\n安心してね。{0E}{02}3２枚の合計が21の時は{0F}「ブラックジャック」といって\n配当が1.5倍になるのよ。{0F}組み合わせは\nＡと10、ＡとＪ、ＡとＱ、ＡとＫの\n４種類しかないからね。{0F}ちなみにスプリットした手は\nブラックジャックにはならないわ。{0E}{02}3そうそう、\n合計が同じ場合は引き分けね。{0E}{02}3私が「ブラックジャック」の時は\nあなたも「ブラックジャック」\nじゃないと私の勝ちよ。{0E}{02}3ここでは６組のカードを\n使ってプレイするのよ。{0F}だから、同じカードが\n２枚出てきても驚かないでね。{10}	
03613	MAP/MAP013.BIN:01168E	1	え～と・・・エースは１か11で\nキングは10？{0F}俺は足し算が苦手なんだよな。{10}	
03614	MAP/MAP013.BIN:0116F8	2	コイン10枚を100ピアで買うと\n売るときは１枚が７ピアになるから{0F}15枚以上でないと損をするのよ。{10}	
03615	MAP/MAP013.BIN:011766	1	はーい、いらっしゃい。{0F}カジノで遊ぶには\nコインが必要なのよ。{0F}でも、今は台がふさがってるの。\nだから、台があくまで\n両替は待ってちょうだいね。{10}	
03616	MAP/MAP013.BIN:0117FA	2	はーい、いらっしゃい。{0F}カジノで遊ぶには\nコインが必要なのよ。{0F}どんな用かしら？\n	
03617	MAP/MAP013.BIN:011884	2	ごゆっくり、お遊びください。\nありがとうございました。{10}	
03618	MAP/MAP013.BIN:0118C2	2	コイン10枚で100ピアです。\nコインを何枚買いますか？{10}	
03619	MAP/MAP013.BIN:0118FC	2	コインをお店から持ち出すことは、\n禁止されていますので、{0F}注意してください。{10}	
03620	MAP/MAP013.BIN:01194E	2	あら、やめるのですか？{10}	
03621	MAP/MAP013.BIN:01196C	2	ごめんなさい。{0F}コインを\n50枚以上持っているお客さまには\n売ってはならないと、{0F}お店の規則にあるんです。{10}	
03622	MAP/MAP013.BIN:0119D8	2	ピアが足りないようですね。{10}	
03623	MAP/MAP013.BIN:0119FA	2	コイン１枚あたり\n７ピアですから・・・。{0F}全部で{06}ですね。\nよろしいですか？{10}	
03624	MAP/MAP013.BIN:011A4A	2	はいどうぞ、{06}です。{10}	
03625	MAP/MAP013.BIN:011A66	2	コインがないようですけど・・・。{10}	
03626	MAP/MAP013.BIN:011A92	2	１ゴアあたり{06}で\n引き取りましょう。\n	
03627	MAP/MAP013.BIN:011ABC	5	全部で{06}になります。{10}	
03628	MAP/MAP013.BIN:011AD8	1	ゴアがありませんね。\nたまりましたら、いつでもどうぞ。{10}	
03629	MAP/MAP013.BIN:011B16	2	他にも、用がありますか？\n	
03630	MAP/MAP013.BIN:011E94	4	ラピカがありませんね。\nたまりましたら、いつでもどうぞ。{10}	
03631	MAP/MAP013.BIN:011F1C	1	まったく・・・。{0F}ルーレさんのような客に引っ掛かると商売あがったりだ。{0F}かといって、このまま帰したら、\nあとでバロンさんに\n大目玉を食らうしなぁ。{0F}何とか取り戻さなきゃなぁ・・・。{0E}{09}\n\n{02}{01}まるで、普通と反対みたい。{0E}{09}\n\n{02}	
03632	MAP/MAP013.BIN:011FF1	1	ルーレじいさんって\nそんなに賭けごとに強いのかなぁ。{10}	
03633	MAP/MAP013.BIN:012036	1	失敗だったかなぁ・・・。{0F}適当に儲けさせて、\n帰ってもらった方が良かったかなぁ。{10}	
03634	MAP/MAP013.BIN:012096	1	本当はもう、\n私はやめたいのだがねぇ。{0F}ルーレさんを２階に誘った手前、\n私からはやめられないんだ。{10}	
03635	MAP/MAP013.BIN:012108	1	こんなに強いとは思わなかったよ。{0F}かっ・・・カジノが\n破産してしまう・・・。{10}	
03636	MAP/MAP013.BIN:01216A	1	ルーレさん。\nそれは、それ。これは、これ。{0F}勝ち逃げはズルいですよ。{0F}でも、もう\nあなたとの勝負はご遠慮させて\nいただきたいものですけどね。{10}	
03637	MAP/MAP013.BIN:0121FE	1	ちっとも勝てないから、\nこっちが破産して{0F}しまいますよ。\nあっ、どうも。\nあなたたちですか。{10}	
03638	MAP/MAP013.BIN:01225E	1	今、ルーレットの\n新しいルールを検討中なんです。{10}	
03639	MAP/MAP013.BIN:0122AE	1	君たちもやってみるかい？{10}	
03640	MAP/MAP013.BIN:0122DC	1	ふーむ。{0F}じゃあ、ルーレさんやりますか。{0E}{02}{13}もちろんじゃ。{0F}はやく回さんか。{0E}{02}7トホホ・・・。{10}	
03641	MAP/MAP013.BIN:01233E	1	そうこなくっちゃ。{0E}{02}7ところで\nルールは知っているかい？{10}	
03642	MAP/MAP013.BIN:01238A	1	賭け方によって配当が違うんだよ。{0F}数字１つに賭ける\nストレートベットは36倍{0F}数字２つにまたがって賭ける\nスプリットは18倍{0F}縦のラインに賭ける\nストリートベットは12倍{0F}数字４つにまたがるように賭ける\nスクウェアベットは9倍{0F}0と00と1と2と3の\n５つの数字に賭ける\nファイブナンバーベットは7倍{0F}並んでいる数字６つに賭ける\nシックスナンバーベットは6倍{0F}1から順に12個ずつ区切って賭ける\nダズンベットは3倍{0F}横のラインに賭ける\nコラムベットは3倍{0F}1から18までの数字に賭ける\nローナンバーベットは2倍{0F}19から36までの数字に賭ける\nハイナンバーベットは2倍{0F}偶数に賭ける\nイーブンベットは2倍{0F}奇数に賭ける\nオッドベットは2倍{0F}赤に賭ける\nレッドベットは2倍{0F}黒に賭ける\nブラックベットは2倍{0F}まあ、こんなところかな。{10}	
03643	MAP/MAP013.BIN:012630	1	さあ、始めようか。{10}	
03644	MAP/MAP013.BIN:012679	2	なあんだ、結局同じか。{10}	
03645	MAP/MAP013.BIN:0126AF	2	あ～あ、はずれちゃった。{10}	
03646	MAP/MAP013.BIN:0126DE	1	\n{02}{13}わしの賭け方を参考にするんじゃな。{10}	
03647	MAP/MAP013.BIN:012723	2	やったね。大当たり！{10}	
03648	MAP/MAP013.BIN:01274E	1	\n{02}{13}だんだんとコツが\n飲み込めてきたようじゃな。{10}	
03649	MAP/MAP013.BIN:01278C	2	お客さん。いったんコインを\n売ってきたらどうかね？{10}	
03650	MAP/MAP013.BIN:0127CC	2	残念だね。コインがないよ。\nまた来ておくれ。{10}	
03651	MAP/MAP013.BIN:012806	1	またきておくれ、お客さん。{10}	
03652	MAP/MAP013.BIN:0128CC	1	スゴイよ、あの強さは並みじゃない。{0F}ルーレさんと支配人の勝負を初めから見ていたのだけどね。{0F}もう、数十回も\n勝負しているというのに、\nあのルーレさんは１度も{0F}負けてないんだ。{10}	
03653	MAP/MAP013.BIN:012982	2	私は目をこらして見ていたから\n自信を持って言うがね、{0F}ルーレさんは\nイカサマなんかやってない。\n正真正銘の強運の持ち主だよ。{0F}あやかりたいものだね。{10}	
03654	MAP/MAP013.BIN:012AFA	1	いやーっ、\nルーレさんの腕前は{0F}すごいもんだね。{0F}なんだか私も\nルーレットで勝負を\nしたくなってきたなぁ。{0F}どうだい、私と一勝負しないかね？{10}	
03655	MAP/MAP013.BIN:012B91	1	どうしようかな。{0E}{09}\n\n{02}{01}おじさん、強そうだもの。{10}	
03656	MAP/MAP013.BIN:012BCA	1	そうだ、じゃあこうしよう。{0F}私が君たちに、\nカジノ用の金貨を貸そう。{0F}もし、君たちが負けたら、\nそれでおしまい。{0F}勝ったら貸した分は返してもらって\n残りで賭けを続ける。{10}	
03657	MAP/MAP013.BIN:012C7A	1	{02}{04}それじゃ、あんたの儲けが\nないじゃないか。{10}	
03658	MAP/MAP013.BIN:012CB0	1	私は賭けのスリルを\n味わうことができる。{0F}それに、その金貨を越える賭けは\n自分で払ってもらうよ。{10}	
03659	MAP/MAP013.BIN:012D1C	1	{02}{04}なるほど。{0E}{09}	
03660	MAP/MAP013.BIN:012D2B	1	{02}{01}それなら、大損することは\nないんじゃない？{0E}	
03661	MAP/MAP013.BIN:012D80	1	{02}{04}やれ、やれ、やれ。\nやっちまおうぜ。{0E}{09}{0A}{02}	
03662	MAP/MAP013.BIN:012DAA	1	わぁい！\nやろう、やろう。{10}	
03663	MAP/MAP013.BIN:012DCE	1	それでは、あっちのテーブルに\n移るとしよう。{10}	
03664	MAP/MAP013.BIN:012E2A	1	さぁ、ルーレット台の手前に\n行きたまえ。{0E}	
03665	MAP/MAP013.BIN:012E84	1	ちょっと、君！{0F}	
03666	MAP/MAP013.BIN:012E9C	1	済まないが、台をあけてくれるかね？{0E}{02}9ええ、いいですとも。{0E}	
03667	MAP/MAP013.BIN:012F04	1	ルールはシンプルな色賭けでいこう。赤が出るか、黒が出るかだ。{0F}でも、もし０が出た場合は\n親の勝ちだからね。{0F}じゃあ、私が親になって\nディーラーを務めよう。\nさぁ、金貨を赤か黒に賭けたまえ。{0E}ルーレットが回りはじめた。\nマイアーが玉を転がした。{0E}玉はルーレットの縁をくるくると回りときおり弾かれながら、\n勢いよく転がっていった。{0E}{02}8さあ、どこに賭けるかね？{10}	
03668	MAP/MAP013.BIN:013064	2	赤に賭ける	
03669	MAP/MAP013.BIN:013073	2	{01}黒に賭ける	
03670	MAP/MAP013.BIN:013092	1	赤だね。\nさあ、どうかな。{0E}ルーレットの回転が次第に遅くなり、文字盤の上に玉が止まった。{0E}{02}8うわっ、赤の所だ。{0F}まいったなぁ。\n私の負けだ。{0E}	
03671	MAP/MAP013.BIN:013126	1	黒だね。\nさあ、どうかな。{0E}ルーレットの回転が次第に遅くなり、文字盤の上に玉が止まった。{0E}{02}8うわっ、黒の所だ。{0F}まいったなぁ。\n私の負けだ。{0E}{09}	
03672	MAP/MAP013.BIN:0131B0	1	{02}{01}うわーっ、勝った、勝った。{10}	
03673	MAP/MAP013.BIN:0131D2	1	なかなか、ツイてるじゃないか。{0F}最初の約束通り、貸した金貨は\n返してもらうよ。{0F}じゃあ、この金貨１枚は\n君たちの取り分だ。{0E}{02}8そうだ、提案があるのだけどね。{0F}君たちが今勝った金貨を\nダブルアップで賭けてみないか。{10}	
03674	MAP/MAP013.BIN:0132B0	1	ダブルアップ？{10}	
03675	MAP/MAP013.BIN:0132C8	1	このまま賭けを\n終わらせてもいいのだが{0F}どうせ私から勝った分だから\n負けても悔いが残らないだろ。{0F}そのままダブルアップで賭けて、\nもし勝てば倍の金額になるんだよ。{0F}面白いだろ、やってみなよ。{10}	
03676	MAP/MAP013.BIN:013390	1	ああ、ダブルアップね・・・あれね。{0E}{09}\n{02}{01}ジュリオ、ルール知ってるの？{0E}{09}\n{02}	
03677	MAP/MAP013.BIN:0133D8	1	今、聞いたじゃないか。{0E}{09}\n{02}{01}そうだけど、いいのかなぁ。{0E}{09}	
03678	MAP/MAP013.BIN:013412	1	マイアーさんの言ったとおり、\n負けてもマイアーさんから{0F}勝ったお金だからね。{0E}{09}	
03679	MAP/MAP013.BIN:01345F	1	{02}{01}勝てば倍だし、\nやってみましょうか。{0E}{09}	
03680	MAP/MAP013.BIN:01349A	1	じゃあ、ＯＫだね。{10}	
03681	MAP/MAP013.BIN:0134BA	1	はい、やりま～す。{10}	
03682	MAP/MAP013.BIN:0134D6	1	始めるよ。{0E}ルーレットが回りはじめた。\nマイアーが玉を転がした。{0F}玉はルーレットの縁を\nくるくると回った。{0E}{02}8さあ、どちらに賭けるかね？{10}	
03683	MAP/MAP013.BIN:013590	1	赤だね。\n今度はどうかな。{0E}	
03684	MAP/MAP013.BIN:0135B6	1	黒だね。\n今度はどうかな。{0E}	
03685	MAP/MAP013.BIN:0135D4	1	ルーレットの回転が次第に遅くなり、文字盤の上に玉が止まった。{0E}{02}8おっ！？{0F}お、お、お、お、おっ・・・！！{0F}こりゃぁ、驚いた。{0E}玉は０の上で止まっている！{0E}{02}8０に止まってしまったよ。{0F}こんなこともあるんだねー。\nすまない、私の勝ちだ。{10}	
03686	MAP/MAP013.BIN:0136C4	1	\n{02}{01}よかったわね。{0F}これで差し引きなしで\nもとに戻ったのね。{10}	
03687	MAP/MAP013.BIN:013708	1	いや。{0F}非常に言いにくいことだけど、\nそうじゃないんだよ。{10}	
03688	MAP/MAP013.BIN:01374C	1	{09}\n\n{02}{01}えっ、どういうこと？{10}	
03689	MAP/MAP013.BIN:013770	1	玉が止まったのは０だから\n私の勝ちというのはわかるよね？{10}	
03690	MAP/MAP013.BIN:0137C8	1	ここのルールでは０に止まった場合の親の総取りは1000倍なんだよ。{10}	
03691	MAP/MAP013.BIN:013812	1	{09}{08}\n{09}\n{02}{01}えーっ！？{10}	
03692	MAP/MAP013.BIN:01382E	1	しかも、君たちはダブルアップで\n勝負をしたからね。{0F}掛け金１０００ピアの２倍に{0F}さらに１０００倍の\n負けになるんだよ。{0F}つまり、君たちは\n２００００００ピア負けた{0F}ということなんだ。{10}	
03693	MAP/MAP013.BIN:0138EC	1	・・・・・・・・・・・・。{0E}{09}{09}\n{02}{04}ちょっと待てよ！\n掛け金が1000ピアってなんだよ。{10}	
03694	MAP/MAP013.BIN:013946	1	知らなかったのかね？{0F}その金貨は1000ピアの\n価値があるんだよ。{10}	
03695	MAP/MAP013.BIN:013997	1	ピア！？{0E}{09}\n\n{02}{01}そんなの聞いてないわよ！{10}	
03696	MAP/MAP013.BIN:0139C8	1	聞かれなかったから\nお教えしなかったまでさ。{10}	
03697	MAP/MAP013.BIN:013A00	1	{09}{09}\n{02}{04}そ、それにしても\nだいたい０が1000倍なんて{0F}そんなルールあるのかよ！{0E}{09}{09}\n{02}{01}そうよ、そうよ！{0E}{09}{08}\n{02}	
03698	MAP/MAP013.BIN:013A63	1	そうだよ！{10}	
03699	MAP/MAP013.BIN:013A78	1	そんなこと言われても。\nれっきとしたルールだからね。{0F}	
03700	MAP/MAP013.BIN:013AB6	1	ねぇ、そうだろ？{0E}{02}9ええ、嘘じゃないわ。{0F}ダイスのカジノに初めっからある\nルールよ。仕方ないわね。{0E}{02}8いくら1000倍ったって、\n出る確率はすごく少ないんだ。{0F}ほとんどの場合、\n赤か黒しか出ないからね。{10}	
03701	MAP/MAP013.BIN:013B82	1	{09}{09}\n{02}{04}待てよ、俺たちが赤か黒かの\nどちらかに賭ければ、{0F}残った赤と黒のどちらかと、\n０がディーラーの\n勝ちになるってわけか・・・。{0F}だったら、どちらにしても\nあんたの確率の方がいいじゃないか？{10}	
03702	MAP/MAP013.BIN:013C4C	1	しかも、めったに出ないのですが、\n０が出れば{0F}左うちわの大儲けですよね。\n勝負の世界は非情です。\nハイ。{10}	
03703	MAP/MAP013.BIN:013CBC	1	{09}{09}\n{02}{04}てめーっ、ひっかけやがったな！{10}	
03704	MAP/MAP013.BIN:013CEA	1	ひっかかる方が抜けてるんですよ。{0E}{02}8さぁ、払ってもらいましょうか。{10}	
03705	MAP/MAP013.BIN:013D5A	1	なんだと～。{0F}いい度胸してるじゃねーか？\nあん。{0E}	
03706	MAP/MAP013.BIN:013D9C	1	{09}\n\n{02}{01}こ、こわくなんか、ないわよ・・・。{0E}	
03707	MAP/MAP013.BIN:013DDD	1	ボク、こわいよ・・・。{0E}	
03708	MAP/MAP013.BIN:013E08	1	{09}{09}\n{02}{04}安心しろ。\n俺にまかせとけ。{0E}	
03709	MAP/MAP013.BIN:013E4E	1	{02}{04}おい！　てめーらグルだな。{0F}旅人相手に、あこぎなマネを\nしてくれるじゃねーか。{0E}	
03710	MAP/MAP013.BIN:013EA6	1	うおおおおーっ！{0E}	
03711	MAP/MAP013.BIN:013ED0	1	{02}{04}すみません。{0E}	
03712	MAP/MAP013.BIN:013EE6	1	魔獣相手には強いローディも、\nこういう相手は苦手だった。{10}	
03713	MAP/MAP013.BIN:013F2D	1	は、は、払います。{10}	
03714	MAP/MAP013.BIN:013F44	1	ジュリオたちは\n所持金とラピカの全てを\n巻き上げられた。{0E}{02}8おや？{0F}ずいぶんと高価そうな短剣を\n持ってるじゃないですか。\nそれも、いただきましょうか。{0E}{09}\n\n{02}	
03715	MAP/MAP013.BIN:013FDA	1	あ～、それは・・・。{0E}{02}:なんか文句があるのかい？{0E}{09}\n\n{02}	
03716	MAP/MAP013.BIN:01400F	1	・・・・・・。{0E}{09}\n\n{02}{01}どうしよう。{0F}銀の短剣は取られちゃったし\n旅のお金もなくなっちゃったわ。{10}	
03717	MAP/MAP013.BIN:014082	1	{02}{13}どきなさい。{0E}	
03718	MAP/MAP013.BIN:0140A8	1	用心棒は動かない。{0E}{02}{13}これが最後じゃ。\nもう１度だけ言うぞ。{0F}どきなさい。{0E}ルーレの目が鋭く光った。{0E}{02}:ひぇっ・・・。{0E}	
03719	MAP/MAP013.BIN:01413E	1	{02}{13}どうじゃ？{0F}素人がギャンブルに\n手を出すものじゃないと\nよくわかったじゃろう。{0F}と、まあ、\nワシが言うのも変だけどな。{0F}それにしても、ルールを知らないのにゲームを始めてしまうとはのう。\nまったく、あきれたもんじゃ。{0E}{09}{08}\n{02}{01}ジュリオの知ったかぶりが\nいけないのよ。{0E}	
03720	MAP/MAP013.BIN:014261	1	クリスだって・・・。{0E}{09}{09}\n{02}{01}なによぉ。{0E}{09}	
03721	MAP/MAP013.BIN:014288	1	\n{02}{13}これこれ、\nそんなことでモメている場合か。{0F}まあ、いい。\n一文無しでは旅もつらかろう。\n宿屋で待っておってくれ。{0F}何とか話をつけて\nあとで宿屋の方によるからのう。{0E}{09}\n\n{02}{01}えっ・・・？\nどうするつもりなの。{0E}{09}	
03722	MAP/MAP013.BIN:014351	1	\n{02}{13}それは内緒じゃ。{0F}いいな、宿屋で待って\nおるんじゃぞ。{0E}{09}	
03723	MAP/MAP013.BIN:0143B0	1	先ほどは、\nたいへん失礼いたしました。{0F}どうか、穏便にひとつ、\nよろしくお願いいたします。{10}	
03724	MAP/MAP013.BIN:014410	1	この前は済まなかった。\nどうか、穏便に頼むよ。{0F}ね、ね、ね、ね、ね。{10}	
03725	MAP/MAP013.BIN:014482	1	ルーレさんってスゴイ人だね。{0F}きっと、どこかの\n街の大地主か何かだろう。\nいい賭けっぷりだよ。{10}	
03726	MAP/MAP013.BIN:0144EA	1	さっきから、\nずっと支配人と{0F}サシで勝負してるんだ。\n私なんかにはマネできないよ。{10}	
03727	MAP/MAP013.BIN:014542	1	ルーレさんは本当に強いよ。{0F}もう、50000ピアくらい\n勝っているんじゃないかね。{10}	
03728	MAP/MAP013.BIN:014596	1	ルーレさん、ご機嫌ようございます。{10}	
03729	MAP/MAP013.BIN:0145C0	1	やっぱり、０が出たら何万倍ってのはいくら何でもつらいからね。{10}	
03730	MAP/MAP013.BIN:014618	1	イカサマなんかやったら\nただじゃ、おかないぞ！{10}	
03731	MAP/MAP013.BIN:014658	1	悪いことはやってません。本当です。{10}	
03732	MAP/MAP013.BIN:014682	1	何か困ったことがあったら、\nなんなりと言ってください。{10}	
03733	MAP/MAP013.BIN:0146D4	1	ん？\nなんだ、お前たちは。{0F}用がないなら向こうへ行け！{10}	
03734	MAP/MAP013.BIN:01471A	1	バロンさんに\nよろしくお伝えください。{10}	
03735	MAP/MAP013.BIN:014748	1	明るい遊技場をめざし、\n日夜努力をしております。{10}	
03736	MAP/MAP013.BIN:014780	1	{02}{13}はっはっはっ、また、勝った。{0F}ゆかい、ゆかい、\nまったく、愉快じゃな。{0F}もうちょっとだけやってから、\n帰るとするかな。{0F}	
03737	MAP/MAP013.BIN:0147FE	1	リバレ、もう一勝負じゃ。\nワシの勝負を\n受けてくれるかな？{0E}{02}7もちろんだ。{0F}このまま勝ち逃げなんて\nさせるもんか。{0E}{02}{13}それができるんじゃな。{10}	
03738	MAP/MAP013.BIN:01488C	2	いらっしゃいませ。\nどうぞ、ごゆっくり。{10}	
03739	MAP/MAP013.BIN:0148BC	1	いらっしゃいませ。\n冷たいお飲物はいかが？{10}	
03740	MAP/MAP013.BIN:014938	1	いらっしゃいませ。\nディ－ラーのグランツです。{0F}私がお相手をさせていただきます。\nルールは簡単よ。{10}	
03741	MAP/MAP013.BIN:0149AE	1	そう？\n気が向いたらまた来てね。{10}	
03742	MAP/MAP013.BIN:0149D6	1	そうこなくっちゃ。{0E}{02}<ルールは知ってる？{10}	
03743	MAP/MAP013.BIN:014A14	1	賭け方によって配当が違うのよ。{0F}数字１つに賭ける\nストレートベットは36倍{0F}数字２つにまたがって賭ける\nスプリットは18倍{0F}縦のラインに賭ける\nストリートベットは12倍{0F}数字４つにまたがるように賭ける\nスクウェアベットは9倍{0F}0と00と1と2と3の\n５つの数字に賭ける\nファイブナンバーベットは7倍{0F}並んでいる数字６つに賭ける\nシックスナンバーベットは6倍{0F}1から順に12個ずつ区切って賭ける\nダズンベットは3倍{0F}横のラインに賭ける\nコラムベットは3倍{0F}1から18までの数字に賭ける\nローナンバーベットは2倍{0F}19から36までの数字に賭ける\nハイナンバーベットは2倍{0F}偶数に賭ける\nイーブンベットは2倍{0F}奇数に賭ける\nオッドベットは2倍{0F}赤に賭ける\nレッドベットは2倍{0F}黒に賭ける\nブラックベットは2倍{0F}こんなところかしら。{10}	
03744	MAP/MAP013.BIN:014CB4	1	それではルーレットを始めましょう。{10}	
03745	MAP/MAP013.BIN:014EBC	1	がーん・・・。{0F}こんなに負けたら、今月生活\nできなくなっちゃう。{10}	
03746	MAP/MAP013.BIN:014FC6	1	お客様、チップをお持ちのまま\n外に出られては困ります。{10}	
03747	MAP/MAP013.BIN:015056	1	お客様、チップをお持ちのまま\n２階に上がられては困ります。{10}	
03748	MAP/MAP013.BIN:0150C6	1	お客様、チップをお持ちのまま\n１階に戻られては困ります。{10}	
03749	MAP/MAP013.BIN:015186	1	あっ、あそこにいたよ。{10}	
03750	MAP/MAP013.BIN:0151AE	2	あっ、やっぱり\nまだいたよ。{10}	
03751	MAP/MAP013.BIN:0151D2	2	{09}\n{02}{01}まったく、しようがないわね。{10}	
03752	MAP/MAP013.BIN:01521E	2	\n{02}{01}ねぇ、ルーレじいさん。{0F}ほどほどにして、\nそろそろテュエールに\n帰った方がいいわよ。{10}	
03753	MAP/MAP013.BIN:01527E	2	{02}{13}ほれっ、こい！{0F}そこだ入るのじゃ、入れ！\nよし、いいぞ。{0E}ルーレはルーレットに夢中で\nクリスが話しかけても\nまったく、気がつかない。{0E}{02}{13}ころがれ！\nほれっ！\nもう一息じゃ！{10}	
03754	MAP/MAP013.BIN:015355	2	ダメだよ。\nぜんぜん聞いてないよ。{10}	
03755	MAP/MAP013.BIN:0153A6	2	ルーレットが止まった。\n赤の16。\nルーレの大当たりだ！{0E}{09}{0B}\n{02}{13}ほほほーう、\nまた、大当たりじゃ！{0F}悪いなリバレ。\nワシをカモにしようなんて考えは、\n10万年早いんじゃよ。{0F}はっはっはっはっはっ・・・！{0E}{02}7くうううう・・・。{0F}な、何で、そんなにあんたは\nツイてるんだ。{0E}{09}	
03756	MAP/MAP013.BIN:0154A5	2	\n{02}{13}よかろう、教えてやろう。{0F}いってみれば、\n無欲の勝利じゃよ。{0E}{02}7嘘つけ。賭けに勝とうとして\nカジノ通いをしているくせに、{0F}欲がないなんて嘘だ。{0E}{09}{0B}\n{02}{13}はっはっはっ、\n何とでも言うがいい。{0F}ワシの勝ちじゃ。{10}	
03757	MAP/MAP013.BIN:015576	2	\n{02}{01}ルーレじいさん。{0F}いつも一文無しで帰って来るって\n関所の人たちは言ってたけど\nずいぶん話が違うじゃない。{10}	
03758	MAP/MAP013.BIN:0155F0	2	{02}{13}おお、あんたらか。\nごきげんよう。{10}	
03759	MAP/MAP013.BIN:015621	2	ごきげんよう、じゃないよ。{10}	
03760	MAP/MAP013.BIN:015640	2	{09}{08}\n{02}{01}もう、タップリ遊んだでしょ。{0F}勝ってるうちに\nやめといた方が、いいんじゃない？{10}	
03761	MAP/MAP013.BIN:0156A0	2	\n{02}{13}そうじゃな。{0F}では、もうちょっとだけやってから、帰るとするかな。{10}	
03762	MAP/MAP013.BIN:0156EC	1	{02}{13}リバレ、もう一勝負じゃ。{0F}ワシの勝負を\n受けてくれるかな？{0E}{02}7もちろんだ。{0F}このまま勝ち逃げなんて\nさせるもんか。{10}{02}{13}それができるんじゃな。{10}	
03763	MAP/MAP013.BIN:015CEE	1	{02}{13}リバレ、もう一勝負じゃ。{0F}ワシの勝負を\n受けてくれるかな？{0E}{02}7もちろんだ。{0F}このまま勝ち逃げなんて\nさせるもんか。{10}	
03764	MAP/MAP013.BIN:015DD8	1	カジノ	
03765	MAP/MAP014.BIN:0000A4	1	テグラの炭坑	
03766	MAP/MAP014.BIN:0160D6	1	{1E}ыB夫のシラフ	
03767	MAP/MAP014.BIN:0160F8	1	坑夫のボリー	
03768	MAP/MAP014.BIN:016118	1	坑夫のアイル	
03769	MAP/MAP014.BIN:016138	1	坑夫のテッド	
03770	MAP/MAP014.BIN:016158	1	坑夫のザイル	
03771	MAP/MAP014.BIN:016178	1	坑夫のロブ	
03772	MAP/MAP014.BIN:016682	1	{02}{14}おやや・・・？{0F}子供がこんな奥まで入ってきちゃ\nあぶないぞ。\n邪魔だから、あっちに行きなさい。{0E}えっ？\nケビンじいさんに頼まれたって。{0F}じいさんも子供にムチャ頼むなぁ。{0F}ローディがいれば\nこんなことさせないんだろうけど。{0E}{09}\n\n{02}	
03773	MAP/MAP014.BIN:01675E	1	ローディ？{0E}{09}	
03774	MAP/MAP014.BIN:01676B	1	\n{02}{01}ケビンおじいさんのお孫さんよ。{0F}さっき話してたじゃない。{10}	
03775	MAP/MAP014.BIN:0167B0	1	{02}{14}エレベーターは隣の坑道だ。\n気をつけて行くんだぞ。{10}	
03776	MAP/MAP014.BIN:0167F4	1	{02}{14}さっき地震があったけど、\nきみたち大丈夫だったかい？{10}	
03777	MAP/MAP014.BIN:01683B	1	土砂崩れで出口がふさがれたけど、\n抗夫の人達が助けてくれたんだ。{10}	
03778	MAP/MAP014.BIN:016882	1	{02}{14}そうだったのか、\n助かって良かったね。{0F}もう、用事は済んだのかい？{10}	
03779	MAP/MAP014.BIN:0168E4	1	{02}{14}じゃあ、気をつけて帰るんだよ。{10}	
03780	MAP/MAP014.BIN:01690E	1	{02}{14}気をつけて帰るんだよ。{10}	
03781	MAP/MAP014.BIN:01695E	1	{02}{15}この炭坑で採れるほとんどは泥炭だが少しは石炭だってあるんだ。{0F}自然の恵みってありがたいよな。{10}	
03782	MAP/MAP014.BIN:0169C6	1	{02}{15}泥炭の沼は\nここから西に行った所だよ。{10}	
03783	MAP/MAP014.BIN:0169F4	1	{02}{15}より道するなよ、迷うから。{10}	
03784	MAP/MAP014.BIN:016A3A	1	{02}{15}なんだ、帰ったんじゃなかったのか？{10}	
03785	MAP/MAP014.BIN:016A6A	1	{09}\n\n{02}{01}それが・・・あのう・・・。{10}	
03786	MAP/MAP014.BIN:016ABF	1	いいにくいんだけど。{10}	
03787	MAP/MAP014.BIN:016ADC	1	{02}{15}なんだよ、\n遠慮しないで言ってみろよ。{10}	
03788	MAP/MAP014.BIN:016B20	1	{09}\n\n{02}{01}私たち、みんな生き埋めに\nなっちゃったの。{10}	
03789	MAP/MAP014.BIN:016B6F	1	爆発のショックで\n別の所が埋まっちゃった。{10}	
03790	MAP/MAP014.BIN:016BA0	1	{02}{15}えーっ！？\nなんだっ、てぇーっ！{10}	
03791	MAP/MAP014.BIN:016BDA	1	{02}{15}おーい！\nテッド、アイル、大変だぞ！{10}	
03792	MAP/MAP014.BIN:016C20	1	{02}{17}なんだよ、血相を変えて。{10}	
03793	MAP/MAP014.BIN:016C46	1	{02}{16}何かあったのか？{10}	
03794	MAP/MAP014.BIN:016C70	1	{02}{15}出口が埋まっちまった。{10}	
03795	MAP/MAP014.BIN:016C94	1	{02}{17}なんだってーっ！？{10}	
03796	MAP/MAP014.BIN:016CB4	1	{02}{16}ほんとかよ？！{10}	
03797	MAP/MAP014.BIN:016CCC	1	{02}{15}とにかく、現場に行ってみようぜ。{10}	
03798	MAP/MAP014.BIN:016D04	1	{02}{15}きっと新しい抜け道が\n見つかるはずだ。{10}	
03799	MAP/MAP014.BIN:016D32	1	{02}{15}道なりに北へ向かって、\nトロッコが見えたら{0F}左に曲がるんだぞ。\n右に行ったら、\nまた泥炭の沼に戻っちゃうぞ。{10}	
03800	MAP/MAP014.BIN:016DB6	1	{02}{16}ケガがなくて良かったな。{10}	
03801	MAP/MAP014.BIN:016DD6	1	{02}{16}ていねいに、\n壁を調べていくしかないな。{10}	
03802	MAP/MAP014.BIN:016E06	1	{02}{16}ここにエレベーターを作れば\n便利になるな。{0F}まったく、いい場所を見つけたよ。\nこれで作業もはかどるぜ。{10}	
03803	MAP/MAP014.BIN:016E86	2	{02}{17}気をつけて戻れよ。{10}	
03804	MAP/MAP014.BIN:016EA0	1	{02}{17}なんとかなるって。{0F}でも、もう１個くらい\nでかい真紅の炎が\nあれば良かったのにな。{0F}そういえば、この前まで\n大きくなりすぎた真紅の炎が\n２個あったのに、{0F}もう１個はどこにいったんだろう。{0E}{09}\n\n{02}{01}ダメだってば、そんな作戦。{0F}そんなことしたら、\nまた別の所が埋まっちゃうわよ。{0E}{02}{17}うん、そうだったな。{10}	
03805	MAP/MAP014.BIN:016FF2	1	{02}{18}おや？　あんたたち、{0F}さっき、ロブの奴に\n驚かされただろ。{0F}悲鳴がここまで聞こえたよ。{0F}お客がくると、\nびっくりさせるのが趣味なんだ。{0F}悪く思わないでくれよ。{10}	
03806	MAP/MAP014.BIN:017096	1	{02}{18}下に行くのなら、\n西側のエレベーターを使いな。{10}	
03807	MAP/MAP014.BIN:0170CC	1	{02}{18}さっきの地震は大きかったな。{0E}なに？\nそうか、それは災難だったな。{0F}でも、あとあと笑い話になるさ。{10}	
03808	MAP/MAP014.BIN:017273	1	あっ！！{10}	
03809	MAP/MAP014.BIN:017280	1	{09}\n\n{02}{01}こんなことって・・・。{10}	
03810	MAP/MAP014.BIN:0172A5	1	きっと、{0F}ボクたちが爆発させたショックで\n新しく崩れちゃったんだ・・・。{10}	
03811	MAP/MAP014.BIN:0172F0	1	{09}{08}\n{02}{01}戻って坑夫さんたちに知らせましょう。{10}	
03812	MAP/MAP014.BIN:017350	1	{02}{1A}うぎやああああああぁぁぁぁ！！{10}	
03813	MAP/MAP014.BIN:017388	1	{09}\n\n{02}{01}きゃっ！？{10}	
03814	MAP/MAP014.BIN:0173A1	1	うわわわ・・・！？{10}	
03815	MAP/MAP014.BIN:0173FA	1	{02}{19}おいおい、冗談だよ、冗談。\nおどろきすぎだよ。{0F}俺はここの坑夫のロブだ。{10}	
03816	MAP/MAP014.BIN:01747A	1	{09}\n\n{02}{01}えっ？{10}	
03817	MAP/MAP014.BIN:01748F	1	びっくりしたぁ・・・。{10}	
03818	MAP/MAP014.BIN:0174AE	1	{02}{19}いやー、悪い悪い。{0F}あんまり恐そうにしてたんで、\nサービスのつもりだったんだ。{10}	
03819	MAP/MAP014.BIN:01750D	1	ど、どうも・・・。{10}	
03820	MAP/MAP014.BIN:01753C	1	{09}{09}\n{02}{01}もう！\nおどかさないでよ。{10}	
03821	MAP/MAP014.BIN:017562	1	{02}{19}ははははは・・・。\nごめん、ごめん。{0F}ところで炭坑に何の用だい？{10}	
03822	MAP/MAP014.BIN:0175B3	1	ケビンじいさんに頼まれて、\n泥炭の沼に宝石を取りに来たんだ。{10}	
03823	MAP/MAP014.BIN:0175F6	1	{02}{19}へえー、\nそうだったのか。{0F}ご苦労さん。{0F}ケビンじいさんの宝石は\n最高だからな。{0F}まあ、気をつけて行きな。{0F}じゃあなっ。{10}	
03824	MAP/MAP014.BIN:0176CE	1	{09}{09}\n{02}{01}気をつけて行きな、ですって。{10}	
03825	MAP/MAP014.BIN:0176FD	1	まだ、ああいう人がいるのかなぁ。{10}	
03826	MAP/MAP014.BIN:017BA0	1	{02}{17}お～い！\nそこにいるのかぁー！{10}	
03827	MAP/MAP014.BIN:017BFF	1	やったぁ、助けに来てくれた。{0F}	
03828	MAP/MAP014.BIN:017C3A	1	うん、ここにいるよ！{10}	
03829	MAP/MAP014.BIN:017C7C	1	{02}{15}ケガはないか？{10}	
03830	MAP/MAP014.BIN:017CA0	1	{02}{16}大丈夫か！{10}	
03831	MAP/MAP014.BIN:017CCC	1	{09}{0A}\n{02}{01}ケガはないわ。大丈夫よ。{0F}{09}\n\n{02}{01}でも、通路がくずれちゃって\n出られないの。{0F}他の出口はないの？{10}	
03832	MAP/MAP014.BIN:017D4A	1	{02}{17}他の出口か・・・。{10}	
03833	MAP/MAP014.BIN:017D8D	1	うん、他の出口を教えてよ。{10}	
03834	MAP/MAP014.BIN:017DD6	1	{02}{17}う～ん、他の出口は{19}{0F}・・・・・・・{0F}{19}	
03835	MAP/MAP014.BIN:017DFD	1	ない！{10}	
03836	MAP/MAP014.BIN:017E1E	1	{09}{09}\n{02}{01}えーっ？！{10}	
03837	MAP/MAP014.BIN:017E7B	1	そんなに強く言い切らなくったって\nいいじゃないか・・・。{10}	
03838	MAP/MAP014.BIN:017ED0	1	{02}{17}ごめん、ごめん。\nまあ、物事をそう悲観的にとるなよ。{0F}脱出の方法はまだあるから。{10}	
03839	MAP/MAP014.BIN:017F3A	1	{09}\n\n{02}{01}どうすればいいの？{10}	
03840	MAP/MAP014.BIN:017F70	1	{02}{17}うん、ちょっと待ってくれ。\n今、こっちで相談して考えるから。{10}	
03841	MAP/MAP014.BIN:017FE9	1	なんだ・・・。\nまだ、考えてなかったんじゃないか。{0F}本当に大丈夫なのかなぁ。{10}	
03842	MAP/MAP014.BIN:01804E	1	{02}{15}これだけハデに崩れたら、\nいくら俺たちが{0F}３人がかりで掘ったとしても、\n何日もかかるぜ。{10}	
03843	MAP/MAP014.BIN:0180AA	1	{02}{17}うーん、そうだな。{0F}上から応援を呼んだって{0F}何人もいっぺんに\n作業のできる広さもないしな。{10}	
03844	MAP/MAP014.BIN:018108	1	{02}{16}少し危険だが、\nあの手でやっちまおうか？{10}	
03845	MAP/MAP014.BIN:018136	1	{02}{15}あの手か・・・。{0F}でも、あの方法は何が起きるか\nわからないからなぁ。{10}	
03846	MAP/MAP014.BIN:01817E	1	{02}{17}でもまぁ、手っ取り早く済むと言えば、あの手だよな。{10}	
03847	MAP/MAP014.BIN:0181B6	1	{02}{15}よし、あの手でいってみるか。{10}	
03848	MAP/MAP014.BIN:0181D8	1	{02}{17}そうするか。{10}	
03849	MAP/MAP014.BIN:0181EA	1	{02}{16}うん、決まりだ。{10}	
03850	MAP/MAP014.BIN:018236	1	{02}{17}お～い、今から方法を言うぞ！\nよく聞いてくれ。{10}	
03851	MAP/MAP014.BIN:018284	1	{09}{08}\n{02}{01}さっきからずっと聞いてるけど。{0F}おじさんたち、もしかして\nずいぶん危険なこと\nさせようとしてんじゃないの？{10}	
03852	MAP/MAP014.BIN:01830E	1	{02}{17}え？　聞いてたの。{0F}大丈夫だって。{0F}泥炭の沼は、けっこう広いから、\n逃げる場所はいっぱいある。{0F}心配ないって。{0F}泥炭の沼の中に、{0F}大きくなりすぎた\n真紅の炎があっただろう。{0F}あれが爆弾代わりに使えるんだ。{10}	
03853	MAP/MAP014.BIN:0183EE	1	{09}{08}\n{02}{01}そんなことじゃないかと思ったわ。{10}	
03854	MAP/MAP014.BIN:01841D	1	それで、ふっ飛ばすんだね。{10}	
03855	MAP/MAP014.BIN:018456	1	{02}{17}そのとおり。\nカンがいいな坊主。{10}	
03856	MAP/MAP014.BIN:018492	1	{09}{09}\n{02}{01}そこまで聞けば、\n誰だってわかるわよ。{10}	
03857	MAP/MAP014.BIN:0184DA	1	{02}{17}と、いうわけだから、\nでっかい真紅の炎を探してきて、{0F}この土砂にぶつければいいんだ。{0F}なっ、簡単だろ。{10}	
03858	MAP/MAP014.BIN:018544	1	{02}{16}運ぶときは気をつけろよ。\nくれぐれも落とさないようにな。{0F}落としたら、\nその場でドッカーン！だぞ。{10}	
03859	MAP/MAP014.BIN:0185C0	1	{09}{08}\n{02}{01}そんなー。{10}	
03860	MAP/MAP014.BIN:0185FB	1	でもさ、ぶつけるのはできるけど、\nすぐに爆発するんだろ？{0F}ボクたちも爆発しちゃうじゃないか。{10}	
03861	MAP/MAP014.BIN:018666	1	\n{02}{01}遠くから投げればいいじゃない。{10}	
03862	MAP/MAP014.BIN:018699	1	あんなにでっかいの、\nそんなに飛ばないよ。{10}	
03863	MAP/MAP014.BIN:0186E0	1	{02}{15}転がせばいいんだ。{0F}	
03864	MAP/MAP014.BIN:018718	1	そのくらいの衝撃なら爆発しねぇ。{0F}ゴロゴロ、ドッカーン！\nて、感じだな。{10}	
03865	MAP/MAP014.BIN:01877E	1	{09}{08}\n{02}{01}簡単に言うけど、{0F}本当にそう上手くいくのかしら。{10}	
03866	MAP/MAP014.BIN:0187D0	1	{02}{17}わかったな。\nさあ、真紅の炎をとってこい。{0F}いいか、\n転がす前にはひと声かけろ。{0F}俺たちも\n避難しなきゃならないからな。{0F}わかったな。{10}	
03867	MAP/MAP014.BIN:018871	5	うん、わかった。{10}	
03868	MAP/MAP014.BIN:0188E5	1	あっ、沼だ。{10}	
03869	MAP/MAP014.BIN:0189A0	1	\n{02}{01}ここが泥の沼ね。\nすっごく広いわね。{10}	
03870	MAP/MAP014.BIN:018A0E	1	{02}{17}おや、あんたたちは？{0F}子供だけで入ってくるとは珍しい。\n何か用かい。{10}	
03871	MAP/MAP014.BIN:018A56	1	{02}{17}よく、ここまで来れたな。{10}	
03872	MAP/MAP014.BIN:018A7A	1	\n{02}{01}私たちケビンおじいさんに頼まれて、沼に沈めた宝石を取りに来たの。{0F}ここが泥炭の沼よね？{10}	
03873	MAP/MAP014.BIN:018ADE	1	{02}{17}ああ、そうだよ。{0F}わかったぞ、\nローディの代わりを\n頼まれたんだな。{0F}真紅の炎を取りに来たのか。{0F}	
03874	MAP/MAP014.BIN:018B54	1	でも、見てのとおりの広さだから、\nこの中から宝石を探すのは大変だぞ。{10}	
03875	MAP/MAP014.BIN:018BA0	1	{09}{10}\n{02}{01}だけど、約束したもの。\n探さなくちゃ。{10}	
03876	MAP/MAP014.BIN:018BCE	1	{02}{17}大きくなりすぎた宝石には\n触らない方がいいぞ。{0F}爆発するかも知れないからな。{0F}さてと、俺は戻るか。\n気をつけて探すんだぞ。{10}	
03877	MAP/MAP014.BIN:018C96	1	{09}{10}\n{02}{01}さあ、ジュリオ。探しましょう。{10}	
03878	MAP/MAP014.BIN:018D56	1	\n{02}{01}暗いね。{10}	
03879	MAP/MAP014.BIN:018D82	1	{09}{10}\n{02}{01}ジュリオ、\nこわいんでしょ？{10}	
03880	MAP/MAP014.BIN:018DAF	1	そんなことないよ。{10}	
03881	MAP/MAP014.BIN:018DCE	1	{09}{10}\n{02}{01}うそ。{10}	
03882	MAP/MAP014.BIN:018DE7	1	ほんとだってば。{10}	
03883	MAP/MAP014.BIN:018E46	1	\n{02}{01}これ、何かしら。{0E}{02}	
03884	MAP/MAP014.BIN:018E5C	1	エレベータだよ。きっと。{10}	
03885	MAP/MAP014.BIN:018E88	1	\n{02}{01}これがエレベーターかしら。{0E}{02}	
03886	MAP/MAP014.BIN:018EA8	1	乗ってみようよ。{10}	
03887	MAP/MAP014.BIN:0191E9	1	クリス、みて！{0F}天井から砂が流れてるよ。\nおもしろいね。{10}	
03888	MAP/MAP014.BIN:019228	2	洞穴の天井から、ホコリのように\n細かい砂が流れ落ちている。{10}	
03889	MAP/MAP014.BIN:019266	1	{09}{09}\n{02}{01}何言ってるのよ。\n大変じゃない！{0F}ここもきっと崩れるわよ。{10}	
03890	MAP/MAP014.BIN:0192AA	2	\n{02}{01}一応、\nおじさんたちに{0F}知らせた方がいいわね。{10}	
03891	MAP/MAP014.BIN:019312	1	{09}{0A}\n{02}{01}見て、ジュリオ。\nあそこの天井から砂が流れてる。{10}	
03892	MAP/MAP014.BIN:019391	1	あぶないよ。{0F}ここも崩れるんじゃ\nないかなぁ。{10}	
03893	MAP/MAP014.BIN:01942A	1	とても大きな真紅の炎がある！{0E}ジュリオたちは\n触らないように注意した。{0E}{09}\n\n{02}{01}これね、爆発するヤツ。{0E}{09}\n\n{02}	
03894	MAP/MAP014.BIN:019490	1	爆発したら大変だよ。\n早く離れた方がいいよ・・・。{0E}{09}\n\n{02}{01}そうね。\nそーっと離れましょう。{10}	
03895	MAP/MAP014.BIN:0194EC	1	とても大きな真紅の炎がある！{0E}ジュリオは泥炭の中から\nゆっくりと真紅の炎を取り上げた。{0E}{09}\n\n{02}{01}ジュリオ、落とさないでよ・・・。{0E}{09}\n\n{02}	
03896	MAP/MAP014.BIN:01956C	1	うん、わかってる。{10}	
03897	MAP/MAP014.BIN:0195A6	3	ジュリオたちは真紅の炎を見つけた。{10}	
03898	MAP/MAP014.BIN:0195DF	1	あ、これかな？{0E}{02}{01}うわぁ・・・。\nこれが真紅の炎ね。{0F}とってもキレイだわ。{0E}	
03899	MAP/MAP014.BIN:01962C	1	ジュリオたちは真紅の炎を見つけた。{0E}	
03900	MAP/MAP014.BIN:019654	1	\n{02}{01}宝石は全部で３つ沈めてあるって\nケビンおじいさんが言っていたわね。{0F}あと２つあるはずよ。{10}	
03901	MAP/MAP014.BIN:0196D1	1	これで全部だね。{10}	
03902	MAP/MAP014.BIN:0196E6	1	{02}{01}うん、テグラの村に戻りましょう。{10}	
03903	MAP/MAP014.BIN:01983A	1	崩れた石や岩で通路は\nギッチリつまってしまった！{0F}土砂のために\n出口がふさがれてしまい、\nこれ以上進むことができない。{0E}ジュリオたちの力では\nどうすることもできそうにない。{10}	
03904	MAP/MAP014.BIN:019917	1	ねぇ、おじさんたち！\n真紅の炎をとってきたよ。{0F}後ろにさがってて！{10}	
03905	MAP/MAP014.BIN:019976	1	{02}{17}おう、とってきたか！\nイマさがる。{0F}ちょっと待ってろ。{10}	
03906	MAP/MAP014.BIN:0199E6	1	{02}{15}準備いいぞ！{10}	
03907	MAP/MAP014.BIN:0199F8	1	{02}{16}コースをはずすなよ！{10}	
03908	MAP/MAP014.BIN:019A2D	1	うん、転がすよ。{10}	
03909	MAP/MAP014.BIN:019A4A	1	{02}{17}よおし、転がせーっ！{10}	
03910	MAP/MAP014.BIN:019AA7	1	いくよクリス。{10}	
03911	MAP/MAP014.BIN:019ABE	1	{02}{01}いいわよ。{10}	
03912	MAP/MAP014.BIN:019BA0	1	{09}{0A}\n{02}{01}やったー！\nうまくいったみたいよ。{10}	
03913	MAP/MAP014.BIN:019C00	1	{02}{17}お～い、大丈夫か！{10}	
03914	MAP/MAP014.BIN:019C34	1	{09}{0A}\n{02}{01}ありがとう、助かったわ。{10}	
03915	MAP/MAP014.BIN:019C6E	1	{02}{15}うまくいって良かったな。{10}	
03916	MAP/MAP014.BIN:019C9C	1	{02}{16}すごい爆発だったな。\n大丈夫か？{10}	
03917	MAP/MAP014.BIN:019CDE	1	{02}{17}さあ、もう君たちの用事は\n済んだだろ？{0F}どうやらガルガのおかげで{0F}地盤がゆるんで\nしまったみたいだからな。{0F}また、崩れたら大変だ。{0F}俺たちは少しこの辺りを\n見回ってから戻るから{0F}君たちは、先にここから\n出た方がいい。{10}	
03918	MAP/MAP014.BIN:019ED8	1	{09}\n\n{02}{01}どうしたの？{0E}	
03919	MAP/MAP014.BIN:019F0D	1	え、ああ、気のせいかなぁ。{0F}誰かいるような気がするんだけど。{0E}{09}\n\n{02}{01}また、ロブみたいな人だったりして。{10}	
03920	MAP/MAP014.BIN:019FC4	1	\n{02}{01}大ネズミだわ。{10}	
03921	MAP/MAP014.BIN:01A02D	1	ふう、びっくりした。{0F}奥に何かあるよ。{0E}{09}	
03922	MAP/MAP014.BIN:01A055	1	\n{02}{01}行ってみましょう。{10}	
03923	MAP/MAP014.BIN:01A0B0	1	\n{02}{01}分かれ道だわ。{10}	
03924	MAP/MAP014.BIN:01A0CC	1	{02}{01}どっち行く？ジュリオ。{0E}	
03925	MAP/MAP014.BIN:01A0F0	1	魔獣のいない方がいいなあ。{0E}{02}{01}そんなの行ってみないと\nわからないでしょ！{0E}	
03926	MAP/MAP014.BIN:01A1CA	1	\n{02}{01}どっちにしろ同じみたい・・・。{10}	
03927	MAP/MAP014.BIN:01A2FA	1	{02}{1B}中は危険なところもあるから、\n気をつけて行くんだよ。{10}	
03928	MAP/MAP014.BIN:01A75A	1	{02}{17}なに？{0F}そうか、\n調べてみるか。{10}	
03929	MAP/MAP014.BIN:01A7D4	1	{02}{17}本当だ。\n砂が流れてら。{10}	
03930	MAP/MAP014.BIN:01A7F2	1	{09}\n\n{02}{01}おじさん、\nこの天井も崩れるんじゃないの？{0F}あんまり近寄ると危ないわよ。{10}	
03931	MAP/MAP014.BIN:01A848	1	{02}{16}いや、大丈夫だろう。{0F}この砂の流れ方は\n崩れる前触れじゃない。{10}	
03932	MAP/MAP014.BIN:01A89A	1	{02}{15}自然に穴が出来上がって\nいく時のものだな。{10}	
03933	MAP/MAP014.BIN:01A8CA	1	{02}{16}あっ、そうか！\nこれは助かったかも知れないぞ。{10}	
03934	MAP/MAP014.BIN:01A8FE	1	{09}\n\n{02}{01}ホント？{10}	
03935	MAP/MAP014.BIN:01A910	1	{02}{16}ちょっと天井を触ってみれば\nすぐわかるぜ。{0F}俺のカンだけどな、この場所の上は、きっと俺が掘っていたあたりだと\n思うんだ。{10}	
03936	MAP/MAP014.BIN:01A98C	1	{02}{15}なるほど。{0F}お前の穴がつながっているとしたら、ここを登れば上の層に行ける。{10}	
03937	MAP/MAP014.BIN:01A9DC	1	{02}{17}坊主、木登りは得意か？{10}	
03938	MAP/MAP014.BIN:01A9FD	1	えっ？\n木登りならクリスの方がうまいよ。{10}	
03939	MAP/MAP014.BIN:01AA28	1	{02}{17}よし。じゃあ、お嬢ちゃん。{0F}俺たちが肩車をするから、\n登って天井を少し調べてみてくれ。{10}	
03940	MAP/MAP014.BIN:01AA82	1	{02}{01}えっ？　私が・・・。{10}	
03941	MAP/MAP014.BIN:01AA9C	1	{02}{17}登る奴は軽くないと\nささえられないからな。{10}	
03942	MAP/MAP014.BIN:01AACE	1	\n{02}{01}しかたないわね、もう。{10}	
03943	MAP/MAP014.BIN:01AAEC	1	{02}{17}さあ、肩車を組むぞ。\n坊主が１番上だ。{0F}肩車、始め！{10}	
03944	MAP/MAP014.BIN:01AB94	1	{02}{17}よし、いいぞ。\nお嬢ちゃん、登ってくれ。{10}	
03945	MAP/MAP014.BIN:01ABEA	1	{02}{15}あっ、見える。{10}	
03946	MAP/MAP014.BIN:01ABFE	1	{09}{08}\n{02}{01}えっ？{10}	
03947	MAP/MAP014.BIN:01AC0E	1	{02}{15}いや、なんでもない。{10}	
03948	MAP/MAP014.BIN:01AC28	1	{09}{09}\n{02}{01}・・・・・。\nのぞいちゃダメよ。{10}	
03949	MAP/MAP014.BIN:01AC55	1	いいから、早く天井を調べてよ。\n重たいんだから・・・。{10}	
03950	MAP/MAP014.BIN:01AC8E	1	{09}{09}\n{02}{01}のぞいちゃダメだからね。{10}	
03951	MAP/MAP014.BIN:01ACB5	1	んん・・・。わかってるよ。{10}	
03952	MAP/MAP014.BIN:01ACD4	1	{02}{17}お嬢ちゃん、いいかい。\n天井を軽くたたいてみてくれ。{10}	
03953	MAP/MAP014.BIN:01AD12	1	クリスは洞穴の天井を\n軽くたたいてみた。{0E}	
03954	MAP/MAP014.BIN:01AD52	1	クリスが洞穴の天井を軽くたたくと、こぼれ落ちるように砂が{0F}するすると流れ、\n天井にポッカリと穴が開いた。{10}	
03955	MAP/MAP014.BIN:01ADD0	1	{09}{0A}\n{02}{01}穴よ、穴が開いたわ！{10}	
03956	MAP/MAP014.BIN:01ADF3	1	砂まみれだよ。{10}	
03957	MAP/MAP014.BIN:01AE06	1	{02}{16}やっぱりそうだ。\nお嬢ちゃんあがれそうかい？{10}	
03958	MAP/MAP014.BIN:01AE38	1	{09}{10}\n{02}{01}うん、やってみるわ。\nよーっと。{10}	
03959	MAP/MAP014.BIN:01AE8A	1	{09}{0A}\n{02}{01}おじさんたち、聞こえる！\n上に登れたわよ。{0F}今、ロープを下ろすからねーっ！{10}	
03960	MAP/MAP014.BIN:01AEDC	1	{02}{17}おう、聞こえるぞーっ。\nたのんだよーっ！{10}	
03961	MAP/MAP014.BIN:01AF1E	1	{02}{15}助かった。{10}	
03962	MAP/MAP014.BIN:01AF2E	1	{02}{16}これで抜け出せる。{10}	
03963	MAP/MAP014.BIN:01AF46	1	{02}{17}さあ、早く登ろうぜ。{10}	
03964	MAP/MAP014.BIN:01AFA4	1	{02}{17}こりゃーひどい。{10}	
03965	MAP/MAP014.BIN:01AFBA	1	{02}{15}ほんとに全員生き埋めだ。{10}	
03966	MAP/MAP014.BIN:01AFD8	1	{02}{16}これじゃ、\nとても手がつけられない。{0F}・・・そうだ！　{0F}爆発のショックで崩れたんなら、{0F}新しい抜け穴も\nできてるかも知れない。{0F}手分けして探してみるか。{0F}ボーッとしてるよりはマシだぞ。{10}	
03967	MAP/MAP014.BIN:01B096	1	{02}{17}そうだな、そうするか。{10}	
03968	MAP/MAP014.BIN:01B256	1	{02}{17}いゃー、なんとか助かったなぁ。{10}	
03969	MAP/MAP014.BIN:01B28E	1	{02}{16}なんだ、やっぱりここは\n俺が掘っていた所だ。{10}	
03970	MAP/MAP014.BIN:01B2CA	1	{02}{15}炭坑ってのは掘りすぎると、\nどこがどう繋がるのか{0F}分かんないからな。{0F}でも俺たちは運が良かったよ。{10}	
03971	MAP/MAP014.BIN:01B368	1	{09}{0A}\n{02}{01}おじさんたちがいてくれて、\n本当に助かったわ。{10}	
03972	MAP/MAP014.BIN:01B3A8	1	{02}{17}なあに、お互いさまだ。{0F}俺たちだって\nお嬢ちゃんたちがいなかったら\n助からなかったよ。{0F}じゃあ、気をつけて戻りな。{0F}もうこの階なら大丈夫だとは思うけど用心した方がいいからな。{10}	
03973	MAP/MAP015.BIN:0000A4	1	チッタ	
03974	MAP/MAP015.BIN:01346B	1	{10}商人ロベット	
03975	MAP/MAP015.BIN:01348C	1	タロス	
03976	MAP/MAP015.BIN:0134AC	1	マタリ	
03977	MAP/MAP015.BIN:0134CC	1	ポゴリ村長	
03978	MAP/MAP015.BIN:0134EC	1	カンナ夫人	
03979	MAP/MAP015.BIN:01350C	1	エッグ	
03980	MAP/MAP015.BIN:01352C	1	ジンガ	
03981	MAP/MAP015.BIN:01354C	1	ユウミ	
03982	MAP/MAP015.BIN:01356C	1	グレド	
03983	MAP/MAP015.BIN:01358C	1	宿酒場のパブル	
03984	MAP/MAP015.BIN:0135AC	1	ドリム	
03985	MAP/MAP015.BIN:0135CC	1	ヒバナ	
03986	MAP/MAP015.BIN:0135EC	1	トビー	
03987	MAP/MAP015.BIN:01360C	1	武器屋のモズク	
03988	MAP/MAP015.BIN:01362C	1	道具屋のゴロガ	
03989	MAP/MAP015.BIN:0148A0	1	{02}{14}やあ、ワシは旅の商人ロベット。{0F}アルデで商売をしようと\n思ってきたのだが\n崖崩れで通れないのでな。{0F}あきらめて、帰るとこなんじゃよ。{0E}{09}\n{02}	
03990	MAP/MAP015.BIN:014927	1	残念だなぁ。{0F}アルデの人も、\nその先のニーリの人たちも\nみんな商人さんがくるのを{0F}待ってるよ。{0E}{02}{14}そう言われてものう・・・。{0F}あの崖崩れじゃ、\nとうぶんはダメじゃな。{0F}なあに、またすぐに来るとするさ。{0F}ところであんたら、\n何か必要な物はないかね？\nよかったら品物を見ていかんかい？{10}	
03991	MAP/MAP015.BIN:014A48	1	{02}{14}何か必要な物はないかね？\nよかったら品物を見ていかんかい？{10}	
03992	MAP/MAP015.BIN:014A8E	1	{02}{14}ワシはもう少し、\nここでゆっくりしていくとしよう。{0F}気をつけてな。{10}	
03993	MAP/MAP015.BIN:014B08	1	{02}{14}何をお求めかね。{10}	
03994	MAP/MAP015.BIN:014B20	1	{02}{14}{06}じゃ。{10}	
03995	MAP/MAP015.BIN:014B30	1	{02}{14}何を売ってくれるのかね。{10}	
03996	MAP/MAP015.BIN:014B50	1	{02}{14}{08}なら\n{06}じゃな。{10}	
03997	MAP/MAP015.BIN:014B6C	1	{02}{14}１ゴアあたり{06}で\n引き取りするよ。{10}	
03998	MAP/MAP015.BIN:014B94	1	{02}{14}ほれ、{06}じゃ。{10}	
03999	MAP/MAP015.BIN:014BAA	1	{02}{14}いつでもかまわんよ。{10}	
04000	MAP/MAP015.BIN:014BC6	1	{02}{14}ゴアがたまったら、又来てくれの。{10}	
04001	MAP/MAP015.BIN:014BEE	1	{02}{14}他に何か必要なものはあるかね？{10}	
04002	MAP/MAP015.BIN:014C62	2	{02}{15}君たち、{0F}ここを行くとネルバ方面だよ。\nネルバへ行く気なのかい？{0F}あっちはまだ、\n危険かも知れないぞ。{0E}	
04003	MAP/MAP015.BIN:014CDE	2	{02}{16}チッタで少し様子を\n見た方がいいよ。{0E}まさかここまでは来ないと思うけど、ガルガがうろついてるからね。{0F}子供だけじゃ、あぶないよ。{10}	
04004	MAP/MAP015.BIN:014D84	1	{02}{15}君たちのように、ネルバのほうに\n行こうとする人がいるから{0F}われわれが、ここにいるんだ。{10}	
04005	MAP/MAP015.BIN:014E16	2	{02}{15}ネルバには、\nまだ行かない方がいいよ。{0E}	
04006	MAP/MAP015.BIN:014E56	2	{02}{16}もう少し待って{0F}ガルガの危険がないことを\n確認してからにしなよ。{0E}	
04007	MAP/MAP015.BIN:014EB4	1	{09}\n{02}{01}でもガルガは、\nもうネルバには、いないんでしょ。{0F}私たちは巡礼の旅を続けるために、\nネルバを通らなきゃいけないのよ。{0E}	
04008	MAP/MAP015.BIN:014F3E	2	{02}{15}だけどね、お嬢ちゃん。{0E}	
04009	MAP/MAP015.BIN:014F78	2	いくらそう言われても、{0F}ガルガがまだどこにいるのか、\nわからないんだ。{0E}	
04010	MAP/MAP015.BIN:014FD4	2	ねぇ、通してくれないかなぁ。{0E}	
04011	MAP/MAP015.BIN:015004	2	{02}{16}だめだめ！{0F}もし、ガルガがもどってきたら\nどうするんだ。{0E}	
04012	MAP/MAP015.BIN:015054	2	{09}\n{02}{01}１度通ったとこなんて、\nもどってこないわよ。{0E}{02}{16}だめだめ！{0F}さあ、チッタの村に、\nもどった、もどった。{0E}	
04013	MAP/MAP015.BIN:0150E8	2	{02}{06}ジュリオ、ジュリオ・・・。{0E}	
04014	MAP/MAP015.BIN:015134	2	えっ、なに？{0E}{09}	
04015	MAP/MAP015.BIN:015143	1	{02}{06}ジュリオ、\n私に任せておきなさい。{0E}{09}\n{02}	
04016	MAP/MAP015.BIN:01516B	2	まかせるって・・・。\nどうするのさ？{0E}{09}	
04017	MAP/MAP015.BIN:015191	2	{02}{06}いいから、いいから。{0E}	
04018	MAP/MAP015.BIN:0152B0	2	{02}{06}あー、もし。{0E}	
04019	MAP/MAP015.BIN:0152D6	1	{02}{15}えっ、何ですか？{0E}{09}	
04020	MAP/MAP015.BIN:0152EB	2	{02}{06}私はここを通ることを望む。{0E}	
04021	MAP/MAP015.BIN:015324	2	{02}{16}何いってんだ、こいつ・・・。{0E}	
04022	MAP/MAP015.BIN:015372	2	ジュリオたちには見えなかったが、\nアルフは見張りの２人に、{0F}何かをゴソゴソと\n見せているようだった。{0E}	
04023	MAP/MAP015.BIN:0153E2	2	{02}{15}あれ・・・？\nそれは、たしか・・・。{0E}{09}	
04024	MAP/MAP015.BIN:01540A	2	{02}{06}うむうむ。{0E}	
04025	MAP/MAP015.BIN:01542E	2	{02}{16}ほんとかなぁ・・・。{0E}	
04026	MAP/MAP015.BIN:015472	1	{02}{06}ぬう～む、むむむむむむーっ！！{0E}	
04027	MAP/MAP015.BIN:015496	1	{02}{15}う～む、むむむむむーっ！{0E}タロスは鋭い目で\nアルフの様子を探りながら見た。{0F}アルフも敗けずにタロスを見返した。{0F}ジュリオとクリスには、\nにらみ合う２人の間に\n火花が散っているように見えた。{0E}	
04028	MAP/MAP015.BIN:01557A	2	ビシ～ン！！{0E}{02}{15}恐れ入りました。{0E}	
04029	MAP/MAP015.BIN:0155F8	2	{02}{06}話はついたよ。{0E}	
04030	MAP/MAP015.BIN:015628	2	ねぇ、いったい\nどんな手を使ったの？{0E}	
04031	MAP/MAP015.BIN:015656	2	{02}{06}いやいや、にらめっこに\n勝っただけだよ。{0F}はっはっはっ・・・！{0E}	
04032	MAP/MAP015.BIN:0156A8	2	{09}{08}{02}{01}なんだか怪しいわね。{0E}{09}	
04033	MAP/MAP015.BIN:0156C3	2	{02}{06}いいじゃないか。\nとにかくネルバに急ごう。{0F}はっはっはっはっ・・・。{10}	
04034	MAP/MAP015.BIN:015728	1	{02}{15}まだまだ、ネルバから\n避難してくる人たちが{0F}大勢くるだろう。\nどうなることやら・・・{10}	
04035	MAP/MAP015.BIN:015796	1	{02}{16}チッタで少し様子を見た方がいいよ。{0F}まさかここまでは来ないと思うけど、ガルガがうろついてるからね。{0F}子供だけじゃ、あぶないよ。{10}	
04036	MAP/MAP015.BIN:015820	1	{02}{16}まだネルバは、危険だろうから\n気をつけるんだよ。{10}	
04037	MAP/MAP015.BIN:015858	1	{02}{16}やあ、さっきの旅の人だね。{0F}まだネルバは、危険だろうから\n気をつけるんだよ。{10}	
04038	MAP/MAP015.BIN:0158FA	1	{02}{17}いやーあ、いらっしゃい。\nワシはチッタの村長ポゴリ。{0F}君たちもネルバから来たのかい？{0E}{09}	
04039	MAP/MAP015.BIN:015953	1	ボクたちは、\n巡礼の旅をしてるんだ。{0E}{02}{17}それはまた大変なことだ。{0E}	
04040	MAP/MAP015.BIN:0159AC	1	いやね、やけに客が多いと思ったら、なんと、首都のネルバが\n海獣ガルガに襲われたんだってね。{0E}	
04041	MAP/MAP015.BIN:015A32	1	こりゃ大変だ。\nメナート国の大ピンチだ。{0E}	
04042	MAP/MAP015.BIN:015A6E	1	{09}\n{02}{01}あの、村長さん。{0F}それほど大変だと思っているようにはとても見えないんですけど・・・。{0E}	
04043	MAP/MAP015.BIN:015ADE	1	{02}{17}ありゃ、やっぱりわかっちゃう。{0F}チッタは宿場町だからね。\n泊り客が増えれば儲かるんだ。{0E}	
04044	MAP/MAP015.BIN:015B4C	1	やった、大もうけだね。{0E}{02}{17}そうそう。{0E}	
04045	MAP/MAP015.BIN:015B88	1	{09}{08}{02}{01}なにいってるの・・・。{0E}	
04046	MAP/MAP015.BIN:015BBA	1	ガルガに家を\n壊された人の気持ちを\n考えてあげてよ。{0E}	
04047	MAP/MAP015.BIN:015C2C	1	{02}{18}そうですよ。\nお嬢さんの言うとおりですよ。{0E}	
04048	MAP/MAP015.BIN:015CF4	1	{02}{17}いや・・その・・すまんかった。{0E}	
04049	MAP/MAP015.BIN:015D28	1	{02}{18}あなたも村長なら、\nお金儲けもいいですけど、{0F}ネルバから\n避難してきた人たちのために、{0F}何かやってあげようという気は\nないんですか。{0E}{02}{17}はあ、ごもっともです。{0E}{02}{18}じゃあどうするの？{0E}	
04050	MAP/MAP015.BIN:015DF0	1	{02}{17}うーん・・{0F}裏の花畑を\n避難民の人たちに開放しよう。{0E}	
04051	MAP/MAP015.BIN:015E32	1	それと、夜露をしのげるよう、\n村のみんなに呼びかけてみよう。\n宿屋の半額で泊まれるようにな。{0E}	
04052	MAP/MAP015.BIN:015EA4	1	やっぱり、お金とるんだ。{0E}	
04053	MAP/MAP015.BIN:015ECA	1	{02}{17}当然じゃい。{10}	
04054	MAP/MAP015.BIN:015F30	1	{02}{17}裏の花畑を\n避難民の人たちに開放しよう。{0F}それと、夜露をしのげるよう、\n村のみんなに呼びかけてみよう。{0F}宿屋の半額で泊まれるようにな。{0E}{09}\n{02}	
04055	MAP/MAP015.BIN:015FB9	1	やっぱり、お金とるんだ。{0E}{02}{17}当然じゃい。{10}	
04056	MAP/MAP015.BIN:015FF0	1	{02}{18}まったく、うちの人ったら\n村長のくせに商売っ気が多くてね。{0F}困ったものよ。\n根はいい人なんだけどね。{0F}もう少し、世のため、人のために、\n奉仕してもいいんだけどねぇ。{10}	
04057	MAP/MAP015.BIN:01609C	1	{02}{18}心配しないでいいよ。{0F}あんたたちは、タダでうちに\n泊めてあげるからね。{10}	
04058	MAP/MAP015.BIN:0160F2	1	{02}{19}えっ？\nここ入っちゃいけなかったの。{0F}もう、入っちゃったけど。\nでも、大変だったよ。\nガルガがいきなり襲ってきたんだ。{0F}城なんかグシャグシャだよ。{0E}{09}\n{02}{01}ネルバって、チッタの先にある\nメナート国の首都でしょ？{0F}みんな逃げてきちゃって平気なの。{0E}{02}{19}兵士や若者がいるからね。{0F}僕たちは年寄りや子供に\n危険のないように、\n町が片付くまでの間、{0F}みんなを近くの村々に\n避難させているんだよ。{10}	
04059	MAP/MAP015.BIN:01626C	1	{02}{19}しかし、ガルガが襲ってくるとはね。本当に驚いたよ。{10}	
04060	MAP/MAP015.BIN:0162B0	1	{02}{1A}ここは少々寒いが、\n居心地はいいのう。{0F}ちょっとした別荘気分じゃよ。\nふおっ、ふおっ、ふおっ・・・。{10}	
04061	MAP/MAP015.BIN:01631E	1	{02}{1A}ガルガはどこに\n向かったのかのう・・・。{0F}あのまま行くと、\n海を越えてロップ島。{0F}さらに進むとアンビッシュ国は\nボルトの辺りか。{0F}このままでは被害が\n広がるばかりじゃぞ。{0F}誰かなんとかせんと、\nいかんのう・・・。{10}	
04062	MAP/MAP015.BIN:016406	1	{02}{1B}ネルバから歩いてきたら、\nお腹減っちゃった。{0F}巻き卵をもう１個食べちゃおうかな。でも、我慢しよう。{0F}あんまり食べると太っちゃうもんね。グレドはオカワリする？{0E}	
04063	MAP/MAP015.BIN:0164B0	2	{02}{1C}んぐんぐんぐ・・・。{10}	
04064	MAP/MAP015.BIN:0164DA	1	{02}{1B}まあ、グレドったら・・・。\nまだまだ食べられそうね。{0E}	
04065	MAP/MAP015.BIN:01651E	1	{02}{1C}んぐんぐんぐ・・・うん。{0E}	
04066	MAP/MAP015.BIN:016548	1	{02}{1B}あなたたちも\n巻き卵食べてみた？{0F}とっても、おいしいのよ。{10}	
04067	MAP/MAP015.BIN:016596	1	{02}{1C}ここの巻き卵って\nサイコーに美味しいなぁ。{0F}いくらでも食べられちゃうよ。\nんぐんぐんぐ・・・。{0E}	
04068	MAP/MAP015.BIN:016606	1	{02}{1C}お姉ちゃん、オカワリ。{10}	
04069	MAP/MAP015.BIN:0166E4	1	{02}{1B}まあ、グレドったら・・・。\nあんまり食べすぎると、\nお腹こわしちゃうわよ。{0E}{02}{1C}ちぇっ！\nもっと食べたかったなぁ。{10}	
04070	MAP/MAP015.BIN:01679E	1	{02}{1D}はい、どうもいらっしゃい。{0F}あんたたちも焼きたての\n巻き卵でもどうかね。\nとってもうまいよ。{0F}今日は特別におまけして\n巻き卵２個で３ピアでいいよ。\n美味しいぞ。{10}	
04071	MAP/MAP015.BIN:01684E	2	{02}{1D}そうかい。本当にうまいんだから。{0F}１度食べておいたら、きっと、\nいい話の種になると思うんだけどね。{10}	
04072	MAP/MAP015.BIN:0168B6	1	{02}{1D}チッタ名物、ホッカホッカの巻き卵。焼きたてだよ。{0F}今日は特別に２個で３ピアだ。\nどうだい、食べていきなよ。{10}{09}	
04073	MAP/MAP015.BIN:016923	1	{02}{01}ねえ、アルフ。\n乾燥麦だけで足りた？{0F}お金がないなら\nわたしたちが、ごちそうするわよ。{0F}{09}	
04074	MAP/MAP015.BIN:01697B	1	{02}{06}（むむ・・・・・。）{0E}	
04075	MAP/MAP015.BIN:016A3A	1	{02}{1D}はいよ、２個で３ピア。\n熱いから気をつけて食べるんだよ。{0E}ジュリオたちはホカホカの巻き卵を\n１つずつ受け取った。{0F}口に頬張ると、\n砂糖の甘い味が広がった。{0E}{09}{0A}{02}{01}本当だ、美味しい・・・。{0E}{09}{0A}{02}	
04076	MAP/MAP015.BIN:016AF3	1	うん、ものすごく美味しい。{0E}{02}{1D}なっ、うまいだろ。\nもう１個ずつどうだい？{0E}	
04077	MAP/MAP015.BIN:016B66	1	{02}{1D}おっと、３人分かい？\nしょうがないねえ。{0F}はいよ、今回だけの特別サービス、\n３個で３ピアだ。{0F}熱いから気をつけて食べるんだよ。{0E}ジュリオたちはホカホカの巻き卵を\n１つずつ受け取った。{0F}口に頬張ると、\n砂糖の甘い味が広がった。{0E}{09}{0A}{02}{01}本当だ、美味しい・・・。{0E}{09}{0A}{02}	
04078	MAP/MAP015.BIN:016C62	2	うん、ものすごく美味しい。{0E}{09}	
04079	MAP/MAP015.BIN:016C7F	1	{02}{06}（むぅ、これは、なかなか。）{0E}{02}{1D}なっ、うまいだろ。\nもう１個ずつどうだい？{0F}ただし、つぎからは\n３個で５ピアだよ。{0E}	
04080	MAP/MAP015.BIN:016D0E	1	{02}{1D}はいよ、２個で３ピア。\n熱いから気をつけて食べるんだよ。{0E}ジュリオたちはホカホカの巻き卵を\n１つずつ受け取った。{0E}{09}{0A}{02}{01}美味しい・・・。{0E}{09}{0A}{02}	
04081	MAP/MAP015.BIN:016D97	1	うん、ものすごく美味しい。{0E}{02}{1D}うまいだろ。\nもう１個ずつどうだい？{0E}	
04082	MAP/MAP015.BIN:016E44	1	{02}{1D}はいよ、３個で５ピア。\n熱いから気をつけて食べるんだよ。{0E}ジュリオたちはホカホカの巻き卵を\n１つずつ受け取った。{0E}{09}{0A}{02}{01}美味しい・・・。{0E}{09}{0A}{02}	
04083	MAP/MAP015.BIN:016EEA	1	{02}{06}（むぅ、なんど食べても）\n（飽きない味だ。）{0E}{02}{1D}うまいだろ。\nもう１個ずつどうだい？{0E}	
04084	MAP/MAP015.BIN:016F58	1	{02}{1D}おや、ピアが足りないね。{0F}そうだね。いくら美味しい巻き卵でもあんまり食べすぎると\nお腹を壊すからな。{0F}また、食べたくなったらよってくれ。{10}	
04085	MAP/MAP015.BIN:016FE6	1	{02}{1D}ゆっくりしていっておくれよ。{10}	
04086	MAP/MAP015.BIN:01700A	1	{02}{1D}ごめんね。{0F}本日の巻き卵は\n売り切れちゃったよ。{0F}また今度、よってください。{10}	
04087	MAP/MAP015.BIN:017066	1	{02}{1E}首都のネルバがガルガに\n襲われたそうね。{0F}まさか、ガルガが陸に\nあがってくるなんて・・・。\nこんなこともあるのね。{0E}{09}{0E}{02}{01}私たち、ネガル島の方から\nきたんですけど{0F}テグラの村もガルガに壊されてたの。{0F}何だかガルガが\n私たちを先回りしてるみたい。{0E}{02}{1E}まあ、テグラもガルガに・・・。{10}	
04088	MAP/MAP015.BIN:01717C	1	{02}{1E}ガルガはおとなしい動物だって\n聞いてたけど{0F}どうして、陸に上がって\n町を壊すようになって\nしまったのかしらね。{10}	
04089	MAP/MAP015.BIN:01720C	1	{02}{1F}ネルバから\n避難してきた人たちのおかげで{0F}にぎやかになったけど、\nこれ以上ふえたら\n村がパンクしちゃうかもな。{0F}いっそ、村を広げて、\nもっと家を建てちゃえばいいのか。{0F}そうだよな。\nそうすれば、何か商売を始めても、\nお客が多いから、きっと儲かるぞ。{0F}やっぱり、それだよな。{10}	
04090	MAP/MAP015.BIN:01731E	1	{02}{1F}そういえば、村の北東の隅で\nネルバからきた男の人が{0F}１人で座ってたけど、\n友達いないのかなぁ、可哀相に。{10}	
04091	MAP/MAP015.BIN:017396	1	{02}{1F}あれっ、あんた？{0F}この人たちの仲間に\n入れてもらったんだね。\n良かったじゃないか。{0E}{09}	
04092	MAP/MAP015.BIN:0173EA	1	{02}{06}気やすく呼ぶでない、\n無礼だぞ。{0E}{02}{1F}なーんだ。へんなの。{0F}まあ、おっさん。\n旅は道連れって言うからさ。{0F}とにかく良かったね。{10}	
04093	MAP/MAP015.BIN:01746E	1	{02}{1F}まあ、おっさん。\n旅は道連れって言うからさ。{0F}とにかく良かったね。{10}	
04094	MAP/MAP015.BIN:0174B6	1	{02}{1F}やあ、ネルバから来た人たちとも\n仲よくやっていけそうだよ。{10}	
04095	MAP/MAP015.BIN:01750E	1	知ってる？{0F}この村の宿酒場で売ってる巻き卵は、とってもおいしいんだよ。{0F}ボクなんか、\n１日３個は食べちゃうんだ。{10}	
04096	MAP/MAP015.BIN:017588	1	チッタは子供が少なくて\n遊び相手がいなかったんだ。{10}	
04097	MAP/MAP015.BIN:0175C2	1	ネルバから避難してきた子がいたからあとで誘ってみよーかな。{0F}ボクと友達になってくれたら\nいいけどなぁ。{10}	
04098	MAP/MAP015.BIN:01762E	1	いらっしゃい。{0F}今、お持ちの武器や防具は\n使いやすいですか？　{0F}ご自分の腕が上がったら、\n武器もいいのに買い替えましょうね。{0F}うちの自慢の品物を\n見ていただけますか？{0F}いくらなんでもガルガは\n倒せないでしょうけど、{0F}けっこういい武器が\nそろってますよ。{10}	
04099	MAP/MAP015.BIN:01772C	1	ありがとうございました。\nまたのお越しをお待ちしてます。{10}	
04100	MAP/MAP015.BIN:01779E	4	何をお求めでしょう？{10}	
04101	MAP/MAP015.BIN:0177BA	1	それはいいですね。\n{06}いただきます。{10}	
04102	MAP/MAP015.BIN:0177E6	3	何を引き取りましょうか？{10}	
04103	MAP/MAP015.BIN:017806	1	{08}でしたら\n{06}で引き取ります。{0E}	
04104	MAP/MAP015.BIN:01782E	1	１ゴアあたり{06}で\nお引き取りいたしますよ。{10}	
04105	MAP/MAP015.BIN:01785E	2	{06}をお支払い致します。{10}	
04106	MAP/MAP015.BIN:017896	1	ゴアをお持ちでないようですが。{10}	
04107	MAP/MAP015.BIN:0178BC	1	他に何か必要なものはありますか？{0E}	
04108	MAP/MAP015.BIN:0178E4	1	いらっしゃい。やあ、旅の人だね。{0F}うちは、扱っている品物は少ないが\n評判はいいんだよ。{0F}まあ、見て行ってくれ。{10}	
04109	MAP/MAP015.BIN:01795C	1	ありがとうございました。\nまた来て下さいね。{10}	
04110	MAP/MAP015.BIN:0179BE	1	何をお求めですか？{10}	
04111	MAP/MAP015.BIN:0179D8	1	まいど。\n{06}いただきます。{10}	
04112	MAP/MAP015.BIN:017A18	1	{08}でしたら\n{06}になります。{10}	
04113	MAP/MAP015.BIN:017A3C	1	１ゴアあたり{06}で\n引き取るよ。{10}	
04114	MAP/MAP015.BIN:017A7C	1	あれ？\nやめるのかい？{10}	
04115	MAP/MAP015.BIN:017A9A	1	ゴアはいかほどお持ちですか？{0F}え？ない？\nそりゃ、残念ですねぇ。{10}	
04116	MAP/MAP015.BIN:017AE0	1	他に何か必要なものはあるかい？{10}	
04117	MAP/MAP015.BIN:017B10	1	{02}{06}もう、私は大丈夫だ。{0F}御馳走になった乾燥麦の味は、\n一生忘れないよ。{10}	
04118	MAP/MAP015.BIN:017C36	1	{02}{06}おっ？\nなんだ・・・そなたたちか。{0F}いつからいたのだ。{0E}	
04119	MAP/MAP015.BIN:017C82	1	{02}{01}アルフ、暇そうね。{0E}	
04120	MAP/MAP015.BIN:017CA6	1	{02}{06}（き、キツイことを・・・。）{0E}	
04121	MAP/MAP015.BIN:017CD6	1	あ～あ。{0E}	
04122	MAP/MAP015.BIN:017CF2	1	見張りの人がネルバは危険だって\n道を通してくれないんだ。{0E}	
04123	MAP/MAP015.BIN:017D42	1	{09}\n{02}{01}せっかくチッタまで来たのに、{0E}	
04124	MAP/MAP015.BIN:017D7A	1	ネルバに行けないんじゃ巡礼の旅が\n続けられないわ。{0E}{09}	
04125	MAP/MAP015.BIN:017DAE	1	{02}{06}巡礼の旅？{0F}どうりで普通の旅人にしては、\n若すぎると思っていたよ。{0F}そな・・いや、\n君たちは、\n巡礼の旅人だったんだね。{0E}	
04126	MAP/MAP015.BIN:017E42	1	{02}{01}そうよ。\nオルドス国まで行くのよ。{0E}	
04127	MAP/MAP015.BIN:017E7C	1	でも、このままじゃ、{0F}いつまでこのチッタで\n足止めさせられちゃうか、\nわかんないや。{0E}{09}\n{02}{01}見張りの人は子供だけじゃ危険だってぜんぜん取り合ってくれないのよ。{0E}	
04128	MAP/MAP015.BIN:017F3C	1	誰か、ピシッと\n言ってくれないかなぁ。{0F}ピシッと。{0E}	
04129	MAP/MAP015.BIN:017F82	1	{02}{06}ほう・・・ほう、ほう・・・。\n子供だけじゃダメだけど、{0F}大人がいれば、いいのだな。\nじゃあ、私が一緒に行ってあげよう。{0E}	
04130	MAP/MAP015.BIN:018016	1	え～っ？！　本当？{0E}{09}	
04131	MAP/MAP015.BIN:01802B	1	{02}{06}実はねぇ、ネルバから逃げるときに\n連れと、ハグれてしまってね。{0F}どうも私は反対側に\n来てしまったらしい。{0F}ネルバのこっちはチッタであるから\nつまり、ネルバの向こうは\nテュエール。{0F}私もテュエールまで行こうと\n考えていたのだ。{0E}{09}{07}{02}{01}うふっ・・。{0F}でも、仲間とハグれて\n反対の村に来ちゃうなんて、{0F}アルフらしいわね。{0E}	
04132	MAP/MAP015.BIN:018174	1	{02}{06}（まっ、またしても、）\n（キツイことを・・・。）{0E}	
04133	MAP/MAP015.BIN:0181C0	1	{02}{01}どうする、ジュリオ？{0E}	
04134	MAP/MAP015.BIN:0181F2	1	ちょっと頼りないけど、\nいちおう大人だからね。{0E}{09}	
04135	MAP/MAP015.BIN:018222	1	{02}{06}（くーっ・・・！）{0E}{09}	
04136	MAP/MAP015.BIN:018239	1	{02}{01}じゃあ、決まりね。{0E}	
04137	MAP/MAP015.BIN:018266	1	アルフ、\nよろしくお願いします。{0E}	
04138	MAP/MAP015.BIN:0182A0	1	{02}{06}よかろう！{0E}	
04139	MAP/MAP015.BIN:0182EE	1	アルフがパーティにくわわった。{10}	
04140	MAP/MAP015.BIN:0185D4	1	{09}\n{02}{01}でもガルガは、もうネルバには\nいないんでしょ。{0F}私たちは巡礼の旅を続けるために、\nネルバを通らなきゃいけないのよ。{0E}	
04141	MAP/MAP015.BIN:018861	1	{02}{06}ジュリオ、私に任せておきなさい。{0E}{09}\n{02}	
04142	MAP/MAP015.BIN:0189F2	1	{02}{15}えっ、何ですか{0E}{09}	
04143	MAP/MAP015.BIN:018B8A	1	{02}{06}ぬう～む、むむむむむむーっ！！{0E}{02}{15}う～む、むむむむむーっ！{0E}タロスは鋭い目で\nアルフの様子を探りながら見た。{0F}アルフも敗けずにタロスを見返した。{0F}ジュリオとクリスには、\nにらみ合う２人の間に\n火花が散っているように見えた。{0E}	
04144	MAP/MAP015.BIN:018EF6	1	{02}{01}あっ、あそこ。\nきっとチッタの入口よ。{0E}	
04145	MAP/MAP015.BIN:018F2C	1	メナート国　チッタ	
04146	MAP/MAP015.BIN:018F7A	1	へぇー。\nここがチッタかぁ。すごいや。{0E}	
04147	MAP/MAP015.BIN:018FD6	1	{09}{0A}{02}{01}海が見える町なんて\nステキね。{0E}	
04148	MAP/MAP015.BIN:019032	4	ん？{0E}	
04149	MAP/MAP015.BIN:01904E	1	・・・何だろう。{0E}	
04150	MAP/MAP015.BIN:01908C	1	{02}{01}（のどかな雰囲気は、）\n（ラグピック村に似てるわね。）{0E}	
04151	MAP/MAP015.BIN:019116	1	ねぇ、クリス。{0E}	
04152	MAP/MAP015.BIN:019156	1	{02}{01}なあに？{0E}	
04153	MAP/MAP015.BIN:01918A	1	ほらっ、向こうから人が来るよ。{0E}	
04154	MAP/MAP015.BIN:0191D2	1	ちょっと、行ってみようよ。{0E}{09}	
04155	MAP/MAP015.BIN:0191EF	1	{02}{01}うん。{0E}	
04156	MAP/MAP015.BIN:0192A6	1	{02}{19}着きましたよ。\nみなさん、お疲れさま。{0F}チッタの村です。{0E}{02}{1B}足が棒になっちゃったわ。{0E}{02}{1A}やっとついたのか。{0F}年寄りには、\nこたえるわい。{0E}	
04157	MAP/MAP015.BIN:019368	1	{02}{1C}ここは宿場町だから、\n何か食べる物あるよね。{0E}	
04158	MAP/MAP015.BIN:0193AE	1	{02}{1B}大丈夫よ、グレド。{0F}お金ならあるから、\nお姉ちゃんが\n何か買ってあげるわよ。{0E}	
04159	MAP/MAP015.BIN:01940E	1	{02}{1C}わーい。{0E}	
04160	MAP/MAP015.BIN:0194BA	1	こら！\n私を置いて行くんじゃない。{0E}	
04161	MAP/MAP015.BIN:019520	1	無礼だぞ。そなたたち。{0E}	
04162	MAP/MAP015.BIN:019554	1	なぁ・・・おいったら。{0E}	
04163	MAP/MAP015.BIN:01962C	1	{02}{01}あの人たち、\nどうしたのかしら？{0E}{09}	
04164	MAP/MAP015.BIN:019652	1	ボクらのような旅人とも\n違うみたいだったしね。{0E}	
04165	MAP/MAP015.BIN:01969C	1	{09}\n{02}{01}それに１番最後の人、\n何だかおかしかったわ。{0E}	
04166	MAP/MAP015.BIN:0196E8	1	ちょっと言葉使いも変だったし、{0F}ずいぶん他の人と\nテンポもズレてたわよ。{0E}	
04167	MAP/MAP015.BIN:01974A	1	いるんだよね。\nそんな人って。{0E}{09}{0A}{02}{01}ジュリオみたいだよね。{0E}	
04168	MAP/MAP015.BIN:01979E	1	・・・・・・・・。\nなんで。{0E}	
04169	MAP/MAP015.BIN:0197D4	1	{02}{01}いいから、いいから。{0F}さあ、私たちも\n早く町に入りましょう。{10}	
04170	MAP/MAP015.BIN:01988C	3	{02}{01}ここだわ。{0F}アルデのおじいさんがいた、\n崖崩れのとこよ。{0E}{09}	
04171	MAP/MAP015.BIN:0198C9	1	やっぱり、まだ道がなおって\nいなかったんだ。{0F}トバイさんに\nこっちへ送ってもらって\n正解だったね。{0E}	
04172	MAP/MAP015.BIN:019942	1	{02}{01}でも、せっかく送ってもらったのに\n私たちが道を間違えちゃダメよね。{0E}	
04173	MAP/MAP015.BIN:01999E	1	さあ、北のチッタめざして\nいそぎましょう。{10}	
04174	MAP/MAP015.BIN:019A89	2	やっぱり、まだ道がなおって\nいなかったんだ。{0E}	
04175	MAP/MAP015.BIN:019ACC	2	トバイさんに\nこっちへ送ってもらって\n正解だったね。{0E}	
04176	MAP/MAP015.BIN:019B18	1	{02}{01}うん。{0F}そろそろエメナさんが\nアルデに着いてる頃ね。{0F}インタくん早く友達できるといいね。{10}	
04177	MAP/MAP015.BIN:019CC8	1	{02}{01}うん。{0F}そろそろエメナさん\nアルデに着いてる頃ね。{0E}	
04178	MAP/MAP015.BIN:019D16	1	そうそうアルフ、\nこのまえあげた乾燥麦は{0E}	
04179	MAP/MAP015.BIN:019D56	1	そのエメナさんから\n貰ったものなのよ。{0E}{09}	
04180	MAP/MAP015.BIN:019D7E	1	{02}{06}そうであったか。{0E}{02}#エメナ殿、\nこのたびは御馳走になった。{0E}でしょ？{0E}{09}	
04181	MAP/MAP015.BIN:019DC4	1	{02}{06}・・・・・・・・。{10}	
04182	MAP/MAP015.BIN:019E58	1	{09}\n{02}{01}ダメよ、ジュリオ。{0E}	
04183	MAP/MAP015.BIN:019EA4	1	崖から落ちたらどうするの？{0F}船だって、もういないんだから、\n崖を下りても仕方ないでしょ。{0F}さあ、チッタへ急ぎましょう。{0E}	
04184	MAP/MAP015.BIN:019F4A	1	すずらんの村チッタへようこそ！\n東　ネルバ　　　　　６６５ミロ\n南　アルデ　　　　１１０８ミロ{10}	
04185	MAP/MAP015.BIN:01A058	3	あれ？{0E}{09}	
04186	MAP/MAP015.BIN:01A061	1	{02}{01}どうしたの？{0E}{09}	
04187	MAP/MAP015.BIN:01A074	1	何か飛んでくる。{0E}{09}	
04188	MAP/MAP015.BIN:01A087	1	{02}{01}鳥かしら。{0E}	
04189	MAP/MAP015.BIN:01A0C0	1	どんどん近づいてくるよ！{0E}{09}\n{02}{01}何か様子が変だわ！{10}	
04190	MAP/MAP015.BIN:01A596	1	あっ、すごい、すごい。\n食べてる、食べてる。{0E}	
04191	MAP/MAP015.BIN:01A5D4	1	{09}\n{02}{01}ダメよ、ジュリオ。\n	
04192	MAP/MAP015.BIN:01A606	1	じろじろ見ちゃ、失礼よ。{0E}	
04193	MAP/MAP015.BIN:01A65C	1	アルフはよほどお腹が減っていたのか１袋もあった乾燥麦を、{0F}あっという間に、\nたいらげてしまった。{10}	
04194	MAP/MAP015.BIN:01A6FE	1	終わったみたいだよ。{10}	
04195	MAP/MAP015.BIN:01A732	1	{09}\n{02}{01}横目で見てたでしょう。{0E}{09}\n{02}	
04196	MAP/MAP015.BIN:01A751	1	だって、すごいんだもん。{0E}	
04197	MAP/MAP015.BIN:01A7CE	1	{02}{06}申し遅れたが、私の名はアルフ。\nオジサンと呼ぶのはよしてくれ。{0F}このたびは御馳走になった。\n礼を言う。{10}	
04198	MAP/MAP015.BIN:01A83E	1	{02}{01}わぁ、食べる物を食べたら、{0F}とたんに、\nたくましくなったみたい。{0F}もう大丈夫ね。{0E}{09}{0A}{02}	
04199	MAP/MAP015.BIN:01A892	1	あいかわらず、言葉使いは\nズレてるみたいだけどね。{10}	
04200	MAP/MAP015.BIN:01A8D2	1	{02}{06}そっ、そうかな・・・。{10}	
04201	MAP/MAP015.BIN:01A904	1	{02}{01}じゃあ、アルフ。\n私たちは行くけど、{0F}仲間の人たちと一緒に\nいた方がいいわよ。{10}	
04202	MAP/MAP015.BIN:01A960	1	{02}{06}あっ、ああ。そうするよ。{0F}もう、私は大丈夫だ。{0F}御馳走になった乾燥麦の味は、\n一生忘れないよ。{10}	
04203	MAP/MAP015.BIN:01AA0C	6	{02}{08}デバッグ用イベントに入ります。{10}	
04204	MAP/MAP015.BIN:01ABFC	1	よいしょ。{10}{09}\n{02}	
04205	MAP/MAP015.BIN:01AC0B	1	クリス・・・登るの早いよ。{0E}	
04206	MAP/MAP015.BIN:01AC4A	1	{02}{01}ジュリオが遅いのよ。\n早くついて来なさいったら！{0E}	
04207	MAP/MAP015.BIN:01ACBC	1	なんで、こういう時になると、{0F}クリスって、\nいつも張り切るのかなぁ。{0E}	
04208	MAP/MAP015.BIN:01AD3E	1	・・・よいしょっと。\n	
04209	MAP/MAP015.BIN:01ADCA	1	{02}{01}よいしょ。\n	
04210	MAP/MAP015.BIN:01AE46	1	よいしょっと。{0E}	
04211	MAP/MAP015.BIN:01AF64	1	お～い！\nジュリオーっ！クリスーっ！{0E}	
04212	MAP/MAP015.BIN:01AFD4	1	気をつけて行けよーっ。{0E}	
04213	MAP/MAP015.BIN:01AFFE	1	{09}{0A}{02}{01}ありがとう、トバイさ～ん！{0E}	
04214	MAP/MAP015.BIN:01B034	1	トバイさ～ん、元気でね～っ！{0E}{02}%バイバ～イ！{0E}{09}{0A}{02}	
04215	MAP/MAP015.BIN:01B064	2	バイバ～イ！{0E}	
04216	MAP/MAP015.BIN:01B08A	1	街道にぶつかったら、\n南に行くだぞ～っ！{0F}いいなーっ！\nわかっただ、なあーっ！{0E}{09}	
04217	MAP/MAP015.BIN:01B0D8	1	{02}{01}わかったわーっ！{0F}インタのこと、\nよろしく頼んだわよーっ！{0E}{02}$まっか、しっとけーっ！{0E}	
04218	MAP/MAP015.BIN:01B172	1	{09}{0A}{02}{01}元気でね～っ！{0E}{09}	
04219	MAP/MAP015.BIN:01B19E	1	ジュリオもクリスも\nタラッタ号が見えなくなるまで\n手を振って見送った。{0F}トバイもエメナもインタも、\nずっとジュリオたちに手を\n振り返してくれた。{0F}船は静かにアルデに向けて、\n海を進んで行った。{0E}	
04220	MAP/MAP015.BIN:01B274	1	{02}{01}さあ、行きましょうか。{0E}	
04221	MAP/MAP015.BIN:01B2B2	1	うん。次はイグニスの、\n火のシャリネだね。{0F}とりあえずの目標はチッタだ。\nさあ、行こう！{10}	
04222	MAP/MAP016.BIN:0000A2	1	磋ネルバ城	
04223	MAP/MAP016.BIN:00DD76	1	ドリト老人	
04224	MAP/MAP016.BIN:00DD96	1	ナムル	
04225	MAP/MAP016.BIN:00DDB6	2	メナートの兵士	
04226	MAP/MAP016.BIN:00DDD6	1	スージーおばさん	
04227	MAP/MAP016.BIN:00DDF6	1	ジロル	
04228	MAP/MAP016.BIN:00DE16	1	バンデ	
04229	MAP/MAP016.BIN:00DE36	1	ラバド	
04230	MAP/MAP016.BIN:00DE56	1	リル夫人	
04231	MAP/MAP016.BIN:00DE76	1	ウラブ	
04232	MAP/MAP016.BIN:00DE96	1	オリビア	
04233	MAP/MAP016.BIN:00DEB6	1	サリバ夫人	
04234	MAP/MAP016.BIN:00DED6	1	ゴダル	
04235	MAP/MAP016.BIN:00DEF6	1	マーカス神父	
04236	MAP/MAP016.BIN:00DF16	1	モニト	
04237	MAP/MAP016.BIN:00DF36	1	カッロ	
04238	MAP/MAP016.BIN:00DF56	1	メイビー	
04239	MAP/MAP016.BIN:00DF76	1	テール	
04240	MAP/MAP016.BIN:00DF96	1	ノバばあさん	
04241	MAP/MAP016.BIN:00DFB6	1	ネイプル	
04242	MAP/MAP016.BIN:00DFD6	1	カピ	
04243	MAP/MAP016.BIN:00DFF6	1	武器屋のアトレイ	
04244	MAP/MAP016.BIN:00E016	1	女主人ジュリア	
04245	MAP/MAP016.BIN:00E036	1	チャッペルのリント	
04246	MAP/MAP016.BIN:00E056	1	ビル	
04247	MAP/MAP016.BIN:00E076	1	マノンばあさん	
04248	MAP/MAP016.BIN:00E096	1	ペネ	
04249	MAP/MAP016.BIN:00E0B6	1	バジル	
04250	MAP/MAP016.BIN:00E0D6	1	ギルドの人	
04251	MAP/MAP016.BIN:00E0F6	1	カンドのガラド	
04252	MAP/MAP016.BIN:00E116	1	シメラ夫人	
04253	MAP/MAP016.BIN:00E136	1	バド	
04254	MAP/MAP016.BIN:00E156	1	コル	
04255	MAP/MAP016.BIN:00E176	1	ダンク隊長	
04256	MAP/MAP016.BIN:00E196	1	ウガナ老人	
04257	MAP/MAP016.BIN:00E1B6	1	メナートの兵士たち	
04258	MAP/MAP016.BIN:00E764	1	{02}{01}おじいさん、こんにちは。{0E}{02}{14}おうおう、こんにちは。{0E}{09}	
04259	MAP/MAP016.BIN:00E79A	1	{02}{06}どうかしましたかな？{0E}{02}{14}愛用の杖を折ってしまいましてな。{0F}今、連れの者が、\n手頃な枝を探してくれとるんだよ。{0E}{09}	
04260	MAP/MAP016.BIN:00E80A	1	どこに行こうとしてたの？{0E}{02}{14}先にチッタへ向かった\n家族のところへな。{0E}{09}	
04261	MAP/MAP016.BIN:00E84F	1	{02}{01}私たちも、さっきまで\nチッタにいたのよ。{0E}{02}{14}おお！{0F}なら、うちのユウミとグレドに\n会わなかったかね？\nやんちゃな２人でな。{0E}	
04262	MAP/MAP016.BIN:00E90A	1	う～ん・・・。\nクリス、会ったことある？{0E}	
04263	MAP/MAP016.BIN:00E99E	1	{09}{0E}{02}{01}おじいさん、ごめんなさい。\n会ってないみたい。{0E}{02}{14}・・・そうかい。\n気になるのう。{10}	
04264	MAP/MAP016.BIN:00EA12	1	{02}{14}おてんと様はゆっくりだが、\n毎日確実に、空にのぼりなさる。{0F}確実に歩みなされ。{10}	
04265	MAP/MAP016.BIN:00EA6A	1	きっと、あの子たちだね！{0E}{09}	
04266	MAP/MAP016.BIN:00EA85	1	{02}{01}あの２人なら、\n元気に巻き卵を食べてたわ。{0E}{09}	
04267	MAP/MAP016.BIN:00EAB5	1	うん。{0F}とっても仲良しだったから、\n心配いらないよ。{0E}{02}{14}そうかい、そうかい。\nいや、よかった。{0F}それを聞いて安心したよ。{0E}	
04268	MAP/MAP016.BIN:00EB30	1	{02}{15}じっちゃん！\n見つけてきたぜ。{0E}	
04269	MAP/MAP016.BIN:00EBE6	1	{02}{15}じっちゃん、この人たちは？{0E}{02}{14}お前があんまり遅いんでな。\n話し相手になってもらっとった。{0E}	
04270	MAP/MAP016.BIN:00EC50	1	{02}{15}そいつぁ済まなかったね。{0E}ところで、あんた方は\nネルバへ行くのかい？{0E}	
04271	MAP/MAP016.BIN:00ECB2	1	{02}{06}そのつもりだが。{0E}	
04272	MAP/MAP016.BIN:00ECD0	1	{02}{06}いや、今しがた行ってきたところだ。{0F}ひどいありさまで、\n目も当てられん状況であった。{0E}	
04273	MAP/MAP016.BIN:00ED28	1	{02}{15}わりぃ時に来ちまったなぁ。{0F}今年は不作の上に\nガルガがメチャクチャに\nしちまったからなぁ。{0E}{09}	
04274	MAP/MAP016.BIN:00ED84	1	{02}{06}そのガルガだが、ネルバを出て\nどちらの方角へ・・・？{0F}やはり南下しているのだろうか。{0E}	
04275	MAP/MAP016.BIN:00EDEA	1	{02}{14}そうさの。\nあのまま行くとロップ島。{0F}下手をすれば\nアンビッシュ国まで・・・。{0E}{09}	
04276	MAP/MAP016.BIN:00EE3A	1	{02}{06}・・・・・・。{0E}	
04277	MAP/MAP016.BIN:00EE5C	1	{02}{15}もう、その話はやめにしようや。{0F}俺もひと休みさせてくれ。\n森の中を駆け回って疲れたよ。{0E}	
04278	MAP/MAP016.BIN:00EECE	1	{02}{14}わしらも少し休んだら\nチッタへ向かうとしよう。{10}	
04279	MAP/MAP016.BIN:00EF1E	1	{02}{14}あんた方も気をつけて行きなされ。{0F}老人の話を聞いてくれて、\nありがとさん。{0E}{09}	
04280	MAP/MAP016.BIN:00EF6B	1	{02}{06}いや、私こそ有益な情報を\n聞かせてもらった。{0F}礼を言わねばならん。{10}	
04281	MAP/MAP016.BIN:00EFB4	1	{02}{15}ネルバは、もうすぐだ。{0F}住んでる連中は気さくだから\n気楽に行くこったな。{10}	
04282	MAP/MAP016.BIN:00F00C	1	{02}{16}おや、旅の人ですね。{0F}まったく大変なことに\nなってしまったよ。{10}	
04283	MAP/MAP016.BIN:00F054	1	{02}{16}ガルガの奴も、よりによって\nメナート国の首都をブッつぶして{0F}行くこともないだろうに・・・。{10}	
04284	MAP/MAP016.BIN:00F0C8	1	{02}{16}やれやれ・・・。{0F}残念だけど、この家はもう\n建てなおす方が早いな。{0F}さすがにバンデさんは、\nショックが大きかったみたいだなぁ。{0F}家が崩されてから、ずっと\nあの調子で立ちつくしているんだ。{10}	
04285	MAP/MAP016.BIN:00F188	1	{02}{16}ネルバの大半の家が、この有様さ。{10}	
04286	MAP/MAP016.BIN:00F1B0	1	{02}{16}今度、訪れてくれるときには\n素晴らしい町並みを見せると{0F}約束するよ。{10}	
04287	MAP/MAP016.BIN:00F20E	1	{02}{16}この店で売っていた武器は、\nネルバ城でも使ってる{0F}優れ物ばかりだったんだ。\nでも、相手が悪かったよ。{0F}俺たち兵士が完全武装でも\nガルガには何もできなかった。{10}	
04288	MAP/MAP016.BIN:00F2B2	1	{02}{16}いくらメナート国の兵士だって\n怪獣退治の訓練は{0F}受けてないからな。{0F}どうしようもなかったよ。{10}	
04289	MAP/MAP016.BIN:00F314	1	{02}{16}あ・・・クラクラ来た。\n食糧が少ない上の作業はキツイな。{0F}しかし、俺もメナート国の兵士。\nこれくらいじゃ負けないぞ。{10}	
04290	MAP/MAP016.BIN:00F3A2	1	{02}{16}じつは薬草を買いに来たんだ。{0F}俺たちネルバ兵も、\nガルガの襲撃のために\nケガをした者が多いからね。{10}	
04291	MAP/MAP016.BIN:00F40E	1	{02}{16}ジュリアの店に薬草が\nたくさんあって助かったよ。{0F}じゃあ。{10}	
04292	MAP/MAP016.BIN:00F44E	1	{02}{16}自分の生まれ育った町が\n壊されることが、こんなに辛く{0F}悲しいことだとは\n思わなかった・・・。{10}	
04293	MAP/MAP016.BIN:00F4C4	1	{02}{16}ひどいだろ。\n海水が入ってきて水びたしだよ。{0F}いっそのこと、港町に作り直した方がマシかもなぁ。{10}	
04294	MAP/MAP016.BIN:00F52C	1	{02}{16}さて、どこから手をつけようか。{0F}この被害を見てると、\n正直言って呆然としてしまうよ。{10}	
04295	MAP/MAP016.BIN:00F586	1	{02}{16}ここまでハデにやられると\nなんだか感覚がマヒして{0F}何も感じないな。{10}	
04296	MAP/MAP016.BIN:00F5E2	1	{02}{16}よぅっし！\nいっちょ頑張ってみるか！{0F}前より立派な町にしてみせるぞ。{10}	
04297	MAP/MAP016.BIN:00F630	1	{02}{16}まずは風雨をしのげるようにしよう。{0F}ちょっと君たち。\n危ないから\nあまり近付かないように。{10}	
04298	MAP/MAP016.BIN:00F690	1	{02}{16}我らがネルバは\nこれを機に、{0F}さらに素晴らしい町になる！{0F}と、俺は信じてるんだ。{10}	
04299	MAP/MAP016.BIN:00F6F0	1	{02}{16}くそぅ・・・。{0F}ケガを一刻も早くなおして\nみんなを助けるぞ。{0F}ガルガの上陸は、\nまるで山が攻めてきたようだった。\n・・・だが、相手も生き物。{0F}今度襲って来たら、\n必ず一矢報いてやるぞ。\n・・・いてて。{0F}興奮すると、まだ傷口が痛む・・・。{10}	
04300	MAP/MAP016.BIN:00F7DC	1	{02}{16}くそぅ・・・。{0F}ケガを一刻も早くなおして\nみんなを助けるぞ。{0F}俺も名誉あるネルバの兵士。\nすぐに復帰して、\nこの町を元に戻すんだ。{10}	
04301	MAP/MAP016.BIN:00F876	1	{02}{16}旅の人だね。{0F}すまないがノルディック王が\nテュエールに着くまでの間\n街道を封鎖している。{0F}これも国王の安全のためなのだ。{10}	
04302	MAP/MAP016.BIN:00F8F2	1	{02}{16}お待たせした。\nノルディック王が{0F}テュエールに到着したとの\n報告がありましたので、\nもう通行できます。{10}	
04303	MAP/MAP016.BIN:00F960	1	{02}{16}旅の安全をお祈りします。{10}	
04304	MAP/MAP016.BIN:00F98A	1	{02}{17}ひどいもんだよ。{0F}よくもまあ、これだけハデに\n壊していったもんだ。{0F}おかげでこの町も\n大半が海に沈んでしまったわ。\nいったいどうなるんだろうねぇ。{10}	
04305	MAP/MAP016.BIN:00FA24	1	{02}{17}まったく、ガルガは憎らしいね！{10}	
04306	MAP/MAP016.BIN:00FA54	1	{02}{18}めっちゃ、スゴかったよ。\nねぇ、信じられる？{0F}こーんな、\nでっかい怪獣だったんだよ！{0F}ネルバ城なんか、\nあっというまに壊されちゃったよ。\n本当にスゴかったんだから。{10}	
04307	MAP/MAP016.BIN:00FAFE	1	{02}{18}そういえば・・・。{0F}ノルディック王は\nどこに行ったんだろ？{0F}まさか・・・\nやられちゃったのかなぁ。{10}	
04308	MAP/MAP016.BIN:00FB64	1	{02}{19}あああ・・・。{0F}俺の家が・・・。{0F}ああ・・・何てこった・・・。{10}	
04309	MAP/MAP016.BIN:00FBB2	1	{02}{1A}海獣ガルガが通っただけで\n城は跡形もなくなってしまった。{0F}恐ろしいことだ。{10}	
04310	MAP/MAP016.BIN:00FC06	1	{02}{1A}町も城もメチャクチャだけど\nいつかきっと復興してみせるさ。{10}	
04311	MAP/MAP016.BIN:00FC52	1	{02}{1B}兵隊さんたちは\n復興作業を始めているわ。{0F}城はガルガにやられてしまったけど\n兵隊さんたちは頼りになるわ。{10}	
04312	MAP/MAP016.BIN:00FCC4	1	{02}{1B}それにしても、ガルガが陸に上がってくるなんて・・・。{0F}もっと悪い事が起こる前兆\nじゃなければいいんだけど・・・。{10}	
04313	MAP/MAP016.BIN:00FD48	1	年ほど前じゃ。{0F}このようなことが起きることを\n誰かが\n言っておったような気がする。{0F}そうじゃ・・・\nまだ、年若い娘じゃった。{0F}あんたらのような、旅の娘じゃ。\nあの娘は\n確かに言っておった・・・。{0F}あの時、町ではすぐに噂になり\nノルディック王の耳にも\n届いたはずじゃ。{0F}・・・やはり、噂は噂にしか\n止まらんのか。\nしかし、虚しいものじゃ。{0F}せっかくの、あの娘の予言を無駄に\nしてしまうなんてなぁ。{10}	
04314	MAP/MAP016.BIN:00FECC	1	{02}{1C}あの娘のことを思うと、\n胸が痛むのじゃ。{10}	
04315	MAP/MAP016.BIN:00FF06	1	{02}{1D}わたし、ガルガなんて\nちっとも恐くなかったもん。{0F}だって、オマジナイを\n知ってるんだもの。{0F}わたしのオマジナイ\n教えてあげましょうか？{0E}	
04316	MAP/MAP016.BIN:00FF9E	1	{02}{1D}そう？　わたしのオマジナイは\nとってもよく効くんだけどなぁ。{10}	
04317	MAP/MAP016.BIN:00FFE2	1	{02}{1D}えへへ。じゃあ、教えてあげる。{0F}わたしのオマジナイはね、\nこう３回言うの。{0F}精霊よ、旅人を守る精霊よ。\nこの地の心ある者たちよ。\nともに集いて守りたまえ。{0E}{02}{1D}おばあちゃんに教えてもらったの。{0F}この町に巡礼でたちよった\n魔女が言ってたんですって。{10}	
04318	MAP/MAP016.BIN:0100DA	1	{02}{1D}あのおまじない、忘れないでね。{10}	
04319	MAP/MAP016.BIN:01010A	1	{02}{1E}町はひどく壊されてしまったけれど\n亡くなった人がいなかったのは{0F}不幸中の幸いでしたわ。{10}	
04320	MAP/MAP016.BIN:01016A	1	{02}{1E}人さえ無事でいれば\n町はすぐ元どおりに、なりますもの。{10}	
04321	MAP/MAP016.BIN:0101A8	1	{02}{1F}町を壊されたショックは大きいけど{0F}いつまでも、\n悲しんでいられないからね。{10}	
04322	MAP/MAP016.BIN:0101FA	1	チャッペルはこの有様ですが\nゆっくりしていって下さい。{10}	
04323	MAP/MAP016.BIN:010242	1	こんなに、おっかない思いをしたのは生まれて初めてだよ。{0F}世の中にはあんな動物もいるんだな。{10}	
04324	MAP/MAP016.BIN:0102A8	1	思い出すだけでも、ふるえちゃうよ。{10}	
04325	MAP/MAP016.BIN:0102D2	1	ぼくたちの家、\nなくなっちゃったんだ。{10}	
04326	MAP/MAP016.BIN:010300	1	わたしの家もガルガに\nやられちゃったの。{10}	
04327	MAP/MAP016.BIN:010330	1	やれやれ、ひどいめにあった。\nあんな奴が出るとはなぁ。{10}	
04328	MAP/MAP016.BIN:010378	1	家を壊されたドリトじいさんたちは\nとりあえずチッタに{0F}逃げたようじゃが・・・。\nあの歳で大丈夫だろうかのう・・・。{0F}まあ、このネルバから逃げるとすればチッタかテュエールだろうけど\nあたしも田舎のチッタの方が{0F}好きだね。{10}	
04329	MAP/MAP016.BIN:010458	1	この騒ぎが落ち着いたら\nあたしもチッタに{0F}行ってみようかね。\nやはり茶飲み友達は必要だよ。{10}	
04330	MAP/MAP016.BIN:0104B8	1	ネルバはメナート国で\n１番美しい町だったのに、{0F}ガルガの襲撃で無茶苦茶になって\nしまったわ。{0F}災難って、本当にいつ訪れるか\nわからないものね。{10}	
04331	MAP/MAP016.BIN:01054A	1	くそう、ガルガの奴・・・。\nおいらの家も、やられちゃったよ。{0F}でも、なんで\nあんな奴が急に出てきたんだろう。\nヘンだよなぁ・・・。{10}	
04332	MAP/MAP016.BIN:0105D0	1	やあ、いらっしゃい。旅の人だね。{0F}さすがにうちの武器ではガルガには\nかなわなかったけど、\n旅の助けにはなる。{0F}店は壊されちゃったけど\nまあ、見てって下さいよ。{10}	
04333	MAP/MAP016.BIN:010676	1	いつでも寄って下さい。{10}	
04334	MAP/MAP016.BIN:0106C6	1	お客さんにぴったりのがありますよ。{10}	
04335	MAP/MAP016.BIN:0106F0	1	{06}になりますね。\nはい、これだよ。{10}	
04336	MAP/MAP016.BIN:010718	1	不用品は、喜んで引き取るよ。{0F}なんたって、物が不足しててね。{10}	
04337	MAP/MAP016.BIN:01075C	1	それなら{06}で引き取りましょう。{10}	
04338	MAP/MAP016.BIN:010786	1	１ゴアあたり{06}で\n引き取りするよ。{10}	
04339	MAP/MAP016.BIN:0107AE	1	全部で{06}だね。{10}	
04340	MAP/MAP016.BIN:0107C4	1	やめるんだね。{10}	
04341	MAP/MAP016.BIN:0107DA	1	ラピカがありませんね。\n手に入りましたら是非うちに。{10}	
04342	MAP/MAP016.BIN:010816	1	他には、どんな用がありますか？{10}	
04343	MAP/MAP016.BIN:01083C	1	あのガルガに対抗するには\n今までにない武器が必要だよ。{10}	
04344	MAP/MAP016.BIN:01087A	1	いらっしゃいませ。\nどんなご用ですか？{10}	
04345	MAP/MAP016.BIN:0108AC	1	よい風が旅を助けてくれますように。{10}	
04346	MAP/MAP016.BIN:010906	1	あまり品数は\nそろっていませんが・・・。{10}	
04347	MAP/MAP016.BIN:010936	1	ありがとうございます。\n{06}になります。{10}	
04348	MAP/MAP016.BIN:010962	1	使わない物がありましたら\n遠慮なくどうぞ。{10}	
04349	MAP/MAP016.BIN:010994	1	それなら{06}で引き取ります。{10}	
04350	MAP/MAP016.BIN:0109BA	1	１ゴアあたり{06}で\n引き取ります。{10}	
04351	MAP/MAP016.BIN:0109E0	1	全部で{06}お支払いします。{0E}	
04352	MAP/MAP016.BIN:010A00	1	あら？\n換金しないのですか？{10}	
04353	MAP/MAP016.BIN:010A24	1	ラピカがたまりましたら\nまたどうぞ。{10}	
04354	MAP/MAP016.BIN:010A50	1	他に御用がございますか？{10}	
04355	MAP/MAP016.BIN:010A70	1	ネルバのチャッペルへようこそ。{0F}私たちに建物は必要ありません。\n魔法は心の問題なのです。{10}	
04356	MAP/MAP016.BIN:010AD2	1	魔法が破壊だけでなく\n希望の糧となりますように。{10}	
04357	MAP/MAP016.BIN:010B22	1	どなたにお授けしましょう？{10}	
04358	MAP/MAP016.BIN:010B44	1	どの魔法をお望みですかな。{10}	
04359	MAP/MAP016.BIN:010B66	2	{08}ですか。\nお授けしましょう。{10}	
04360	MAP/MAP016.BIN:010B9E	1	やあ、どうも・・・。{0F}私は幸いにして\n町から離れたところに住んでいて\n難をのがれたんだけど・・・。{0F}いくら私の所に、\n被害がなかったからと言ってもね。{0F}町がこの有様じゃ、\n素直に喜べないよ。{0F}家を壊された人たちに気の毒だし\n『人で無し』とは\n呼ばれたくないからね。{0F}う～ん、つらいところだ。{10}	
04361	MAP/MAP016.BIN:010CC2	1	やっぱり、こういう時には\n深刻な顔をしている方が、{0F}いいのかなぁ・・・。{10}	
04362	MAP/MAP016.BIN:010D1A	1	まさか、あの旅の女の人が\n言っていた通りになるなんてな。{0F}俺はまだ小さかったから\nよくは覚えてないんだけど\n髪の毛が白銀色で、{0F}すごくキレイだった。{10}	
04363	MAP/MAP016.BIN:010DB6	1	彼女は海を渡った予言者だったんだ。{0F}・・・なんて今ごろ気づいても\n遅いか・・・。{10}	
04364	MAP/MAP016.BIN:010E16	1	いやね、見たんだよ。さっき。{0F}ノルディック王が御供を連れて\nテュエールの方に行ったのをさ。{0F}きっと、城がなくなったんで\nネルバが元に戻るまで、テュエールで様子を見るつもりなんだよ。{0F}王様ならこんな時にこそ\n国民と一丸となって\n国を盛り立てるべきだと{0F}思うんだがね。{10}	
04365	MAP/MAP016.BIN:010F22	1	まあ、王様には\n王様の考えもあるんだろうけど。{0F}コソコソしてちゃいけないよ。{10}	
04366	MAP/MAP016.BIN:010F88	1	あら、お客さん？\n私は宿屋の娘、ペネです。{0E}{09}\n{02}{01}あの、今日は泊めて\nもらえないんですか？{0E}{02}-ごめんなさいね。{0F}店がこのありさまで\n残念ながら、今は休業中なの。{0F}ケガをした兵隊さんもいるし\n今は手いっぱいなの。ごめんネ。{10}	
04367	MAP/MAP016.BIN:011066	1	夜になったら兵隊さんが\n大勢戻ってくるの{0F}町の復興のために\nみんな一生懸命よ。{10}	
04368	MAP/MAP016.BIN:0110BA	1	ボクとお嬢ちゃんは、\n巡礼の旅でしょ？{0F}一生に１度のことなのに残念だわ。{10}	
04369	MAP/MAP016.BIN:011108	1	すみませんね。\n宿は、今休業中です。{0F}今度、お泊りの時には\nサービスしますから{0F}落ち着いたら、\nまた、お越し下さい。{0F}あいすみません。{10}	
04370	MAP/MAP016.BIN:01119A	1	昔は、ティラスイールの人々も\n今より強力な魔法が使えたんです。{0F}ですが、魔法を\n形式としてとらえた結果、\nガルガが来ても、町が壊されても{0F}役に立つ魔法が使えなかった・・・。{0F}なげかわしいことだと思いませんか？{10}	
04371	MAP/MAP016.BIN:011270	1	この地に魔法を伝えてくれた\n海を越えし魔女たちに{0F}申し訳がない。{10}	
04372	MAP/MAP016.BIN:0112B6	1	ネルバのカンドへようこそ。{0F}こんな状態でも魔法を\nお授けすることはできます。{10}	
04373	MAP/MAP016.BIN:01130C	1	魔法があなたのよき友であることを。{10}	
04374	MAP/MAP016.BIN:01134E	1	どなたに、お授けしましょう？{10}	
04375	MAP/MAP016.BIN:011372	1	どの魔法をお望みですか？{10}	
04376	MAP/MAP016.BIN:0113B6	1	私も一通りの魔法が使えるのに\nガルガの歩みを遅らせることすら{0F}できなかった・・・。{0F}この地に魔法を伝えてくれた\n海を越えし魔女たちに申し訳がない。{10}	
04377	MAP/MAP016.BIN:011456	1	ノルディック王は\nどうやらテュエールに{0F}避難したみたいね。\n偉い人は逃げる所があっていいわね。{10}	
04378	MAP/MAP016.BIN:0114BA	1	ノルディック王が素早いのは\n税の取り立てと、逃げることだけ。{0F}あっ、これは内緒にしといてね。{0E}メナート国中が食糧不足になっても\nお城では毎晩のように舞踏会。{0F}私たちの苦労を\n分かってるのかしら？{0E}あっ、これも内緒にしといてね。{10}	
04379	MAP/MAP016.BIN:0115A8	1	カンド魔法はチャッペル魔法と違って攻撃的な魔法が多いんだ。{0F}魔獣たちを追い払うのには\n便利な魔法だよ。{0F}でも、誰にでも扱える魔法じゃない。{0F}チャッペル魔法もそうだけど、\n生まれながらの素養が\n必要なんだなあ。{10}	
04380	MAP/MAP016.BIN:01167E	1	君たちも旅をしているのなら\nカンド魔法を扱える仲間が{0F}１人くらいいれば\nずいぶん助かると思うよ。{10}	
04381	MAP/MAP016.BIN:0116EE	1	ちょっと前にさぁ。{0F}王様が御供を連れて\nテュエールに向かったんだ。{0F}だから、道がこまないように\nテュエールまでの街道は\nしばらく通れないんだよ。{10}	
04382	MAP/MAP016.BIN:011786	1	偉い人って\nワガママだよね。{10}	
04383	MAP/MAP016.BIN:0117B4	1	やあ、旅の人かね。{0F}今は非常事態だ。\nあまりウロウロしないように。{10}	
04384	MAP/MAP016.BIN:0117FC	1	現在、この町はネルバ軍の\n管轄下にある。{0F}もうしわけないが\n軍の行動を妨げないように。{10}	
04385	MAP/MAP016.BIN:011862	1	災いの山は海からあらわれ\n都をガレキと化す、か・・・。{0F}このことを言っておったのか・・・。{0E}	
04386	MAP/MAP016.BIN:01190A	1	{02}{06}ご老人、その言葉は？{0E}{02}5なあに・・・。{0F}昔、この町を訪れた娘が\n言っておったのじゃ。{0E}{09}	
04387	MAP/MAP016.BIN:011960	1	{02}{06}娘・・・！？{0F}その娘とは、\n白き魔女のことであろう。{0E}	
04388	MAP/MAP016.BIN:0119B4	1	{09}\n{02}{01}ことであろう、だって。\nアルフさん、また言葉がヘン。{0E}	
04389	MAP/MAP016.BIN:011A18	1	あれ？{0F}でも、なんでアルフが\n白き魔女のことを知ってるの？{0E}	
04390	MAP/MAP016.BIN:011A66	1	{02}{06}彼女は私の国でも同じ言葉を\n残しているんだよ。{0E}{09}	
04391	MAP/MAP016.BIN:011A9A	1	そういえばアルフは\nどこの国の人なの？{0E}{09}	
04392	MAP/MAP016.BIN:011AC2	1	{02}{06}ああ・・・私はアンビッシュ国だ。{0E}しかし、この地にも\n白き魔女が訪れ、{0F}アンビッシュ国と同じ言葉を\n残していたとは・・・。{0E}{02}5アルフ殿とか申されたな。{0E}	
04393	MAP/MAP016.BIN:011B7A	1	ネルバは予言どおり、\nガルガに破壊された。{0F}アンビッシュ国にも\n同じ言葉が残されているのなら、\n急がれよ。{0F}一刻も早く国に戻り、\n国王にガルガ来襲を\n知らせたほうがよい。{0F}ネルバは予言を知りながらも\nおめおめとガルガに破壊された。{0F}白き魔女の言葉を無駄にするのは\nこのネルバの町だけで十分じゃ。{0E}{09}	
04394	MAP/MAP016.BIN:011C98	1	{02}{06}ご老人。その忠告、\nありがたく頂戴いたします。{0E}	
04395	MAP/MAP016.BIN:011CD4	1	{02}{01}こうしてはいられないわ。\nさっそく出発しましょう。{0E}	
04396	MAP/MAP016.BIN:011D20	2	うん、そうだね。{0E}{09}	
04397	MAP/MAP016.BIN:011D33	1	{02}{01}ジュリオ、アルフ。{0F}私たちでアンビッシュ国の王様に\nガルガのことを知らせるのよ。\n急ぎましょう。{0E}	
04398	MAP/MAP016.BIN:011D9E	1	{02}{06}しかし、私はともかく、{0F}君たちは巡礼の旅の\n途中なのだろう？{0E}{09}{10}{02}{01}そんなこと\n言ってられないわ。{0E}	
04399	MAP/MAP016.BIN:011E28	1	うん。{0F}それにボクたちもイグニスに\n向かってるんだし。\n方向はいっしょだもの。{0F}大勢の人の命がかかってるんだ。\nほっとけないよ。{0E}{09}	
04400	MAP/MAP016.BIN:011EA6	1	{02}{06}そうか、ありがとう。\n君たちは最高の旅の友だ。{10}	
04401	MAP/MAP016.BIN:011F10	1	ガルガは必ずあらわれる。\nアンビッシュ国に急がれよ。{10}	
04402	MAP/MAP016.BIN:011FA0	1	ネルバ城	
04403	MAP/MAP016.BIN:011FE2	1	聞け！　わが国の王都ネルバは\n今や存亡の危機にある！{0F}この町に、再び灯りと\n人々の笑い声を取り戻すのだ！{0F}そして１日も早く\nノルディック王をお迎えできるようにネルバ城を復旧する。{0F}では各自、持ち場につけ！！{0E}{02}6おう！{0E}	
04404	MAP/MAP016.BIN:012128	1	すっごくキビシイね。{0F}テグラでも\nこんなにヒドクなかったよね。{0E}{09}	
04405	MAP/MAP016.BIN:012167	1	{02}{06}なに？　そなた達\nテグラにも行ってきたのか？{0E}	
04406	MAP/MAP016.BIN:0121D4	1	ガルガに襲われて村は散々だったよ。{0E}{09}{0E}{02}{01}家を壊され、\n家族を失った人もいたわ。{0E}{09}	
04407	MAP/MAP016.BIN:012223	1	{02}{06}ふむ・・・。{0F}そうか・・・。{0E}{09}{0E}{02}	
04408	MAP/MAP016.BIN:012245	1	両親を亡くして\nガルガに復讐を{0F}誓っている人もいたよ。{0E}{09}	
04409	MAP/MAP016.BIN:01227C	1	{02}{06}復讐は何も\n生まないというのに・・・。{0E}ネルバの人々も\nそうならなければ良いのだが。{0E}{09}	
04410	MAP/MAP016.BIN:0122D2	1	{02}{01}でも、みんな{0F}この町を早く元どおりに\nしようって気持ちが伝わってくるわ。{0E}{09}	
04411	MAP/MAP016.BIN:01231D	1	{02}{06}国のために砕身する兵士・・・。\nこれが理想的なのだ。{10}	
04412	MAP/MAP016.BIN:0123A8	1	{02}{16}旅の人だね。{0E}	
04413	MAP/MAP016.BIN:0123C0	1	すまないがノルディック王が\nテュエールに着くまでの間\n街道を封鎖している。{0F}これも国王の安全のためなのだ。{10}	
04414	MAP/MAP016.BIN:012462	1	{02}{16}お待たせした。{0E}	
04415	MAP/MAP016.BIN:01247C	1	ノルディック王が\nテュエールに到着したとの\n報告がありましたので、{0F}もう通行できます。{10}	
04416	MAP/MAP016.BIN:012538	1	ほんとに城が\nなくなっちゃったんだね。{0E}{09}{0E}{02}{01}なんだか、こわい。{0E}{09}	
04417	MAP/MAP016.BIN:012577	1	{02}{06}ガルガは上陸するたびに\n凶暴になるということか・・・。{0F}どうにかしないと・・・。{0E}	
04418	MAP/MAP016.BIN:0125FC	1	{02}{04}ガルガめ。\n必ずこの手でしとめてやるぜ。{10}	
04419	MAP/MAP016.BIN:01272E	1	\n{02}{01}どうしたのよ。２人とも。{10}	
04420	MAP/MAP016.BIN:012750	1	\n{02}{06}いや、\nなんということはないのだが・・・。{10}	
04421	MAP/MAP016.BIN:012785	1	うん、なんでもないんだけど・・・。{10}	
04422	MAP/MAP016.BIN:0127AC	1	{09}{08}\n{02}{01}もう、ハッキリしなさいよ。{10}	
04423	MAP/MAP016.BIN:0127FC	1	\n{02}{06}そうか、これだったのか！{10}	
04424	MAP/MAP016.BIN:012831	1	なるほどね。{10}	
04425	MAP/MAP016.BIN:012846	1	{09}{09}\n{02}{01}感心してる場合じゃないでしょ！\nジュリオ！アルフ！{10}	
04426	MAP/MAP016.BIN:0128B4	1	\n{02}{01}もう、アルフったら\n大人のくせにジュリオみたい。{10}	
04427	MAP/MAP016.BIN:0128F4	1	\n{02}{06}むむむ・・・。{10}	
04428	MAP/MAP016.BIN:0129C4	1	メナート国　ネルバ	
04429	MAP/MAP016.BIN:012FF2	3	うぬう、敵ながら\nなかなかやるな。{10}	
04430	MAP/MAP016.BIN:013024	3	むむむ、こんなところで\n屍をさらすわけにはいかん。{10}	
04431	MAP/MAP016.BIN:0130D8	3	クリス、すまぬ。\n助けてくれんか・・・。{10}	
04432	MAP/MAP016.BIN:0133C6	3	ありがとう、クリス。\n助かったよ。{10}	
04433	MAP/MAP016.BIN:01344E	3	お～い、クリス。\n頼むよ・・・。{10}	
04434	MAP/MAP016.BIN:0134AC	3	なんと・・・。\nう～ん、困ったな・・・。{10}	
04435	MAP/MAP017.BIN:0000A2	1	袱トパーズ海岸	
04436	MAP/MAP017.BIN:00E5BE	1	行商人ポルカ	
04437	MAP/MAP017.BIN:00EA58	1	{02}{14}やあ、こんにちは。\nテュエールに行くのかい？{0F}私は商で利を追うポルカ。\nネルバの道具屋へ品物を収めに\n行くところなんだ。{0F}ネルバに海獣ガルガが上陸して\n大変だったというじゃないか。\n町の人たちは大丈夫なのかね？{0E}{09}	
04438	MAP/MAP017.BIN:00EB28	1	{02}{01}ええ、そうなの。{0F}建物なんかムチャクチャに\nされちゃったわ・・・。{0F}でも、みんな町を元通りにしようってとっても頑張ってるわ。{0E}{02}{14}そうか、大変だったんだね。{0F}私の運ぶ商品が\n少しでも役に立てばいいのだが。{0F}そうだ、君たちも何か必要だったら\n買ってくといい。{0F}ここらへんは\nタチの悪い魔獣がいるからね。{0E}	
04439	MAP/MAP017.BIN:00EC52	1	{02}{14}さぁ、どんな用があるのかな。{0E}	
04440	MAP/MAP017.BIN:00EC7A	1	{02}{14}道中気をつけて！{10}	
04441	MAP/MAP017.BIN:00ECC4	1	{02}{14}備えあれば、憂いなしってね。{10}	
04442	MAP/MAP017.BIN:00ECE8	1	{02}{14}まいど！\n{08}だね。{0F}{06}もらうよ。{0E}	
04443	MAP/MAP017.BIN:00ED0C	1	{02}{14}旅は身軽が１番だよ。\n何を売ってくれるのかな？{10}	
04444	MAP/MAP017.BIN:00ED42	1	{02}{14}{08}だね？\nそれなら{06}で引き取ろう。{0E}	
04445	MAP/MAP017.BIN:00ED6E	1	{02}{14}ここで会ったのも、何かの縁！\nおっしゃ！\n１ゴアあたり{06}で換金しよう。{10}	
04446	MAP/MAP017.BIN:00EDBA	1	{02}{14}まいど！\n{06}渡すよ。落さないようにね。{0E}	
04447	MAP/MAP017.BIN:00EDE6	1	{02}{14}うーん、残念ですね。{10}	
04448	MAP/MAP017.BIN:00EE02	1	{02}{14}冷やかさないでくださいよ。\nラピカがないじゃないですか。{0E}	
04449	MAP/MAP017.BIN:00EE42	1	{02}{14}あとは、用はないですか？{0E}	
04450	MAP/MAP017.BIN:00EE64	1	{02}{03}仮ローディ{10}	
04451	MAP/MAP017.BIN:00EE78	1	{02}{03}ローディ船{10}	
04452	MAP/MAP017.BIN:00EEAA	3	{09}{0E}{02}{01}ねぇ、ジュリオ。\nネルバに戻るのは、やめましょう。{0F}何だか、わたし見ていられないわ。{10}	
04453	MAP/MAP017.BIN:00EF64	1	{09}{0A}{02}{05}ローディさんが仲間に入ります。{10}	
04454	MAP/MAP017.BIN:00F2CA	1	すっごく、かっこいいや！{0E}{09}	
04455	MAP/MAP017.BIN:00F2E5	1	{02}{06}いや、おみごと。{0E}{09}{0A}{02}{01}ローディさん、強いのね。{0E}	
04456	MAP/MAP017.BIN:00F348	1	さすがにガルガを追ってる\nだけのことはあるね。{0E}{09}	
04457	MAP/MAP017.BIN:00F378	1	{02}{04}おっ、おい・・・。\nあんたたち・・・なに者だ？{0F}どうして、\nそんなこと、知ってんだ！？{0E}{09}	
04458	MAP/MAP017.BIN:00F3D0	1	{02}{01}あっ、ごめんなさい。\n申し遅れました。{0F}私はクリス、よろしくね。{0E}{09}	
04459	MAP/MAP017.BIN:00F415	1	ボクはジュリオだよ。\n巡礼の旅をしてるんだ。{0F}ネガル島の港の近くで\n船ですれ違ったじゃないか。\n覚えてない？{0E}	
04460	MAP/MAP017.BIN:00F488	1	{09}\n{02}{01}やっぱり覚えてないわよ。{0F}あの時、ローディさんは\nとっても深刻な顔してたもの。{0E}	
04461	MAP/MAP017.BIN:00F4F6	1	ジュリオがいくら甲板の上から\n呼んだって、そんなの気にも\n止まらなかったんだわ。{0E}{09}\n{02}	
04462	MAP/MAP017.BIN:00F549	1	そうかなぁ。{0E}{09}{0E}{02}{01}そうよ。{0F}せっかくガルガと巡り合ったのに\nチャンスを\n取り逃がしてしまったのよ。{0F}テグラの村まで\nやられちゃうし・・・。\nショック大きいもの。{0E}{09}{0E}{02}	
04463	MAP/MAP017.BIN:00F5E7	1	うん、そうだろうね。{0E}{09}	
04464	MAP/MAP017.BIN:00F5FE	1	{02}{06}その気持ち痛いほどにわかるぞ。\nああ、私はアルフ。{0E}	
04465	MAP/MAP017.BIN:00F64C	1	{02}{04}あのな！\n勝手に納得されても・・・。{0E}だから、なんで俺のことを\nそんなに知ってるんだ！？{0E}	
04466	MAP/MAP017.BIN:00F6CC	1	ボクたち、ネガル島の\nテグラでケビンじいさんに{0F}会ったんだ。{0E}	
04467	MAP/MAP017.BIN:00F730	1	{02}{04}じっちゃんのおしゃべりめ・・・。{0E}{09}	
04468	MAP/MAP017.BIN:00F755	1	{02}{06}ちなみに、私はチッタの村で\nこの子たちと会ったので{0F}君のおじいさんには会っていない。{0E}{09}	
04469	MAP/MAP017.BIN:00F7AC	1	{02}{04}ああ、そうかい。{0E}{09}	
04470	MAP/MAP017.BIN:00F7C1	1	{02}{06}ところでローディ君。{0F}君はこれから\nどうするつもりかな？{0F}ただ、やみくもにガルガを追っているわけでもなかろう？{0E}	
04471	MAP/MAP017.BIN:00F858	1	{02}{04}ああ、俺はアンビッシュ国のボルトでガルガを迎え討とうと思ってる。{0F}奴は必ずアンビッシュ国に上陸する。{0E}{09}	
04472	MAP/MAP017.BIN:00F8C0	1	{02}{06}どうしてそう言いきれる？{0E}{09}	
04473	MAP/MAP017.BIN:00F8DD	1	{02}{04}魔女の予言だ。{0F}テグラは魔女の予言どおりに\nガルガの襲撃を受けた。{0F}俺は以前、剣の修行で\nアンビッシュ国を訪れた時に、\nそこでも同じ予言が残されて\nいることを知ったんだ。{0F}テグラではこうだ。{0E}大地が実りを忘れしとき、\n山は海を越え\n人々のなげきがこだまする。{0E}そしてネルバと\nアンビッシュ国の地方には\nこう伝えられていた。{0E}災いの山は海からあらわれ\n都をガレキと化すとな。{0E}間違いない。\nアンビッシュ国に上陸するなら\nボルトの沿岸だ。{0F}そこで俺はガルガを討つ。{0E}{09}	
04474	MAP/MAP017.BIN:00FA9B	1	{02}{01}でも、あんなにでっかいのに\nどうやって倒すつもりなの？{0E}{09}	
04475	MAP/MAP017.BIN:00FAD5	1	{02}{06}いくら腕に自信があっても\nとても剣で倒せる敵じゃない。{0E}{09}	
04476	MAP/MAP017.BIN:00FB0F	1	{02}{04}手はあるさ。{0F}何も俺は無謀な戦いを\n挑もうってんじゃない。{0E}さて、余計な話をしちまったな。\n俺は行くぜ。{0F}テュエールで\n調べたいことがあるんだ。{0E}	
04477	MAP/MAP017.BIN:00FBFE	1	{02}{01}ねぇ、半ズボンのお兄さん。\nちょっと待ってよ。{0E}{09}	
04478	MAP/MAP017.BIN:00FC30	1	{02}{04}ぐきっ・・・。{0F}なんだよ\n半ズボンが悪いかよ。{0E}{09}{0A}{02}{01}ううん。とってもステキよ。{0E}{09}	
04479	MAP/MAP017.BIN:00FC80	1	{02}{01}私たちもアンビッシュ国に\n向かってるの。{0E}旅は仲間が多い方がいいわ。\nねぇ、一緒に行きましょうよ。{0E}	
04480	MAP/MAP017.BIN:00FD0C	1	{02}{04}あいにくだが\nあんたたちが一緒じゃ{0F}足手まといになる。\n俺は１人になれてるし、\nその方がいいんだ。{0F}じゃあな。{0E}	
04481	MAP/MAP017.BIN:00FDC2	1	ローディ、一緒に行こうったら。\nどうせ同じ方向なんだし。{0F}ボク、剣も教えてほしいなぁ。{0E}{09}	
04482	MAP/MAP017.BIN:00FE19	1	{02}{04}いやだ。{0E}	
04483	MAP/MAP017.BIN:00FE3E	1	{02}{01}ねぇ、そう言わないで\n一緒に行きましょ。{0E}	
04484	MAP/MAP017.BIN:00FE92	1	{02}{04}いやだって。{0E}	
04485	MAP/MAP017.BIN:00FEBA	1	{02}{06}ふふ。そなたも見込まれたものだな。{0F}ここは、おとなしく私たちと\n行動を共にせい。{0E}{09}	
04486	MAP/MAP017.BIN:00FF0D	1	{02}{04}おっさんまで！\nあんたたち、かなり、しつこいな。{0E}{09}{07}{02}{01}ええ、実はそうなの。{0F}なんだか私\nその半ズボンが気に入っちゃった。{0E}{09}{0A}{02}	
04487	MAP/MAP017.BIN:00FF88	1	ずっとついて行けば\nけっきょく一緒に旅してることに{0F}なるんだよね。{0E}{09}{0A}{02}{01}そうそう。{0E}	
04488	MAP/MAP017.BIN:010002	1	{02}{04}くうーっ、まいったなぁ・・・。{0E}わかった、わかったよ。{0F}もう、しようがないなぁ。\n一緒に行きゃーいいんだろ！{0F}そのかわり\n足手まといになるようだったら\nかまわず置いてくからな。{0E}{09}{0A}{02}	
04489	MAP/MAP017.BIN:0100B3	1	やったぁ！{0F}じゃあ、一緒に行って\nくれるんだね？{0E}{09}	
04490	MAP/MAP017.BIN:0100E4	1	{02}{04}ああ。{0E}	
04491	MAP/MAP017.BIN:0100F4	1	ローディがパーティにくわわった。{10}	
04492	MAP/MAP017.BIN:010166	1	あれれ？\n行き止まりだ。{0E}{02}{01}もう！\nダメじゃない！{0E}{02}	
04493	MAP/MAP017.BIN:010198	1	しょうがないじゃないか。\n父さんだって方向オンチなんだから。{10}	
04494	MAP/MAP017.BIN:010228	1	ねえ、クリス。{0F}この舟、ネガル島の前ですれ違った\n舟じゃないかなぁ？{0E}{09}\n{02}{01}えっ？\nんー。似てるけど・・・。{0F}じゃあ、ケビンおじいさんのとこの\nローディさんがここに？{0E}{09}	
04495	MAP/MAP017.BIN:0102C9	1	{02}{06}ガルガを狙っているとかいう\n若者のことかね？{0E}{09}\n{02}{01}うん。{0F}でも、よく似た舟なんて\nいくらでもあるじゃない。{0F}まさか、ローディさんの\n舟じゃないわよ。{10}	
04496	MAP/MAP017.BIN:010376	1	ローディの舟じゃないかなぁ・・・？{10}	
04497	MAP/MAP017.BIN:0103B8	1	{02}{04}この舟も、\nよくもってくれたもんだ。{0E}{09}	
04498	MAP/MAP017.BIN:0103E2	1	こんな小さな舟で\nネガル島から来たなんてすごいね。{0E}{09}	
04499	MAP/MAP017.BIN:010416	1	{02}{01}ローディさんの根性が\n舟にも伝わったのね。{10}	
04500	MAP/MAP017.BIN:01045A	1	この舟、盗まれないかなぁ？{0E}{09}{0A}{02}{01}大丈夫よ。\n盗まれるほど立派じゃないもの。{0E}{09}	
04501	MAP/MAP017.BIN:0104A5	1	{02}{04}・・・ハッキリした、いい性格だ。{10}	
04502	MAP/MAP017.BIN:010545	1	あ、狼だよ。{10}	
04503	MAP/MAP017.BIN:0105DD	1	どうしよう、後ろにもいるよ。{10}	
04504	MAP/MAP017.BIN:01060E	1	{09}{10}\n{02}{01}大丈夫よ、ジュリオ。\n私たちには\n大人のアルフさんがついてるもの。{10}	
04505	MAP/MAP017.BIN:01065A	1	\n{02}{06}ふむ・・・。{10}	
04506	MAP/MAP017.BIN:010694	1	{09}{0A}\n{02}{01}やっぱり、大人は違うわね。{10}	
04507	MAP/MAP017.BIN:010716	1	\n{02}{04}ん？\nさっそく魔獣の気配がするぞ！{0E}{02}{01}え？{0E}{02}	
04508	MAP/MAP017.BIN:010744	1	ど、どこ？{10}	
04509	MAP/MAP017.BIN:0107C2	1	\n{02}{06}姿を見せたようだな。{0E}{09}	
04510	MAP/MAP017.BIN:0107DC	1	\n{02}{01}ローディさん、すごい！{10}	
04511	MAP/MAP017.BIN:01084E	1	\n{02}{04}ざっと、こんなもんさ。{0E}{09}	
04512	MAP/MAP017.BIN:01086A	1	\n{02}{06}ほう、なかなかの腕だな。{0E}{09}	
04513	MAP/MAP017.BIN:010888	1	\n{02}{04}おっさんにも、負けないぜ！{0E}{09}	
04514	MAP/MAP017.BIN:0108A8	1	\n{02}{06}（ぐっ・・・）\n（また、おじさん呼ばわりか）{10}	
04515	MAP/MAP017.BIN:01173E	4	ローディ、\nカッコイイ！{0E}{02}сIイオイ、\n調子狂っちまうぜ。{10}	
04516	MAP/MAP017.BIN:0117A6	5	{02}сNリス、\n体力の回復は頼んだぜ。{10}	
04517	MAP/MAP017.BIN:011866	5	{02}сTンキュー、クリス。{10}	
04518	MAP/MAP018.BIN:0000A4	1	テュエール	
04519	MAP/MAP018.BIN:00EA9A	1	エポ	
04520	MAP/MAP018.BIN:00EABA	1	パーシア	
04521	MAP/MAP018.BIN:00EADA	1	シオン	
04522	MAP/MAP018.BIN:00EAFA	1	カリス	
04523	MAP/MAP018.BIN:00EB1A	1	オネス	
04524	MAP/MAP018.BIN:00EB3A	1	武器屋のトルー	
04525	MAP/MAP018.BIN:00EB5A	1	道具屋のエルサ	
04526	MAP/MAP018.BIN:00EB7A	1	アポカ	
04527	MAP/MAP018.BIN:00EB9A	1	宿屋のホリー	
04528	MAP/MAP018.BIN:00EBBA	1	ジェネばあさん	
04529	MAP/MAP018.BIN:00EBDA	1	サントス	
04530	MAP/MAP018.BIN:00EBFA	1	漁師ビブル	
04531	MAP/MAP018.BIN:00EC1A	1	漁師エルノ	
04532	MAP/MAP018.BIN:00EC3A	1	案内嬢ソティス	
04533	MAP/MAP018.BIN:00EC5A	1	紀行家ジョセフ	
04534	MAP/MAP018.BIN:00EC7A	1	衛兵隊長ラトレ	
04535	MAP/MAP018.BIN:00F144	2	{02}{14}許可なき者は通すなとの\n国王の命令です。{10}	
04536	MAP/MAP018.BIN:00F174	1	{02}{14}おや、あなたたちですか。{0F}あのお連れの方は、\nどなただったんです？\n国王に平然と謁見できるなんて。{10}	
04537	MAP/MAP018.BIN:00F1F0	1	{02}{14}ノルディック王が\n避難してきているので{0F}見張りに立っているんだよ。{10}	
04538	MAP/MAP018.BIN:00F23C	1	{02}{14}ガルガは現在\n東のロップ島の辺りに{0F}いるらしいから\nここなら安心だ。{10}	
04539	MAP/MAP018.BIN:00F290	1	{02}{14}ネルバの復旧作業が\nはかどってくれるといいんだが。{10}	
04540	MAP/MAP018.BIN:00F2CE	1	{02}{14}ノルディック王も、\nこんな町にいたんでは{0F}ちゃんとした施政もできない。{10}	
04541	MAP/MAP018.BIN:00F32E	1	{02}{14}ここはメナート国の王、{0F}ノルディック王の\n仮の住まいである。{0F}一般の方はご遠慮頂きたい。{10}	
04542	MAP/MAP018.BIN:00F38C	1	{02}{14}ノルディック王は\n一般人の会えるような、{0F}お方ではない。{0F}どうかお引き取りを。{10}	
04543	MAP/MAP018.BIN:00F3E0	1	{02}{14}隊長も、あの方がどなたか\n教えてくれないんですよ。{10}	
04544	MAP/MAP018.BIN:00F424	1	{02}{14}謁見は許されてはいない。\n国王は国の建て直しで多忙である。{0F}お取り次ぎはできない。{10}	
04545	MAP/MAP018.BIN:00F47C	1	{02}{14}現在、ノルディック王への\n謁見は受け付けていない。{0F}あきらめられよ。{10}	
04546	MAP/MAP018.BIN:00F4E4	1	{02}{15}ルーレじいさんは\nこんな時だっていうのに{0F}また、家を空けっぱなしにして\nどこに行っちゃったんだろう？{0F}また、レッドさんが\n心配するだろうなぁ。{0F}レッドさんは、じいさんの孫で\n関所ではたらいてるんだ。{10}	
04547	MAP/MAP018.BIN:00F5B0	1	{02}{15}ルーレじいさんは、\n昔は勇敢な船乗りだったそうだけど{0F}今じゃ孫泣かせの\nただの不良じいさんだよ。{10}	
04548	MAP/MAP018.BIN:00F616	1	{02}{15}ルーレじいさんはこんな時でも\nふらふらしてるんだから。{10}	
04549	MAP/MAP018.BIN:00F65E	1	{02}{15}ルーレじいさんは\nこんな時だっていうのに{0F}また、家を空けっぱなしにして\nダイスの町へ遊びに行っちゃったよ。{0F}きっと、いつもみたいに\n門衛をやっている孫のレッドさんと\n関所でケンカしてんだ。{10}	
04550	MAP/MAP018.BIN:00F720	1	{02}{15}ルーレじいさんは、\n昔は勇敢な船乗りだったそうだけど{0F}今じゃ孫泣かせの\nただの不良じいさんだよ。{0E}	
04551	MAP/MAP018.BIN:00F7A4	1	{02}{16}漁師のサントスさんが\n漁に出ていてガルガを{0F}見かけたそうよ。{0F}きっと、ガルガの最新情報ね。\n興味があるのなら\nサントスさんの家を訪ねてみたら。{0F}サントスさんの家なら\n町の南東にあるわよ。{10}	
04552	MAP/MAP018.BIN:00F868	1	{02}{16}サントスさんの家なら\n町の南東にあるわよ。{10}	
04553	MAP/MAP018.BIN:00F89A	1	{02}{16}ガルガみたいな怪獣が\n海にいると思うと{0F}恐ろしくて船にも乗れないわ。{10}	
04554	MAP/MAP018.BIN:00F8EE	1	{02}{16}噂だと、ガルガは\nロップ島にいるみたいね。{0F}お腹をすかせて\n帰ってくれないかしら。{10}	
04555	MAP/MAP018.BIN:00F94A	1	{02}{16}今年は不作とガルガのせいで\nメナート国はめちゃくちゃだわ。{10}	
04556	MAP/MAP018.BIN:00F9AA	1	{02}{17}ネルバは大変だったらしいわね。{0F}突然クジラのように\n大きい怪獣に町を襲われる\nなんて、想像もつかないわ。{10}	
04557	MAP/MAP018.BIN:00FA1C	1	{02}{17}まさか、この町には\n襲ってこないでしょうね。{0F}恐いわ・・・。{10}	
04558	MAP/MAP018.BIN:00FA5E	1	{02}{17}ネルバは大変だったらしいわね。{0F}突然、ガルガに町を襲われるなんて\n想像もつかないわ。{10}	
04559	MAP/MAP018.BIN:00FAC2	1	{02}{17}隣のチャノム国は\nメナート国がこんなに大変なのに{0F}食糧の援助もしてくれないのよ。{10}	
04560	MAP/MAP018.BIN:00FB1C	1	{02}{17}お金持ちばかりの国は\n冷たいわね。{10}	
04561	MAP/MAP018.BIN:00FB64	1	{02}{18}この小屋に住んでいるサントスが\n海でガルガを見たそうだ。{0F}すごく恐かったって言ってたよ。{10}	
04562	MAP/MAP018.BIN:00FBC2	1	{02}{18}この小屋がサントスの家だよ。\nオレ？　オレは留守番さ。{0F}サントスなら港にいるはずだよ。{10}	
04563	MAP/MAP018.BIN:00FC2A	1	{02}{18}サントスの話はどうだった？{0F}おっかないけど、\nおもしろい話だったろ？{0E}	
04564	MAP/MAP018.BIN:00FC74	1	{02}{18}ガルガのせいで、港の中に\n魚がいなくなっちゃったんだ。{0F}サントスも苦労してるだろうな。{10}	
04565	MAP/MAP018.BIN:00FCE4	1	{02}{19}さっきサントスの奴が\n海でガルガを見かけたって{0F}騒いでいたよ。\nよく、無事に戻ってこれたもんだ。\nあいつは運のいい奴だよ。{10}	
04566	MAP/MAP018.BIN:00FD66	1	{02}{19}サントスの奴は\nガルガを見て、{0F}よく平気でいられるよ。{0F}俺なんか、ぜったいダメだね。{10}	
04567	MAP/MAP018.BIN:00FDCA	1	{02}{19}これからチャノム国に向かうのか？{0F}あそこはきらびやかだけど\nゴタゴタも多いから気をつけなよ。{10}	
04568	MAP/MAP018.BIN:00FE30	1	{02}{19}あの国ほど貧富の差が\n激しいところはないよ。{10}	
04569	MAP/MAP018.BIN:00FE64	1	{02}{1A}おぅおぅ、よくいらっしゃった。\nトルー自慢の商品を見ておくれな。{10}	
04570	MAP/MAP018.BIN:00FEB0	1	{02}{1A}おや、もう行ってしまうかい。\nまた寄っておくれな。{10}	
04571	MAP/MAP018.BIN:00FF1C	1	{02}{1A}こんなものは、どうかな？{10}	
04572	MAP/MAP018.BIN:00FF3C	1	{02}{1A}おお、いいものを選びなすった。\nえ～と、たしか{06}だな。{10}	
04573	MAP/MAP018.BIN:00FF78	1	{02}{1A}不用なものは置いてきなされ。{0F}このトルーが買い取らせてもらうよ。{10}	
04574	MAP/MAP018.BIN:00FFC0	1	{02}{1A}おぅおぅ{08}かい。\nん～と{06}で引き取ろう。{10}	
04575	MAP/MAP018.BIN:00FFF2	1	{02}{1A}そうじゃのう．．．。{0F}１ゴアあたり{06}で、\nどうじゃろ？{10}	
04576	MAP/MAP018.BIN:01002E	1	{02}{1A}うむぅ・・・。\n全部で{06}だと思うが。{0F}たぶんあっとるよ。{10}	
04577	MAP/MAP018.BIN:01006C	1	{02}{1A}そぅかい？　残念じゃのう。{10}	
04578	MAP/MAP018.BIN:01008E	1	{02}{1A}ラピカがないようじゃが・・・。{10}	
04579	MAP/MAP018.BIN:0100B4	1	{02}{1A}もう用はないのかい？{10}	
04580	MAP/MAP018.BIN:0100DA	1	{02}{1A}おぅおぅ、ぼっちゃんたち。\nゆっくりして行きなされ。{10}	
04581	MAP/MAP018.BIN:010116	1	{02}{1A}外は寒かろうて。\nゆっくりして行きなされ。{10}	
04582	MAP/MAP018.BIN:010148	1	{02}{1B}この町からは、ネルバも\nチャノム国に抜ける関所も遠いの。{0F}備えあればみんなニコニコ。{10}	
04583	MAP/MAP018.BIN:0101A6	1	{02}{1B}ご用がありましたら\nいつでもお寄り下さいね。{10}	
04584	MAP/MAP018.BIN:01020C	1	{02}{1B}魔法抵抗の指輪なんか、\nおすすめですよ。{0F}持っていて\n損のないものばかりですよ。{10}	
04585	MAP/MAP018.BIN:010262	1	{02}{1B}はい、{08}ですね。\n{06}いただきます。{10}	
04586	MAP/MAP018.BIN:01028A	1	{02}{1B}持ち物が多いと、\n途中で疲れちゃいます。{0F}必要なものだけ揃えれば、\nみんなニコニコ。{0F}何をお引き取りしましょう？{10}	
04587	MAP/MAP018.BIN:0102FE	1	{02}{1B}はい、{08}ですね。\n{06}お支払いします。{10}	
04588	MAP/MAP018.BIN:01032C	1	{02}{1B}１ゴアあたり{06}で\nお引き取りしますよ。{10}	
04589	MAP/MAP018.BIN:010358	1	{02}{1B}ねがいましては～。\n全部で{06}ですね。{0F}わたし、計算は得意なんですよ。{10}	
04590	MAP/MAP018.BIN:0103A2	1	{02}{1B}ピアに換金したくなったら\nいつでもいらして下さいね！{10}	
04591	MAP/MAP018.BIN:0103DE	1	{02}{1B}ラピカがありませんね。\nがんばって稼いで下さい！{10}	
04592	MAP/MAP018.BIN:010416	1	{02}{1B}もう、御用はありませんか？{10}	
04593	MAP/MAP018.BIN:010438	1	{02}{1B}外は寒いでしょう？{0F}よかったら暖炉で\nあったまって下さい。{10}	
04594	MAP/MAP018.BIN:0104A2	1	{02}{04}じいさん。{0F}ジェネばあさんって人\n知らないかい？{0E}{02}{1C}ジェネばあさんかい。\n茶飲み友達じゃよ。{0F}そろそろ来るじゃろう。{10}	
04595	MAP/MAP018.BIN:010520	1	{02}{04}じいさん。\nジェネばあさ・・・。{0E}{02}{1C}そう急くなて。\nそのうち戻ってくる。{0F}港でも見物してきなされ。{10}	
04596	MAP/MAP018.BIN:010586	1	{02}{1C}ほれ、向かいにいるのが\nジェネばあさんだよ。{10}	
04597	MAP/MAP018.BIN:0105BA	1	{02}{1C}話が聞けてよかったのぅ。{10}	
04598	MAP/MAP018.BIN:0105DA	1	{02}{1C}前はもっと、\n賑やかな町だったのにのぅ。{0F}最近では、この騒ぎで\nみな、ちりぢりになってしまったよ。{10}	
04599	MAP/MAP018.BIN:010660	1	{02}{1D}おや、巡礼の旅人さんと\nそのお連れの方々だね。{0F}このご時勢に、これは縁起がいい。{0E}{09}	
04600	MAP/MAP018.BIN:0106B3	1	{02}{01}おばさん。{0F}どうして私たちが\n巡礼の旅人だってわかったの？{0E}{02}{1D}この歳になると、\nお客さんの顔を見れば{0F}大抵のことはわかるもんさね。{0F}連れのダンナも汚れた服を\n着てるけど、タダモノじゃないね。{0E}{09}	
04601	MAP/MAP018.BIN:01076F	1	{02}{06}むむ。{10}	
04602	MAP/MAP018.BIN:010782	1	{02}{1D}お連れの方々も無料でいいよ。{0F}疲れたら、いつでもウチの宿を\n利用しておくれ。{10}	
04603	MAP/MAP018.BIN:0107D4	1	{02}{1D}巡礼の旅人なら大歓迎さね。\nいくらでも泊まっておいき。{10}	
04604	MAP/MAP018.BIN:010826	1	{02}{1D}あの方は戻ってきませんよ。{0F}なぜかは分かりませんが、\n事態が変わったので\n先にお立ちになられたようですね。{0F}きっと、深い事情があってのこと。\nどうかあの方を\nお恨みにならないで下さいね。{10}	
04605	MAP/MAP018.BIN:0108E6	1	{02}{1D}あなた方も、\n大切なお仕事があるようですね。{0F}がんばって下さい。{10}	
04606	MAP/MAP018.BIN:010930	1	{02}{1D}お疲れになったら\nいつでもお戻り下さい。{10}	
04607	MAP/MAP018.BIN:010A52	1	{02}{1E}あんたら、あたしを\n探しとったのかね？{0E}{09}	
04608	MAP/MAP018.BIN:010A7C	1	{02}{04}ああ、聞きたいことがあってな。{0F}あんた、ボルトから\n移ってきたんだよな？{0E}{02}{1E}いかにも、そうじゃが。\nそれが？{0E}{09}	
04609	MAP/MAP018.BIN:010AE9	1	{02}{04}以前、旅の途中で\nボルトに立ち寄ったとき{0F}俺はボルトで\n魔女の予言を聞いたんだ。{0F}災いの山は海からあらわれ\n都をガレキと化すってね。{0F}今にして思えば\nガルガ襲来以外のなにものでもない。{0F}それを聞いたときに\n魔女に一夜の宿を貸し、{0F}面倒を見た村人がいたことを知った。{0E}{02}{1E}もう20年も前のことじゃが\nゲルドのことは良く覚えておるよ。{0F}まったく正体の知れん娘じゃった。{0E}	
04610	MAP/MAP018.BIN:010C76	1	ゲルド？{0E}{09}{0F}{02}{01}白き魔女って\nゲルドって名前だったの。{0E}{09}	
04611	MAP/MAP018.BIN:010CAB	1	{02}{04}初めて聞いたぜ。{0E}	
04612	MAP/MAP018.BIN:010CEA	1	魔女は決して本当の名を\n明かさないと聞いていたが・・・。{0F}よほど、ばあさんに\n心を許したんだな。{0E}{02}{1E}そんなことはないよ。{0F}確かにゲルドという名は、\nあの娘の名の一部だろう。{0F}だが、本当の名はもっと長く、\n普通の人間には\n発音さえ出来ないものなのさ。{0E}{09}	
04613	MAP/MAP018.BIN:010DDC	1	{02}{04}それで、あんたに聞きたいんだが。{0F}ゲルドは災いの山、\nつまりガルガに対抗する方法に関して何か言ってなかったかい？{0E}	
04614	MAP/MAP018.BIN:010E5E	1	{02}{1E}災いの山は止めることはできない。{0E}あの娘は淋しそうに\n暖炉の炎を見つめて、\nそう言っていたよ。{0E}	
04615	MAP/MAP018.BIN:010ED2	1	{02}{04}止めることはできないだって・・・。{0F}じゃあ、手はないのか？{0E}	
04616	MAP/MAP018.BIN:010F20	1	{02}{1E}そういえば、こうも言っておった。{0E}人々に唯一できるのは、\n灯りの道をつくり\n道を指し示すことじゃと。{0E}{09}	
04617	MAP/MAP018.BIN:010F86	1	{02}{04}灯りの道をつくり、\n道を指し示す・・・。{0E}{09}	
04618	MAP/MAP018.BIN:010FB2	1	{02}{01}おばあさん、灯りの道って？{0E}	
04619	MAP/MAP018.BIN:010FEE	1	ゲルドは暖炉を見てたんでしょ？{0E}	
04620	MAP/MAP018.BIN:011038	1	その灯りって、\n炎のことじゃないの？{0E}{09}	
04621	MAP/MAP018.BIN:01105E	1	{02}{06}炎か・・・。{0E}{09}{10}{02}{01}そうよ、きっと炎のことよ！\nジュリオ、さえてるじゃない。{0E}{09}	
04622	MAP/MAP018.BIN:0110AB	1	{02}{06}灯りの道をつくり、\n道を指し示すというのは{0F}炎を並べてガルガを誘導することが\nできると言っているのか・・・。{0E}{09}	
04623	MAP/MAP018.BIN:011119	1	{02}{04}なんだか希望が見えてきたぜ。{0E}	
04624	MAP/MAP018.BIN:01114A	1	他には何か言ってなかったかい？{0E}	
04625	MAP/MAP018.BIN:01119A	1	{02}{1E}いいや、それだけだね。{0E}{09}	
04626	MAP/MAP018.BIN:0111B5	1	{02}{06}とにかくありがたい！{0F}この解釈が当たっていれば、\nガルガが上陸する場所を\nボルトからそらすことができる。{0F}こうしてはおられん。\nノルディック王を説得し{0F}炎の道をつくるのに必要な物を\nそろえてもらうとしよう。{0E}	
04627	MAP/MAP018.BIN:01129C	1	{02}{04}でもよ、\n王様がこの町にいても{0F}俺たちと\n会ってくれるとは思えないぜ。{0F}偉い人ってのは、\nお高くとまってるんだからよ。{0E}	
04628	MAP/MAP018.BIN:011324	1	{02}{06}いや。{0F}必ずノルディック王に\n会わせてもらう。{0E}{09}	
04629	MAP/MAP018.BIN:011355	1	{02}{04}おっさん、珍しく強気じゃないか。{0F}それなら話が早い。\nノルディック王に\n謁見といこうじゃないか。{0E}	
04630	MAP/MAP018.BIN:0113D6	1	ジェネばあさん、世話になったな。{0F}あんたはアンビッシュ国の\n救いの神になるかも知れないぜ。{0E}{02}{1E}やめとくれ。{0F}あたしはあの娘の言っていたことを\n伝えたまでさ。{10}	
04631	MAP/MAP018.BIN:0114C4	1	{02}{1E}いつも寂しげな目を\nしている娘じゃった。{0F}まるで、すべての災いが\n自分の罪であるかのように・・・。{0F}あの娘には、人に見えないものが\nたくさん見えていたのだろうね。{10}	
04632	MAP/MAP018.BIN:01156A	1	{02}{1E}白き魔女の言葉を\n生かすも殺すも、{0F}私たちしだいなんだよ。{10}	
04633	MAP/MAP018.BIN:011624	1	{02}{1F}俺がサントスだけど。{0F}ああ、そうか。\nあんたたちもガルガの話を\n聞きにきたんだろ？{0F}なんだかガルガを見かけただけで\nもう、ひっぱりダコの人気者だよ。{0E}{09}	
04634	MAP/MAP018.BIN:0116B8	1	{02}{06}ガルガを見たのは、\nどの辺りでしたかな？{0E}{02}{1F}東のロップ島だよ。{0F}ガルガの奴、ロップ島でドテーっと\n寝てやがったよ。{0F}奴のあの大きさだろ？\nまるでクッションに\nうつ伏せになって寝てる、{0F}クジラみたいだったよ。{0E}{09}	
04635	MAP/MAP018.BIN:011783	1	{02}{04}しめた！{0E}	
04636	MAP/MAP018.BIN:0117B6	1	ガルガの奴\nテグラ、ネルバと破壊してきて\nついに疲れが出てきたな。{0E}	
04637	MAP/MAP018.BIN:011808	1	ガルガの奴は\n１度眠ると何日も眠り続けると\n聞いたことがある。{0F}時間が稼げるぞ。{0E}{09}{10}{02}{01}ねぇ、今のうちに\n船で取り囲んで、{0E}	
04638	MAP/MAP018.BIN:0118BE	1	やっつけちゃったらどう？{0F}私のキックは強烈よ。{0E}	
04639	MAP/MAP018.BIN:011902	1	うん。\nあれは効くよ。{0E}{09}	
04640	MAP/MAP018.BIN:01191A	1	{02}{04}か、過激な意見だな。\nほんとにチャッペルの子供なのか？{0F}そんなことしてガルガを起こしたら\n怒って暴れ出すぜ。{0E}{09}	
04641	MAP/MAP018.BIN:011988	1	{02}{06}それに、逃げられたら厄介だ。{0E}	
04642	MAP/MAP018.BIN:0119C2	1	手負いの動物は\n何をするか分からない。{0F}攻撃を仕掛けるのなら\n逃げ場のない場所でやらないと。{0E}{09}	
04643	MAP/MAP018.BIN:011A1E	1	{02}{04}確かにそのとおりだ。{0E}おっさん、すごいじゃないか。{0E}	
04644	MAP/MAP018.BIN:011A78	1	考えが深いな。{0E}	
04645	MAP/MAP018.BIN:011A9A	1	{02}{06}いや、なに・・・なんとなく。{0E}	
04646	MAP/MAP018.BIN:011ACA	1	{02}{1F}あんたたち、{0F}本気であのガルガを\n倒すつもりでいるのか！？{0E}	
04647	MAP/MAP018.BIN:011B58	1	{09}{10}{02}{01}あたり前じゃない！{0E}	
04648	MAP/MAP018.BIN:011B80	1	私たちは、巡礼の旅人だもん！\n放っておけないでしょ。{0E}	
04649	MAP/MAP018.BIN:011BCA	1	えっ、そっ、そうなの？{0F}ボクはてっきり、\nアンビッシュ国の王様に\n知らせに行くだけだと思ってたよ。{0E}{09}	
04650	MAP/MAP018.BIN:011C2C	1	{02}{06}ここはひとつ、\n今のうちに先回りして{0E}	
04651	MAP/MAP018.BIN:011C8A	1	ガルガより早く、\nボルトに着くのが先決。{0F}そこで迎え討つ準備をするのが\n賢明だろう。{0E}{09}	
04652	MAP/MAP018.BIN:011CDE	1	{02}{04}まあ、なんにしても{0E}	
04653	MAP/MAP018.BIN:011D14	1	ガルガが寝ていてくれてるのは\n有り難いことだ。{0F}あとはこのテュエールの港に\nボルトからの船が来てくれれば\nもっと、有り難いんだかな。{0E}	
04654	MAP/MAP018.BIN:011DA6	1	{02}{1F}う～ん。\nそりゃあ、むずかしいな。{0E}	
04655	MAP/MAP018.BIN:011DFC	1	ガルガが目の前にいることが\nわかってんだ。{0F}余程のことでもない限り、\nビビッちまって\nとうぶん船なんか来ないだろうよ。{0E}{09}	
04656	MAP/MAP018.BIN:011E71	1	{02}{04}だろうなぁ・・・。{0E}	
04657	MAP/MAP018.BIN:011EA2	1	テュエールからボルトに渡るには\nとても小舟なんかじゃ無理だ。{0F}	
04658	MAP/MAP018.BIN:011F0A	1	やはり、チャノム国経由で、\n陸を行くしかないか。{0E}{09}{10}{02}{01}そうと決まれば、\nさっそく行きましょう。{10}	
04659	MAP/MAP018.BIN:011FC6	1	{02}{1F}ガルガが目の前にいることが\nわかってんだ。{0F}余程のことでもない限り、\nビビッちまって\nとうぶん船なんか来ないだろうよ。{10}	
04660	MAP/MAP018.BIN:01204A	1	{02}{1F}ちくしょう！{0F}もう少しで水もれをなくせたのに\nあの大型船のおかげで、台無しだ！{0F}軍船ってのは、\n入港が荒々しいからやだね。{0F}そういや、あんたらの連れが\nその船に乗りこんでったぜ。{0F}何者だったんだい？\nあのおじさんは。{10}	
04661	MAP/MAP018.BIN:012122	1	{02}{1F}でっかいガレー船だったよ。{0F}でも、ガルガとくらべたら\n子供みたいな船だけどな。{10}	
04662	MAP/MAP018.BIN:01218C	1	ガルガの出る海なんか\nおっそろしくて{0F}漁に出られないよ。{10}	
04663	MAP/MAP018.BIN:0121CE	1	こりゃ当分のあいだ\nここで、うだうだやってるしか{0F}なさそうだぜ。{10}	
04664	MAP/MAP018.BIN:012214	1	ああ。あんたの連れなら\nさっき大きな船が迎えにきて{0F}乗っていったぜ。{0F}身なりのいい老人も一緒だったな。\n置いてきぼりをくらったのかい？{10}	
04665	MAP/MAP018.BIN:0122B2	1	ネルバのように街を壊されなくても\n俺たち漁師にとっちゃ{0F}海に出られないだけで大打撃だぜ。{10}	
04666	MAP/MAP018.BIN:012314	1	いくらガルガが寝てたとしても\nいつ起きるかわかんないからな。{0F}まったく仕事にならないよ。{10}	
04667	MAP/MAP018.BIN:012372	1	びっくりしたなぁ。{0F}船なんて来ないと思ったのに\nさっき大型船が来たんだ。\nあれはアンビッシュ国の船だな。{0F}こう見えても船には詳しいんだ。\n間違えねーよ。{10}	
04668	MAP/MAP018.BIN:012422	1	ガルガ騒ぎで、航行船は全て欠航。{0F}おかげで、あたしの仕事も\nヒマでヒマで。{10}	
04669	MAP/MAP018.BIN:012476	1	いつもならアンビッシュ国からの\nお客や荷物で、{0F}すごく賑やかなのよ。{10}	
04670	MAP/MAP018.BIN:0124CA	1	さっきは驚いたわ。何の連絡もなしに突然ガレー船が入港したんだもの。{0F}アンビッシュ国籍の船ってことだけは確かね。{10}	
04671	MAP/MAP018.BIN:012544	1	アンビッシュ国軍の\n船かもしれないわ。{10}	
04672	MAP/MAP018.BIN:01257C	1	困ったもんだよ。{0F}まったく、ガルガのおかげで\n定期便も出ないんだ。{0F}もっとも、僕は紀行家だから、\nこんなことでも後々で\n話の種になるなら、{0F}ありがたいのだけどね。{0E}	
04673	MAP/MAP018.BIN:0126C4	1	{02}{01}紀行家さんなの？{0F}だったら何か\n面白いお話を聞かせて。{0E}{09}	
04674	MAP/MAP018.BIN:0126FD	1	{02}{04}そうだ。\nなら、白き魔女についての話は{0F}知らないかい？{0E}{02}#ああ、白き魔女か。{0F}残念だけど、今は何も知らないんだ。{0F}でも、彼女については\n僕も興味があるんだ。\nいつか調べてみるつもりだ。{0E}	
04675	MAP/MAP018.BIN:0127BC	1	じゃあ、さあ。{0F}キャプテン・トーマスの話をしてよ。{0E}	
04676	MAP/MAP018.BIN:012802	1	キャプテン・トーマスかい。{0F}ああ、トーマスは僕も好きだけど、\nせっかくテュエールにいるんだ。{0F}テュエールに\nゆかりがある話をしよう。{0F}大魔導師オルテガって\n聞いたことがあるかい？{0E}{09}	
04677	MAP/MAP018.BIN:0128B3	1	あっ、知ってるよ。\n竜退治をした大魔導師だろ。{0E}{02}#そうそう、よく知ってるね。{0F}実はね・・・\nその大魔導師オルテガが\n住んでいたのが、{0F}どうも、このあたりらしいのだよ。{0F}今、ガルガがいるらしいロップ島で\n竜退治があったって伝承もあるんだ。{0E}{09}	
04678	MAP/MAP018.BIN:01299A	1	{02}{01}本当に？{0F}でも本当にそうだとしても、\nずいぶん昔のことなんでしょ？{0E}	
04679	MAP/MAP018.BIN:0129F0	1	いや、僕たちには\n昔のことかも知れないけど{0F}歴史の流れの中では、\nほんの少し前ってとこさ。\nせいぜい50年くらい前のことだよ。{0F}だからね。\nもしかすると大魔導師オルテガだってまだ生きているかも知れないんだ。{0E}{09}{10}{02}	
04680	MAP/MAP018.BIN:012ABB	1	じゃあ、竜だっているかもね。{0E}	
04681	MAP/MAP018.BIN:012AEC	1	ガルガだっているんだから{0F}竜だって、きっとどこかにいるさ。{0E}{09}	
04682	MAP/MAP018.BIN:012B2A	1	そういえばさあ。{0F}大魔導師オルテガって\n最後どうなったの？{0E}{02}#大魔導師オルテガは{0F}妖術使いゲッペウスと\n協力して悪魔を倒したあと、{0F}空のシャリネがあった、\nオルドス国に大聖堂を\n作ったといわれている。{0E}	
04683	MAP/MAP018.BIN:012BFC	1	それが今のオルドス国の\n始まりなんだ。{0E}{09}	
04684	MAP/MAP018.BIN:012C24	1	{02}{01}えーっ、そうだったの。{0E}{09}	
04685	MAP/MAP018.BIN:012C41	1	ボクたちとも関係あるんだ。{0E}	
04686	MAP/MAP018.BIN:012C70	1	あっ、そうか。\nキミたちは巡礼の旅人なんだね。{0E}{09}	
04687	MAP/MAP018.BIN:012CA2	1	うん。{0E}{02}#そのあとはね、大魔導師オルテガは\nオルドス国の初代大神官を務めたが{0F}引退してからは\n誰もどうなったのか知らないんだ。{0E}	
04688	MAP/MAP018.BIN:012D2E	1	ひょっとするとテュエールに戻り、\nその辺りの道をのんびりと\n歩いているかも知れないね。{0E}{09}{07}{02}{01}そんな、まさか・・・。{0E}{02}#はははは・・・。\nいくらなんでも、それはないよね。{0F}大魔導師オルテガについては\nこんなとこだよ。{0F}どうだい、\n退屈しのぎにはなっただろ。{10}	
04689	MAP/MAP018.BIN:012E6E	1	白き魔女については、\nいつか、ちゃんと調べて{0F}本にするつもりだよ。\n楽しみにしていてくれたまえ。{10}	
04690	MAP/MAP018.BIN:012ED4	1	私は親衛隊長のラトレ。{0F}親衛隊長になるのは、\nわたしの長年の夢だったのだ。{10}	
04691	MAP/MAP018.BIN:012F24	1	{02}{07}わしの名はモリスン。{0F}アルフレッド様の側近じゃ。{10}	
04692	MAP/MAP018.BIN:012F60	2	寝ジュリオ。{10}	
04693	MAP/MAP018.BIN:012F76	1	寝クリス。{10}	
04694	MAP/MAP018.BIN:012F8A	1	寝ローディ。{10}	
04695	MAP/MAP018.BIN:012FA0	1	寝アルフ。{10}	
04696	MAP/MAP018.BIN:013086	1	{02}{14}この屋敷は立ち入り禁止である。{10}	
04697	MAP/MAP018.BIN:013126	1	{02}{06}ここは私に任せてくれ。{0E}	
04698	MAP/MAP018.BIN:01318E	1	{02}{14}この屋敷は立ち入り禁止である。{0E}	
04699	MAP/MAP018.BIN:0131C8	1	{02}{06}護衛も気の抜けない仕事だな。\nだが、そなたたちでは話にならん。{0E}	
04700	MAP/MAP018.BIN:013220	1	{02}{14}えっ？{0E}	
04701	MAP/MAP018.BIN:01333E	1	王様ってどんな人か\n見たかったなぁ・・・。{0E}{09}\n{02}{01}こっからじゃ見えないわ。{0E}	
04702	MAP/MAP018.BIN:01339A	1	{02}{04}おいおい。\n妙なことやってると、捕まるぞ。{10}	
04703	MAP/MAP018.BIN:01342C	1	・・・くんくん。\nなんだか、いいニヨイがするよ。{0E}	
04704	MAP/MAP018.BIN:01347E	1	{09}{0A}{02}{01}ほんと・・・。\nあ、この匂いは、おいも焼きだわ！{0E}	
04705	MAP/MAP018.BIN:0134C6	1	{02}{1B}見たわね・・・。{0E}	
04706	MAP/MAP018.BIN:013572	1	{02}{1B}・・・なんてね。\n寒いときは、おいも焼きが１番よ。{0F}はい、おひとつどうぞ。{0E}{02}%わ～い！{0E}	
04707	MAP/MAP018.BIN:01362A	1	{02}{04}おまえらなぁ・・・。{10}	
04708	MAP/MAP018.BIN:0136CC	1	おいも焼き、おいしかったね。{0F}{09}{0A}{02}{01}すごく、甘かったわ。\nまた食べたいね。{0F}{09}	
04709	MAP/MAP018.BIN:013715	1	{02}{06}・・・これこれ。{10}	
04710	MAP/MAP018.BIN:013772	1	{09}{09}{02}{01}ジュリオ。\nそっちはネルバ城でしょ！{0E}	
04711	MAP/MAP018.BIN:0137C6	1	ほんっとに、\n方向オンチなんだから。{0E}{09}\n{02}	
04712	MAP/MAP018.BIN:013920	1	{02}{04}乗船場より、\n町で情報を集めようぜ。{10}	
04713	MAP/MAP018.BIN:01399C	1	{02}{04}おいおい、ジュリオ！{0F}おっさんの乗せた船は、\nもう、とっくに\n町を出ちまったんだぜ。{10}	
04714	MAP/MAP018.BIN:013B52	1	{02}{06}そこにいるのは\n衛兵隊長のラトレであろう。{0F}ラトレをここに呼んでくれ。{0E}	
04715	MAP/MAP018.BIN:013BAC	1	{02}{14}ラ、ラトレ隊長に無礼であろう！{0E}	
04716	MAP/MAP018.BIN:013BF2	1	どうした？\n騒がしいぞ。{0E}	
04717	MAP/MAP018.BIN:013C64	1	・・・あっ！{0E}{02}$あなた様は！？{0E}	
04718	MAP/MAP018.BIN:013C9C	1	{02}{06}あいさつはいい。\n事は急を要するのだ。{0F}ノルディック王に取り次いでくれ。{0E}{02}$はっ！{0E}	
04719	MAP/MAP018.BIN:013E24	1	{02}{06}そこで待っていてくれ。{0E}	
04720	MAP/MAP018.BIN:013EB0	1	{09}\n{02}{01}アルフさん大丈夫かしら。{0E}{09}	
04721	MAP/MAP018.BIN:013ECF	1	{02}{04}あのおっさん\n調子いいこと言って・・・。{0E}{09}\n{02}	
04722	MAP/MAP018.BIN:013EFD	1	捕まっちゃったのかな？{0E}	
04723	MAP/MAP018.BIN:013FA6	1	あっ、戻ってきた。{0E}	
04724	MAP/MAP018.BIN:013FD0	1	{02}{04}そのナリで王様のとこへ乗り込むとはタダモノじゃないな。{0F}一体、どうやって・・・{0E}まぁいいか、そんなことは。\nそれより、首尾はどうなんだ？{0E}{09}	
04725	MAP/MAP018.BIN:01405A	1	{02}{06}ノルディック王は\nボルトの沿岸を覆うだけの{0F}松明を用意すると承諾した。{0E}{09}	
04726	MAP/MAP018.BIN:0140A3	1	{02}{04}そりゃ、良かった。{0F}俺たちがボルトについてからじゃ\n間に合わないからな。{0E}{09}	
04727	MAP/MAP018.BIN:0140EE	1	{02}{06}だが、資材を集めるのに\n３日はかかる。{0F}船を港に呼ぶので４日。{0F}さらに、ボルトまで海路を２日。\nざっと６日か。{0F}つまり、陸路を行くのと\nほぼ同じ日数がかかることになる。{0F}問題は、その６日間\nガルガが大人しくしていればいいが。{0E}{09}	
04728	MAP/MAP018.BIN:0141CB	1	{02}{04}祈るしかないな。\n船と資材の件は問題ないんだろ？{0E}{09}	
04729	MAP/MAP018.BIN:0141FF	1	{02}{06}ああ、名誉に賭けて\n責任を持つそうだ。{0E}{09}	
04730	MAP/MAP018.BIN:014229	1	{02}{04}なら、そっちの方は任せて\n俺たちはボルトに急ごうぜ！{0E}	
04731	MAP/MAP018.BIN:014290	1	{02}{01}あの・・・ねえ。{0E}	
04732	MAP/MAP018.BIN:0142C8	1	{02}{04}どうした？{0E}	
04733	MAP/MAP018.BIN:0142FA	1	{09}{07}{02}{01}ちょっと歩き疲れちゃったみたい。\n少しだけ休みたいな。{0E}{09}	
04734	MAP/MAP018.BIN:014336	1	{02}{04}なんだよ。{0E}	
04735	MAP/MAP018.BIN:01439A	1	これだから連れを作るのは\nイヤだったんだ。{0E}	
04736	MAP/MAP018.BIN:0143DC	2	そうだよ。{0E}	
04737	MAP/MAP018.BIN:014414	1	{02}{04}だろ。{0E}{09}\n{02}	
04738	MAP/MAP018.BIN:014421	1	ちょっとだけ休もうよ。{0E}{09}	
04739	MAP/MAP018.BIN:01443A	1	{02}{04}へ？{0E}	
04740	MAP/MAP018.BIN:014454	1	{02}{06}そうだな。\n	
04741	MAP/MAP018.BIN:01447C	1	この先も長いことだし{0F}少しだけ宿屋で休むとしよう。{10}	
04742	MAP/MAP018.BIN:014516	1	{02}{04}いいか？\nちょっと昼寝するだけだからな。{0F}こっちは時間が惜しいんだ。{0E}{09}	
04743	MAP/MAP018.BIN:01455F	8	うん。{0E}{09}	
04744	MAP/MAP018.BIN:014568	1	{02}{01}は～い。{0E}	
04745	MAP/MAP018.BIN:014636	1	ほんの少しだけ眠るつもりだったが\n４人はよほど疲れていたのか\nグッスリと、眠り込んでしまった。{0E}	
04746	MAP/MAP018.BIN:014802	1	{02}{07}・・・様。{0E}	
04747	MAP/MAP018.BIN:014828	1	{02}{07}アルフレッド様。{0E}	
04748	MAP/MAP018.BIN:014858	1	{02}{06}む・・・。{0E}	
04749	MAP/MAP018.BIN:01486E	1	{02}{07}身を案じておりましたぞ。\nよくぞ、ご無事で。{0E}	
04750	MAP/MAP018.BIN:0148B2	1	{02}{06}（モリスン、声を落とせ。）\n（彼らが目を覚ましてしまう。）{0F}（ところで、）\n（どこに行っておったのだ。）{0E}{09}	
04751	MAP/MAP018.BIN:01491C	1	{02}{07}（ネルバの混乱の後、）\n（お姿をお探し申しあげたのですが）{0F}（あいにくと、）\n（見つからなかったものですから。）{0E}{09}	
04752	MAP/MAP018.BIN:01498E	1	{02}{06}（それは、その・・・。）{0F}（方角を間違えて、）\n（チッタに行ってしまったのだ。）{0F}（それはそうとして、）\n（お前は今まで）\n（何をやっていたのだ？）{0E}{09}	
04753	MAP/MAP018.BIN:014A22	1	{02}{07}（はい。）{0F}（テュエールに急いで戻り船を回し）（予定どおりガルガの所在を）\n（確認するため、ガルガの行く先を）{0F}（追跡しておりました。）{0E}{09}	
04754	MAP/MAP018.BIN:014AAC	1	{02}{06}（な、なんだ・・・。）{0F}（ちゃんと仕事をしておったのか。）（すまん・・・ご苦労であった。）{0E}{09}	
04755	MAP/MAP018.BIN:014B0A	1	{02}{07}（ガルガはロップ島で）\n（眠っております。）{0F}（学者たちの意見では、）\n（短くて５日、長くて10日は）{0F}（眠り続けるとのことです。）{0E}{09}	
04756	MAP/MAP018.BIN:014B8D	1	{02}{06}（うむ。漁師の情報どおりだな。）{0E}{09}	
04757	MAP/MAP018.BIN:014BB2	1	{02}{07}（港に船を着けております。）\n（さっそく、参りましょう。）{0E}	
04758	MAP/MAP018.BIN:014C02	1	{02}{07}（先ほどから、）\n（気になっていたのですが）{0F}（彼らは・・・？）{0E}	
04759	MAP/MAP018.BIN:014C56	1	{02}{06}（うむ。）\n（旅の途中で世話になった友人だ。）{0E}{09}	
04760	MAP/MAP018.BIN:014C88	1	{02}{06}（モリスン。）{0F}（いつでも出帆できるよう）\n（待機していろ。）\n（私もすぐに行く。）{0E}{09}	
04761	MAP/MAP018.BIN:014CDE	1	{02}{07}（かしこまりました。）{0E}	
04762	MAP/MAP018.BIN:014D44	1	{02}{06}（ジュリオ、クリス。）{0E}	
04763	MAP/MAP018.BIN:014D78	1	（それにローディ。）{0E}	
04764	MAP/MAP018.BIN:014D96	1	{02}{06}（一緒に連れて行くか・・・。）{0E}	
04765	MAP/MAP018.BIN:014DDC	1	（いや、彼らの気持ちは嬉しいが、）（これからの戦いは危険すぎる。）{0F}（意気込みだけでは）\n（ガルガに勝てん。）{0E}	
04766	MAP/MAP018.BIN:014E6E	1	（とくに、ローディという剣士。）\n（彼は本気だ。）{0F}（ガルガと向かい合えば、）\n（命が燃えつきるまで）\n（戦うつもりだ。）{0F}（彼らは、この場に残して行くのが）（良いのかも知れない。）{0E}	
04767	MAP/MAP018.BIN:014F6E	1	{02}{06}（短い間だったが、）\n（これが私の気持ちだ。）{0F}（旅の良き仲間たちよ。）{0F}（黙って去る私を、）\n（どうか許しておくれ。）{0E}	
04768	MAP/MAP018.BIN:014FF4	1	アルフは自分のはめていた\n指輪をはずし、{0F}テーブルの上に置いた。{0E}	
04769	MAP/MAP018.BIN:015080	1	{02}{06}さらばだ。{0E}	
04770	MAP/MAP018.BIN:01511E	1	{02}{06}世話になった。{0E}{02}{1D}いえ、とんでもございません。\nお気をつけて。{0E}{09}	
04771	MAP/MAP018.BIN:01515F	1	{02}{06}ごめん。{10}	
04772	MAP/MAP018.BIN:01520A	1	{09}{09}{02}{01}ジュリオ。{0F}・・・ジュリオってば！{0E}{09}{08}{02}	
04773	MAP/MAP018.BIN:015234	1	ん・・・。{0E}	
04774	MAP/MAP018.BIN:015266	1	ふぁ～よく寝た。\nおはよ～、クリス。{0E}	
04775	MAP/MAP018.BIN:01529E	1	{09}{09}{02}{01}もう！\n「おはよ～、」じゃないわよ！！{0E}旅に出てもこんなだったら\nおいてっちゃうって、言ったでしょ！{0E}{09}\n{02}	
04776	MAP/MAP018.BIN:015308	1	な、なにをそんなに怒ってるのさ。{0E}{09}{09}{02}{01}アルフさんが、\nいなくなっちゃったの！{0E}{09}\n{02}	
04777	MAP/MAP018.BIN:01552A	1	{02}{04}くそ！\nどうなってんだ・・・。{0E}	
04778	MAP/MAP018.BIN:0155B2	1	{02}{04}港で聞いたんだが、つい今しがた\nでっかい船がアルフらしいのを\n乗せて出港したそうだ。{0F}ノルディック王には\n謁見するし・・・。{0F}いったい何者なんだ？{0E}	
04779	MAP/MAP018.BIN:01567C	1	{09}{0F}{02}{01}ちょっと待って！{0E}	
04780	MAP/MAP018.BIN:0156D2	1	{09}{0F}{02}{01}指輪があるわ。{0E}{09}	
04781	MAP/MAP018.BIN:0156E7	1	{02}{04}なに？{0E}	
04782	MAP/MAP018.BIN:015706	1	{02}{04}よく見せてくれ。{0E}	
04783	MAP/MAP018.BIN:015778	1	{02}{01}たぶん、\nアルフさんがしてたやつよ。{0E}{09}\n{02}	
04784	MAP/MAP018.BIN:0157A2	1	指輪をおいて、どこ行ったのかな。{0E}{09}	
04785	MAP/MAP018.BIN:0157C5	1	{02}{04}こいつは・・・。{0F}すり減って見にくいが\n間違いなくアンビッシュ国の紋章だ。{0E}{09}\n{02}	
04786	MAP/MAP018.BIN:015814	1	アンビッシュ国？{0E}{09}	
04787	MAP/MAP018.BIN:015827	1	{02}{04}あのおっさんめ、どういうつもりだ！{0F}とにかくジュリオ、\nこいつを持っててくれ。{0E}	
04788	MAP/MAP018.BIN:01589C	1	{02}{04}なくすなよ。{0E}	
04789	MAP/MAP018.BIN:0158B2	1	ジュリオは、\nアルフの指輪をあずかった。{0E}	
04790	MAP/MAP018.BIN:0158F8	1	{02}{04}事情は分からないが、\nおっさんは町にはいない。{0F}船が来る希望もない。{0F}俺たちは、自分の足で\nボルトに行くしかないわけだ。{0E}	
04791	MAP/MAP018.BIN:01598C	1	{02}{01}ガルガが来る前に\nボルトに着かなくっちゃ！{0E}	
04792	MAP/MAP018.BIN:0159DE	1	うん。アンビッシュ国に行けば、{0F}アルフに\n会えるかもしれないしね。{0E}	
04793	MAP/MAP018.BIN:015A46	1	{02}{04}よし、急ごう！！{10}	
04794	MAP/MAP018.BIN:015A9E	1	メナート国　テュエール	
04795	MAP/MAP018.BIN:015B20	1	ねぇ、ローディ。{0F}テュエールで調べたいことが\nあるって言ってたけど、{0F}どんなこと？{0E}{09}	
04796	MAP/MAP018.BIN:015B72	1	{02}{04}この町にはアンビッシュ国の\nボルトから移ってきた{0F}ジェネというばあさんが\n住んでるらしい。{0F}その人に会えば、何か別の\n魔女の予言が聞けるかも知れない。{0F}今のところ\nガルガについての手がかりは\n魔女の予言以外にはないからな。{0E}{09}	
04797	MAP/MAP018.BIN:015C4D	1	{02}{06}なるほど。{0F}では、ジェネばあさんとやらを\n探そうではないか。{10}	
04798	MAP/MAP019.BIN:0113DE	1	レッド	
04799	MAP/MAP019.BIN:011454	1	{02}{14}ほんとに迷惑をかけて申し訳ない。{10}	
04800	MAP/MAP019.BIN:011480	1	{02}{14}夕方までには戻ってくれよ。{0E}{09}	
04801	MAP/MAP019.BIN:01149F	1	{02}{13}わかった、わかった。{10}	
04802	MAP/MAP019.BIN:0114BC	1	{02}{15}あっ、ルーレじいさん。{0F}またダイスに\n繰り出そうってんだな。{0F}あんまり、孫を困らせるなよ。\nこの前、見張り台の隅で泣いてたぞ。{0E}{09}{0B}{02}{13}うるさい。\n今日こそ大儲けじゃて。{0F}わっはっはっはっはっ・・・。{0E}{02}{15}ダメだこりゃ。{10}	
04803	MAP/MAP019.BIN:01159C	1	{02}{15}ルーレじいさん、\nまたダイスに行くのかい？{0F}いい加減に儲けて来てくれよ。{0F}いつも帰りはスッカラカンなんて\n送り出す方の俺としても、\nつらくなってくる。{0E}{09}	
04804	MAP/MAP019.BIN:011632	1	{02}{13}心配するな。{0F}今日は負けるような気が\nしないんじゃ。{0E}{02}{15}昨日もそう言ってたぜ。{0E}{09}{0B}{02}{13}今日は大丈夫じゃ！{10}	
04805	MAP/MAP019.BIN:0116A0	1	{02}{15}もう、かけ事はやめられないな。{10}	
04806	MAP/MAP019.BIN:0116C6	1	{02}{15}あれっ？{0F}ルーレじいさん！\n新しい相棒を見つけたのかい！{0E}{09}{0B}{02}{13}おう。いいじゃろう。{0F}ダイスまで一緒に\n行ってくれるそうじゃ！{0E}{02}{15}儲かったら、\nなんか食わしてくれよっ！{0E}{09}	
04807	MAP/MAP019.BIN:01176A	1	{02}{13}なに、聞こえんなぁ？{0E}{02}{15}いいよ！{0F}どうせ、すってくるだけ\nだろうからよっ！{0E}{09}{0A}{02}{01}ルーレおじいさんって\nけっこう人気者なのね。{0E}{09}{0B}{02}{13}はは、なんのなんの。{10}	
04808	MAP/MAP019.BIN:011802	1	{09}{0B}{02}{13}ワシがルーレじゃ。{0F}昔、海賊退治をやっていた頃も\nあったんじゃ。{10}	
04809	MAP/MAP019.BIN:0118C6	1	{02}{04}わるい、ジュリオ。\nちょっと待ってくれ{0E}	
04810	MAP/MAP019.BIN:011928	1	クリス、ストップだ。\nちょっと待てよ・・・。{0E}	
04811	MAP/MAP019.BIN:01197A	1	おっさん、ちょっと止まってくれ。{0E}	
04812	MAP/MAP019.BIN:011A0E	1	{02}{04}このままチャノム国入りするのは\n面白くないな。{0F}なにか手がかりがほしい。\nチャノム国は、\nガルガの被害を受けていない国だ。{0F}テュエールより情報が\n集まるとは思えない。{0E}	
04813	MAP/MAP019.BIN:011AC6	1	{02}{06}私もそう思う。{0E}	
04814	MAP/MAP019.BIN:011AFA	1	急ぎたいのは山々だが\n見落としがあっては命取りだ。{0E}	
04815	MAP/MAP019.BIN:011B46	1	{02}{04}おいおい、\nここまで来たのはおっさんだろ？{0E}	
04816	MAP/MAP019.BIN:011B8C	1	{02}{06}むむ。{0E}	
04817	MAP/MAP019.BIN:011BB0	1	テュエールから、そんなに来てないから戻ってみようよ。{0E}{09}	
04818	MAP/MAP019.BIN:011BE7	1	{02}{01}そうね。\nテュエールに戻りましょう。{10}	
04819	MAP/MAP019.BIN:011C7A	1	{02}{04}いけね、テュエールは逆だよな。{10}	
04820	MAP/MAP019.BIN:011CF8	1	{09}\n{02}{04}おいおい。{0F}もうすこしテュエールの人から\n話を聞いてからのほうがいいだろう。{10}	
04821	MAP/MAP019.BIN:011DBE	1	{02}{04}あ、ちょっと待ってくれ。{0E}	
04822	MAP/MAP019.BIN:011E7E	1	なに？\nローディ。{0E}	
04823	MAP/MAP019.BIN:011EA4	1	{02}{04}ジュリオ、今までの戦闘で\n気がついたんだが{0F}お前の戦いは受けがなってない。\n力まかせに攻撃するだけではダメだ。{0F}攻守を兼ね備えなければ\n持久戦に持ちこたえられないぞ。{0E}{09}	
04824	MAP/MAP019.BIN:011F4C	2	うん、わかった。{0E}	
04825	MAP/MAP019.BIN:011F6A	1	{09}{09}{02}{01}本当にわかったの？{0F}いつも、返事だけはいいんだから。{0E}	
04826	MAP/MAP019.BIN:011FB2	1	{02}{04}クリス。{0E}	
04827	MAP/MAP019.BIN:011FCA	1	クリスは回復魔法が使えるようだが\n呪文を使うタイミングが悪い。{0F}できるだけ、ムダがなく、\n呪文を有効に\n使うよう気をつけるんだ。{0F}魔法だって\n無限に使えるわけじゃないからな。{0E}{09}{0A}{02}{01}は～い。{0E}	
04828	MAP/MAP019.BIN:012092	1	返事だけはいいんだから。{0E}	
04829	MAP/MAP019.BIN:0120B8	1	{09}\n{02}{01}まねしないでよ。{0E}{09}	
04830	MAP/MAP019.BIN:0120CF	1	{02}{04}お節介かとは思うが、{0E}	
04831	MAP/MAP019.BIN:0120FE	1	旅の間にどんな魔獣が出てくるか\n判らない。{0F}今の程度の魔獣ならいいが、\nもっと強い奴が出てきたら\nつらい戦いになるぞ。{0F}今のうちに自分の戦いを\n組み立てておくことだ。{0E}{02}{16}は～い！{0E}{09}\n{02}{04}返事だけはいいんだがな。{10}	
04832	MAP/MAP019.BIN:0125B8	1	{02}{14}すまないね。{0F}いつもこんな調子で\n言い出したらきかないんだ。{0F}もう、今日はあきらめたよ。\n申し訳ないが、ダイスまでじいさんを連れて行ってやってくれ。{10}	
04833	MAP/MAP019.BIN:01265A	2	ルーレがパーティにくわわった。{10}	
04834	MAP/MAP019.BIN:0126A0	6	{02}{13}こりゃ、ダイスは逆の方向じゃ。{10}	
04835	MAP/MAP019.BIN:012770	1	テュエール\n南　双竜谷の関所　　９３４ミロ{10}	
04836	MAP/MAP019.BIN:012858	1	テュエール\n南　双竜谷の関所　　９３４ミロ{10}{09}	
04837	MAP/MAP019.BIN:012884	1	{02}{04}よし、一気に突き進もうぜ。\n関所を抜ければチャノム国だ。{0F}チャノム国の先がアンビッシュ国。{0F}アルフのおっさんと\nどっちが早いか競争だな。{0E}{09}{10}{02}	
04838	MAP/MAP019.BIN:01290F	1	ガルガとも競争だね！{0E}{09}	
04839	MAP/MAP019.BIN:012926	1	{02}{04}そうとも。\nさぁ、行くぜ！{10}	
04840	MAP/MAP019.BIN:012A00	1	双竜谷の関所\n北　テュエール　　　９３４ミロ{10}	
04841	MAP/MAP019.BIN:012A98	1	いよいよチャノム国だね。{0E}{09}	
04842	MAP/MAP019.BIN:012AB3	1	{02}{04}その先は、\n目指すアンビッシュ国だ。{0E}{09}{0B}{02}{13}腕がなるわい。{0E}	
04843	MAP/MAP019.BIN:012B1C	1	{09}\n{02}{01}え？{0E}{09}	
04844	MAP/MAP019.BIN:012B27	1	{02}{04}このじいさんは\nカジノのことを言ってるのさ。{0E}	
04845	MAP/MAP019.BIN:012B86	1	{09}{0B}{02}{13}さぁ、\nハリキッて行こうじゃないか！{0E}{09}	
04846	MAP/MAP019.BIN:012BB0	1	{02}{04}・・・なんか調子くるうな。{0E}	
04847	MAP/MAP019.BIN:012C14	1	\n\n\n　　　　　ロップ島でガルガが寝ている間に\n　　　　　アンビッシュ国の港町ボルトへの\n　　　　　先回りをはかるジュリオたち。\n　　　　　　果たしてジュリオたちは、\n　ガルガより早くボルトに着くことができるのか。\n　　テュエールで消えたアルフは何者だったのか。\n　　　　　　ルーレ老人が同行者に加わり\n　　　　　一行はメナート国をあとにした。\n	
04848	MAP/MAP019.BIN:012D7C	1	\n\n\n\n\n\n　　　　　　第１章　テグラの宝石　完\n	
04849	MAP/MAP019.BIN:012DEC	4	メナート国－チャノム国　双竜谷の関所	
04850	MAP/MAP019.BIN:012E48	4	{02}{01}やったぁ。\n関所が見えてきたわ。{0E}{09}	
04851	MAP/MAP019.BIN:012E6C	4	{02}{04}双竜谷の関所を\n越えたらチャノム国だ。{0E}{09}	
04852	MAP/MAP019.BIN:012E98	4	じゃあ、メナート国は\nここまでなんだね。{0E}{09}	
04853	MAP/MAP019.BIN:012EC2	4	{02}{04}ああ。\nそういうことだ。{0E}{09}	
04854	MAP/MAP019.BIN:012EDE	4	{02}{01}ん？{0E}	
04855	MAP/MAP019.BIN:01332E	1	\n{02}{04}ん！？{10}	
04856	MAP/MAP019.BIN:013341	1	どうしたのさ、ローディ。{10}	
04857	MAP/MAP019.BIN:013360	1	\n{02}{04}なにか気配を感じないか？{10}	
04858	MAP/MAP019.BIN:013411	1	やっぱり、ローディってすごいや。\nかっこいい！！{10}	
04859	MAP/MAP019.BIN:013456	1	\n{02}{01}ホント！\n男だったらこうでなくっちゃ。{0E}	
04860	MAP/MAP019.BIN:013482	1	ね、{19}{0F}ジュ{19}{0F}リ{19}{0F}オ。{10}	
04861	MAP/MAP019.BIN:0134A1	1	なんでそうなるのさ！？{10}	
04862	MAP/MAP019.BIN:01356C	1	\n{02}{04}やろう！また人の荷物を！{10}	
04863	MAP/MAP019.BIN:0135B4	1	\n{02}{04}次々と、しつこい魔獣だぜ！{10}	
04864	MAP/MAP019.BIN:0135F5	1	ローディ、こっちにもいるよ。{10}	
04865	MAP/MAP019.BIN:013616	1	{09}\n\n{02}{01}囲まれたわ。{10}	
04866	MAP/MAP019.BIN:013656	1	\n{02}{04}ふう、\n人の荷物ばかり狙いやがって。{10}	
04867	MAP/MAP019.BIN:013724	1	\n{02}{04}ち、うるさい魔獣どもだぜ。{10}	
04868	MAP/MAP019.BIN:0137CE	1	\n{02}{04}俺たちは急いでるんだ。{10}	
04869	MAP/MAP019.BIN:0137F1	1	すごいや、ローディ。{10}	
04870	MAP/MAP020.BIN:0000A2	1	鑅ダイス	
04871	MAP/MAP020.BIN:00EAEA	1	チーナ	
04872	MAP/MAP020.BIN:00ECAA	1	ミオレ	
04873	MAP/MAP020.BIN:00ED2A	1	ディベル	
04874	MAP/MAP020.BIN:00ED4A	1	バロン	
04875	MAP/MAP020.BIN:00ED6A	1	シューベル	
04876	MAP/MAP020.BIN:00ED8A	1	トバック	
04877	MAP/MAP020.BIN:00EDAA	1	サラハ	
04878	MAP/MAP020.BIN:00EDCA	1	ソフト	
04879	MAP/MAP020.BIN:00EDEA	1	グランツ	
04880	MAP/MAP020.BIN:00EE0A	1	レミア	
04881	MAP/MAP020.BIN:00EE4A	3	トニカ	
04882	MAP/MAP020.BIN:00EE6A	3	チゼル	
04883	MAP/MAP020.BIN:00EF18	1	{02}{14}忘れ物かい？\n何も落ちていないみたいだけどね。{0E}{09}	
04884	MAP/MAP020.BIN:00EF4A	1	{02}{13}いや、一言だけ言いたくて。{0E}{02}{14}なんだい？{0E}{09}	
04885	MAP/MAP020.BIN:00EF76	1	{02}{13}今日は勝つよ。{0E}{02}{14}またまた。{0F}いつもそう言って、\n一文無しで\n帰ってくるくせに。{10}	
04886	MAP/MAP020.BIN:00EFCA	1	{02}{14}また、機会があったら\nよっておくれよ。{10}	
04887	MAP/MAP020.BIN:00EFF8	1	{02}{15}メーメーメー。{10}	
04888	MAP/MAP020.BIN:00F00E	1	{02}{15}メェーッ！{10}	
04889	MAP/MAP020.BIN:00F020	1	{02}{15}メーイ、メーイ、メーッ！{10}	
04890	MAP/MAP020.BIN:00F040	1	{02}{15}メメーッ。メメーッ！{10}	
04891	MAP/MAP020.BIN:00F066	1	{02}{16}羊をなくしたなんて親方に言ったら\nこっぴどく叱られちまうよ。{10}	
04892	MAP/MAP020.BIN:00F0AA	1	{02}{16}羊をなくしてたら、{0F}親方に、こっぴどく叱られちまう\nところだったよ。{10}	
04893	MAP/MAP020.BIN:00F0FE	1	{02}{17}まあ、旅の方ね。\nいかがかしらダイスの町の感想は？{0F}とっても美しい町でしょ。{10}	
04894	MAP/MAP020.BIN:00F154	1	{02}{17}この町はカジノのおかげで\nとっても裕福な町になったのよ。{0F}これも国の運営で\nカジノを始めようと言い出した\nバロン様のおかげだわ。{10}	
04895	MAP/MAP020.BIN:00F1E2	1	{02}{18}なかなかいい町だろ。{0F}街角はすべて整地されているし、\n適度に緑もある。{10}	
04896	MAP/MAP020.BIN:00F232	1	{02}{18}このダイスの町は区画整備がすすんだもっとも、理想的な都市なのさ。{0F}ここにくる人は皆うらやましがるよ。{10}	
04897	MAP/MAP020.BIN:00F2BA	1	{02}{19}この町とは違って\nスラム方面はひどいところです。{0F}あそこに行ってみようなんて\n思わないことですよ。{10}	
04898	MAP/MAP020.BIN:00F322	1	{02}{19}トランの道具屋へようこそ。\nどのような、ご用件ですか？{10}	
04899	MAP/MAP020.BIN:00F364	1	{02}{19}ご用がありましたら\nいつでもおよりください。{10}	
04900	MAP/MAP020.BIN:00F3C8	1	{02}{19}お役に立つものがありますか？{10}	
04901	MAP/MAP020.BIN:00F3EC	1	{02}{19}{08}ですね。\n{06}になります。{10}	
04902	MAP/MAP020.BIN:00F40C	1	{02}{19}ご不用なものはなんなりと。{10}	
04903	MAP/MAP020.BIN:00F42E	1	{02}{19}{08}ですね。\n{06}でお引き取りします。{10}	
04904	MAP/MAP020.BIN:00F45A	1	{02}{19}１ゴアあたり{06}に\nなります。{10}	
04905	MAP/MAP020.BIN:00F47C	1	{02}{19}全部で{06}お支払いします。{10}	
04906	MAP/MAP020.BIN:00F49C	1	{02}{19}そうですか、残念です。{10}	
04907	MAP/MAP020.BIN:00F4BA	1	{02}{19}ラピカがたまりましたら\nまたお越しください。{10}	
04908	MAP/MAP020.BIN:00F4EE	1	{02}{19}他には、どんな用がありますか？{10}	
04909	MAP/MAP020.BIN:00F528	1	{02}{1A}なんだよ？{0F}今からカジノに行こうとしてた\nとこなんだ。\n急いでんだ。{0F}用があるんなら早く聞いてくれよ。\nカードが俺を待ってるんだよ。{0E}{09}	
04910	MAP/MAP020.BIN:00F5AC	1	{02}{04}ダイスの人は\nみんな賭けごとに夢中なのかい？{0E}{02}{1A}そりゃそうだ。{0F}うまくすれば、\nひと晩で大金持ちになれるし\nハズレても、国が儲かる。{0F}ここに住んでいる者に損はないのさ。{0F}そんなとこでいいかい。\n俺は行くぜ。\nカードが待ってるんだ。{0E}{09}	
04911	MAP/MAP020.BIN:00F68E	1	{02}{04}まいったな。\nここの連中には。{0E}{09}\n{02}{01}ほんとね。\nみんなルーレじいさんみたい。{0E}{09}\n{02}	
04912	MAP/MAP020.BIN:00F6DE	1	ラグピック村じゃ\nお祭りの時くらいしか{0F}遊びに夢中にならな・・・。{0E}{02}?あ～っ！{0E}{09}	
04913	MAP/MAP020.BIN:00F72C	1	{02}{04}なんだ、どうした？{0E}{09}\n{02}{01}今ごろ、ラグピック村では\n感謝祭の真っ最中なの・・・。{0E}{09}\n{02}	
04914	MAP/MAP020.BIN:00F77F	1	あ～あ。{0F}クリスのお母さんの作った\nブリオッシュが食べたかったよ。{0E}{09}\n{02}{01}ジュリオのお父さんが\n毎年出してくれる{0F}ジャックローズもおいしいじゃない。{0E}{09}	
04915	MAP/MAP020.BIN:00F80F	1	{02}{04}なんだよ、そのブリなんとかと\nジャックローズって？{0E}{09}	
04916	MAP/MAP020.BIN:00F847	1	ラグピック村の、\nおかしとワインだよ。{0E}{09}	
04917	MAP/MAP020.BIN:00F86F	1	{02}{01}とってもおいしいの！{0F}１年に１回しか\n食べられないんだから。{0E}{09}	
04918	MAP/MAP020.BIN:00F8AE	1	{02}{04}・・・来年は俺も呼んでくれよ。{10}	
04919	MAP/MAP020.BIN:00F8D8	1	{02}{1A}なんだよ？{0F}今からカジノに行こうとしてた\nとこなんだ。\nカードが俺を待ってるんだよ。{0E}	
04920	MAP/MAP020.BIN:00F93C	1	{02}{1A}けっ、今日は\nからっきしツイてねーや。\nまた国の貯蓄に貢献してしまった。{10}	
04921	MAP/MAP020.BIN:00F98E	1	{02}{1A}俺って名誉市民だよな。{10}	
04922	MAP/MAP020.BIN:00F9B6	1	{02}{1B}あんたたちもカジノで遊ぶために、\nわざわざ旅をして{0F}この町まで来たのかい？{0E}{09}	
04923	MAP/MAP020.BIN:00FA03	1	{02}{04}いや、別にそういうつもりで\nよったんじゃないんだが・・・。{0E}{02}{1B}いいんだよ、隠さなくっても。\n気の済むまで遊んでいくといい。{0F}おや？　子供のお連れもいるのかい。この国のカジノは\n子供でもオッケーだから、{0F}安心して遊んでおいで。{10}	
04924	MAP/MAP020.BIN:00FAEA	1	{02}{1B}ここはカジノの町。{0F}チャノム国でもっとも裕福な\n花の都、ダイスなんだよ。{10}	
04925	MAP/MAP020.BIN:00FB38	1	{02}{1C}当たり前のことだけど、\n賭けごとってのは{0F}勝っているときには楽しいが、\n負けているときは、とっても悔しい。{0F}悔しいから、つい\nもう１度やってしまう。{0F}もっと悔しくなる。\nそこが落とし穴なんだ。{0F}のめり込んだら人生終わりさ。{10}	
04926	MAP/MAP020.BIN:00FC32	1	{02}{1D}どちらに向かうにしても、\n強力な武器は旅の必需品ですよ。{0F}『備えあれば憂いなし』です。{10}	
04927	MAP/MAP020.BIN:00FC8E	1	{02}{1D}いらっしゃいませ。\nダイスの武器屋へようこそ！{10}	
04928	MAP/MAP020.BIN:00FCC8	1	{02}{1D}ありがとうございました。{0F}またのご来店を\nお待ちしております。{10}	
04929	MAP/MAP020.BIN:00FD40	1	{02}{1D}買い替えるなら、今がチャンスです。お気にめすものがありますか？{10}	
04930	MAP/MAP020.BIN:00FD86	1	{02}{1D}{08}ですね。\n{06}になります。{10}	
04931	MAP/MAP020.BIN:00FDA6	1	{02}{1D}たくさんの荷物は\n時に旅の妨げとなります。{0F}何をお引き取りしましょう？{10}	
04932	MAP/MAP020.BIN:00FDF2	1	{02}{1D}{08}ですね。\n{06}でお引き取りします。{10}	
04933	MAP/MAP020.BIN:00FE1E	1	{02}{1D}１ゴアあたり{06}と\nなっております。{10}	
04934	MAP/MAP020.BIN:00FE46	1	{02}{1D}全部で{06}お支払いします。{10}	
04935	MAP/MAP020.BIN:00FE66	1	{02}{1D}そうですか、残念です。{10}	
04936	MAP/MAP020.BIN:00FE84	1	{02}{1D}ラピカがたまりましたら\nまたお越しください。{10}	
04937	MAP/MAP020.BIN:00FEB8	1	{02}{1D}他に、御用はありませんか？{10}	
04938	MAP/MAP020.BIN:00FEE4	1	{02}{1E}やあ、僕はウドル国から\n旅してきたのだけど、{0F}ダイスは噂以上に華やかな国だね。{0F}そういえば、噂ではダイスの町の隣にダーツとかいう町が\nあると聞いていたのだけど、{0F}町の人の話には出てこないなぁ。{10}	
04939	MAP/MAP020.BIN:00FFAC	1	{02}{1E}知ってるかい？{0F}ダーツという町には毒沼があってね。それがどうも魔女の呪いによって\n出来たって話なんだよ。{0F}くわしいことは知らないけど、\nやっぱり魔女って、恐いんだね。{10}	
04940	MAP/MAP020.BIN:010060	1	{02}{1F}うちの人は毎日のように私を残して\nカジノに出掛けるのよ。{0F}もっと真面目に\n働いてもらいたいものだわ。{10}	
04941	MAP/MAP020.BIN:0100CE	1	{02}{1F}ダイスに住んでいて、\nこんなことを言うのは{0F}なんですけど。\nいくら、この町が\n裕福になったとしても{0F}どこか間違っていると思いませんか。{10}	
04942	MAP/MAP020.BIN:01015A	1	この町が素晴らしい町だなんて嘘よ。{0F}お隣のダーツの町を見たら\nきっと、そんな風には思えないわ。{0F}同じチャノム国の中で、\nこれだけ貧富の差があるのですもの。何か間違っているのよ。{10}	
04943	MAP/MAP020.BIN:01020D	1	\nさて、今日は何で勝負をしたら\nよいものか・・・。{0F}ん？　やあ、いい所に来てくれた。\nこれからカジノの方へ\nくりだそうと思っているんだがね。{0F}カードで勝負しようか。\nそれとも、\nルーレットで勝負しようか。{0F}迷ってしまって、\nなかなか決めがたい。{0F}なぁ、君たち。{0E}カードとルーレットと、\n今日の私なら、どちらをやった方が\nツキが回ってくると思うかい？{0E}	
04944	MAP/MAP020.BIN:010361	1	\nそうか、カードが良さそうか。{0F}よおーし。今日はカードで\nバッチリ当ててやるぞ。{10}	
04945	MAP/MAP020.BIN:0103B3	1	\nルーレットねぇ。{0F}うん。それがいいかも知れないな。\nくるくる回って大当たりだ！{10}	
04946	MAP/MAP020.BIN:010405	1	\nそうだよなぁ。{0F}やっぱり今日はカジノに行くのは\nやめるとするか。{10}	
04947	MAP/MAP020.BIN:010449	1	\nいや。そうは言っても・・・。{0F}こういうのは他人に決めてもらった方が何となく、気が楽なんだよ。\nね、たのむから決めてくれよ。{0E}	
04948	MAP/MAP020.BIN:0104C7	1	\nうん。\nあんたたちの言うとおりにするよ。{10}	
04949	MAP/MAP020.BIN:0104F5	1	\nやあ、また会ったね。{0F}君たちに言われたとおり\nカードやったら大儲けさ。{0F}これは僕の気持ちだよ。\n少ないがとっておいてくれたまえ。\n君たちは好運を呼ぶ旅人だ。{0E}グラークは[値段]をくれました。{10}	
04950	MAP/MAP020.BIN:0105B1	1	\n君たちのおかげで、大もうけさ！{10}	
04951	MAP/MAP020.BIN:0105D5	1	\nやあ、また会ったね。{0F}君たちに言われたとおり\nルーレットやったら大儲けさ。{0F}これは僕の気持ちだよ。\n少ないがとっておいてくれたまえ。\n君たちは好運を呼ぶ旅人だ。{0E}グラークは[値段]をくれました。{10}	
04952	MAP/MAP020.BIN:010695	1	\n君たちに言われたとおり\nルーレットをやったら大儲けさ。{0F}おかげで笑いが止まらないよ。{10}	
04953	MAP/MAP020.BIN:0106FA	1	チャノム国は小さいけどね、\n２０年来続けたこの町の{0F}カジノ政策が実って\nこんなに裕福な国になったんだよ。{10}	
04954	MAP/MAP020.BIN:01076C	1	昔は賭博で繁栄するなんて、\nいけないことだという意見も{0F}あったけど、今じゃ、誰も\nそんなことは言わないよ。{10}	
04955	MAP/MAP020.BIN:0107E6	1	あぁ・・・強くなりたいな。{0F}一流の剣士になって、\n女の子にもてたいよ。{0E}	
04956	MAP/MAP020.BIN:010858	1	まさかとは思うけど\n剣士教本を{0F}３冊全部持ってないよねぇ？{0E}	
04957	MAP/MAP020.BIN:010898	1	え？\nその本なら持ってるよ。{0E}{02}#ほっ、ほんとかい！？{0F}よかったら、この{01}nと、\n交換してくれないかな？\nね、交換してくれないか？{10}	
04958	MAP/MAP020.BIN:01092A	1	う～ん。{0F}やだよ。{0E}{02}#そっ、そんな～。\nでもイヤなら仕方ないかぁ・・・。{10}	
04959	MAP/MAP020.BIN:01097A	1	うん、いいよ。{0E}{02}#ほんとにありがとう！\n恩にきるよ！{0E}ジュリオは剣士教本３冊と交換に\n{01}nを手に入れた。{10}	
04960	MAP/MAP020.BIN:0109F8	1	君たちが交換してくれた本を読んで\n剣士になるぞ！{0E}{09}	
04961	MAP/MAP020.BIN:010A2A	1	{02}{01}女の子にもてるといいね。{10}	
04962	MAP/MAP020.BIN:010A56	1	スラムの人も、もう少しやる気を\n出してくれればいいんだけどな。{10}	
04963	MAP/MAP020.BIN:010AA0	1	スラムには本来ダーツっていう\n名があるんだが、{0F}誰もそう呼ばない。{0F}スラムで充分だからね。{10}	
04964	MAP/MAP020.BIN:010B14	1	この町はいつも活気があっていいよ。{0F}もちろん、カジノで儲ける人もいればすっちゃう人もいるけどね。{0F}みんな引き際を心得ているから、\n生活ができなくなるほど、\nすってしまう人はいないのさ。{10}	
04965	MAP/MAP020.BIN:010BD4	1	もっとも、この町で\n賭けごとをするような人は{0F}もともと金持ちだから、\n少しくらい損をしたって\n痛くもかゆくもないのかも{0F}知れないね。{10}	
04966	MAP/MAP020.BIN:010C66	1	どうだい？\n賭けはやってみたかい。{0F}やみつきになりそうだろ。{10}	
04967	MAP/MAP020.BIN:010CAC	1	ダイス市民としては客が増えるのは\nありがたいことだけどね。{0F}あまり、やみつきにならない方が\nいいよ。{10}	
04968	MAP/MAP020.BIN:010DA7	1	\nここのカジノの支配人は、\nいつも２階で{0F}お客と大勝負をするんですよ。\n話の種に見に行ったらどうですか。{10}	
04969	MAP/MAP020.BIN:010E11	1	\nいやー本当に。\n大勝負は見ているだけで緊張しますよ。{10}	
04970	MAP/MAP020.BIN:010E4B	1	\nここの支配人は、真のギャンブラーと勝負するのが好きなんだ。{0F}とてもボクなんかじゃ用意できない\n金額が賭けられるんだ。{10}	
04971	MAP/MAP020.BIN:010EC3	1	\n１度でいいから\nでっかい勝負をしてみたいよな。{10}	
04972	MAP/MAP020.BIN:010EF9	1	\nルーレットが好きな奴なんて\nモグリだよ。{0F}君たちもそう思うだろう。\nカードこそギャンブルの王様だ。{0F}ルーレットが\nぐるぐる回るのなんか見ていたら、\nこっちまで目が回っちまうよ。{0F}さてと、もう一儲けさせてもらうか。{10}	
04973	MAP/MAP020.BIN:010FCF	1	\n私はカードよりルーレットの方が\n性に合っているようだ。{0F}カードは相手との駆け引きがあるからややこしくてかなわん。{10}	
04974	MAP/MAP020.BIN:011043	1	\nルーレットは100％\nときの運だからな。{0F}あきらめがついていい。{10}	
04975	MAP/MAP020.BIN:011087	1	\n愉快だわ。\nおほほほほ・・・。{0F}愉快、愉快、\n笑いが止まらないわ。\nおほほほほ・・・。{10}	
04976	MAP/MAP020.BIN:0110DF	1	\n愉快だわ。\nおほほほほ・・・。{0F}愉快、愉快、\n笑いが止まらないわ。\nおほほほほ・・・。{0F}あ～・・・笑いすぎて\nホッペが痛いわ。{10}	
04977	MAP/MAP020.BIN:01115F	1	\n２階は特別のギャンブル・ルームさ。俺の予想では、\n今日の勝負は大荒れだぜ。{0F}ルーレじいさんもブが悪いぜ。{0E}{09}\n{02}{01}ルーレじいさん？{0E}-\nああ、馴染みの客だよ。{0F}最近儲けすぎて、\n支配人のリバレに\n目をつけられちまったらしい・・・。{10}	
04978	MAP/MAP020.BIN:01123F	1	\n支配人の奴、\n今までのルーレじいさんの儲けを{0F}残らず巻き上げるつもりだぜ。{10}	
04979	MAP/MAP020.BIN:01128D	1	\nテーブルが空いたよ。{0F}良かったら、そこでカードでも\nやっていきなよ。\nせっかくダイスに来たんだ。{0F}ここに来て、何もしないで\n帰るなんて手はないね。{10}	
04980	MAP/MAP020.BIN:011321	1	\n勝負は時の運。{0F}負けたって\nうらみっこなしさ。{10}	
04981	MAP/MAP020.BIN:011372	1	金貨の輝きに心を奪われたまま\n魔法を使っては、いけませんよ。{10}	
04982	MAP/MAP020.BIN:0113B6	1	ようこそ、我がカンドへ。{10}	
04983	MAP/MAP020.BIN:0113DA	1	カンドの力が必要なら、\nいつでも、お越し下さい。{10}	
04984	MAP/MAP020.BIN:01142A	1	どなたが魔法の習得を\n希望されますか？{10}	
04985	MAP/MAP020.BIN:011458	2	どの魔法をお望みでしょう？{10}	
04986	MAP/MAP020.BIN:01147A	1	{08}ですね。\nあなたのお役に立ちますように。{10}	
04987	MAP/MAP020.BIN:0114A9	1	\nこの町のカジノは女性でも子供でも、お金さえ持っていれば、{0F}誰だって賭けることができるのよ。{10}	
04988	MAP/MAP020.BIN:011509	1	\n誰にでも億万長者になれるチャンスがあるってことだわ。{0F}本当にダイスって素晴らしい町ね。{10}	
04989	MAP/MAP020.BIN:011584	1	この町は明らかに\n豊かな人たちのものです。{0F}ですがチャッペルの魔法は\n貧富の差にとらわれるものでは\nありません。{0F}くれぐれもお忘れなきように。{10}	
04990	MAP/MAP020.BIN:011616	1	ここはダイスのチャッペルです。{10}	
04991	MAP/MAP020.BIN:011640	1	癒しの光があなたと共に\nありますように。{10}	
04992	MAP/MAP020.BIN:01168A	1	どなたに、お授けしましょうか？{10}	
04993	MAP/MAP020.BIN:0116B0	1	どのチャッペル魔法を\nお望みでしょう？{10}	
04994	MAP/MAP020.BIN:0116DE	1	{06}ですね。\n信念に忠実な使い手でいてください。{10}	
04995	MAP/MAP020.BIN:01171C	1	君たちもチャッペル魔法を\n授かりにきたのかい？{0F}でも、カジノで\n賭けに負けたときのショックは\nいくらチャッペル魔法でも{0F}回復しないから\nあんまり入れ込まない方がいいよ。{10}	
04996	MAP/MAP020.BIN:0117CA	1	よく、旅人がこの街にきて、\n一文無しになってしまうんだよ。{0F}注意したまえ。僕からの忠告だ。{10}	
04997	MAP/MAP020.BIN:01183E	1	私は、はるばる西の国から\nカジノで遊ぶために{0F}ダイスまでやってきたんだ。{0F}他人は私のことを、\n『さすらいのギャンブラー』と\n呼ぶのだよ。{0F}カッコイイだろ？{10}	
04998	MAP/MAP020.BIN:0118DE	1	ホント言うとね、{0F}スッカリすっちゃって\n帰りの旅費もないんだ。{0F}ここの宿代どうしようかなぁ\n・・・おろろ。{10}	
04999	MAP/MAP020.BIN:01194C	1	え？　君たちもカジノの２階で\nやられちゃったのかい。{0F}そうだったのか、\n教えてあげた方が良かったね。{0F}実は私もそこでやられたんだ。\nひどい所だよ、まったく。{10}	
05000	MAP/MAP020.BIN:011A18	1	はいはい、いらっしゃい。\nこちらは宿屋です。{0F}部屋は空いていますよ。{0E}{09}	
05001	MAP/MAP020.BIN:011A5D	1	{02}{01}こんにちは。{0F}私たち巡礼の旅の者なんですけど、\n利用させていただけますか？{0E}{02}1まあ、巡礼の方なの。{0E}{09}	
05002	MAP/MAP020.BIN:011AC1	1	{02}{01}急いでいる旅なので、{0F}泊まることになるかどうか\nまだ、わからないんだけど。{0E}{09}	
05003	MAP/MAP020.BIN:011B10	1	これ、巡礼の旅人の証の\n銀の短剣です。{0E}	
05004	MAP/MAP020.BIN:011B3E	1	ジュリオは銀の短剣を見せた。{0E}{02}1まあ、いちいち見せてくれなくても\nいいのに。{0F}構いませんよ。\n好きなだけ泊まって下さいな。{0F}巡礼の旅人なら、\nいつでも大歓迎ですよ。{0E}{09}	
05005	MAP/MAP020.BIN:011BDF	1	{02}{04}悪いけど、俺も一緒ってことで。{0E}{02}1しようがないねぇ。\n今回だけだよ。{10}	
05006	MAP/MAP020.BIN:011C30	1	自分の家だと思って、\nくつろいで下さいね。{10}	
05007	MAP/MAP020.BIN:011C62	1	ルーレじいさんが\n待っているように言ったのなら、{0F}ここで待っていれば間違いないわよ。{0E}{09}\n{02}{01}すみません、\nご迷惑かけます。{0E}{02}1いいのよ、いいのよ。{10}	
05008	MAP/MAP020.BIN:011CF6	1	ルーレじいさん、\nいつもお元気ですね。{0F}{09}{0B}{02}{13}なんの、なんの。{10}	
05009	MAP/MAP020.BIN:011D38	1	あら、こんにちわ。{0F}ゆっくりしていって下さいね。{10}	
05010	MAP/MAP020.BIN:011D8E	1	この先はバロンさんの官邸だよ。{0F}最近、屋敷のまわりを\nスラムの子供たちが\nうろうろしてるって話だ。{0F}泥棒に入るつもりかもしれないから\n警備を強化するって\n屋敷の者たちが言っていたよ。{10}	
05011	MAP/MAP020.BIN:011E4A	1	財産があるってのも考えものだね。{10}	
05012	MAP/MAP020.BIN:011E72	1	スラムの子供たちも\nダイスまでとはいかなくても{0F}裕福な暮らしを\n望んでいるんだろうな。{10}	
05013	MAP/MAP020.BIN:011ECE	1	この先はバロンさんの官邸だよ。{0F}普通の人が行っても、\n入れないからね。{10}	
05014	MAP/MAP020.BIN:011F24	1	あっ、これはいらっしゃいませ。{0F}奥の部屋でバロン様が\nお待ちかねでございます。{10}	
05015	MAP/MAP020.BIN:011F78	1	これからも、\nよろしくお願いします。{10}	
05016	MAP/MAP020.BIN:011FD6	1	持てるだけの豆を\n持って行ってあげてくれ。{10}	
05017	MAP/MAP020.BIN:012008	1	{02}{13}じゃあ行ってくる。{0F}また、種をたくさん仕入れて\n待っていてくれよ。{0E}{02}4ああ、そっちの方は\n任せておいてくれ。{10}	
05018	MAP/MAP020.BIN:01207A	1	おお、ルーレ。\n戻ったか。{0E}{02}4ご苦労だったな。\nどうだった？{0F}ダーツの人たちのようすは？{0E}{09}	
05019	MAP/MAP020.BIN:0120D1	1	{02}{13}う・・・む。{0F}みんな、生活を変えたいとは\n思っているのだろうが\n今一つきっかけが、つかめんようだ。{0E}{02}4そうか。{0F}一夕一朝にはいくまい。\nまだまだ、これからだ。{0E}{09}{0A}{02}{13}もちろんだとも。{0F}ここで、あきらめるようなら\n最初から取り組んだりはしないよ。{0E}{02}4ほれ、孫のレッドが心配するぞ。\n気をつけていけよ。{0E}{09}{0A}{02}{13}わかっとるわい。{10}	
05020	MAP/MAP020.BIN:01220E	1	おう、あんたらは\nルーレと一緒にいた巡礼の旅人か。{0F}よかったら\nゆっくりしていってくれよ。{10}	
05021	MAP/MAP020.BIN:012278	1	いらっしゃいませ。{0F}バロン様でしたら２階に\nおいでで御座います。{10}	
05022	MAP/MAP020.BIN:0122BE	1	いつもご苦労様でございます。{10}	
05023	MAP/MAP020.BIN:0122E2	1	広いお部屋って{0F}本当にお掃除するのが\n大変なんだから。{0F}他のお部屋のお掃除も\nまだ残っているのよ。{0F}邪魔しないでね。{10}	
05024	MAP/MAP020.BIN:01235A	1	バロン様とルーレさんって\nすごく仲がいいのよ。{10}	
05025	MAP/MAP020.BIN:012390	1	バロン様のお部屋は\n向かいの部屋を入ってすぐです。{10}	
05026	MAP/MAP020.BIN:0123C9	1	\nルーレさんってスゴイ人だね。{0F}きっと、どこかの\n街の大地主か何かだろう。\nいい賭けっぷりだよ。{10}	
05027	MAP/MAP020.BIN:01242B	1	\nさっきから、\nずっと支配人とサシで勝負してるんだ。{0F}私なんかにはマネできないよ。{10}	
05028	MAP/MAP020.BIN:01247F	1	\nルーレさんは本当に強いよ。{0F}もう、50000ピアくらい\n勝っているんじゃないかね。{10}	
05029	MAP/MAP020.BIN:0124D1	1	\nルーレさん、ご機嫌ようございます。{10}	
05030	MAP/MAP020.BIN:0124F9	1	\nやっぱり、０が出たら何万倍ってのはいくら何でもつらいからね。{10}	
05031	MAP/MAP020.BIN:012548	1	階段は東側にございます。{0F}２階のお部屋の方で、\nバロン様がお待ちしております。{10}	
05032	MAP/MAP020.BIN:01259C	1	バロンさんは、みんなから恐い人だと思われているみたいだけどね。{0F}本当はとっても\n優しい御方なんですよ。{10}	
05033	MAP/MAP020.BIN:012608	1	私は心から\nバロン様とルーレ様を{0F}尊敬しております。{10}	
05034	MAP/MAP020.BIN:012642	4	ここはチャノム国の総理大臣、\nバロン様の官邸です。{0F}御用のない方はお通しできません。{10}	
05035	MAP/MAP020.BIN:01269A	1	{09}{0B}{02}{13}ワシがルーレじゃ。{10}	
05036	MAP/MAP020.BIN:012722	1	これは、ルーレ様。\nバロン様がお待ちしております。{10}	
05037	MAP/MAP020.BIN:01275C	1	ご苦労様です。{10}	
05038	MAP/MAP020.BIN:012772	1	ぼくはトニカ。{10}	
05039	MAP/MAP020.BIN:012788	1	わたしはチゼル。{10}	
05040	MAP/MAP020.BIN:01279E	1	{02}{15}メェー、メェー。{10}	
05041	MAP/MAP020.BIN:012902	1	あら、あなたたち。\n外に出ない方がいいですよ。{0E}{02}1ルーレじいさんと\nすれ違いになったら、{0F}また、面倒だからね。{10}	
05042	MAP/MAP020.BIN:0129EA	1	ほら、あんたたち。\nルーレじいさんが戻ったわよ。{0E}	
05043	MAP/MAP020.BIN:012A62	1	\n{02}{13}おお。\n待たしたの。{10}	
05044	MAP/MAP020.BIN:012A80	1	{09}{0A}\n{02}{01}ルーレじいさん。{10}	
05045	MAP/MAP020.BIN:012AA0	1	\n{02}{13}まったく、\nあんな、みえみえの手に\n引っ掛かるとはのう。{0F}マイヤーの奴、\n０にチト細工して{0F}途中で磁石玉に、\nすり替えたんじゃよ。{0F}そんなのに引っ掛かるとは、\nまだまだケツが青いのう。{0E}{09}{0B}\n{02}{13}ほおーっ、ほっほっほっ。{10}	
05046	MAP/MAP020.BIN:012B83	1	イカサマだって知ってたら、\n教えてくれれば{0F}良かったじゃないか。{10}	
05047	MAP/MAP020.BIN:012BCA	1	{09}{0B}\n{02}{13}何ごとも勉強じゃ。{10}	
05048	MAP/MAP020.BIN:012BF0	1	\n{02}{04}キツイなぁ、じいさん・・・。{10}	
05049	MAP/MAP020.BIN:012C1A	1	\n{02}{13}ほうれ、\n金は取り返してきてやったぞ。{0F}それと、この短剣もな。{10}	
05050	MAP/MAP020.BIN:012C68	1	\n{02}{01}えっ、本当！？{0E}{09}{0A}\n{02}	
05051	MAP/MAP020.BIN:012C7F	1	うわっ、本当だ。\nありがとうルーレじいさん。{0E}	
05052	MAP/MAP020.BIN:012CB2	1	ジュリオたちは、銀の短剣と\n取られたお金を受け取った。{0E}{09}\n{02}	
05053	MAP/MAP020.BIN:012CEC	1	ねぇ、奥にいる人も\nイカサマでお金を{0F}取られちゃったんだって。{0E}{09}	
05054	MAP/MAP020.BIN:012D2B	1	{02}{13}しかたないのぅ。{0E}{09}	
05055	MAP/MAP020.BIN:012D40	1	{02}{13}そこのあんた。{0E}	
05056	MAP/MAP020.BIN:012DBC	1	{02}{13}あんたも引っ掛かったのか。\nいくら、取られたんじゃ？{0E}{02}0え？\n３００ピアですけど。{0E}{09}	
05057	MAP/MAP020.BIN:012E10	1	{02}{13}これからは気をつけるんじゃぞ。{0E}	
05058	MAP/MAP020.BIN:012E38	1	ルーレはクラタンに\n３００ピア渡した。{0E}{02}0えっ、本当にくれるの？\n悪いね、助かるよ。{0F}ありがたく、いただきます。\nこれで国に帰れるよ。{0F}お礼にひとつ、\nいいことを\nお耳に入れましょう。{0E}{09}	
05059	MAP/MAP020.BIN:012EEB	1	{02}{13}いいこと、本当？{0E}{02}0ど、どうかなぁ。{0F}白き魔女に興味のある人なら\nいい情報だろうけど。{0E}{09}{0A}{02}{01}白き魔女に関係あるの。{0F}聞かせて、\nねぇ、聞かせて！{0E}{02}0ええ、ええ。\nなんでも、{0F}スラムに行く途中の\n別れ道を毒沼の方に行くと、\n村外れの家が１軒あるそうなんだ。{0F}そこに暮らしている老婆は、\n昔、白き魔女に\n会ったことがあるそうなんだよ。{0F}興味があれば\n老婆にあってみたらどうだい。{0E}	
05060	MAP/MAP020.BIN:013064	1	{02}{01}クロワおばあさんね。{0F}さっき、お話を\n聞かせてもらったわ。{0E}{02}0えっ？\nもう会ったって？{0E}{02}0それじゃあ、\n僕の話は役に立たなかったね。{0E}{02}0ルーレじいさん、\nお世話になりました。{0E}	
05061	MAP/MAP020.BIN:013110	1	{09}{0A}{02}{01}やっぱりこの辺りにも、\n白き魔女は立ちよっていたのね。{0E}{02}0じゃあ、私は自分の国に\n帰るとします。{0F}ルーレじいさん、\nお世話になりました。{0F}もう、ギャンブルはコリゴリですよ。{0E}	
05062	MAP/MAP020.BIN:0131D0	1	はい、宿代。{0E}{02}1良かったわね。{0F}ルーレじいさんの\n気前が良くて。{0E}{02}0助かりました。じゃあ。{0E}	
05063	MAP/MAP020.BIN:013278	1	\n{02}{04}でもよ、じいさん。{0F}どうやって金を\n取り戻すことができたんだい？{0E}{09}	
05064	MAP/MAP020.BIN:0132BC	1	\n{02}{13}なあに、簡単なことじゃ。{0F}ワシはここの顔役の、\nいや総理大臣のバロンと\nチト知り合いでなぁ。{0F}シロウト相手に\nあまりアコギなマネをしてると\n親分にいいつけちゃうぞ！{0F}と、少しだけおどかして\nやっただけじゃよ。{0E}{09}{0B}\n{02}{13}ほーっ、ほっほっほっ！{0E}{09}	
05065	MAP/MAP020.BIN:0133A6	1	\n{02}{04}なにはともあれ、助かった。\n礼を言うよ、ありがとう。{0E}{09}	
05066	MAP/MAP020.BIN:0133DF	1	\n{02}{13}そんでもってな、\n交換条件というわけでもないが、{0F}チト頼みがあるんじゃ。{0E}	
05067	MAP/MAP020.BIN:013446	3	{02}{01}なあに？{0E}{09}	
05068	MAP/MAP020.BIN:013453	1	{02}{13}これから官邸のバロンに\n会いに行くのじゃが、{0F}一緒に行ってもらえんかのう。{0E}{09}\n\n{02}	
05069	MAP/MAP020.BIN:0134A3	1	何しにいくの？{0E}{09}	
05070	MAP/MAP020.BIN:0134B4	1	\n{02}{13}べ、べつに{0F}悪いことをしに行く\nつもりじゃない。{0F}帰りに荷物が多くなりそうなので\n手伝ってもらいたいんじゃ。{0E}{09}{0A}\n{02}	
05071	MAP/MAP020.BIN:013525	1	なんだ、荷物運びなら\nおやすいごようだよ。{0E}{09}{0A}\n{02}{01}いいわよ。{0E}{09}	
05072	MAP/MAP020.BIN:013561	1	\n{02}{04}まかせておけよ。{0E}{09}	
05073	MAP/MAP020.BIN:013577	1	\n{02}{13}じゃあ、仲間に入れてもらうぞ。{0E}	
05074	MAP/MAP020.BIN:0136CC	1	{02}{01}ねぇ、ジュリオ。{0F}早くルーレじいさんの様子を\n見にいきましょう。{10}	
05075	MAP/MAP020.BIN:01376C	1	{02}{13}こらこら、おまえさんたち。\nバロンの屋敷はこっちじゃないぞ。{10}	
05076	MAP/MAP020.BIN:013800	1	{02}{13}いかん！\nまだ、レンズ豆を持っとらんぞ。{10}	
05077	MAP/MAP020.BIN:0138A6	1	{02}{01}ジュリオ。\n早くボルトへ向かいましょ。{10}	
05078	MAP/MAP020.BIN:0139BE	1	{02}{04}なあ、ジュリオ。\nボルトへ急ぐのも先決だが、{0F}このままルーレじいさんを\nほおっておくってのも\nマズイんじゃないのか？{10}	
05079	MAP/MAP020.BIN:013ACC	3	{02}{13}これこれ。{0F}一緒に行ってくれると\n約束したろうが。{10}	
05080	MAP/MAP020.BIN:013B54	2	{02}{13}ダーツはこっちじゃないわい。\nしかも、レンズ豆を持っとらん！{10}	
05081	MAP/MAP020.BIN:013BE8	2	{02}{13}ダーツはこっちじゃないわい。{10}	
05082	MAP/MAP020.BIN:013CF8	2	{02}{13}あぁ、スマンが\nちょっとバロンに{0E}	
05083	MAP/MAP020.BIN:013D82	2	会って行きたいのじゃが、\nいいかのう。{0E}{09}	
05084	MAP/MAP020.BIN:013DAC	2	うん、そうだね。{0F}バロンさんにダーツのことを\nおしえてあげよう。{10}	
05085	MAP/MAP020.BIN:013E18	2	{02}{13}バロンの屋敷は、\n反対側なんじゃが・・・。{0F}おまえさん、\nもしかして方向オンチなのか？{10}{09}{07}{02}	
05086	MAP/MAP020.BIN:0142BA	1	{02}{16}おかしいなぁ？\n羊が１匹たらないんだ。{0E}	
05087	MAP/MAP020.BIN:01430E	1	羊が１匹。{0E}羊が２匹。{0E}羊が３匹。{0E}あれ・・・。\nなんだか眠たくなってきたよ。\nダメだ。ダメだ。{0E}羊が４匹だろ。{0F}うーん、\nやっぱり１匹たらないなぁ。\n途中ではぐれたのかなぁ。{0F}いないのはサチかなぁ・・・。\nこまったなあ・・・。{10}	
05088	MAP/MAP020.BIN:014466	1	{02}{01}あ、羊がいる。{0E}	
05089	MAP/MAP020.BIN:014484	1	あ、あれがきっとサチだよ。{0E}	
05090	MAP/MAP020.BIN:0144E0	1	{02}{16}サチ、こんなとこにいたのか。{0F}いやー、助かったよ。\n魔獣に襲われてるんじゃないかと\n心配してたとこだったんだ。{0E}	
05091	MAP/MAP020.BIN:01456C	1	{02}{01}魔獣が出るから\n羊の世話も大変ね。{0E}	
05092	MAP/MAP020.BIN:0145A6	1	気をつけてね。{0E}	
05093	MAP/MAP020.BIN:0145B8	1	{02}{16}ほんとに助かったよ。{0F}こいつ、サチっていうんです。\nのろまだから、すぐ遅れるんだ。{0F}こらっ、サチ。\nもう、はぐれるんじゃないぞ。{0E}{02}{15}メェェェッ・・・。{0E}{09}{0A}{02}{01}羊って、かわいいのね。{0E}{02}{16}うん。\nじゃあね、さいなら！{0E}{09}	
05094	MAP/MAP020.BIN:014687	1	{02}{01}さよなら。{0E}{09}	
05095	MAP/MAP020.BIN:014698	1	バイバイ！{10}	
05096	MAP/MAP020.BIN:01472A	2	お姉ちゃん、\n誰かきたよう・・・。{0E}{02}=しっ！{0F}見つからないように\n静かにしてるのよ。{0E}	
05097	MAP/MAP020.BIN:014806	2	{02}{01}あれ？{0E}	
05098	MAP/MAP020.BIN:01482C	2	{02}{04}お？{0E}{09}{0E}{02}{01}どうしたの？\n具合でも悪いの？{0E}	
05099	MAP/MAP020.BIN:014888	2	逃げるのよ！{0E}	
05100	MAP/MAP020.BIN:0148A8	2	うん！{0E}	
05101	MAP/MAP020.BIN:014928	2	{09}\n{02}{01}どうしたのかしら？{0E}{09}\n{02}	
05102	MAP/MAP020.BIN:014943	2	どうして逃げていったんだろう。{10}	
05103	MAP/MAP020.BIN:014D0E	1	{02}{13}１袋でもいいぞ。\nさぁ、ダーツへ出発じゃ！！{10}	
05104	MAP/MAP020.BIN:014D4A	1	{09}{0A}{02}{13}２袋もあればいいじゃろ。\nさぁ、ダーツへ出発じゃ！！{10}	
05105	MAP/MAP020.BIN:014D90	1	{09}{0B}{02}{13}３袋も持ってくれるとは、ありがたい。さぁ、ダーツへ出発じゃ！！{10}	
05106	MAP/MAP020.BIN:014DE0	1	{09}{0A}{02}{13}もう充分じゃ。\nさぁ、ダーツへ向けて出発じゃ！{10}	
05107	MAP/MAP020.BIN:014FD8	2	ぼっ、ぼっ、ぼっ・・・。{0F}ぼくたちは、\nぜんぜんあやしくないぞ。{0F}あやしくなんか、ないんだから！{0E}	
05108	MAP/MAP020.BIN:01504C	2	なによ・・・。{0F}あんたたち、\nこの屋敷の人じゃないわね。{0E}{09}\n{02}	
05109	MAP/MAP020.BIN:0150A2	2	私たちに何か用なの？{0E}{09}\n{02}	
05110	MAP/MAP020.BIN:0150BB	2	べつに、用はないけど。{0F}急に逃げだしたから、\nどうしたのかなって思って・・・。{0E}	
05111	MAP/MAP020.BIN:01511A	1	ねぇクリス、\nそれだけだよねぇ。{0E}	
05112	MAP/MAP020.BIN:01516C	2	{09}\n{02}{01}そうよ。\nどうして逃げだしたの？{0E}{02}=どうしてって・・・。\nべつに理由なんかないけど。{0F}あんたたちが、\nいきなりやってきたから。{0E}	
05113	MAP/MAP020.BIN:015224	2	あのね。ぼくたちね。\nでっかい家を見にきただけなのにね。{0F}兵隊さんが恐い顔でにらむんだ。\nそんでね。\nないしょで家のウラに回ってね。{0F}ゆっくり見てたんだよ。{0E}	
05114	MAP/MAP020.BIN:0152F6	2	だってあの兵隊、\nまるで泥棒を見るような目で{0F}私たちを見るんだもの。{0F}失礼しちゃうわ。{0E}{09}\n{02}	
05115	MAP/MAP020.BIN:01534E	2	ふーん。{0E}{09}\n{02}{01}そうだったの。{0E}{02}=いくらダーツが貧しい村だって、{0F}私たちは他人の物に\n手を出したりはしないわ。{0E}	
05116	MAP/MAP020.BIN:0153D8	2	こら、見つけたぞ！{0E}	
05117	MAP/MAP020.BIN:01548A	2	こんなところで\n何をやってるんだ。{0E}官邸の中をウロチョロしていては\nいかんと言っただろう！\n不法侵入で逮捕するぞ。{0E}{09}{08}{02}{01}ちょっと待ってよ。\nあんまりじゃないのよ。{0E}{09}{08}{02}	
05118	MAP/MAP020.BIN:01552B	4	そうだよ。そうだよ。{0E}	
05119	MAP/MAP020.BIN:015572	2	{02}{01}ねぇ、あなたたちを\nヘンな目で見た兵隊って{0F}この人なの？{0E}{02}<うん、この兵隊だ。{0E}	
05120	MAP/MAP020.BIN:0155F2	2	なっ、なんだよ・・・？{0E}{09}{09}{02}{01}私たちは屋敷の外を\n散歩してただけじゃないの。{0F}	
05121	MAP/MAP020.BIN:01564E	2	だいたい、子供に向かって\nいきなり怒鳴りつけるなんて、\nいい大人のすることじゃないわ！{0E}{09}{08}{02}	
05122	MAP/MAP020.BIN:0156D6	1	うっ・・あっ・・。\nその・・・。{0F}泥棒じゃ・・・ないかなって、\nちょっと、過敏に\nなっていたものだから・・・。{0E}	
05123	MAP/MAP020.BIN:015754	2	{09}{09}{02}{01}それが、そもそもいけないのよ。{0F}そうやって人を疑う目で見ているから知らないところで\n他人の心を傷つけるのよ。{0E}{02};えっ？{0E}	
05124	MAP/MAP020.BIN:0157FC	2	{09}{09}{02}{01}この子たちのことを、{0F}初めっからあやしい者を\n	
05125	MAP/MAP020.BIN:01585C	2	見るような目で見たでしょ？{0F}あなたは、\nこの２人を傷つけたのよ。{0E}	
05126	MAP/MAP020.BIN:0158AE	2	ものすごく！！{0E}{02};もっ、申し訳ない・・・。{0F}	
05127	MAP/MAP020.BIN:0158EA	2	うっ・・・うっ・・・うっ・・・。{0E}	
05128	MAP/MAP020.BIN:015912	2	クリスに指摘され、\n反省したチャノムの兵士は\n泣きだしてしまった。{0E}{09}	
05129	MAP/MAP020.BIN:015955	2	{02}{01}わかればいいのよ。{0E}	
05130	MAP/MAP020.BIN:0159C2	2	行きましょ、ジュリオ。{0F}確かに裕福な国だけど、\nなんだかこの国は\n私の性に合わないみたい。{0E}{09}\n{02}	
05131	MAP/MAP020.BIN:015A1E	2	うん、ボクもそうだ。{0E}{02}=ありがとう。\n	
05132	MAP/MAP020.BIN:015A60	2	あーっ、すっきりした。{0E}{02}<あのね。ありがとう。{0E}{09}{07}{02}{01}いいのよ。\nちょっといいすぎたかもね。{0E}{09}\n{02}	
05133	MAP/MAP020.BIN:015ABC	2	うん、いいすぎたよ。\n泣いてたもん。{0E}	
05134	MAP/MAP020.BIN:015AF2	2	{09}\n{02}{01}なによ。{0F}ジュリオなんか\nそうだよ、そうだよ。\nとしか、言わなかったくせに。{0E}{09}\n{02}	
05135	MAP/MAP020.BIN:015B44	2	だって、あんまりいろいろ言ったら\n気の毒じゃないか。{0F}あの兵隊さんだって\n仕事だから見張ってんだし。{0E}{09}{07}{02}{01}それもそうね。{0E}	
05136	MAP/MAP020.BIN:015BE0	2	{02}{04}クリスって\nおっかないんだな。{0E}{09}\n{02}	
05137	MAP/MAP020.BIN:015C0D	2	{02}{04}お前も大変だな。{0E}{02}=クリスさん、本当にありがとう。{0E}	
05138	MAP/MAP020.BIN:015C6E	2	気持ちをわかってくれる人に\n巡り合えて、とってもうれしかった。{0F}私たち、もう行くね。\nダーツの村に戻らなきゃ。{0E}	
05139	MAP/MAP020.BIN:015D40	2	じゃあね。さよなら。{0E}{09}	
05140	MAP/MAP020.BIN:015D57	2	{02}{01}さよなら。{0E}{02}<さよなら。{0E}{09}	
05141	MAP/MAP020.BIN:015D75	2	さよならー。{0E}	
05142	MAP/MAP020.BIN:015DF8	2	{09}\n{02}{01}ジュリオ、{0E}	
05143	MAP/MAP020.BIN:015E18	3	もしかしてルーレじいさん\nまだカジノの２階でルーレットを\nやってんじゃないかなぁ？{0E}{09}\n{02}	
05144	MAP/MAP020.BIN:015E6D	3	レッドさんにも頼まれてるし\nちょっと見に行ってみようか。{10}	
05145	MAP/MAP020.BIN:0160AA	1	ねぇ、クリス。\nそれだけだよねぇ。{0E}	
05146	MAP/MAP020.BIN:016668	1	うっ・・あっ・・。その・・・。{0F}泥棒じゃ・・・ないかなって、\nちょっと、過敏に\nなっていたものだから・・・。{0E}	
05147	MAP/MAP020.BIN:017012	1	ちょっと、旅の人。{0E}	
05148	MAP/MAP020.BIN:017060	1	この先には、\n朽ち果てた村と{0F}白き魔女に\n会ったことがあるという変わり者の\nばあさんの家しかないよ。{0E}{09}\n{02}{01}変わり者のおばあさん？{0E}{02}$ああ。何でも２０年前に\n魔女に会ったとか、会わないとか。{0F}まぁ、信用できないけどね。\nそれにスラムは、とても旅人が\n立ちよるような場所はないよ。{10}	
05149	MAP/MAP020.BIN:0171E6	1	バロン様のお部屋は\n２階になっております。{10}	
05150	MAP/MAP020.BIN:01729A	1	あれ、何かいるよ。{10}	
05151	MAP/MAP020.BIN:0172BC	1	{02}{01}もしかしたら、\nさっきの羊飼いのお兄さんの{0F}羊じゃないかしら。{0E}	
05152	MAP/MAP020.BIN:017352	1	あれ、羊じゃなかった。{0E}{09}{09}\n{02}{01}あれ、羊じゃなかった・・・\nじゃないわよ！{0F}もっとはやくに気がつきなさいよ！{0E}	
05153	MAP/MAP020.BIN:0173BE	1	\n{02}{13}うわあ、魔獣じゃあ～！{10}	
05154	MAP/MAP020.BIN:017434	1	{02}{13}ふう、びっくりしたわい。{0E}{09}	
05155	MAP/MAP020.BIN:017451	1	{02}{04}じいさん、逃げ足は速いなあ。{0E}{09}{0B}\n{02}{13}ははは、どんなもんじゃ！{0E}{09}	
05156	MAP/MAP020.BIN:017490	1	\n{02}{01}別に誉めてるわけじゃ\nないのに・・・。{10}	
05157	MAP/MAP020.BIN:01771E	1	あらあら、そうなの。\nそりゃあ困ったわね～。{0E}	
05158	MAP/MAP020.BIN:017766	1	{09}{08}\n{02}{01}私たちもいけないんだけど、\nあんまりよね。{10}	
05159	MAP/MAP020.BIN:01779E	1	{02}{04}しかし、あのじいさんに任せて\n大丈夫なのか？{0E}	
05160	MAP/MAP020.BIN:0177EF	1	きっと平気だよ！{0F}話をつけてくれるって\n言ったんだから。{10}	
05161	MAP/MAP020.BIN:017A60	1	{09}\n{02}{01}ねぇ、ジュリオ。{0E}	
05162	MAP/MAP020.BIN:017B66	1	\n\n\n\n\n\n　　　　　　　第２章　ボルト大決戦\n	
05163	MAP/MAP020.BIN:017CB0	1	{02}{14}おや？{0F}	
05164	MAP/MAP020.BIN:017CCC	1	おう。\nこれはこれは、ルーレじいさん。{0F}こんちは。{0E}{09}	
05165	MAP/MAP020.BIN:017CFF	1	{02}{13}やあ、ウッディさん。\n今日も元気そうじゃな。{0E}{02}{14}ほう、今日はお連れが多いね。\nにぎやかなことはいいことだ。{0E}	
05166	MAP/MAP020.BIN:017D9A	1	{02}{13}紹介しよう。{0E}	
05167	MAP/MAP020.BIN:017DD8	1	この人はワシの友達で\nキコリのウッディさん。{0F}	
05168	MAP/MAP020.BIN:017E34	1	こっちは\n関所で一緒になった人らでのう。{0F}えーと・・・。{0F}	
05169	MAP/MAP020.BIN:017E8C	1	えーとね・・・。{0F}・・・・・。\n誰じゃったっけ？{0E}	
05170	MAP/MAP020.BIN:017EC0	1	ガクッ・・・。{0E}	
05171	MAP/MAP020.BIN:017EE2	1	{02}{13}そういえば、\nまだ、名前を聞いてなかったのう。{0E}	
05172	MAP/MAP020.BIN:017F46	1	{02}{01}私はクリスです。{0E}	
05173	MAP/MAP020.BIN:017F78	1	ボクはジュリオ。{0F}	
05174	MAP/MAP020.BIN:017FA4	1	ボクとクリスはフォルティア国の\nラグピック村からきました。{0F}成人の儀式で\n巡礼の旅をしてるんです。{0E}	
05175	MAP/MAP020.BIN:01803E	1	{02}{04}俺はローディ。{0E}	
05176	MAP/MAP020.BIN:018060	1	ワケあってこいつらと旅をしているが俺の目的地はボルト。{0E}	
05177	MAP/MAP020.BIN:0180A8	1	ジュリオやクリスの旅とは違う。{0E}	
05178	MAP/MAP020.BIN:0180F2	1	{02}{14}そうかい。{0F}まあ、とにかく\nハーブティーでもどうだい。{0E}	
05179	MAP/MAP020.BIN:01814E	1	わーい、ハーブティー。\nちょうどノドが乾いてたんだ。{0E}{09}\n{02}{01}もう、ジュリオったら。{0E}{02}{14}いいから、いいから。{0E}	
05180	MAP/MAP020.BIN:0184A8	1	ジュリオたちはウッディに\nハーブティーをごちそうになった。{0E}{09}{0A}{02}{01}おいしい。{0E}{09}{0A}{02}	
05181	MAP/MAP020.BIN:0184F5	1	ほんとだね。{0F}こんなおいしいハーブティー\n生まれて初めてだよ。{0E}{09}	
05182	MAP/MAP020.BIN:018534	1	{02}{04}いける。{0E}{02}{14}うれしいこと言ってくれるねぇ。{0F}こんな所に１人暮らしだろ。\n趣味といえばハーブティーくらいだ。{0F}暇があったら調合をいろいろ考えて、ルーレじいさんに\n飲んでもらってんだよ。{0E}	
05183	MAP/MAP020.BIN:018610	1	{02}{13}今日のは格別じゃよ。{0E}{02}{14}そうかい。\nよかった。よかった。{0F}じゃあ今回も\nいい名前をつけてくれ。{0E}	
05184	MAP/MAP020.BIN:0186AA	1	{02}{13}うむ。{0E}	
05185	MAP/MAP020.BIN:0186E2	1	ロイヤル・ストレート・フラッシュ！つーのはどうじゃ。{0E}{02}{14}また賭けごとに関係する名前かい。{0F}確か、この前のは\nフルハウス・アンド・ペア\nだったよね。{0F}まあ、いいけど。\nじゃあ、そうするか。{0E}{09}{0B}{02}{13}うむ、いい名じゃ。{0F}さてと、\nさっそくで悪いが\n失礼するとするかな。{0F}変な名前をつけたら、\n早くカジノに行って\n賭けをしたくなってきたよ。{0E}{09}\n{02}	
05186	MAP/MAP020.BIN:018824	1	なんだ、{0F}ヘンな名前だって\nわかってんだ。{0E}	
05187	MAP/MAP020.BIN:018868	2	{02}{14}今日はよくよってくれたね。{0F}また、機会があったら\nよっておくれよ。{0F}さて、新しいハーブティーの\nブレンドでも、考えるとするか。{10}	
05188	MAP/MAP020.BIN:0189F4	1	{02}{14}おや？\n旅の人とは珍しいね。{0E}	
05189	MAP/MAP020.BIN:018A1E	1	{02}{14}やあ、いらっしゃい。{0E}	
05190	MAP/MAP020.BIN:018A3A	1	{02}{01}こんにちは。{0F}	
05191	MAP/MAP020.BIN:018ADC	1	{02}{14}どうだい？\nハーブティーでも\n飲んで行かないかい？{0E}{09}{0A}{02}	
05192	MAP/MAP020.BIN:018B13	1	わーい。{0E}{09}{0A}{02}{01}おじゃましまーす。{0E}	
05193	MAP/MAP020.BIN:018DA2	1	ジュリオたちはウッディに\nハーブティーをごちそうになった。{0E}{09}	
05194	MAP/MAP020.BIN:018DDE	1	{02}{01}おいしい。{0E}{09}	
05195	MAP/MAP020.BIN:018DEF	1	ほんとだね。{0E}	
05196	MAP/MAP020.BIN:018E0A	1	こんなおいしいハーブティー\n生まれて初めてだよ。{0E}	
05197	MAP/MAP020.BIN:018E40	1	{02}{04}いける。{0E}{02}{14}うれしいこと言ってくれるねぇ。{0F}こんな所に１人暮らしだろ。\n趣味といえばハーブティーくらいだ。{0F}暇があったら調合をいろいろ考えて、お客さんに飲んでもらってんだよ。{0E}	
05198	MAP/MAP020.BIN:018F16	1	うん、とってもおいしいよ。{0E}{02}{14}そうかい。{0F}よかった。よかった。{0F}じゃあこのお茶に\nいい名前をつけてくれ。{0E}{09}	
05199	MAP/MAP020.BIN:018F7D	1	{02}{01}このお茶飲むと\n	
05200	MAP/MAP020.BIN:018FC8	1	なんだかプハーッとお腹の中が{0F}あったかくなるわね。{0E}	
05201	MAP/MAP020.BIN:019022	1	{02}{04}ああ、そうだな。{0E}	
05202	MAP/MAP020.BIN:019054	1	じゃあ、プハーッだから、\nプハーブ茶ってのはどうかな？{0E}	
05203	MAP/MAP020.BIN:0190AE	1	{02}{04}ははは、プハーッだから、\nプハーブ茶か・・・。{0F}こりゃ、おもしろくねーや。{0E}{02}{14}いやー、プハーブ茶ですか。\n楽しくてなかなかいい名前ですね。{0E}	
05204	MAP/MAP020.BIN:019174	1	{02}{01}ごちそうさまでした。{0E}	
05205	MAP/MAP020.BIN:0192FA	1	チャノム国　ダイス	
05206	MAP/MAP020.BIN:01936E	1	{09}{0B}{02}{13}おう、着いた着いた。\n胸が躍るわい。{0F}さてと、ピシッ！と決めてみるかな。{0E}	
05207	MAP/MAP020.BIN:0193F2	1	それじゃあ世話になったな。{0F}ありがとうよ、お前さんたち。\n元気でな～っ！{0E}	
05208	MAP/MAP020.BIN:01949E	1	あっ・・・行っちゃった。{0E}{09}\n{02}{01}元気でな～っ、だって。{0E}{09}	
05209	MAP/MAP020.BIN:0194D4	1	{02}{04}やっぱり、あのじいさんには{0F}あんまり関わりにならない方が\nよさそうだな。{0E}	
05210	MAP/MAP020.BIN:019556	1	武器屋に掘り出しモノが\nあるかも知れない。{0E}少し、町の中をのぞいてみるか。{10}	
05211	MAP/MAP020.BIN:019670	1	そろそろ来る頃だと\n思っていたぞ。{0E}{09}	
05212	MAP/MAP020.BIN:019694	1	{02}{13}お前さんが\n淋しがってると思ってな。{0E}{02}4ははっ、バカ言え。{0E}	
05213	MAP/MAP020.BIN:019718	1	いつも、すまないな。{0E}{09}	
05214	MAP/MAP020.BIN:01972F	1	{02}{13}なあに、気にするな。{0F}ワシらのような年寄りに\nまだ、できることがあるのなら、\n喜んでさせてもらうさ。{0E}	
05215	MAP/MAP020.BIN:0197A6	1	ほれ。\n今日、お前さんのカジノで\n儲けた分じゃよ。{0E}	
05216	MAP/MAP020.BIN:0197DE	1	なんとルーレはカジノで儲けた金を\nすべてバロンに渡してしまった。{0E}	
05217	MAP/MAP020.BIN:019834	1	相変わらず律儀だな。{0E}{09}{0E}{02}{01}ねえ、どういうことなの？{0E}	
05218	MAP/MAP020.BIN:0198E2	1	ダーツの人たちを・・・？{0E}{02}4カジノで勝った分はいいからって\n何度も言ってるんだがね。{0E}	
05219	MAP/MAP020.BIN:019946	1	自分で払うってきかないんだ。{0E}	
05220	MAP/MAP020.BIN:019980	1	{02}{13}ワシは賭けをしているときの\nスリルだけで十分。{0F}余分な金なんぞいらん。{0E}	
05221	MAP/MAP020.BIN:0199DA	1	ルーレはね、私にレンズ豆を\nたくさん仕入れさせて{0F}カジノで儲けた金で買いにくるんだ。{0F}そしてそれを\nダーツの村に持って行って\n村のみんなに渡すんだ。{0F}いつかダーツの畑で\nレンズ豆が収穫できる日を願ってね。{0E}{09}{0A}{02}{01}うわーっ、そうだったの。\nいい話じゃない。{0E}{09}	
05222	MAP/MAP020.BIN:019AD2	1	そうだったのか・・・。{0F}ルーレじいさんが\nカジノに通っていたのは{0F}ダーツの人たちを\n助けるためだったんだね。{0F}カジノで儲けたお金で\n種を買うのなら\nダーツの人たちも救えるし、{0F}この国のためにもなるものね。{0E}{02}4そうなんだよ。{0F}まったく気を使ってくれて\nこっちが申し訳ないくらいだ。{0F}本当なら、私がキチンと\n政策をかかげて対処すれば\nよいのだが・・・。{0F}カジノ政策は\nダイスにとっては成功だったのだが、{0F}近隣には多くの貧富の差を\n作ってしまった。{0F}気力を失ったダーツの人々と\n我々の差は広がるばかり。{0F}表立って手を差し伸べると\nかえって心を閉ざしてしまうんだよ。{0E}{09}	
05223	MAP/MAP020.BIN:019CED	1	{02}{01}でも、レンズ豆とは考えたわね。{0E}	
05224	MAP/MAP020.BIN:019D36	1	{02}{13}じゃろう。{0F}そのまま金を渡してしまったら、\n彼らも受け取らないだろう。{0F}もし、受け取っても、\nそれが当たり前になって{0F}働かなくなってしまっても\nいけないからのう。{0E}{09}	
05225	MAP/MAP020.BIN:019DD7	1	{02}{04}レンズ豆なら、煮て食えるし、\nダーツの人々が働く気になれば、{0F}畑を耕して\n自分たちで育てればいいのか。\nうん、いいアイデアだ。{0E}{09}	
05226	MAP/MAP020.BIN:019E56	1	{02}{13}でもな、\nそうばかりでもないんじゃよ。{0F}もう、何年もワシは\nこれを続けているのじゃが、{0F}いっこうにダーツの人々は\n種をまこうとしない。{0F}いつか彼らが自分たちの意志で\n種をまく気持ちになって\nくれればよいのじゃがなぁ。{0E}{09}{0A}{02}{01}きっとルーレじいさんの気持ちは\n通じると思うわ。{0E}{02}4私もそう思うよ。{0F}さあ、荷物は\n１階の倉庫に用意してあるから、\nトバックに案内させよう。{0F}トバック。{0E}{02}4いつもの所だ。\n頼む。{0E}{02}6かしこまりました。{0E}{02}6ご案内いたします。{0E}	
05227	MAP/MAP020.BIN:01A048	1	ここの木箱の中に\nレンズ豆が入っております。{0F}持てるだけお持ち下さい。{0E}{09}	
05228	MAP/MAP020.BIN:01A08F	1	{02}{13}いつもありがとさん。\n後はわしらでやるよ。{0E}{02}6よろしくお願いします。{0E}	
05229	MAP/MAP020.BIN:01A126	1	{02}{13}さぁ、お前さんたち。\nレンズ豆の袋を持ってもらおうかの。{0F}それで、できたらダーツまで\nつき合ってほしいんじゃが。{0E}{09}{0A}{02}{01}立派なことだもの。\nもちろん手伝うわ。{0E}{09}	
05230	MAP/MAP020.BIN:01A1C2	1	{02}{04}いい話を聞かせてもらった礼に\nひと働きするか。{0F}ダーツまでなら、\nそんなに遠くないしな。{0E}{09}{0A}{02}	
05231	MAP/MAP020.BIN:01A21E	1	わぁい！\n行こう、行こう。{10}	
05232	MAP/MAP020.BIN:01A2E6	1	おお、ルーレ。\n戻ったか。{0E}{02}4ご苦労だったな。\nどうだった。{0F}ダーツの人たちのようすは？{0E}{09}{0A}{02}{13}うん。\n今日はいい感じだったぞ。{0E}	
05233	MAP/MAP020.BIN:01A37A	1	この子たちと\n一緒に行ったおかげかな。{0E}{02}4そうか。\nそれは良かった。{0E}	
05234	MAP/MAP020.BIN:01A3DA	1	{02}{13}ついにダーツの村に\n活気が生まれ始めたのを感じたわい。{0F}たしかな手ごたえじゃ！{0E}{09}{10}{02}{01}きっとダーツは大きな町になるわ。{0E}	
05235	MAP/MAP020.BIN:01A470	1	今日からは、ダイスのライバルよ。{0E}{09}{0A}{02}	
05236	MAP/MAP020.BIN:01A495	1	ダイスの町も\nうかうかしてられないね。{0E}{02}4そうか・・・。{0F}そうか、そうか。\nよかったなぁ・・・。{0E}	
05237	MAP/MAP020.BIN:01A504	1	長いあいだ、\nダーツへかよったかいが、\nあったというわけだ。{0E}	
05238	MAP/MAP020.BIN:01A55A	1	{09}{0A}{02}{13}ああ、本当にのう。{0F}ダーツの畑に\nレンズ豆が実る日も近いぞ。{0E}{09}{0A}{02}{01}ルーレじいさんたち\nとっても、うれしそうだわ。{0E}{09}{0A}{02}	
05239	MAP/MAP020.BIN:01A5CF	1	よっぽど、この日がくるのを\n待ってたんだね。{0E}{09}	
05240	MAP/MAP020.BIN:01A5FD	1	{02}{04}俺たちも、\n少しは役に立ったみたいだな。{0E}{09}	
05241	MAP/MAP020.BIN:01A629	1	{02}{13}さーて、\n今日もそろそろ無一文で\n帰るとするか。{0F}しかし、今日は\nいつになく心が躍るわい。{0E}{02}4長年の努力が、ようやく\n実ろうとしているのだからな。{0F}気をつけていけよ。{0E}{09}{0A}{02}{13}わかっとるわい。{10}	
05242	MAP/MAP020.BIN:01A768	1	え？　君たちもカジノの２階で\nやられちゃったのかい。{0F}そうだったのか・・・。\n実は私もそこでやられたんだ。\nひどい所だよ、まったく。{10}	
05243	MAP/MAP021.BIN:0000A4	1	ダーツ	
05244	MAP/MAP021.BIN:00EBB8	2	キタラ弾きのトロバ	
05245	MAP/MAP021.BIN:00EBD8	2	パピー	
05246	MAP/MAP021.BIN:00EBF8	2	クロワばあさん	
05247	MAP/MAP021.BIN:00EC18	2	ナップ村長	
05248	MAP/MAP021.BIN:00EC38	4	アンジー	
05249	MAP/MAP021.BIN:00EC58	2	シトラ	
05250	MAP/MAP021.BIN:00EC78	2	プレイン	
05251	MAP/MAP021.BIN:00EC98	2	リグレ	
05252	MAP/MAP021.BIN:00ECB8	2	バスレ	
05253	MAP/MAP021.BIN:00ECD8	2	ポリシェ	
05254	MAP/MAP021.BIN:00ECF8	2	シケット	
05255	MAP/MAP021.BIN:00ED18	2	ジェンヌ	
05256	MAP/MAP021.BIN:00ED78	2	鍛冶屋のジル	
05257	MAP/MAP021.BIN:00EDD8	2	子供たち	
05258	MAP/MAP021.BIN:00EE8E	2	{02}{14}すまないな、君たち。{0F}キタラを探すのを手伝って\nくれるのかい。{10}	
05259	MAP/MAP021.BIN:00EED6	2	{02}{14}たぶん、この辺りにあると\n思うんだけど。{0F}・・・少し下流に流されたのかなぁ？{10}	
05260	MAP/MAP021.BIN:00EF28	4	{02}{14}・・・本当に大切な時に\nあんな失敗をするなんて・・・。{10}	
05261	MAP/MAP021.BIN:00EF7A	1	{02}{16}なんじゃね。{0F}こんな毒沼しかない村に来たって\n良いことなんぞ何もないよ。{10}	
05262	MAP/MAP021.BIN:00EFCC	4	年前は毒沼なんてなかった。{0F}毒沼はダーツの人々の沈んだ心が\n作り上げたものなんじゃよ。{0F}心は自然の大地や草木にも\n影響するものだ。{0F}ゲルドはそう言っておったよ。{10}	
05263	MAP/MAP021.BIN:00F09A	1	あのー、キタラの弦を\n探しているんだけど。{0E}{02}{16}弦？　さぁ、どうだったかねぇ。{0E}あっ、そうそう。{0F}キタラの弦ならたしか\n去年トロバさんが家によった時\n何本か置き忘れていったっけねぇ。{0E}孫のパピーに聞いてごらん。\nきっと知ってるはずだ。{10}	
05264	MAP/MAP021.BIN:00F184	1	{02}{16}孫のパピーが\n知っているはずだよ。{0E}{09}	
05265	MAP/MAP021.BIN:00F1AA	1	{02}{04}おいおい、どっちなんだよ。{0E}{09}\n{02}	
05266	MAP/MAP021.BIN:00F1CB	1	こまったなあ。{0F}これじゃあ、\nトロバさんのキタラが直せないよ。{10}	
05267	MAP/MAP021.BIN:00F212	1	{02}{16}あたしゃ、そんなに\nモウロクしてないよ。{0E}孫のパピーが知ってるって言ったろ？{10}	
05268	MAP/MAP021.BIN:00F264	1	{02}{16}なんじゃ、{0F}やっぱり孫のパピーが\n持っとったのか。{10}	
05269	MAP/MAP021.BIN:00F2A6	1	{02}{16}２０年前は、\nダーツの村にも活気があった。{0F}ダイスが大きくなっていくに連れて、その活気も次第に\n失せていってしまったのじゃよ。{10}	
05270	MAP/MAP021.BIN:00F3FE	2	{02}{17}あんれ・・・旅人さんかい。{0F}こんなところに迷い込んでしまって\nどうしたんじゃ？{0E}{09}	
05271	MAP/MAP021.BIN:00F44F	2	{02}{01}ひょっとすると、\nここの村長さんですか？{0E}{02}{17}あーそうじゃよ。{0F}ワシは昼寝ばかりしておる\nダーツのボンクラ村長じゃ。{0E}{09}\n{02}	
05272	MAP/MAP021.BIN:00F4C4	2	自分のことボンクラなんて言うの\n良くないと思うよ。{0E}{02}{17}いいんじゃよ。\n本当のことだから。{0F}この村を少し歩いただけでも、\nよーく、わかったじゃろう。\nこの村には気力というものがない。{0F}まあ、ワシに気力がないから\nこういうことになったのじゃが、\n村人は皆、どこかヒネクレとる。{0F}最悪じゃのう。{0E}{09}{10}{02}{01}みんなで元気を出して\n働けばいいじゃない。{0E}{02}{17}その元気が出ないのだから仕方ない。{0E}{09}\n{02}	
05273	MAP/MAP021.BIN:00F632	2	しかたないって・・・。{0E}{09}{0E}{02}{01}隣のダイスの町ばかり\n大きくなっていくから{0F}みんな、スネちゃってるのね。{0E}{02}{17}まあ、簡単に言ってしまえば\nそういうことじゃ。{0F}初めのうちは、\nダイスにも負けない豊かな村に\nしようと、努力もしたのだがな。{0F}こうも差をつけられると、\nすっかり負け犬根性が\n身についてしまって、{0F}どうにもこうにもならん。{0E}{09}\n{02}{01}気持ちはわかるけど・・・。{0F}どこかでフン切りをつけて\n頑張ってみないとダメだと思うわ。{0E}{02}{17}なかなか、きっかけがなくてのう。{0E}{09}\n{02}{01}そんなこと言ってるからダメなのよ。{0F}じゃあ、どんな時なら\nきっかけになるっていうの？{0E}{02}{17}村のみんなが、\n一瞬でも{0F}明るくなったときかのう・・・。{0E}{09}\n{02}	
05274	MAP/MAP021.BIN:00F87B	2	いつ明るくなるの？{0E}{02}{17}う～ん・・・そういえば１年に１度、キタラ弾きのトロバが{0F}来たときだけは、\nみんな一瞬だけ明るくなるなぁ。{0E}{09}{10}{02}{01}じゃあ、\nそのときが村を{0F}立て直すチャンスね。{0E}{09}	
05275	MAP/MAP021.BIN:00F92A	2	{02}{04}キタラ弾きか。{0E}{02}{17}そうじゃ！{0F}いつも今ごろの季節になると、\nキタラ弾きがやってくるんじゃ。{0F}これは本当に、\n村を立て直すチャンスかも知れん。{0E}{09}{10}{02}	
05276	MAP/MAP021.BIN:00F9B8	1	そうだよ、\nがんばってよ。{0E}{02}{17}よーし、ダメでもともとじゃ。{0F}今度キタラ弾きが来たとき、\nみんなにもう１度、\nいちから\n頑張るように言ってみよう。{0E}{09}{0A}{02}{01}がんばってね、村長さん。{10}	
05277	MAP/MAP021.BIN:00FA6A	2	{02}{17}いや、ありがとう。{0F}あんたたちのおかげで\n勇気がわいてきたよ。{10}	
05278	MAP/MAP021.BIN:00FAAE	2	{02}{17}すっかり負け犬根性が\n身についてしまって、{0F}どうにもこうにもならんよ。{0E}	
05279	MAP/MAP021.BIN:00FAFA	2	{02}{17}クロワばあさんの家？{0F}この村を流れている川を、\n少しさかのぼると\n２つの川が合流しておる。{0F}それを右にたどって行けば、\nばあさんの家じゃ。{10}	
05280	MAP/MAP021.BIN:00FB88	2	{02}{17}あんたたちなら大歓迎さ。\nいつでも来ておくれ。{10}	
05281	MAP/MAP021.BIN:00FC0E	2	{02}{18}あっ、よそ者だ。{0E}{02}{18}あたいたちを、\nヘンな目で見ないでよ。{0E}	
05282	MAP/MAP021.BIN:00FE00	2	あんまりだよ～！{0E}{09}\n{02}{01}ひ、ひどい・・・。{0E}{09}	
05283	MAP/MAP021.BIN:00FE2A	2	{02}{04}やるじゃねぇか。\n女にしとくのが、惜しいくらいだ。{10}	
05284	MAP/MAP021.BIN:00FE92	2	{02}{18}ふん！\nバカにすると、しょうちしないぞ！{0E}{09}\n{02}	
05285	MAP/MAP021.BIN:00FEC0	2	あんまりだよ～！{10}	
05286	MAP/MAP021.BIN:00FEF4	2	{02}{18}あ、ルーレじじい！\nお豆ちょうだい。{0F}ひとちゅでいいから、ね。\nひとちゅだけ。{0E}{09}	
05287	MAP/MAP021.BIN:00FF44	2	{02}{13}あとで村長にもらいなさい。{0E}{02}{18}ケチんぼ！{10}	
05288	MAP/MAP021.BIN:00FF74	2	{02}{18}あ、ルーレじじい！\nお豆は？{0E}{09}	
05289	MAP/MAP021.BIN:00FF94	2	{02}{13}村長から\nあとで、もらいなさい。{10}	
05290	MAP/MAP021.BIN:010020	2	{02}{18}お豆をもってきてくれたの～？{0E}	
05291	MAP/MAP021.BIN:010052	2	{02}{13}ああ。\n村長に渡しておくから、{0F}あとで、もらいなさい。{0E}	
05292	MAP/MAP021.BIN:010096	2	{02}{13}ああ。\n村長に渡してあるよ。{0E}	
05293	MAP/MAP021.BIN:0100B8	2	{02}{18}やったぁ～。{0F}あたしたちね、今度ルーレが来たら\nおどりを見せようと思って\nれんしゅうしてたの。{0F}見てくれる？{0E}{09}	
05294	MAP/MAP021.BIN:010125	2	{02}{13}おお、そいつは楽しみだ。\nやってくれるかね？{0E}{02}%うん！{0E}	
05295	MAP/MAP021.BIN:0108F0	2	{09}{0A}{02}{13}ぶらぼ～！！{0F}王宮舞踊団よりも\n素晴らしい踊りじゃ！\nわしは天才を見た！{0E}	
05296	MAP/MAP021.BIN:01095E	2	やった～！{0E}	
05297	MAP/MAP021.BIN:01098A	4	{02}{18}ルーレじじいがこんど来るときには\nもっと、うまくなってるからね！{0E}{09}	
05298	MAP/MAP021.BIN:0109CE	4	{02}{13}踊りは１級だが\nそのじじいは、やめてくれ。{0E}	
05299	MAP/MAP021.BIN:010A24	2	{02}{13}・・・まったく聞いとらん。{10}	
05300	MAP/MAP021.BIN:010AEC	2	{02}{18}ルーレじじいが\nこんど来るときには、{0F}もっと、うまくなってるんだ。{10}	
05301	MAP/MAP021.BIN:010B3E	2	{02}{18}あんたたちのせいよ！{0F}よそ者がきたから\nげんが切れたんだ！{10}	
05302	MAP/MAP021.BIN:010B96	2	{02}{18}ルーレじじい、\nきっとお豆を\n持ってきてくれたんだぁ！{10}	
05303	MAP/MAP021.BIN:010BD2	2	{02}{18}トロバが、かあいそう・・・。{10}	
05304	MAP/MAP021.BIN:010BF6	2	{02}{18}あたしたちも、がんばるんだ！{10}	
05305	MAP/MAP021.BIN:010C2E	2	{02}{19}この村には\n旅人が見るようなものなど{0F}何もないぞ。{0F}見て回るだけムダじゃ。{10}	
05306	MAP/MAP021.BIN:010C7E	2	{02}{19}やはり、わしらは\n希望すら持っちゃいかんのだ。{10}	
05307	MAP/MAP021.BIN:010CB4	2	{02}{19}ワシだって\nまだまだ働けるぞ。{10}	
05308	MAP/MAP021.BIN:010D16	2	{02}{15}なんだ、人の気配がしたから、\nキタラ弾きのトロバが来たのかと{0F}思った。{0E}{09}	
05309	MAP/MAP021.BIN:010D61	2	キタラ弾きのトロバ？{0E}{02}{15}この季節になると\nやってきて、弾き語りを{0F}してくれるんだ。\nいつもダイスによってから\n来てくれるんだけどね。{0F}今年も待ちどおしいなぁ。{10}	
05310	MAP/MAP021.BIN:010E04	1	{02}{15}トロバの弾くキタラは、\nとっても楽しいんだ。{0F}ダーツの村も、トロバのキタラを\n聴いているときだけは、\n明るくなるんだけどなぁ。{10}	
05311	MAP/MAP021.BIN:010EBC	1	{02}{15}えっ？\nき、キタラの弦・・・？{0E}	
05312	MAP/MAP021.BIN:010EF8	2	ど、どうだったっけなぁ。{0E}{09}	
05313	MAP/MAP021.BIN:010F13	1	{02}{01}トロバさんに\nここに、あるかもしれないって{0F}聞いてきたんだけど。{0E}{02}{15}よ、よく覚えてないなぁ。\nクロワばあちゃんに聞いてみた？{10}	
05314	MAP/MAP021.BIN:010FC6	1	{02}{15}キタラの弦？{0F}ぼ、ボクは知らないよ・・・。{0F}きっと、クロワばあちゃんが\n知ってると思うよ。{10}	
05315	MAP/MAP021.BIN:01107A	1	{02}{04}なあ、クロワばあさんは{0F}おまえが知ってるって\n言ってるんだがな。{0E}	
05316	MAP/MAP021.BIN:0110EA	2	{02}{15}ゴメン、白状するよ。{0F}この釣り糸が\nキタラの弦なんだ。{0E}	
05317	MAP/MAP021.BIN:011156	1	えーっ？{0E}{02}{15}つ、釣り糸に\nちょうど良かったもんだから{0F}使わせてもらっちゃった・・・。{0E}	
05318	MAP/MAP021.BIN:0111BC	2	{09}\n{02}{01}そんな・・・。\nじゃあキタラの弦は、もうないの？{0E}	
05319	MAP/MAP021.BIN:011202	1	{02}{15}まだ、あったと思うけど。\nちょっと待ってて。{0E}今、見てくるから！{0E}	
05320	MAP/MAP021.BIN:0112D4	2	{09}{0E}{02}{01}ぜんぶ釣り糸になってたら、\nどうしよう。{0E}	
05321	MAP/MAP021.BIN:011326	2	だめだよ、クリス。{0F}悪い方に考えると、\n悪いことを呼び寄せるって{0F}ラップじいさんが\n言ってたじゃないか。{0E}{09}	
05322	MAP/MAP021.BIN:01138D	2	{02}{01}うん・・・そうよね！{0E}	
05323	MAP/MAP021.BIN:0113B4	2	{02}{15}ゴメン。{0E}	
05324	MAP/MAP021.BIN:01141C	1	この１本しか残ってないや。\n大丈夫かなぁ。{0E}	
05325	MAP/MAP021.BIN:01144E	1	ジュリオたちは\nキタラの弦を受け取った。{0E}	
05326	MAP/MAP021.BIN:01148E	2	ありがとう。{0F}とにかくこれをトロバさんの所へ\n持っていってみるよ。{10}	
05327	MAP/MAP021.BIN:01152C	2	{02}{15}その１本しか残ってなかったけど、\n大丈夫かなぁ。{10}	
05328	MAP/MAP021.BIN:011564	2	{02}{15}え～！！\nもう、トロバは帰っちゃったの！？{0F}ちぇっ。聴きのがしちゃったなぁ。{10}	
05329	MAP/MAP021.BIN:0115CA	2	{02}{1A}働く気持ちなんか、\nとっくに消えちまったよ。{0F}隣の町が大きくなればなるほど\nこっちがみすぼらしく思えてくる。\n比べられるのも慣れちまった。{10}	
05330	MAP/MAP021.BIN:011658	2	{02}{1A}短い夢だったな・・・。\nはは。{0F}現実に戻れば、腐臭のする沼と\nこの崩れかけた家・・・。\nしょせん夢なんだ。{10}	
05331	MAP/MAP021.BIN:0116C6	2	{02}{1A}俺は畑を作るぞ。\n種をまいて作物を育てるんだ。{10}	
05332	MAP/MAP021.BIN:011710	2	{02}{1B}なんでダイスはあんなに裕福なのに、このダーツの村は、{0F}こんなに貧乏なんだろうね。{0F}あたしは20年前に来たという魔女が\n呪いをかけたんじゃないかと\nにらんでるんだ。{0F}魔女の呪いをかうようなマネは\n何もしてないのにねぇ。\nまったく、ひどいもんだよ。{10}	
05333	MAP/MAP021.BIN:011804	2	{02}{1B}これも魔女の呪いなのかねぇ・・・。{0F}あたしも、今度はうまくいくと\n思ったのに。{0F}いたた。\nまた足が痛んできたよ。{0E}	
05334	MAP/MAP021.BIN:011878	2	{02}{1B}村に活気があるってのは\nいいもんだねぇ。{10}	
05335	MAP/MAP021.BIN:0118BC	2	{02}{1C}もう、どうでもいいのさ。{0F}俺たちは死ぬまで\nこの村で、ボーッとしてるんだ。\nそれがお似合いなんだよ。{10}	
05336	MAP/MAP021.BIN:011926	2	{02}{1C}君たちは弦が切れたぐらいで\n情けないと思ってるんだろ？{0F}だがね、どん底にいる人間にとってはおおきなショックなんだよ。{10}	
05337	MAP/MAP021.BIN:0119A0	2	{02}{1C}毒沼なんか全部埋めちまって、\nこの村からなくしてやるさ。{10}	
05338	MAP/MAP021.BIN:0119F4	2	{02}{1D}私だってダイスの人たちのように\nキレイな服を着てみたいわ。{0F}でも、無理よね。\nこの村じゃ、１日の生活に\n手いっぱいだもの。{10}	
05339	MAP/MAP021.BIN:011A7C	2	{02}{1D}さっきは、私たちのために{0F}一生懸命になってくれて\nありがとう。{0F}でもね、もうこの村はだめなのよ。\nこういう運命なんだわ。{10}	
05340	MAP/MAP021.BIN:011AF8	2	{02}{1D}あなたたちも、こんな村にいないで\nはやく出発しなさい。{10}	
05341	MAP/MAP021.BIN:011B36	2	{02}{1D}きっと素晴らしい村にしてみせるわ。{10}	
05342	MAP/MAP021.BIN:011B74	2	{02}{1E}こんな土地じゃ麦も育たない。\nおまけに毒沼は年々広がってる。{0F}そのうち川まで濁っちゃうだろう。\nそうすれば、\nいよいよこの村は終わりだ。{0F}お先真っ暗さ。{10}	
05343	MAP/MAP021.BIN:011C10	2	{02}{1E}期待するから失望するんだ。{0F}もう、夢なんか抱かなければ\nガッカリすることもない！\nはは！　そう考えれば気は楽さ。{0F}はははは！{0F}はぁ～あ・・・。{10}	
05344	MAP/MAP021.BIN:011CA2	2	{02}{1E}ありがとう。{0F}あんたたちには\n本当に感謝するよ。{10}	
05345	MAP/MAP021.BIN:011CEC	1	{02}{1F}この村の人は、隣のダイスが\nどんどん発展していくのを見て、{0F}悲観的になってるのよ。{0F}他と比べて落ち込むのは\n悪いことだとは知っているけど、\nもう、どうしようもないの。{0F}働くことにまで嫌気がさして、\n今では生活する気力まで\n消えそうになっているのよ。{10}	
05346	MAP/MAP021.BIN:011DEE	2	{02}{1F}別にトロバさんのせいじゃないわ。{0F}あの人は、私たちには\nもったいないくらい。\n全部、私たちがいけないんだもの。{0F}でもね、そう分かっていても\nどうしようもないの。{0F}なかなか、この生活を変えることは\nできないのよ。{10}	
05347	MAP/MAP021.BIN:011EC6	2	{02}{1F}どうしようもないの。{10}	
05348	MAP/MAP021.BIN:011EE2	2	{02}{1F}さっきはキタラ弾きのトロバさんを\n連れてきてくれてありがとう。{0F}あなた方はダーツの村の恩人よ。{10}	
05349	MAP/MAP021.BIN:011F66	2	あっち行け！{10}	
05350	MAP/MAP021.BIN:011F7A	2	あ～あ。{0F}とちゅうで終わっちゃってガッカリ。１年に１度の楽しみだったのにな。{10}	
05351	MAP/MAP021.BIN:011FD8	2	トロバのおかげで、\nみんなの考え方が変わったわ。{0F}やっと、大人の人たちが\n本気になったみたい。{10}	
05352	MAP/MAP021.BIN:012040	2	やっと、大人の人たちが\n本気になったみたい。{10}	
05353	MAP/MAP021.BIN:012074	2	この前はありがとう。\nあなたたちは友達よ。{10}	
05354	MAP/MAP021.BIN:0120CE	2	あのね。{0F}ここはダーツっていう\nちゃんとした名前があるんだ。{0F}スラムなんて言ったら\nしょうちしないからな。{0E}	
05355	MAP/MAP021.BIN:012148	1	トニカ、\nよそ者と話しちゃダメ！{0E}{02}!うん。{10}	
05356	MAP/MAP021.BIN:012194	2	あのね、ボクね。{0F}いつか、あのダイスの屋敷みたいな\nでっかい家に住みたいな。{10}	
05357	MAP/MAP021.BIN:0121E6	2	ダイスは、まいにち\nお祭りみたいなのに。{0F}ずるいや！{10}	
05358	MAP/MAP021.BIN:012220	2	あのね。おいらが大人になる頃には\nきっとこの村にもダイスみたく{0F}でっかい、お家がいっぱい建つよ。{10}	
05359	MAP/MAP021.BIN:012286	2	あっ！\nこの前のおねえちゃん。{0F}あのね、ボクね。{0F}いつか、あのダイスの屋敷みたいな\nでっかい家に住みたいな。{10}	
05360	MAP/MAP021.BIN:012300	2	わしは、静かに自分の腕を磨きたくてここに来たんだ。{0F}ここの人たちは、活気こそないが\n金が全てと思っている連中とは違う。{0F}きっかけさえあれば、\n素晴らしい人生を\n送れる人たちばかりだ。{0F}このダーツを訪ねてくるくらいだ。\nあんたらも、私利私欲で\n動く人間ではあるまい。{0F}ここ、何年も商売はしていないが\nあんたらになら、\n安心して売れそうだ。{0F}さぁ、遠慮しないで用件を\n言ってくれ。{10}	
05361	MAP/MAP021.BIN:012482	2	おお、あんたらか。\n用件はなんだい。{0F}体は老いても、武器作りに関しては\n老いていないつもりだよ。{10}	
05362	MAP/MAP021.BIN:0124EC	2	あんたらとは商売するが\nくれぐれも、他の町でわしのことを{0F}話さんでくれよ。\nわしは静かに腕を磨きたいのだ。{10}	
05363	MAP/MAP021.BIN:01258A	2	何をお求めかな？{10}	
05364	MAP/MAP021.BIN:0125A2	2	{08}を選んだか。\nそれなら{06}で譲ろう。{10}	
05365	MAP/MAP021.BIN:0125CC	2	このダーツだと\n材料集めに苦労してな。{0F}不用なものはありがたく、\n引き取るよ。{10}	
05366	MAP/MAP021.BIN:012620	2	{08}を売ってくれるか。\nそれなら、{06}で引き取ろう。{10}	
05367	MAP/MAP021.BIN:01265A	2	村がこんなありさまだからな。{0F}１ゴアあたり{06}になっちまうけど、\nどうする？{10}	
05368	MAP/MAP021.BIN:0126AA	2	ありがとよ。\n{06}支払おう。{10}	
05369	MAP/MAP021.BIN:0126CA	2	そうか。{0F}気が向いたら\nいつでも言ってくれよ。{10}	
05370	MAP/MAP021.BIN:0126FE	2	ラピカがないようだな。\nたまったら、いつでもおいで。{10}	
05371	MAP/MAP021.BIN:01273A	2	他に用はないか？{10}	
05372	MAP/MAP021.BIN:012766	2	{02}{13}スマンが\nナップ村長と話があるんじゃ。{0F}もう少し待っててくれんか。{10}	
05373	MAP/MAP021.BIN:0127B0	2	{02}{13}うーん。{0F}ますます活気が\nなくなってしまったのう。{10}	
05374	MAP/MAP021.BIN:0127EA	2	{02}{13}やっと村人たちも\nやる気になったみたいだわい。{0F}ここの毒沼も近いうちに\nレンズ豆畑と生まれ変わるじゃろう。{10}	
05375	MAP/MAP021.BIN:0128EC	2	{02}{14}ボクハ、『水パシャくん』デス。{10}	
05376	MAP/MAP021.BIN:012A08	4	どうしよう・・・。\nどうしよう・・・。{0F}こっちかな・・・。\nあっちかな・・・。{0F}見つからないなあ・・・。{0E}	
05377	MAP/MAP021.BIN:012BC8	4	{09}\n{02}{01}・・・？{0E}	
05378	MAP/MAP021.BIN:012C20	4	{02}{01}あっ、あんなとこに人がいる。{0E}{09}	
05379	MAP/MAP021.BIN:012C7C	4	{09}\n{02}{01}なにしてんのかしら。{0E}	
05380	MAP/MAP021.BIN:012D1E	4	何か探してるの？{0E}	
05381	MAP/MAP021.BIN:012D4C	4	{02}{14}さっき突然、\n魔獣に襲われてしまってね。{0E}	
05382	MAP/MAP021.BIN:012D94	4	大切なキタラを\n川に落としてしまったんだ。{0E}	
05383	MAP/MAP021.BIN:012DDC	4	沈んじゃったかなぁ。{0E}	
05384	MAP/MAP021.BIN:012E10	4	{02}{01}まあ、たいへん。{0E}	
05385	MAP/MAP021.BIN:012E44	4	今、キタラを落としたって言ったけど、もしかしたらオジサン、{0E}	
05386	MAP/MAP021.BIN:012E9C	4	キタラ弾きのトロバさんですか？{0E}	
05387	MAP/MAP021.BIN:012EF4	4	{02}{14}そうだけど。{0F}でも、どうして僕のことを\n知ってるんだい？{0E}{09}{0A}{02}	
05388	MAP/MAP021.BIN:012F31	2	やっぱり、そうだ。{0E}	
05389	MAP/MAP021.BIN:012F58	2	ダーツのみんながさ、\nトロバさんのキタラが聴きたくて、\n首を長くして待っているよ。{0E}{02}{14}えっ、それは光栄だなあ。{0E}	
05390	MAP/MAP021.BIN:012FDA	4	{02}{01}ジュリオ、キタラを探しましょ。\n早く見つけないと、傷んじゃうわ。{0E}	
05391	MAP/MAP021.BIN:01304C	2	そうだね。{0E}{09}	
05392	MAP/MAP021.BIN:013059	2	\n{02}{04}おっしゃー！！{10}	
05393	MAP/MAP021.BIN:013078	2	{09}{09}\n{02}{01}なに言ってんのよ！？{0F}ダーツの人たちが待ってるのよ。{0E}{09}{10}\n{02}{01}さあ、探すわよ！{0E}{09}	
05394	MAP/MAP021.BIN:0130C9	2	\n{02}{04}ジュリオ・・・。\n立場弱いんだな・・・。{0E}{09}\n\n{02}	
05395	MAP/MAP021.BIN:0130F9	2	ちぇー。{10}	
05396	MAP/MAP021.BIN:0136C7	2	やっぱり、そうだ。{0F}ダーツのみんながさ、\nトロバさんのキタラが聴きたくて、\n首を長くして待っているよ。{0E}{02}{14}えっ、それは光栄だなあ。{0E}	
05397	MAP/MAP021.BIN:013918	2	{09}\n{02}{01}こっちに行ったら\nダイスに帰っちゃうわ。{10}	
05398	MAP/MAP021.BIN:0139BA	2	{02}{01}ジュリオ。{0F}ダイスに戻る前に\nルーレおじいさんのところへ\n行きましょ。{10}	
05399	MAP/MAP021.BIN:013A76	4	{02}{01}トロバさんの荷物を\n探してあげましょ。{10}	
05400	MAP/MAP021.BIN:013C6C	2	うーん、このへんには\nないみたいだなぁ。{10}	
05401	MAP/MAP021.BIN:013CBC	2	{02}{01}ねえ、ジュリオ。\nもっと川上を探してみましょう。{10}	
05402	MAP/MAP021.BIN:013D12	2	{02}{04}おかしいな。\n下まで流されちまったのかなぁ。{10}	
05403	MAP/MAP021.BIN:013D6C	2	ん？\n	
05404	MAP/MAP021.BIN:013D7C	2	あった、あった！{0E}	
05405	MAP/MAP021.BIN:013D94	2	ジュリオたちはキタラを見つけた！{0E}	
05406	MAP/MAP021.BIN:013DF4	2	{02}{01}だいぶ濡れちゃってるわ。\nキタラは大丈夫かしら。{0E}{09}	
05407	MAP/MAP021.BIN:013E2A	2	はやく教えてあげようよ。{0E}	
05408	MAP/MAP021.BIN:013EBE	2	トロバさん！\n見つかったよ。{0E}	
05409	MAP/MAP021.BIN:013F0A	2	はい、これでしょ。{0E}	
05410	MAP/MAP021.BIN:013F34	2	ジュリオはキタラをトロバに渡した。{0E}{02}{14}ありがとう、助かったよ。{0E}	
05411	MAP/MAP021.BIN:013F7A	2	トロバはキタラを念入りに調べた。{0F}川の水に\n濡れてしまった木製のキタラは\n水をふくんで重たくなっていたが、{0F}少し乾かしておけば\n異常なく使えそうだ。{0E}	
05412	MAP/MAP021.BIN:01401E	2	{09}\n{02}{01}こわれてない？{0E}{02}{14}うん、大丈夫そうだ。{0F}弦が濡れたのが少し心配だけど、\n乾けば平気だと思うよ。{0E}{09}{0A}{02}{01}よかった。{0E}{02}{14}それにしてもうれしいなぁ。{0F}僕のことをダーツの人たちが\n待っていてくれるなんて。{0F}毎年よっているんだけど、\nあの村の人たちは\n何だか沈みがちだろ。{0F}せめて僕のキタラを聴いて、\n明るい気持ちになって\nもらえればと思っていたんだ。{0E}{09}{0A}{02}	
05413	MAP/MAP021.BIN:01416E	2	じゃあ、さっそく行こうよ。\nみんな待ってるよ。{0E}{02}{14}うん、そうしよう。{10}	
05414	MAP/MAP021.BIN:0141D0	2	東　ダーツ　　　　　４５７ミロ\n足元に注意{10}	
05415	MAP/MAP021.BIN:014252	4	トロバさん！{0E}	
05416	MAP/MAP021.BIN:01427A	4	クロワばあさんのところに\n弦が１本だけあったよ！{0E}	
05417	MAP/MAP021.BIN:0142C6	2	{02}{14}もう・・・いいんです。\n僕にはできません。{0E}{09}{0E}{02}{01}どうして！？{0F}みんな、トロバさんの演奏を\n待ってるのよ！{0E}{02}{14}・・・怖いんです。{0F}また弦が切れたら、\nダーツの人々は、立ち直れない。{0E}	
05418	MAP/MAP021.BIN:0143A8	8	{02}{04}あまったれるな！！{0F}切れたら、\nやり直せばいいじゃないか！{0F}みんなが立ち直るまで、\n何度でも弾けばいい！！{0F}ここがダーツの村なんだ！\nここを建て直すしかないじゃないか！・・・みんなが暮らしている。{0F}それだけで立派な村なんだ！{0E}	
05419	MAP/MAP021.BIN:014492	8	{09}{0E}{02}{01}ローディさんはね・・・、{0E}	
05420	MAP/MAP021.BIN:0144CC	8	{02}{04}余計なことは言うな。{0E}	
05421	MAP/MAP021.BIN:014500	8	{09}{0F}{02}{01}ううん、言わせて！{0E}	
05422	MAP/MAP021.BIN:014528	8	ローディさんはネガル島の人なの。{0E}	
05423	MAP/MAP021.BIN:014568	8	{02}{17}ネガル島の噂は\n聞いております・・・。{0E}	
05424	MAP/MAP021.BIN:01461A	8	トロバさん。\nもう１度お願いします。{0F}この村は\nガルガに壊されたわけじゃない。{0F}全ては１人１人の気持ちの問題。\nどうか、力を与えてくだされ。{0E}	
05425	MAP/MAP021.BIN:0146E8	4	{02}{14}・・・・・・。{0E}{02}{14}僕が・・・{0E}{02}{14}僕が弱気じゃいけませんよね。{0E}	
05426	MAP/MAP021.BIN:014740	4	弦を貸してください。{0E}	
05427	MAP/MAP021.BIN:01476E	8	{02}{01}トロバさん！{0E}{09}{0A}{02}	
05428	MAP/MAP021.BIN:014781	8	やったぁ！{0E}	
05429	MAP/MAP021.BIN:014794	8	トロバは慣れた手つきで\n弦を張り替えた。{0E}{02}{14}どうもありがとう、みなさん。{0F}もう１度・・・いえ、\n村のみんなが立ち直るまで\n弾き続けます。{0E}	
05430	MAP/MAP021.BIN:014966	4	トロバさん！{0F}クロワばあさんのところに\n弦が１本だけあったよ！{0E}	
05431	MAP/MAP021.BIN:0149BE	6	{02}{14}もう・・・いいんです。\n僕にはできません。{0E}{09}\n{02}{01}どうして！？{0F}みんな、トロバさんの演奏を\n待ってるのよ！{0E}{02}{14}・・・怖いんです。{0F}また弦が切れたら、\nダーツの人々は、立ち直れない。{0E}	
05432	MAP/MAP021.BIN:014DEE	4	{02}{14}・・・・・・。{0E}{02}{14}僕が・・・{0E}	
05433	MAP/MAP021.BIN:014E2C	4	{02}{14}僕が弱気じゃいけませんよね。{0E}	
05434	MAP/MAP021.BIN:014E5C	4	弦を貸してください。{0E}{09}	
05435	MAP/MAP021.BIN:015EA2	2	トロバは１、２度弦をつまびくと\n夢中でキタラを奏ではじめた。{0E}	
05436	MAP/MAP021.BIN:015EEA	2	{02}{18}トロバァ～！！{0E}	
05437	MAP/MAP021.BIN:015FBA	2	{02}{14}心配かけたね、アンジー。{0F}もう僕は大丈夫だよ。\nさあ、得意の踊りを見せておくれ。{0E}{02}{18}うん！{0E}	
05438	MAP/MAP021.BIN:016C3E	2	{02}{17}すばらしい演奏じゃった。\nノリノリじゃったぞ！{0E}	
05439	MAP/MAP021.BIN:016CA8	2	のう、村の皆よ。{0F}これで今日から頑張れるな！{0E}	
05440	MAP/MAP021.BIN:016CE8	2	{02}{1C}ああ。{0F}もうスラムなんて\n呼ばせるもんか！{0E}	
05441	MAP/MAP021.BIN:016D34	2	{02}{1F}もちろんよ！{0E}	
05442	MAP/MAP021.BIN:016D64	2	{02}{1B}足も完全に治ったわい！{0E}	
05443	MAP/MAP021.BIN:016D90	2	{02}{1A}トロバ！\n最高だったぞ！{0E}{02}{14}・・・よかった。\n本当によかった。{0E}	
05444	MAP/MAP021.BIN:016DE2	1	\n\n\n\n\n　　　　　　　　　トロバの演奏で\n　　　　　気力を取り戻したダーツの人たち。\n　　　　　　この場に居合わせた人々は\n　　みんな何年後かのダーツに思いを馳せていた。\n	
05445	MAP/MAP021.BIN:017084	1	{02}{18}トロバァー！{0E}	
05446	MAP/MAP021.BIN:01714E	1	また、キタラを聴かせてくれるの？{0E}{02}{14}もちろんさ。\nそのために来たんだからね。{0E}	
05447	MAP/MAP021.BIN:017232	1	{02}{18}やったぁ～！！{0E}	
05448	MAP/MAP021.BIN:017352	1	{02}{14}おいおい、アンジー。\n目が回っちゃうよ。{0E}{02}{18}だぁって、うれしいんだもん。{0F}そうだ！\nみんなにおしえなきゃ！{0E}	
05449	MAP/MAP021.BIN:0173D4	1	{02}{01}トロバさん。{0E}	
05450	MAP/MAP021.BIN:017402	1	本当にみんな、\nトロバさんを待ってたのね。{0E}	
05451	MAP/MAP021.BIN:01744C	1	吟遊詩人が来るのは\nすっごく、うれしいよね。{0E}	
05452	MAP/MAP021.BIN:0174B4	1	{02}{14}なんだか照れてしまうなー。{0E}	
05453	MAP/MAP021.BIN:0174D8	1	{02}{19}あっ、キタラ弾きじゃ。\n「キタラ弾きが来たら！」{0E}	
05454	MAP/MAP021.BIN:017536	1	{02}{14}シトラじいさん、相変わらずだね。\nそのダジャレ。{0E}{09}\n{02}	
05455	MAP/MAP021.BIN:01756C	1	ダジャレ？{0E}	
05456	MAP/MAP021.BIN:0175BE	1	{02}{04}「キタラ」と「来たら」を\nかけたのさ。{0E}	
05457	MAP/MAP021.BIN:017650	1	はははっ！\nすっごく面白いよ！{0E}	
05458	MAP/MAP021.BIN:0176A0	1	{09}{08}{02}{01}・・・ほんと？{0E}	
05459	MAP/MAP021.BIN:0176BE	1	{02}{1A}おおっ！\nトロバじゃないか！{0E}	
05460	MAP/MAP021.BIN:01771E	1	ほんとに来たんだな！{0E}{02}{14}プレインさんも、元気そうで！{0E}	
05461	MAP/MAP021.BIN:017766	1	{02}{1A}あんたが来てくれれば\nすぐに元気にならぁ！{0E}	
05462	MAP/MAP021.BIN:01779E	1	{02}{1B}こら！{0E}	
05463	MAP/MAP021.BIN:0177B8	1	ずいぶんと、ごぶさたじゃないか！{0E}{02}{14}リグレおばあさん。\n足の具合はどうですか？{0E}	
05464	MAP/MAP021.BIN:017814	1	{02}{1B}はやく、あんたのキタラを\n聴かせておくれ。{0F}そうすれば、治っちまうよ。{0E}{02}{14}はい、がんばります。{0E}	
05465	MAP/MAP021.BIN:017896	1	{02}{14}ナップ村長、お久しぶりです。{0E}{02}{17}よく、来てくれました。{0F}あなたの来てくれるのを\n心待ちにしておりました。{0E}{02}{14}いえ、とんでもありません。{0F}僕が来るのを\n楽しみにして頂いてたなんて{0F}キタラ弾きとして\n本当にうれしいことです。{0E}	
05466	MAP/MAP021.BIN:017988	1	{02}{17}あんたたちが\n呼んできてくれたのかい？{0E}{09}	
05467	MAP/MAP021.BIN:0179B4	1	えっ？\nちがうよ、偶然なんだ。{0E}{09}	
05468	MAP/MAP021.BIN:0179D4	1	{02}{01}途中の道で\nばったり会ったの。{0E}{02}{17}そうか、そうか。\n本当にありがとうよ。{0E}	
05469	MAP/MAP021.BIN:017A38	1	{02}{1A}村長！\n早いとこ、トロバに弾かせてくれ！{0E}	
05470	MAP/MAP021.BIN:017A7E	1	{02}{17}まぁ、そう急くな。\nすぐに皆がそろうじゃろうて。{0E}	
05471	MAP/MAP021.BIN:017AB8	1	{02}{18}トロバァ～。{0E}	
05472	MAP/MAP021.BIN:017AEC	1	{02}{18}みんなにおしえてきちゃった。{0E}	
05473	MAP/MAP021.BIN:017BC6	1	{02}{14}ありがとう、アンジー。\nいい子だね。{0E}{02}{18}えへへ。{0E}	
05474	MAP/MAP021.BIN:017C16	1	{02}{17}全員そろったな。{0E}	
05475	MAP/MAP021.BIN:017C54	1	{02}{17}ごらんのとおり\n今日はキタラ弾きのトロバさんが{0F}この村に来て下さった。{0E}	
05476	MAP/MAP021.BIN:017CAC	1	{02}{17}トロバさんは\n今までも、何度もこの村を{0F}訪れてくれた。{0E}	
05477	MAP/MAP021.BIN:017CF4	1	{02}{1C}なんか、いつもと違うな。\n村長が演説するなんて。{0E}	
05478	MAP/MAP021.BIN:017D38	1	{02}{17}ワシは一大決心をしたんじゃ。\nみんな聞いてくれ！{0E}	
05479	MAP/MAP021.BIN:017D7C	1	今までワシらは\n隣のダイスといろいろと比べて\nいじけてばかりおった。{0F}それじゃあ\nいつまでたっても\nダメなんじゃ。{0F}今日はキタラ弾きのトロバさんが\n村に来てくれた。{0F}ワシらの気持ちを入れ替える\nいいチャンスとなるじゃろう。{0F}トロバさんの楽しい演奏を聴き\nみんなで勢いをつけて\n生まれ変わろうじゃないか！{0F}ワシも昼寝村長のアダナを返上して\nうんと頑張るつもりじゃ。{0E}	
05480	MAP/MAP021.BIN:017EEC	1	{02}{17}どうじゃ！？{0E}	
05481	MAP/MAP021.BIN:018050	1	{02}{1C}わかったよ、村長。{0E}	
05482	MAP/MAP021.BIN:0180D2	1	俺もだんだん今日を機に\n生まれ変われるような気がしてきた。{0F}俺は今までこの村が貧乏なのは\nそういう運命だから\n仕方ないと思っていた。{0F}でも、そうじゃなかったんだな。{0E}	
05483	MAP/MAP021.BIN:018186	1	{02}{1F}村長さん、わかりました。{0E}	
05484	MAP/MAP021.BIN:0181CC	1	みんなでもう１度、この村を\n活気ある村にしてみましょうよ。{0F}努力すれば、きっと報われるわ。{0E}	
05485	MAP/MAP021.BIN:018238	1	{02}{1A}そうだ、いじけてばかりいた\n俺たちがいけないんだ。{0E}	
05486	MAP/MAP021.BIN:01828E	1	このダーツの村を\nスラムみたいにしちまったのは\n俺たち自身だったんだ。{0E}	
05487	MAP/MAP021.BIN:0182E6	1	{02}{1D}ええ、そうよ。{0E}	
05488	MAP/MAP021.BIN:018312	1	トロバさんの演奏を聴いて\nこの村を立て直すのよ！{0E}{02}{17}ありがとう、みんな。\n本当にありがとう。{0E}	
05489	MAP/MAP021.BIN:018398	1	ありがとう。ありがとう。{0F}	
05490	MAP/MAP021.BIN:0183C2	1	{02}{17}それではトロバさんにキタラを\n演奏していただこう。{0E}	
05491	MAP/MAP021.BIN:018412	1	{02}{17}トロバさん、\nよろしくお願いします。{0E}{02}{14}はい、わかりました。{0E}	
05492	MAP/MAP021.BIN:018498	1	{02}{14}今日はみなさんの記念すべき日に\n演奏できることになって{0F}たいへん光栄です。{0F}僕はいつの日か、必ずみなさんが\n元気を出してくれる時がくると信じて何度もこの村を訪ねてきました。{0F}今は泣きたいほど感動しています。{0E}それでは１曲目を聴いて下さい。{0F}題名は\n『それ見よ、我が元気！』です。{0E}	
05493	MAP/MAP021.BIN:0185B0	1	{02}{1C}いいぞ、\nダイスじゃないけど運だめしだ！{0F}	
05494	MAP/MAP021.BIN:0185EC	1	この曲がバッチリ決まったら\n俺は今日から生まれ変わって働くぞ！{0E}	
05495	MAP/MAP021.BIN:018642	1	{02}{1B}そうじゃ！{0F}いじけてばかりいた昨日までに\nさよならじゃ。{0E}	
05496	MAP/MAP021.BIN:0186D0	1	{02}{14}げ、弦が・・・切れちゃったよ。{0E}	
05497	MAP/MAP021.BIN:0186F8	1	突然時間が\n止まってしまったかのように\n村人たちは凍てついてしまった。{0F}せっかく盛り上がった人々のやる気も弦が切れたのと同時に\n消し飛んでしまった。{0E}	
05498	MAP/MAP021.BIN:0187AA	1	{02}{1C}ダメなんだ・・・。{0F}	
05499	MAP/MAP021.BIN:0187F0	1	やっぱり、この村は\n貧乏から抜けられないんだ・・・。{0E}	
05500	MAP/MAP021.BIN:018876	1	{02}{1D}これが運命なんだわ。{0E}	
05501	MAP/MAP021.BIN:0188C8	1	きっとこの村には\n活気があっちゃいけないのよ。{0E}	
05502	MAP/MAP021.BIN:018ADE	1	{09}\n{02}{01}みんな待って！{0F}弦なんか、\nすぐに直せるんだから！！{0E}	
05503	MAP/MAP021.BIN:018B74	1	{02}{17}なんでこう、\nうまくいかんのじゃ・・・。{0E}	
05504	MAP/MAP021.BIN:018C86	1	{09}\n{02}{01}村長さん、しっかりしてよ！{0E}	
05505	MAP/MAP021.BIN:018CC0	1	{02}{14}どうしよう・・・。{0F}みんなを元気づけようと思ったのに、反対に落ち込ませてしまった。\nこんなはずじゃ、なかったのに。{0E}	
05506	MAP/MAP021.BIN:018D8A	1	{09}\n{02}{01}トロバさんまで\n元気をなくしたらダメじゃない！{0E}{02}{14}・・・・・・。{0E}{09}\n{02}	
05507	MAP/MAP021.BIN:018DD1	1	代わりの弦はないの？{0E}{02}{14}キタラ弾きとして恥ずかしいことに\n予備の弦を切らしているんだ・・・。{0E}あっ、そうだ！{0F}去年来たときに、\n村外れのクロワばあさんの家に\n弦を置き忘れていたっけ。{0F}でも、１年も前の\nことだからね・・・。{0E}{09}	
05508	MAP/MAP021.BIN:018EAA	1	{02}{01}クロワおばあさんね？\n分かったわ。行ってみる。{0E}	
05509	MAP/MAP021.BIN:018EF6	1	{02}{14}・・・もうダメですよ・・・。{0E}{09}{10}{02}{01}こうなったら、{0F}わたし達で弦を\n見つけてあげましょう。{10}	
05510	MAP/MAP021.BIN:018FC2	2	{02}{16}おや、お客さんかい。{0E}	
05511	MAP/MAP021.BIN:018FEC	2	{02}{13}やあ、クロワばあさん。\n久しぶりじゃな。{0F}ちょいと連れが、あんたの話を\n聞きたいそうなんだが。{0E}	
05512	MAP/MAP021.BIN:0190A0	2	{02}{01}こんにちは。{0F}おばあさんね。\n昔、白き魔女に\n会ったっておばあさん。{0E}	
05513	MAP/MAP021.BIN:019104	2	{02}{16}ああ、そうだけど。{0F}でも昔ってのは\nちょっと言いすぎだよ。{0F}あたしにとっちゃ、\nたった20年前のことさ。{0F}もっとも、あんたくらいの年だと\nすごく昔のことに思えるのも\nムリはないだろうけどね。{0E}{09}	
05514	MAP/MAP021.BIN:0191C0	2	うん、だってボクたち\n生まれてなかったからね。{0E}{09}	
05515	MAP/MAP021.BIN:0191F0	2	{02}{01}ねぇ、おばあさん。{0F}私たち巡礼の旅をしているんですけど昔、旅してたっていう魔女に\n興味があるの。{0F}白き魔女ゲルドって\nどんな人だったのか、\n聞かせてくれませんか？{0E}{02}{16}そうだねえ・・・。{0F}あの頃、\n年は１８だったと思うが・・・。{0F}あたしには普通の女の子に見えたね。{0F}少し紫がかった美しい銀色の\n髪をしていてね。\nもの静かで、いい娘だったよ。{0F}ただ、魔女だけあって\n普通の人間にはわからないことも{0F}たくさん、わかっていたみたいだね。{0F}それで悩んでいることも\nあったみたいだった。{0E}{09}\n{02}{01}普通の人間にはわからないこと？{0E}{02}{16}未来のこととかが\nわかったみたいだね。{0E}{09}{0A}{02}	
05516	MAP/MAP021.BIN:01940B	2	ほんと、すごいや。{0E}	
05517	MAP/MAP021.BIN:019430	2	未来のことなんて\nわかったら、便利だよね。{0E}	
05518	MAP/MAP021.BIN:01946C	2	{09}\n{02}{01}単純なんだから。{0E}	
05519	MAP/MAP021.BIN:0194A2	2	白き魔女も\nジュリオくらい単純だったら\nきっと、悩んだりしなかったわよ。{0E}	
05520	MAP/MAP021.BIN:0194FE	2	なにがさ。{0E}	
05521	MAP/MAP021.BIN:019524	2	{09}{08}{02}{01}未来がわかるってことはね。{0E}知りたくもないことも、\nわかっちゃうってことなのよ。{0E}{09}\n{02}	
05522	MAP/MAP021.BIN:01957B	2	知りたくもないことって？{0E}{09}\n{02}{01}そりゃあ、\n知らない方がいいコトのことよ。{0E}	
05523	MAP/MAP021.BIN:0195E2	2	どういうことさ？{0E}	
05524	MAP/MAP021.BIN:01960E	2	{09}{08}{02}{01}もう、ニブいんだから。{0F}いいことばかりだったらいいけど。{0E}例えば、明日悪いことが起きるのを\nわかっていたとしても、\n避けられなかったらイヤじゃない。{0E}{09}\n{02}	
05525	MAP/MAP021.BIN:0196A7	2	避けられないの？{0E}	
05526	MAP/MAP021.BIN:0196CA	2	前もってわかっていたら、\n避けられるんじゃないかなぁ。{0E}	
05527	MAP/MAP021.BIN:019712	2	{09}\n{02}{01}えっ、そうなのかなぁ・・・？{0E}{02}{16}どうだろうねえ。{0E}	
05528	MAP/MAP021.BIN:019768	2	たぶん、今あんたたちが\n言ったように、変えられることと、\n変えられないことがあったのさ。{0F}どうしようもない未来に\n悩むこともあっただろうし。{0F}何とかすれば避けられることでも、\n他の者に知らせようか\n知らせまいか迷い、{0F}悩むことだってあったのだろう。{0E}{09}{0F}{02}	
05529	MAP/MAP021.BIN:01985D	2	どうしようもないことで\n落ち込むのはわかるけど、{0E}	
05530	MAP/MAP021.BIN:0198A8	2	避けれることなら、\n教えてあげればいいじゃないか。{0E}	
05531	MAP/MAP021.BIN:0198EC	2	{02}{16}そうだね。{0E}	
05532	MAP/MAP021.BIN:01990A	1	確かにあんたの言うとおりだけど、\n現実はそうもいかないんだよ。{0F}あんただって、\n本当に起きるか起こらないか\nわからないようなことを信じるかい？{0E}人間は自分にとっていい話だったら\n喜んで聞いているけどね、{0E}	
05533	MAP/MAP021.BIN:0199EA	2	厄介な話となると、\n縁起が悪いと言って怒るのが\n関の山なんだよ。{0E}{09}	
05534	MAP/MAP021.BIN:019A2B	2	{02}{01}そうよね。{0E}{02}{16}いくら魔女だからって\n１８の娘だったんだ。{0E}	
05535	MAP/MAP021.BIN:019A76	2	自分の一言で人々が絶望したり、\n不安を持ったりするのが、\n堪えられないこともあるさ。{0E}{09}{0A}{02}	
05536	MAP/MAP021.BIN:019ACD	2	未来なんかわからない方がいいや。{0E}	
05537	MAP/MAP021.BIN:019B00	2	{09}{08}{02}{01}ジュリオったら、\nコロコロ変わるんだから。{0E}	
05538	MAP/MAP021.BIN:019B4E	2	だって今、\nそう思ったから・・・。{0E}	
05539	MAP/MAP021.BIN:019B84	2	{02}{01}おばあさん。{0F}それで白き魔女ゲルドは、\nここでも何か言い残したの？{0E}	
05540	MAP/MAP021.BIN:019BE8	2	{02}{16}ああ、言っておったよ。\nそしてそのとおりになった。{0E}	
05541	MAP/MAP021.BIN:019C42	2	そこの毒沼のことさ。{0E}	
05542	MAP/MAP021.BIN:019C7C	2	ダイスは豊かになるだろうが、\nダーツは名前さえも\n忘れられるだろうとな。{0F}その貧富の格差が\n毒沼を生むと言っておった。{10}	
05543	MAP/MAP021.BIN:019DA8	2	{02}{17}あんれ・・・旅人さんかい。{0F}こんなところに迷い込んでしまって\nどうしたんじゃ？{0E}	
05544	MAP/MAP021.BIN:019E3E	2	{02}{01}ひょっとすると、\nここの村長さんですか？{0E}	
05545	MAP/MAP021.BIN:019E7A	2	{02}{17}あーそうじゃよ。{0F}ワシは昼寝ばかりしておる\nダーツのボンクラ村長じゃ。{0E}{09}\n{02}	
05546	MAP/MAP021.BIN:019EC5	2	自分のことボンクラなんて言うの\n良くないと思うよ。{0E}	
05547	MAP/MAP021.BIN:019F08	2	{02}{17}いいんじゃよ。\n本当のことだから。{0F}この村を少し歩いただけでも、\nよーく、わかったじゃろう。\nこの村には気力というものがない。{0F}まあ、ワシに気力がないから\nこういうことになったのじゃが、\n村人は皆、どこかヒネクレとる。{0F}最悪じゃのう。{0E}{09}{10}{02}{01}みんなで元気を出して\n働けばいいじゃない。{0E}	
05548	MAP/MAP021.BIN:01A02C	2	{02}{17}その元気が\n出ないのだから仕方ない。{0E}{09}\n{02}	
05549	MAP/MAP021.BIN:01A056	2	しかたないって・・・。{0E}{09}{0E}{02}{01}隣のダイスの町ばかり\n大きくなっていくから{0F}みんな、スネちゃってるのね。{0E}{02}{17}まあ、簡単に言ってしまえば\nそういうことじゃ。{0F}	
05550	MAP/MAP021.BIN:01A104	2	初めのうちは、\nダイスにも負けない豊かな村に\nしようと、努力もしたのだがな。{0F}こうも差をつけられると、\nすっかり負け犬根性が\n身についてしまって、{0F}どうにもこうにもならん。{0E}{09}\n{02}{01}気持ちはわかるけど・・・。{0F}どこかでフン切りをつけて\n頑張ってみないとダメだと思うわ。{0E}	
05551	MAP/MAP021.BIN:01A220	2	{02}{17}なかなか、きっかけがなくてのう。{0E}{09}\n{02}{01}そんなこと言ってるからダメなのよ。{0F}じゃあ、どんな時なら\nきっかけになるっていうの？{0E}{02}{17}村のみんなが、\n一瞬でも{0F}明るくなったときかのう・・・。{0E}{09}\n{02}	
05552	MAP/MAP021.BIN:01A2D7	4	いつ明るくなるの？{0E}	
05553	MAP/MAP021.BIN:01A2FC	4	{02}{17}う～ん・・・そういえば１年に１度、キタラ弾きのトロバが{0F}来たときだけは、\nみんな一瞬だけ明るくなるなぁ。{0E}{09}{10}{02}{01}じゃあ、\nそのときが村を{0F}立て直すチャンスね。{0E}{09}	
05554	MAP/MAP021.BIN:01A398	4	{02}{04}キタラ弾きか。{0E}	
05555	MAP/MAP021.BIN:01A3BA	4	{02}{17}そうじゃ！{0F}いつも今ごろの季節になると、\nキタラ弾きがやってくるんじゃ。{0F}これは本当に、\n村を立て直すチャンスかも知れん。{0E}{09}{10}{02}	
05556	MAP/MAP021.BIN:01A437	5	そうだよ、\nがんばってよ。{0E}{02}{17}よーし、ダメでもともとじゃ。{0F}今度キタラ弾きが来たとき、\nみんなにもう１度、\n１から頑張るように言ってみよう。{0E}{09}{0A}{02}{01}がんばってね、村長さん。{10}	
05557	MAP/MAP021.BIN:01A558	2	{02}{17}あんれ・・・ルーレさん。\nよく来てくれたね。{0E}	
05558	MAP/MAP021.BIN:01A5AC	2	{02}{13}心ばかりじゃが、\nレンズ豆を持って来たよ。{0E}	
05559	MAP/MAP021.BIN:01A648	2	{02}{17}いつもすまんね。{0F}ありがたく\nいただいとくよ。{0E}ジュリオたちは\nナップ村長にレンズ豆を渡した。{0E}	
05560	MAP/MAP021.BIN:01A718	2	{02}{13}どうじゃ、ナップ村長。{0E}	
05561	MAP/MAP021.BIN:01A742	2	そろそろ昼寝村長の名前を返上して\n頑張ってみないかね？{0E}{02}{17}ああ、あんたの言うとおりじゃ。{0F}ワシがこの調子だから、\n村人たちにも気力が\nないのじゃろうなぁ。{0F}最近はワシも、\nこのままじゃいかんと\n思ってはいるのじゃがな。{0F}どうも、今ひとつ\nいいキッカケが\nつかめなくてのう・・・。{0E}{09}\n{02}{01}そんなこと言ってるからダメなのよ。{0F}じゃあ、どんな時なら\nきっかけになるっていうの？{0E}	
05562	MAP/MAP021.BIN:01A8C0	2	{02}{17}村のみんなが、\n一瞬でも{0F}明るくなったときかのう・・・。{0E}{09}\n{02}	
05563	MAP/MAP021.BIN:01AB18	2	{02}{13}スマンが、わしは\nナップ村長と話があるんでな。{0F}少し待っててもらえんかのう。{10}	
05564	MAP/MAP021.BIN:01ABCC	2	{02}{17}村人たちもやる気になっとる。{0F}このレンズ豆は\n大切に使わせてもらうよ。{0F}近い将来、毒沼はレンズ豆畑として\n生まれ変わるじゃろう。{10}	
05565	MAP/MAP022.BIN:00EDA6	6	アンビッシュの兵士	
05566	MAP/MAP022.BIN:00EDC6	2	パッシン	
05567	MAP/MAP022.BIN:00EDE6	2	ビリエ	
05568	MAP/MAP022.BIN:00EE06	2	チケット	
05569	MAP/MAP022.BIN:00EE26	2	行商人コメル	
05570	MAP/MAP022.BIN:00EEC6	2	ガイドのエクス	
05571	MAP/MAP022.BIN:00EEE6	2	トレッケ	
05572	MAP/MAP022.BIN:00EF06	2	ペルコ	
05573	MAP/MAP022.BIN:00EF26	2	リズモ	
05574	MAP/MAP022.BIN:00EF46	2	プーチ	
05575	MAP/MAP022.BIN:00EF66	2	エニー	
05576	MAP/MAP022.BIN:00EF86	2	ライゼ	
05577	MAP/MAP022.BIN:00EFA6	2	橋番ブリオ	
05578	MAP/MAP022.BIN:00EFC6	2	マール	
05579	MAP/MAP022.BIN:00EFE6	2	橋番バリオ	
05580	MAP/MAP022.BIN:00F006	4	ウドルの兵士	
05581	MAP/MAP022.BIN:00F026	2	受付嬢コール	
05582	MAP/MAP022.BIN:00F046	2	ウドルの入国係員	
05583	MAP/MAP022.BIN:00F066	2	テスタ	
05584	MAP/MAP022.BIN:00F086	2	キンバリー	
05585	MAP/MAP022.BIN:00F0A6	2	リーザ	
05586	MAP/MAP022.BIN:00F0C6	2	ガーナ	
05587	MAP/MAP022.BIN:00F0E6	2	橋番ポンテ	
05588	MAP/MAP022.BIN:00F106	2	橋番モスト	
05589	MAP/MAP022.BIN:00F126	2	サイト	
05590	MAP/MAP022.BIN:00F146	2	イテル	
05591	MAP/MAP022.BIN:00F166	2	橋番ランド	
05592	MAP/MAP022.BIN:00F25E	2	{02}{14}もう、ご存じかと思うが、\nガルガがボルトに迫っているために{0F}旅行者の入国は\n控えさせてもらってるんだ。{0F}安全が確認されるまで\nこの砦にいてくれたまえ。\n君たちの安全のためだ。{10}	
05593	MAP/MAP022.BIN:00F312	2	{02}{14}なあに、すぐに通れるようになるよ。{10}	
05594	MAP/MAP022.BIN:00F356	2	{02}{14}これはこれは。\n小さな英雄さんたち。{0F}どうか、お気をつけて\n行ってらしてください。{10}	
05595	MAP/MAP022.BIN:00F3BC	2	{02}{14}モリスン様。\nお話はうかがっております。{0F}どうか、お気をつけて\n行ってらしてください。{10}	
05596	MAP/MAP022.BIN:00F41C	2	{02}{14}どうか、お気をつけて\n行ってらしてください。{10}	
05597	MAP/MAP022.BIN:00F47A	2	{02}{04}なあ、兵隊さん。\n俺たちは急いでるんだ。{0F}通してもらえないか？{0E}{02}{14}それはできん。{0F}ガルガの騒動に\n巻き込まれたらどうする。{0F}もう、ガルガはそこまで\n来ているんだぞ。{10}	
05598	MAP/MAP022.BIN:00F524	2	{09}\n{02}{01}ねえ、通してくれない？{0E}{02}{14}ダメだ。\nダメだ。ダメだ。{0F}ダメだ。ダメだ。ダメだ。{10}	
05599	MAP/MAP022.BIN:00F57A	2	{09}\n{02}{01}ねえ。{0E}{02}{14}ダメだ。{0E}{09}\n{02}	
05600	MAP/MAP022.BIN:00F594	2	通してよ。{0E}{02}{14}ダメだ。ダメだ。{0E}{09}	
05601	MAP/MAP022.BIN:00F5B4	1	{02}{04}そこをなんとか。{0E}{02}{14}ダメだ。ダメだ。ダメだ！{0E}{09}{09}{02}{01}ケチッ！{0E}{02}{14}ダメだって言ってるだろ！{10}	
05602	MAP/MAP022.BIN:00F61A	2	{02}{14}なんだ、砦に戻るのか？{0F}入れてやってもいいけど、\nまた出るときには\n俺と追いかけっこしなきゃ{0F}ダメだぞ。{10}	
05603	MAP/MAP022.BIN:00F68A	2	{02}{14}今度はこの前みたいに\n簡単には逃がさないぞ！{10}	
05604	MAP/MAP022.BIN:00F6C8	2	{02}{14}そうか・・・。{0F}この子たちがアンビッシュ国を\n救ってくれたのか・・・。{10}	
05605	MAP/MAP022.BIN:00F718	2	{02}{14}無理して止めなくて、\n本当に良かった・・・。{10}	
05606	MAP/MAP022.BIN:00F774	2	{02}{15}記念品は何かなー。\nけっこう重たいぞ。{0F}石けんかなぁ。{10}	
05607	MAP/MAP022.BIN:00F7B0	2	{02}{15}いいなぁ。\n記念品は何だった？{10}	
05608	MAP/MAP022.BIN:00F80E	2	{02}{15}さっき橋の所であったね。\n僕はパッシン。{0E}{09}\n{02}	
05609	MAP/MAP022.BIN:00F83C	2	ボクたち、\nこの砦で足止めされちゃったんだ。{0E}{09}\n{02}{01}急いでボルトに行きたいんだけど。\nこの砦から出る方法はないかしら？{0E}{02}{15}ああ、ガルガが来るって\nアンビッシュ国は大騒ぎだからね。{0E}{09}	
05610	MAP/MAP022.BIN:00F8EA	2	{02}{04}わけあって、そのガルガより先に、\nどうしてもボルトに着きたいんだ。{0F}何とかこの砦から出る方法は\nないかい？{0E}{02}{15}う～ん。\nそうかい。{0F}それは困ったねぇ。\nそうだなぁ・・・。{0F}兵士たちを説得するのは\n無理だろうから\n門番のスキをついて{0F}突破するしかないだろうね。{0E}{09}	
05611	MAP/MAP022.BIN:00F9E6	2	{02}{04}それは、過激な作戦だな。{0E}	
05612	MAP/MAP022.BIN:00FA12	2	{09}{10}{02}{01}面白そうじゃない。{0E}	
05613	MAP/MAP022.BIN:00FA48	2	そんな作戦で、\nいいのかなぁ・・・。{0E}	
05614	MAP/MAP022.BIN:00FA8A	2	{02}{15}東の門番は意外と気が短いんだ。\nそこがつけめだ。{0F}門番の気をそらしてごらん。\nきっと、持ち場をはなれるよ。\nそうすりゃ出口はガラ空きだ。{0F}うまく誘導すれば、\nそのまま突破できるんじゃ\nないかなあ。{0E}{09}{10}{02}{01}それよ。{0E}	
05615	MAP/MAP022.BIN:00FB80	2	{02}{04}やってみるか。{0E}{09}	
05616	MAP/MAP022.BIN:00FBF0	2	{02}{15}それはそうと、\nひと足ちがいで記念品を{0F}もらっちゃって悪かったね。{10}	
05617	MAP/MAP022.BIN:00FC3C	2	{02}{15}２万人目の記念品は\n君たちにゆずるよ。{10}	
05618	MAP/MAP022.BIN:00FC74	2	{02}{15}それはそうと、\n記念品はどうだった？{10}	
05619	MAP/MAP022.BIN:00FCA4	2	{02}{15}２万人目のときの記念品は、\n僕がもらいたいな。{10}	
05620	MAP/MAP022.BIN:00FCE4	2	{02}{15}よう、また会ったな。\n無事だったかい。{0F}あれ？\n剣士の兄ちゃんは・・・？{0E}{09}	
05621	MAP/MAP022.BIN:00FD30	2	ガルガと戦ってケガしたんだ。{0F}でも、大丈夫だよ。\nアンデラ城で、ゆっくりしてるから。{0E}{02}{15}マジでガルガと戦ったのか・・・。\nすっげーなぁ。{10}	
05622	MAP/MAP022.BIN:00FDBE	2	{02}{15}君たちにくらべると\n何にもしなかった自分が{0F}はずかしく思えるよ。{10}	
05623	MAP/MAP022.BIN:00FE18	2	{02}{16}アンビッシュ国は\nガルガが襲ってくるかも{0F}知れないってんで\nてんやわんやの大騒ぎだ。{0F}そうそう、\nネルバから特注のカンテラが\nいくつも船で届いたそうだ。{0F}なんでもガルガを炎の明かりで\n誘導するんだってよ。\nそんな方法で大丈夫なのかなぁ。{10}	
05624	MAP/MAP022.BIN:00FF08	2	{02}{16}ガルガはバカでかいんだろ。{0F}カンテラの炎なんかに\n誘導されるのかなぁ・・・。{10}	
05625	MAP/MAP022.BIN:00FF5A	1	{02}{16}ガルガが海へ帰ったんだってな。{0F}まさか、カンテラの炎で\n誘導できるとは、思わなかったなぁ。{10}	
05626	MAP/MAP022.BIN:00FFCE	2	{02}{17}あなたたちもボルトの方に\n御用があるの？{0F}私も行くつもりでいたのだけど、\nガルガ騒ぎのおかげで\n足止めをさせられちゃったわ。{10}	
05627	MAP/MAP022.BIN:010052	2	{02}{17}いったい、\nいつまで待てば{0F}通してもらえるのかしらね。{10}	
05628	MAP/MAP022.BIN:01008E	1	{02}{17}ガルガも、いなくなったことだし、{0F}ボルトへいそがなくっちゃ。{10}	
05629	MAP/MAP022.BIN:0100DC	2	{02}{18}私も足止めをくらってしまったんだ。{0F}私は行商人のコメルです。\n何か必要な物があったら用立てるけど品物を見てみるかい？{10}	
05630	MAP/MAP022.BIN:010160	1	{02}{18}ガルガ騒ぎのせいで、\nだいぶ足止めをくらってしまったよ。{0F}何か必要な物があったら用立てるけど品物を見てみるかい？{10}	
05631	MAP/MAP022.BIN:0101DA	2	{02}{18}また来てくださいね。{10}	
05632	MAP/MAP022.BIN:010260	2	{02}{18}何をお求めでしょうか？{10}	
05633	MAP/MAP022.BIN:01027E	1	{02}{18}ありがとうございます。{0F}{08}ですと\n全部で{06}になりますが、\nよろしいですか？{10}	
05634	MAP/MAP022.BIN:0102CC	2	{02}{18}何を引き取りましょうか？{10}	
05635	MAP/MAP022.BIN:0102EC	2	{02}{18}{08}でしたら\n{06}になります。{10}	
05636	MAP/MAP022.BIN:010310	2	{02}{18}１ゴアあたり{06}で\nお引き取りいたします。{10}	
05637	MAP/MAP022.BIN:01033E	2	{02}{18}{06}になります。{10}	
05638	MAP/MAP022.BIN:010354	2	{02}{18}それは、残念です。{10}	
05639	MAP/MAP022.BIN:01036E	2	{02}{18}ラピカがたまりましたら、\nまた来てください。{10}	
05640	MAP/MAP022.BIN:0103A2	2	{02}{18}他に何か必要なものはあるかい？{10}	
05641	MAP/MAP022.BIN:0103C8	2	{02}{19}私たちは海を渡らずに西回りで大陸を下って帰ってきたんだが、{0F}ギドナ国に面した国境に、\nヤケに大勢の兵士たちがいたなぁ。{0F}まさか、戦争を\n始めるつもりじゃないとは思うけど、フォルティア国の王様は{0F}何を考えているのだろうね。{10}	
05642	MAP/MAP022.BIN:0104B6	2	{02}{1A}まあ、お元気そうね。{0F}巡礼の旅は順調に\n進んでいるのかしら？{0E}{09}	
05643	MAP/MAP022.BIN:0104F7	2	うん、バッチリだよ。{0E}{02}{1A}巡礼の旅、頑張ってくださいね。{10}	
05644	MAP/MAP022.BIN:01053A	2	{02}{1A}巡礼の旅、頑張ってくださいね。{10}	
05645	MAP/MAP022.BIN:01056A	2	{02}{1B}あっ、お兄ちゃんに、お姉ちゃん。\nまた会ったね。{10}	
05646	MAP/MAP022.BIN:0105AA	2	{02}{1B}ボクさぁ、ラップ様に\n会ってきたんだよ。{10}	
05647	MAP/MAP022.BIN:0105DA	2	{02}{1C}あたいのなまえはアンジー。\nダーツのカンバンむすめだよ。{10}	
05648	MAP/MAP022.BIN:01061A	2	{02}{1D}あら？{0F}お客様たちは、\nはじめからいましたっけ？{10}	
05649	MAP/MAP022.BIN:010650	2	{02}{1E}本当に立派な橋だなー。{10}	
05650	MAP/MAP022.BIN:010678	2	{02}{1F}この橋の高さが\nどのくらいあるか知ってる？{0F}{09}	
05651	MAP/MAP022.BIN:0106A8	2	知らないよ。\nどのくらいなの？{0F}{02}{1F}へへ。\nオイラも知らないんだ。{10}	
05652	MAP/MAP022.BIN:0106F0	2	{02}{1F}高いところにいると\nどうして足が{0F}ムズムズするんだろう。{0E}{09}	
05653	MAP/MAP022.BIN:01072D	2	そんなのも、知らないの？{0E}{02}{1F}ね、どうして？{0E}{09}{0A}{02}	
05654	MAP/MAP022.BIN:01075B	2	ボクも知らない。{10}	
05655	MAP/MAP022.BIN:010774	2	橋も立派だけど、\nこの辺りの景色は格別だねー。{10}	
05656	MAP/MAP022.BIN:0107AA	2	本当に素晴らしい景色ね。{0F}新婚旅行でもう１度、\nここに来てみたいわ。{10}	
05657	MAP/MAP022.BIN:0107F4	2	う～。\nあたしにも飛べそうな気がする。{0E}{09}{0A}{02}{01}も、もう少し\n大きくなってからにしたら？{10}	
05658	MAP/MAP022.BIN:01084E	2	ほほーう。{0F}ふむ。{0F}はは～ん。{10}	
05659	MAP/MAP022.BIN:01089A	2	惜しかったなぁ。{0F}１万人目だったら、\n記念品がもらえたのにね。{10}	
05660	MAP/MAP022.BIN:0108E2	2	さっきは残念だったね。{0F}まぁ、今回はあのおじさんに\n花を持たせてやれよ。{10}	
05661	MAP/MAP022.BIN:01093E	1	おっ　さっきの人たちだね。\n石けんは役に立ってるかい？{10}	
05662	MAP/MAP022.BIN:010980	2	ほんとによかったね。{10}	
05663	MAP/MAP022.BIN:0109AA	2	たまには、こんなのもいいね。{0F}毎日橋に立ってると\nそりゃあ退屈なもんだよ。{10}	
05664	MAP/MAP022.BIN:0109FE	2	俺たちにも何かくれないかな。{10}	
05665	MAP/MAP022.BIN:010A2C	2	やあ、お通りですか。{0F}どうぞ、どうぞ、\nこの橋はいつだって無料ですから。\n御自由に通ってください。{10}	
05666	MAP/MAP022.BIN:010A98	2	それにしてもヘンだなぁ。{0F}今日は橋を渡る人が\nなんだか少ないなぁ・・・。{10}	
05667	MAP/MAP022.BIN:010AF0	2	残念でしたね。{0F}２万人目のときは\nもっと豪華な記念品を\n用意できると思います。{10}	
05668	MAP/MAP022.BIN:010B44	2	おめでとうございました！{10}	
05669	MAP/MAP022.BIN:010B6E	2	ボルトの方は\nガルガ騒ぎで大変らしいよ。{10}	
05670	MAP/MAP022.BIN:010BA8	1	ボルトの方のガルガ騒ぎも\n収まったようですね。{10}	
05671	MAP/MAP022.BIN:010BE2	2	ガルガがおとなしく海に帰って\nとにかく、よかった、よかった。{10}	
05672	MAP/MAP022.BIN:010C30	1	こちらは、ウドル国\n風谷の関所です。{10}	
05673	MAP/MAP022.BIN:010C5C	1	ウドル国への入国希望ですね。{0F}この風谷の関所では、\n出入国者の書類を作成しています。{0F}窓口で書類に\n必要事項を記入して下さい。{10}	
05674	MAP/MAP022.BIN:010CE8	2	書類ができるまで\n通過は許可されませんので{0F}注意してくださいね。{10}	
05675	MAP/MAP022.BIN:010D2E	2	通行許可が出ましたか。\nそれはよかった。{10}	
05676	MAP/MAP022.BIN:010D72	1	まだ、入国手続きが\n終わっていないようだね。{0F}窓口で書類を作成してきてよ。{10}	
05677	MAP/MAP022.BIN:010DCC	2	まだ、君たちの書類は\nできてないみたいだね。{0F}待合所で待っててよ。{10}	
05678	MAP/MAP022.BIN:010E18	2	まずは、窓口で手続きをしてよ。\nでないと通行許可はおりないよ。{10}	
05679	MAP/MAP022.BIN:010E5E	2	書類が出来たようだね。\n気をつけて行くんだよ。{10}	
05680	MAP/MAP022.BIN:010E94	1	ウドル国は\n入国手続きが厳しいんだ。{0F}面倒だろうけど、ガマンしてよ。{10}	
05681	MAP/MAP022.BIN:010F2E	2	{02}{01}私たち、シフールに\n行きたいんですけど。{0E}{02}(では窓口で、\n書類に記入してくださいね。{0E}{09}	
05682	MAP/MAP022.BIN:010F86	2	書類？{0E}	
05683	MAP/MAP022.BIN:010FAE	2	{09}\n{02}{01}ここの関所は厳しいのね。{0E}	
05684	MAP/MAP022.BIN:010FFE	2	{02}{07}オルドス国が\n近いからでございます。{0E}	
05685	MAP/MAP022.BIN:011072	3	窓口は３ヶ所ありますから\nすいてる所ですませて下さいね。{10}	
05686	MAP/MAP022.BIN:01110C	1	手続きは、すみました？{0F}でしたらそちらの椅子で\nお待ち下さい。{10}	
05687	MAP/MAP022.BIN:011150	2	通行許可がおりたんですね。{0F}ウドル国での旅が\nいい思い出となりますように。{10}	
05688	MAP/MAP022.BIN:0111AA	2	あっ、すまないね。{0F}ここはまだ書類を作るのに\n時間がかかると思うから\n別の窓口でやってもらってよ。{10}	
05689	MAP/MAP022.BIN:011212	2	はぁ～。{0F}書類の山に埋もれそうだ。\nいやいや、がんばるぞ！{10}	
05690	MAP/MAP022.BIN:011270	1	いま、この人の手続きを\nしているんだ。{0F}申し訳ないが、他の窓口に\n行ってみてくれないか？{10}	
05691	MAP/MAP022.BIN:0112CE	1	{02}{01}すいません。{0F}ウドル国への入国手続きは\nここでいいの？{0E}{02})ここは、まだまだ時間が\nかかりそうなんだ。{0F}申し訳ないが、\nほかの窓口でお願いします。{10}	
05692	MAP/MAP022.BIN:011362	2	君たちは巡礼の旅人だったのか。{0F}普通は手続きに\nもっと時間がかかるんだよ。{10}	
05693	MAP/MAP022.BIN:0113B2	4	くれぐれも魔獣には、\n気をつけて下さいね。{0F}よい旅を！{10}	
05694	MAP/MAP022.BIN:01140C	2	書類が山ほどあるんだよ。\nもうチョット待っててくれないか。{10}	
05695	MAP/MAP022.BIN:01148E	2	{02}{01}ウドル国への入国手続きは\nここでいいの？{0E}{02})はい、いいですよ。{0F}そこの書類に住所と\n入国理由を書いてください。{0E}	
05696	MAP/MAP022.BIN:011516	2	大変なんだね。{0E}	
05697	MAP/MAP022.BIN:01153C	2	ボクたち巡礼の旅で\nオルドス国に行くだけなのに。{0E}{02})えっ、巡礼の旅。\nどこから来たんだい？{0E}	
05698	MAP/MAP022.BIN:0115AE	2	{02}{01}フォルティア国の\nラグピック村よ。{0E}	
05699	MAP/MAP022.BIN:0115EC	2	なんだ。それだったら\n君たちが書類を書く必要はないよ。{0F}銀の短剣を持ってるよね。\nそれを見せてくれれば\nこっちで書類を作るから。{0F}もちろん同行者もオッケーさ。{0E}	
05700	MAP/MAP022.BIN:0116F8	1	{02}{07}さすがに銀の短剣の\n効力はすごいですな。{0E}{02})たしかに巡礼の旅人だ。{0E}{02})すぐに済むから\n待合所で待っててよ。{0F}書類ができ次第、呼びにいくからね。{10}	
05701	MAP/MAP022.BIN:0117A6	1	すぐに済むから\n待合所で待っててよ。{0F}書類ができ次第、呼びにいくからね。{10}	
05702	MAP/MAP022.BIN:01183A	2	ごめんよ、時間がかかって。{0F}俺って、すぐに字を\nまちがえるんだよ。{10}	
05703	MAP/MAP022.BIN:011886	2	あっ！\nまちがえた！{10}	
05704	MAP/MAP022.BIN:0118A2	2	いやあ、ダイスで大儲けしてね。\nうっしっし、だよ。{10}	
05705	MAP/MAP022.BIN:0118DC	2	まったく、ここに来るたび\nイライラするわ。{0F}私の名前って、うんざりするほど\n長いんだもの。{0F}私の名前、聞きたい？{10}	
05706	MAP/MAP022.BIN:01195E	2	賢明ね。\nやめといた方がいいわ。{10}	
05707	MAP/MAP022.BIN:011986	2	いいわ。\n聞かせてあげる。{0E}{02},私の名前はね、{0F}リーウィッド・ザ・カイン・\nランキャス・エリザベータ・ティア・カンナ・フォーシズって、いうの。{0E}{09}\n{02}{01}・・・どこまでが\nファーストネームなのかしら。{10}	
05708	MAP/MAP022.BIN:011A48	2	私の婚約者がね、\nこの関所で働いてるの。{0F}今日は、彼のために\nお弁当を作ってきたの。{0E}{09}{0A}{02}{01}わぁ、すてき。{0F}婚約者って、どの人？{0E}{02}-ふふ。ないしょ。{10}	
05709	MAP/MAP022.BIN:011AE6	2	いい旅のみやげ話になると思うよ。{0F}じっくり景色を楽しんで\n渡ってください。{10}	
05710	MAP/MAP022.BIN:011B40	2	はい、どうぞ。\nお通りください。{0E}{09}	
05711	MAP/MAP022.BIN:011B62	2	{02}{01}今日、お年寄りで、\nここを通って\n橋を渡った人いる？{0E}{02}.いや、いないよ。\nどうかしたの？{0E}{09}	
05712	MAP/MAP022.BIN:011BBB	2	{02}{01}ううん。いいの。{0E}{09}\n{02}	
05713	MAP/MAP022.BIN:011BD2	2	ゾーッ・・・。{10}	
05714	MAP/MAP022.BIN:011BEC	2	この橋は観光料金は取らないけど、\n渡る人の数は調べているからね。{0F}間違いはないと思うよ。{10}	
05715	MAP/MAP022.BIN:011C5E	2	昔はこの橋がなかったんで\nアンビッシュ国側に行くのが{0F}大変だったって話だよ。{0F}オルドス国は通り抜けられないし、\n旅人はウドル国まで遠回りして、\n陸づたいに行くしかなかったんだ。{10}	
05716	MAP/MAP022.BIN:011D16	2	それにしても人間の力って\nたいしたもんだよね。{0F}こんな橋を造っちまうんだから。{10}	
05717	MAP/MAP022.BIN:011D6A	2	昼間から幽霊なんて出ないよ。\nあっはっはっはっ・・・。{10}	
05718	MAP/MAP022.BIN:011DB2	2	いやあー、立派な橋ですよねー。{0F}田舎に帰って自慢することが、\nまた１つ増えましたよ。{0F}どこで弁当にしようかなぁ。{10}	
05719	MAP/MAP022.BIN:011E2C	2	なにより天気がいいのがいい。{10}	
05720	MAP/MAP022.BIN:011E64	2	私はアンビッシュ国の方から来たの。{0F}あなたたちは、\nこれからあちらに？{0E}{09}	
05721	MAP/MAP022.BIN:011EAD	2	うん。\nこれから橋を渡るんだ。{0E}{02}1じゃあ、気をつけた方がいいわよ。{0F}港町ボルトでは\nガルガが襲ってくるかも知れないってもっぱらの噂よ。{0F}アンデラ城からは兵隊が\nいっぱい来てるし、\nこれから大決戦が始まるって{0F}感じだったわ。\nあまり海ぞいを行かない方が\nいいわよ。{0E}{09}	
05722	MAP/MAP022.BIN:011FAC	2	{02}{04}そうか。{0F}まだガルガは\nあらわれていないようだな。{0E}{09}	
05723	MAP/MAP022.BIN:011FE1	2	{02}{01}間に合いそうね。{10}	
05724	MAP/MAP022.BIN:012000	2	ガルガになんて\n関わり合わない方がいいわよ。{10}	
05725	MAP/MAP022.BIN:012034	1	ガルガの騒ぎが収まってから、\n急に三都橋を訪れる人が減ったわね。{10}	
05726	MAP/MAP022.BIN:012086	1	ときどき、ガルガを一目みようと{0F}ボルトへ行こうとする\nヤジウマがいるんだよ。{0F}まったく、\nなにを考えているんだか・・・。{10}	
05727	MAP/MAP022.BIN:012102	1	ガルガ騒ぎが収まってから、{0F}橋を渡る人が\n少なくなったような気がするなぁ。{0F}まぁ、そのうち人通りも\nまた増えるだろう。{0F}気にしない、気にしない。{10}	
05728	MAP/MAP022.BIN:012196	2	フッフッフッフッフッ・・・。\n我が輩の名はカシム。{0F}こいつは、\nネコのヴァルキュリアだ。{0F}ほら、ユーザーにご挨拶おし。{0E}－ヴァルキュリア－\nニャーゴ・・・。{0F}ゴロニャーン。{0F}ニャニャン、ニャーゴニャン。{0E}{02}5フッフッフッ。\nその通りだ、ヴァルキュリアっ！{0F}早速、イザベル様にご報告しよう。{10}	
05729	MAP/MAP022.BIN:0122B2	2	{02}{03}おいらはグース。{0F}何度もフラレたって\n気にしない、気にしない。{10}	
05730	MAP/MAP022.BIN:0122F8	1	{02}{13}ふぅ・・・。\n久方ぶりに遊んだわい。{10}	
05731	MAP/MAP022.BIN:0123D2	2	あれ？\n何だろう。{10}	
05732	MAP/MAP022.BIN:01242A	2	{02}{1D}は～い、みなさーん。{0F}聞いてくださーい。{0E}	
05733	MAP/MAP022.BIN:01245E	2	説明しますよー。{0E}	
05734	MAP/MAP022.BIN:012478	2	では、この750ミロもある三都橋の\n名前の由来から、ご説明しましょう。{0E}えー、そもそも。\nこの橋が三都橋と\n名付けられたのはですね。{0F}橋を造るとき、\nチャノム国、アンビッシュ国、\nそしてオルドス国。{0E}	
05735	MAP/MAP022.BIN:01253E	2	この３つの国が\nお金を出したからです。{0F}３つの国が出資した橋だから三都橋。わかりやすいでしょ。{0E}{02}#ほほーう。\nなるほどのう・・・。{0E}	
05736	MAP/MAP022.BIN:0125C6	2	{02}{1D}何かご質問は？{0E}	
05737	MAP/MAP022.BIN:0125F4	2	は～い。{0E}{02}{1D}はい、そこの方どうぞ。{0E}{09}	
05738	MAP/MAP022.BIN:01261A	1	チャノム国とアンビッシュ国が\nお金を払ったのはわかるけど、{0F}オルドス国は橋がつながってないのにどうしてお金を払ったんですか？{0E}{02}{1D}はい。いい質問ですね。{0E}それはですね。{0F}本来、オルドス国を突っ切れば２国間の往来は多少短くなったのですが{0E}	
05739	MAP/MAP022.BIN:012708	2	オルドス国は町の性格上、\n一般の人を通せない。{0F}あそこは賢者たちの町ですからね。{0E}	
05740	MAP/MAP022.BIN:012760	2	そこはさすがに賢者たちです。{0F}何もしないで\n無視しているのも気の毒だと、{0F}援助金を出して\n協力してくれたわけです。{0E}{02}#ほほーう。\nなるほどのう・・・。{0E}{02}{1D}は～い、こっちに\n移動してくださーい！{10}	
05741	MAP/MAP022.BIN:012990	1	{02}{1D}中島をご覧ください。\n見事な景色でしょ。{0E}{09}{0A}{02}	
05742	MAP/MAP022.BIN:0129BE	1	わー、すごいや！{0E}{09}{0A}{02}{01}本当、ステキね。{0E}{02}{1D}この中島こそ{0F}ティラスイール三景に\n数えられる魔女の踏み石です。{0E}	
05743	MAP/MAP022.BIN:012A38	2	この橋ができる前、{0F}魔女がこの島を踏み石にして\nポン、ポン、ポーン！と、{0F}アンビッシュ国側に渡ったという\n伝承が残っております。{0E}{09}	
05744	MAP/MAP022.BIN:012AB9	2	ふーん。{0E}{09}{0F}{02}{01}また、魔女だ・・・。{0E}	
05745	MAP/MAP022.BIN:012AF8	2	{02}{04}それほど気にすることはない。{0E}	
05746	MAP/MAP022.BIN:012B32	1	ティラスイールのどこに行ったって\n魔女の話を聞くのは当然だ。{0F}魔女はティラスイール中を\nくまなく歩き回ったんだからな。{0E}さあ、時間がない。\n俺たちは先を急ごう。{10}	
05747	MAP/MAP022.BIN:012C4C	2	{09}\n{02}{01}ねぇ、本当に人通りが少ないわね。\nなんだか不気味ね。{0E}{09}\n{02}	
05748	MAP/MAP022.BIN:012C88	2	くるときは、あんなに人通りが\nあったのにね。{0E}	
05749	MAP/MAP022.BIN:012CD4	2	{02}{07}クリス様、何かを感じませんか？{0E}	
05750	MAP/MAP022.BIN:012D0E	2	{02}{01}えっ、何かって？{0E}	
05751	MAP/MAP022.BIN:012D34	2	{02}{07}チャッペル魔法の使い手の方なら、\n私より通常とは違う気配を{0F}おわかりになるかと思ったのですが。{0E}{09}\n{02}{01}う～ん。{0F}よくわからないけど、\n何となく不気味な雰囲気は感じるわ。{0E}{09}	
05752	MAP/MAP022.BIN:012DDA	2	{02}{07}不気味な感じですか。{0F}それは、ひょっとすると、\n何かの警戒信号のようなものかも\n知れませんね。{0F}気をつけるに\n越したことはないでしょう。{0E}	
05753	MAP/MAP022.BIN:012F0E	1	{02}{11}あの者たちがガルガ計画を\n妨害した奴らか・・・。{0F}それほどの力があるとは思えないが、ご報告だけはしておくとしようか。{0E}	
05754	MAP/MAP022.BIN:012F9E	1	フッフッフッフッフッ・・・。\n	
05755	MAP/MAP022.BIN:012FFC	1	{02}{04}ジュリオ。\n早いとこ、ボルトに向かおうぜ。{10}	
05756	MAP/MAP022.BIN:0130B6	1	{02}{04}おいおい、ジュリオ！\nダイスには、もう用はないだろ。{0F}さっさとボルトへ向おうぜ！{10}	
05757	MAP/MAP022.BIN:01319E	3	{02}{1C}いないなぁ～。\n今年はこないのかなぁ～。{0E}	
05758	MAP/MAP022.BIN:0131D6	3	そろそろ吟遊詩人のトロバが\nくる季節なのにね。{10}	
05759	MAP/MAP022.BIN:01321C	3	{02}{1C}ちぇっ。つまんないの。\nダーツに帰ろーかなぁ。{10}	
05760	MAP/MAP022.BIN:01338E	2	ちょ、ちょっとルーレじいさん！\nどこいくのさ？{0E}	
05761	MAP/MAP022.BIN:0133E0	2	{02}{13}こっちじゃ、こっち。{10}	
05762	MAP/MAP022.BIN:0134C6	2	{02}{04}おいおい、ジュリオ{0E}	
05763	MAP/MAP022.BIN:013506	1	そっちはウドル国に抜ける\n風谷の関所だぜ。{10}	
05764	MAP/MAP022.BIN:013568	1	チャノム国－ウドル国　風谷の関所	
05765	MAP/MAP022.BIN:0135A6	1	{02}{07}ジュリオ様。{0F}オルドス国へは、\nこの風谷の関所を抜けずして\n行くことはかないません。{10}	
05766	MAP/MAP022.BIN:013684	2	おめでとうございます！{0E}	
05767	MAP/MAP022.BIN:0136C2	2	え？{0E}{02}%あなた方は、記念すべき\n三都橋通過者１万人目です！{0E}	
05768	MAP/MAP022.BIN:01370E	2	はい。記念品をプレゼントします。{0E}	
05769	MAP/MAP022.BIN:013736	2	ジュリオたちは記念品を\nもらいました。{0E}	
05770	MAP/MAP022.BIN:013786	2	おめでとうごさいました！{0E}	
05771	MAP/MAP022.BIN:0137B6	2	{02}{15}あ～ぁ・・遅かったか！{0E}{02}{15}チャノム国の橋番の人が{0F}１万人目が\nもうすぐだって言ってたから\n急いで来たのに。{10}	
05772	MAP/MAP022.BIN:0138E0	2	惜しかったねぇ。{0F}あと少し早ければ\nちょうど１万人目だったのに。{0E}	
05773	MAP/MAP022.BIN:01392E	2	あなたは記念すべき\n三都橋利用者１万人目です。{0E}	
05774	MAP/MAP022.BIN:0139A8	2	はい、これは記念品です。\nおめでとうございます！{0E}{02}{15}やった、\n	
05775	MAP/MAP022.BIN:013A0E	2	わ～い、\nやったぞーっ！{0E}	
05776	MAP/MAP022.BIN:013B06	8	{02}{04}なあ、兵隊さん。\n俺たちは急いでるんだ。{0F}通してもらえないか？{0E}{02}{14}それはできん。\nガルガの騒動に\n巻き込まれたらどうする。{0F}もう、ガルガはそこまで\n来ているんだぞ。{10}	
05777	MAP/MAP022.BIN:013C6A	8	{09}\n{02}{01}ねえ。{0E}{02}{14}ダメだ。{0E}	
05778	MAP/MAP022.BIN:013C98	8	通してよ。{0E}{02}{14}ダメだ。ダメだ。{0E}	
05779	MAP/MAP022.BIN:013CCC	7	{02}{04}そこをなんとか。{0E}{02}{14}ダメだ。ダメだ。ダメだ！{0E}{09}{09}{02}{01}ケチッ！{0E}	
05780	MAP/MAP022.BIN:013DB2	8	{02}{14}ダメだって言ってるだろ！{10}	
05781	MAP/MAP022.BIN:014178	4	{02}{14}ダメだって言ってるだろ！{0E}	
05782	MAP/MAP022.BIN:0141D4	4	なかなかうまくいかないなー。{0E}{09}\n{02}{01}ジュリオの誘導がヘタなのよ。{0E}{09}	
05783	MAP/MAP022.BIN:014214	4	{02}{04}よし、もう１度挑戦だ！{10}	
05784	MAP/MAP022.BIN:0142E0	3	{02}{14}！！！{10}	
05785	MAP/MAP022.BIN:01444C	2	{02}{01}ここが三都橋の入口ね。{0F}うわー。\n何だか、すごく立派な造りだわ。{0E}{09}	
05786	MAP/MAP022.BIN:01448F	1	{02}{04}チャノム国と\nアンビッシュ国をつなぐ、{0F}ティラスイール最大の大橋だ。{0E}	
05787	MAP/MAP022.BIN:014520	2	初めて通ったときは、\n俺も感動したよ。{0E}	
05788	MAP/MAP022.BIN:014596	1	いらっしゃい。\n三都橋へようこそ。{0F}橋の見学ですか？{10}	
05789	MAP/MAP022.BIN:0145DE	2	それでは橋を渡り\nアンビッシュ国に入国しますか？{0E}	
05790	MAP/MAP022.BIN:014624	2	では、橋の見学ですね？{0E}	
05791	MAP/MAP022.BIN:014650	2	こらこら。{0F}大人をからかっちゃ、\nダメだよ。{0E}	
05792	MAP/MAP022.BIN:014688	2	ボクたち見学だけでいいや。{0E}	
05793	MAP/MAP022.BIN:0146B4	2	{09}\n{02}{01}なに言ってるの、ジュリオ。{0E}	
05794	MAP/MAP022.BIN:0146EE	1	私たちアンビッシュ国に\n行くんでしょ。{0F}もう、ときどき寝ぼけたこと\n言うんだから。\nこまっちゃうわねえ。{0E}	
05795	MAP/MAP022.BIN:014764	2	アンビッシュ国に入国します。{0E}	
05796	MAP/MAP022.BIN:014790	2	うん、入国します。{0E}	
05797	MAP/MAP022.BIN:0147BC	1	はい、入国ですね。\nどうぞお通り下さい。{0E}	
05798	MAP/MAP022.BIN:01480C	2	あれ、お金はいらないの？{0E}	
05799	MAP/MAP022.BIN:014838	2	この橋は観光税はかかりませんし\n通行証も必要ありません。{0F}ただ、橋を通過する人の人数を\nチェックしているだけですよ。{10}	
05800	MAP/MAP022.BIN:01492C	2	はい、お疲れさまでした。{0F}それにしても、\n今日は橋を渡る人が少ないなぁ。{0E}{09}	
05801	MAP/MAP022.BIN:014977	1	本当にそうだね。{0F}ボクたちも、\nさっきおじいさん１人と\nすれ違っただけだもの。{0E}{02}/おじいさん？\nおかしいな・・・。{0F}今日はおじいさんなんて、\n通ってないのになぁ。{0E}{09}\n{02}	
05802	MAP/MAP022.BIN:014A17	2	えっ、だって・・・ボクたち、\nさっき橋の上で{0F}会ったばかりだよ。{0E}{02}/またぁ、冗談を言って\nおじさんを脅かそうとしてるね。{0F}あやうく引っ掛かるとこだった。\nそれが本当なら幽霊だよ。\nあはははは・・・。{10}	
05803	MAP/MAP022.BIN:014C6C	2	今の見た！？{0E}	
05804	MAP/MAP022.BIN:014CAA	2	{02}{01}え？{0E}{09}{0F}{02}	
05805	MAP/MAP022.BIN:014CB5	2	おじいさんが、\n消えちゃったんだよ！{0E}{09}{0A}{02}{01}やぁねぇ。\n歩きながら、いねむりでもしてたの？{0E}	
05806	MAP/MAP022.BIN:014D3E	2	そうだよね。\n人が消えるわけ、ないもんね。{10}	
05807	MAP/MAP022.BIN:01578E	1	{02}{07}そちらはチャノム国でございます。{0F}ウドル国へは、\n風谷の関所を抜けずして行くことは\nかないませぬ。{10}	
05808	MAP/MAP022.BIN:0158B6	1	{02}{07}申し訳ありません。\nこちらはチャノム国への道です。{10}	
05809	MAP/MAP022.BIN:015990	2	あっ！\nシノンさん！{0E}	
05810	MAP/MAP022.BIN:015A06	2	{02}{19}おや、君たち。\nラグピック村の・・・。{0E}	
05811	MAP/MAP022.BIN:015A58	2	うん。そうだ、そうだ。\nまた会えるなんて、奇遇ですね。{0E}{09}	
05812	MAP/MAP022.BIN:015A90	2	{02}{01}ラグピック村の、緑の高原で\n会ったのよね。{0E}{09}	
05813	MAP/MAP022.BIN:015AC0	2	ラップじいさんに会いに行くって\n言ってたね。{0E}	
05814	MAP/MAP022.BIN:015AF4	2	{02}{19}ええ、さすがはラップ様。\n今も元気でお暮らしでした。{0F}再びお会いして、\nお世話になったときの\nお礼を言うのが念願でしたからね。{0F}肩の荷が下りた思いです。{0E}{09}\n{02}	
05815	MAP/MAP022.BIN:015B8E	1	そういえば、ラップじいさんのことを大魔法使いとか言ってたよね。{0E}	
05816	MAP/MAP022.BIN:015BDC	1	{02}{19}ええ。{0F}ラップ様は、\n正真正銘の大魔法使いですよ。{0E}	
05817	MAP/MAP022.BIN:015C24	1	もっとも、今は魔法を使うこともなくラグピック村で、のんびりと\nお暮らしの御様子ですけどね。{0E}{02}{19}それよりも、お嬢さん。\nラップさんの杖が\nだいぶ、似合うようになりましたね。{0E}	
05818	MAP/MAP022.BIN:015CFE	2	{02}{07}・・・！？{0E}	
05819	MAP/MAP022.BIN:015D30	2	モリスンさん、どうかしたの？{0E}	
05820	MAP/MAP022.BIN:015D86	1	{02}{07}はい。{0F}今まで気がつかなかったのが\n不思議なくらいなのです。{0E}	
05821	MAP/MAP022.BIN:015DEA	1	その杖、私も見覚えがございます。{0E}{09}\n{02}{01}えっ、どうして？{0F}だって・・・この杖は、\nラグピック村のラップじいさんが\n持っていたものよ。{0E}	
05822	MAP/MAP022.BIN:015E80	1	{02}{07}ええ。{0F}ラップ様のお名前も\n思い出しましたよ。{0F}ティラスイールきっての大魔法使いと呼ばれた方ですが、{0E}	
05823	MAP/MAP022.BIN:015EF4	1	確か、俗姓は、\nミッシェル・ド・ラップ・ヘブン。{0E}	
05824	MAP/MAP022.BIN:015F2C	1	正確には大魔法使いではなく、\n大魔導師でございます。{0F}ただ１人、魔女の島に渡った\n伝説の大魔導師でございましょう。{0F}そうですか、\nお元気であられましたか・・・。{0E}{09}	
05825	MAP/MAP022.BIN:015FCC	2	ねぇ、魔女の島って？{0E}{09}	
05826	MAP/MAP022.BIN:015FE3	1	{02}{07}ティラスイールの内海に\n浮かぶと言われている{0E}	
05827	MAP/MAP022.BIN:016020	1	魔女たちが住むという島です。{0F}そこが魔法の生まれた場所と\nされております。{0E}{09}	
05828	MAP/MAP022.BIN:01606B	1	{02}{01}驚いた・・・。{0F}ラップじいさんって\nそんなに有名人だったの。{0E}	
05829	MAP/MAP022.BIN:0160B4	2	帰ったらサインもらおう。{0E}	
05830	MAP/MAP022.BIN:0160E4	1	{09}{08}{02}{01}なに、言ってるの！{0E}	
05831	MAP/MAP022.BIN:016114	2	{02}{07}それと、その杖ですが・・・{0E}	
05832	MAP/MAP022.BIN:01618A	1	あっ、いや。\nこれについては私からお話しするのはやめておきましょう・・・。{0F}ラップ様がクリス様にお渡しに\nなられたのでしたら、{0F}きっと深いお考えがあっての\nことでしょうから。{0E}	
05833	MAP/MAP022.BIN:016248	1	{09}\n{02}{01}えっ、何なの？\nもったいぶらないで教えてよ。{0E}	
05834	MAP/MAP022.BIN:0162AA	1	{02}{07}申し訳ありません。{0E}	
05835	MAP/MAP022.BIN:0162CE	1	きっと、旅のあいだに知るときが\nくるでしょう。{0F}自然の流れの中で知るのが\n１番と思います。{0E}	
05836	MAP/MAP022.BIN:01633E	2	{02}{01}そう。\nわかった、そうするわ。{0E}{02}{19}そうそう。{0E}	
05837	MAP/MAP022.BIN:0163C2	2	{02}{19}私たちは海を渡らずに西回りで\n大陸を下って帰ってきたんだが、{0F}ギドナ国に面した国境に、\nヤケに大勢の兵士たちがいたなぁ。{0E}	
05838	MAP/MAP022.BIN:016496	2	{02}{19}まさか、戦争を\n始めるつもりじゃないとは思うけど{0F}フォルティア国の王様は\n何を考えているのだろうね。{10}	
05839	MAP/MAP022.BIN:01653C	1	もしもし。{0E}	
05840	MAP/MAP022.BIN:01656A	1	まだ、ウドル国への入国手続きが\n終わっていないようだね。{0F}窓口で書類を作成してきてよ。{10}	
05841	MAP/MAP022.BIN:016696	1	{09}\n{02}{03}そんなこと言わずに\n通してくれよ。{0E}{02}'書類を作成していない者を\n通すわけにはいかない。{0E}	
05842	MAP/MAP022.BIN:016702	1	{09}\n{02}{03}先に行った連れが\n通行証を持っていっちまって{0F}書類なんか、作れないんだよ！{0E}	
05843	MAP/MAP022.BIN:016772	1	じゃあ通せない。{0E}{09}\n{02}{03}頭の固い奴だな。{0E}	
05844	MAP/MAP022.BIN:0167A4	1	ねえ。{0E}{09}\n{02}{03}うるせえなあ。{0E}{09}\n{02}	
05845	MAP/MAP022.BIN:0167C2	2	ねえったら。{0E}	
05846	MAP/MAP022.BIN:0167E6	1	{09}\n{02}{03}うるせーよ！\n・・・また、お前らか。{0E}{09}{08}{02}{01}グースがいつまでも\nウロウロしてるから、\nいけないのよ。{0E}{02}'おや、同行者なのかい？{0E}{09}	
05847	MAP/MAP022.BIN:016864	1	{02}{03}ふん、こんな乳臭いガキどもと\n一緒にすんなよ！{0E}{02}'なんだ、{0F}同行者なら、彼らの書類ができてればここを通れたのに。{0E}	
05848	MAP/MAP022.BIN:0168EC	1	{09}\n{02}{03}えっ？\nそうなの？{0E}	
05849	MAP/MAP022.BIN:01692A	1	{09}{0A}{02}{03}なんだ、お前ら。\n待ってたんだぜ。{0F}ほら、早くいこうぜ！{10}	
05850	MAP/MAP022.BIN:0169A4	1	グースがパーティにくわわった。{0E}{09}\n{02}{01}もう！　強引なんだから。{0E}	
05851	MAP/MAP022.BIN:0169F2	1	{09}\n{02}{03}（たのむ。後生だ。）{0F}（シャーラに置いてかれて、）\n（関所も通れねーんだ。）{0F}（これじゃ、よぅ・・・その・・・）（シャーラを追い掛けることも）\n（できやしねえ。）{0E}	
05852	MAP/MAP022.BIN:016AAA	3	どうする、クリス？{0E}	
05853	MAP/MAP022.BIN:016AE2	2	{02}{01}しょうがないわねぇ。{0E}	
05854	MAP/MAP022.BIN:016B26	2	兵隊さん、はい。{0E}{02}'ああ、君たちが巡礼の旅人なんだね。司書官から話は聞いてるよ。{0F}それよりも、その男を同行人として\n認めるのかい？{0E}	
05855	MAP/MAP022.BIN:016BCC	2	うん。しかたないよ。{0E}	
05856	MAP/MAP022.BIN:016BFA	2	{02}{01}だって、おいてったら\nグース泣いちゃうもの。{0E}	
05857	MAP/MAP022.BIN:016C44	1	{09}\n{02}{03}はいはい、好きに言ってくれ。{0E}	
05858	MAP/MAP022.BIN:016C94	2	それでは、\nあなた方４名の通行を認めます。{0F}お気をつけて！{0E}	
05859	MAP/MAP022.BIN:016D42	1	{09}\n{02}{03}まったく、ツイてねぇな。{0F}ガーナちゃんには、ふられるし\nこんなガキどもと\n旅するハメになるとはよ。{0E}	
05860	MAP/MAP022.BIN:016DCC	2	ちょっと待て！{0E}	
05861	MAP/MAP022.BIN:016DEE	1	お前だな！？{0F}私の婚約者を\n追いかけまわしたのは！{0F}せっかく、お弁当を\n持ってきてくれたのに{0F}変な男に声をかけられたと言って\n泣きながら帰っていったぞ！{0E}{09}\n{02}{03}やべぇ！{0E}	
05862	MAP/MAP022.BIN:016F12	2	あっ！{0E}	
05863	MAP/MAP022.BIN:016F72	2	{02}{03}ねえねえ、お姉さん。なんて名前？{0E}	
05864	MAP/MAP022.BIN:016FC0	1	いっしょにお茶しない？{0E}	
05865	MAP/MAP022.BIN:017002	2	これからどこ行くの？{0E}	
05866	MAP/MAP022.BIN:017030	1	なっ、なんですか。{0F}そんなに１度に質問されても\n私・・・。{0E}{09}	
05867	MAP/MAP022.BIN:01706B	1	{02}{03}じゃあ、\n名前はなんていうのかな？{0E}{02}-ガーナですけど・・・。{0E}{09}{0A}{02}{03}ガーナちゃんか。\n甘そうで、いい名前だ。{0E}	
05868	MAP/MAP022.BIN:0170F0	2	（グースだよ、あれ。）\n（女の子をさそってるみたい。）{0E}	
05869	MAP/MAP022.BIN:017140	1	{02}{01}（シャーラはどうしたのかしら？）{0E}{09}{0A}{02}	
05870	MAP/MAP022.BIN:017167	1	（ドジだから）\n（ふられたんじゃないかなぁ。）{0E}{09}{0A}{02}{01}（うん、きっとそうね。）{0E}	
05871	MAP/MAP022.BIN:0171C4	1	{09}\n{02}{03}ヘーックショっ！{0E}	
05872	MAP/MAP022.BIN:0171EA	1	{09}\n{02}{03}誰か、\n俺のウワサをしてやがんな・・・。{0E}	
05873	MAP/MAP022.BIN:01722C	2	{02}{07}（どういたしましょう？）{0E}	
05874	MAP/MAP022.BIN:017288	1	（未遂に終わったとはいえ）\n（城に忍び込んだ泥棒の１人です。）{0F}（縛り上げて、）\n（兵士に引き渡しましょうか？）{0E}{09}	
05875	MAP/MAP022.BIN:0172FA	1	（いいよ、かわいそうだから。）\n（ほおっておこうよ。）{0E}{09}	
05876	MAP/MAP022.BIN:017332	1	{02}{01}（そうね。）{0E}	
05877	MAP/MAP022.BIN:01735E	2	（シャーラにふられたみたいだし）\n（今回だけは、）\n（おおめに見ましょう。）{0E}	
05878	MAP/MAP022.BIN:0173C0	2	（あの女の人にも、）\n（きっとふられるわよ。）{0E}	
05879	MAP/MAP022.BIN:01740A	2	（そうだね。）{0E}	
05880	MAP/MAP022.BIN:01743A	2	どいてください！\nさよなら！{0E}	
05881	MAP/MAP022.BIN:0174D2	1	{09}\n{02}{03}あっ。{0E}	
05882	MAP/MAP022.BIN:017554	2	{02}{03}ふん、なんだよ。\nへへーんだ。{0E}	
05883	MAP/MAP022.BIN:0175E6	2	ふふふふふふ。{0F}ふふふふふふふふふふ。{0E}	
05884	MAP/MAP022.BIN:017622	2	ふられたね。{0E}	
05885	MAP/MAP022.BIN:017656	1	{09}\n{02}{03}お、お前ら・・・。\n見てたの？{0E}{09}{0A}{02}	
05886	MAP/MAP022.BIN:01767C	2	うん。\nばっちり見てた。{0E}	
05887	MAP/MAP022.BIN:0176B0	1	{09}\n{02}{03}くうーっ、俺としたことが。\nみっともねー。{0E}	
05888	MAP/MAP022.BIN:0176F0	2	いかん。\nこんなことしてる場合じゃねぇ。{0E}	
05889	MAP/MAP022.BIN:01772A	2	あばよっ！！{10}	
05890	MAP/MAP022.BIN:0178A8	1	いやぁ、お待たせしました。\nあなたたちの書類ができましたよ。{0F}西側の門番は、銀の短剣を見せれば\n通してくれるよう、話してあります。{0F}それでは、お気をつけて。\nよい旅を。{0E}{09}{0A}{02}	
05891	MAP/MAP022.BIN:017950	2	うん。\nありがとう。{10}	
05892	MAP/MAP022.BIN:017A54	2	{02}{01}ジュリオ。{0F}アンビッシュ国で、\nずいぶんより道しちゃったもの。\nシフールに急ぎましょ。{10}	
05893	MAP/MAP022.BIN:01846A	1	チャノム国－アンビッシュ国　ドッタの砦	
05894	MAP/MAP022.BIN:01857A	2	{02}{14}おや？{0E}	
05895	MAP/MAP022.BIN:0185D0	1	君たちは、ガルガ騒ぎの最中\nボルトへ向かって行った\n子供たちじゃないか。{0F}大丈夫だったんだね。\n心配してたんだぞ。{0E}{09}	
05896	MAP/MAP022.BIN:018643	1	うん、平気だよ。{0E}{09}	
05897	MAP/MAP022.BIN:018656	1	{02}{07}砦の見張りご苦労。{0E}	
05898	MAP/MAP022.BIN:01867C	1	{02}{14}あっ、これは。\nモリスン様ではありませんか。{0F}{09}	
05899	MAP/MAP022.BIN:0186AC	1	{02}{07}２人の英雄を\nお送りしている途中なのだ。{0E}{02}{14}英雄？{0E}	
05900	MAP/MAP022.BIN:01870C	2	{02}{07}このお２人のおかげで\nアンビッシュ国は救われたのだ。{0E}	
05901	MAP/MAP022.BIN:018750	2	{02}{14}そ、そうだったのですか。\n失礼しました！{0F}どうぞお通り下さい！{10}	
05902	MAP/MAP022.BIN:018858	1	{09}{10}{02}{01}やったー！{0E}{09}{10}{02}	
05903	MAP/MAP022.BIN:01886B	4	成功！{0E}	
05904	MAP/MAP022.BIN:018896	2	{02}{04}兵隊さん、\n持ち場を離れちゃいけねーぞ。{0E}	
05905	MAP/MAP022.BIN:0188E2	2	{02}{14}くそー。{0F}まあいいか。\nあれだけスバシッコイなら、\nガルガが来たって逃げられるな。{0E}	
05906	MAP/MAP022.BIN:018948	2	{02}{14}気をつけて行けよ。{0E}{02}4バイ、バーイ！{10}	
05907	MAP/MAP022.BIN:018A3E	1	{09}{0A}{02}{01}やったー！{0E}{09}{0A}{02}	
05908	MAP/MAP022.BIN:018A6C	2	{02}{14}気をつけて行けよ。{0E}	
05909	MAP/MAP022.BIN:018AB6	2	バイ、バーイ！{10}	
05910	MAP/MAP022.BIN:018B68	2	{02}{14}なんだ、砦に戻るのか？{0E}	
05911	MAP/MAP022.BIN:018BBE	2	{02}{14}入れてやってもいいけど、{0F}また出るときには、\n俺と追いかけっこしなきゃ\nダメだぞ。{10}	
05912	MAP/MAP022.BIN:018CB2	1	{02}{03}ほらっ！\nおまえらも、逃げるぞ！{0E}	
05913	MAP/MAP022.BIN:018D00	1	なんで、ボクらまで\n逃げなきゃならないのさ！{0E}{09}	
05914	MAP/MAP022.BIN:018D2E	1	{02}{03}かたいこと言うなって！{0E}{02}'待て～！{0E}	
05915	MAP/MAP022.BIN:018DD2	1	\n\n\n\n\n　　アンデラで、アルフレッド王のもてなしを受け、\n　　　ジュリオたちは楽しい一時をすごした。\n　　　　　ローディも順調に回復に向かい\n　　安心して巡礼の旅を続けられるようになった。\n	
05916	MAP/MAP022.BIN:018EA2	1	\n\n\n\n\n　だが、ジュリオたちは重大なことを忘れていた。\n　　　ガルガを操っていた者の存在を・・・。\n　　　　　　　新たなる災いの渦は、\n　ジュリオたちを中心にすでに動き始めていたのだ。\n	
05917	MAP/MAP023.BIN:0000A4	1	ボルト	
05918	MAP/MAP023.BIN:00FC3E	1	カンドマスター・マギサ	
05919	MAP/MAP023.BIN:00FC5E	1	カンドのエトフ	
05920	MAP/MAP023.BIN:00FC7E	1	武器屋のバイス	
05921	MAP/MAP023.BIN:00FC9E	1	シェラ	
05922	MAP/MAP023.BIN:00FCBE	1	ギムレ老人	
05923	MAP/MAP023.BIN:00FCDE	1	漁師のペスカ	
05924	MAP/MAP023.BIN:00FCFE	1	ピアラ	
05925	MAP/MAP023.BIN:00FD1E	1	チャッペルのモラト	
05926	MAP/MAP023.BIN:00FD3E	1	漁師のローア	
05927	MAP/MAP023.BIN:00FD5E	1	道具屋のエレガレ	
05928	MAP/MAP023.BIN:00FD7E	1	漁師のモルサ	
05929	MAP/MAP023.BIN:00FD9E	1	フリゼ夫人	
05930	MAP/MAP023.BIN:00FDFE	2	モリスンの声	
05931	MAP/MAP023.BIN:00FE1E	1	アンビッシュの兵士たち	
05932	MAP/MAP023.BIN:00FE96	1	{02}{14}間違って旅人が\nボルトへ入ってこないように{0F}門番をしているんだ。{10}	
05933	MAP/MAP023.BIN:00FEDC	1	{02}{14}今からアルフレッド王の\n対ガルガ戦のお話があるんだ。{10}	
05934	MAP/MAP023.BIN:00FF18	1	{02}{14}ついに始まったな。{0F}大丈夫！\nきっと我々が勝利を収めるさ。{10}	
05935	MAP/MAP023.BIN:00FF58	4	{02}{14}ご苦労様です！{10}	
05936	MAP/MAP023.BIN:00FF6E	1	{02}{14}やあ、君たち。{0F}ガルガはついさっき海に\n帰っていったよ。{0F}やっぱり、\n本当はおとなしい動物だったんだ。{0F}ガルガを狂暴にしていたのは、\n中に隠れていた、\nあの魔獣なんだろう。{10}	
05937	MAP/MAP023.BIN:01003A	2	{02}{14}もうすぐ作戦が始まる。{0F}だから、この町から出ちゃだめだよ。{10}	
05938	MAP/MAP023.BIN:01007C	1	{02}{14}いよいよガルガとの決戦か・・・。\nうー、武者震いがするぜっ！{10}	
05939	MAP/MAP023.BIN:0100C0	1	{02}{14}この町の中にいてくれないか？{0F}君たちがいなくなってしまったら\n陛下が心配するからね。{10}	
05940	MAP/MAP023.BIN:01011A	1	{02}{14}ケガをした兵士は\nすでにアンデラに向かいました。{0F}ほとんどの兵が、\nもうすぐアンデラに戻ります。{0F}もともとボルトは、兵の駐屯する\n町じゃありませんからね。{10}	
05941	MAP/MAP023.BIN:0101E0	1	{02}{14}漁師の人たちが海に出ないように\n見張っているんだよ。{0F}いつ、ガルガが来るかわからないから今、沖に出ると\nとても危険だからね。{10}	
05942	MAP/MAP023.BIN:010266	1	{02}{14}漁師の人たちも\n納得してくれているようだけど。{0F}もしものことがあると\nいけないからね。{10}	
05943	MAP/MAP023.BIN:0102C2	1	{02}{14}この戦いは{0F}アンビッシュ国だけの\nものではない。{0F}世界の運命が、かかっているのだ。{10}	
05944	MAP/MAP023.BIN:01031A	1	{02}{14}ふ～っ。\nまるで空気が重くなったみたいだ。{0F}この作戦はたった１人のミスでも\n命取りになりかねないからね。{10}	
05945	MAP/MAP023.BIN:010388	1	{02}{14}ガルガは海に戻って行きましたよ。{0F}急に動き出したので驚きましたが、\nマギサさんがガルガは、\n正気に戻ったから{0F}大丈夫だと言ってましたので、\nそのまま行かせました。{0F}あの様子なら、\nもう人里を襲うことはないでしょう。{10}	
05946	MAP/MAP023.BIN:01047E	1	{02}{14}ああ、王様の知り合いの方ですね。\nボルトから出るのですか？{0E}{09}	
05947	MAP/MAP023.BIN:0104BE	1	ううん、そうじゃないんだ。\nちょっと散歩してただけだよ。{0E}{09}\n{02}{01}ごめんなさい。\nお仕事の邪魔しちゃって。{0E}{02}{14}そうですか。\nいいんですよ。{10}	
05948	MAP/MAP023.BIN:01054A	1	{02}{14}私は旅人が間違えて\nボルトに入ってこないように{0F}門番をしているのです。{0E}{09}	
05949	MAP/MAP023.BIN:010593	1	{02}{01}ご苦労さま。{10}	
05950	MAP/MAP023.BIN:0105A8	1	{02}{14}なるべくこの辺にいて下さい。{0F}あなたたちがいなくなったら\n陛下が心配されますからね。{10}	
05951	MAP/MAP023.BIN:01060C	1	{02}{14}あっ。\n王様のお友達の方。{0F}お疲れさまでした。\nご活躍はうかがいました。\nさすがは王様のお友達。{0F}イグニスに向かわれるそうですね。{10}	
05952	MAP/MAP023.BIN:010696	1	{02}{14}さあ、どうぞ。お気をつけて。{0F}この道を行けば\nイグニスまで直通でございます。{10}	
05953	MAP/MAP023.BIN:010710	1	{02}{14}あなた方が\n王様のお知り合いの方々ですね。{0F}王様はまだ戻っていませんよ。\n仮設の兵舎にいるカンドマスターを\n見ましたか？{0F}すごいですよね。\nあの若さでカンドマスターだなんて。しかも、とびっきりの美人ときた。{0F}あこがれちゃうよなぁ・・・。{10}	
05954	MAP/MAP023.BIN:0107FE	1	{02}{14}あの若さでカンドマスターだなんて。しかも、とびっきりの美人ときた。{0F}あこがれちゃうよなぁ・・・。{0F}おっ・・と、失礼しました。\n王様は奥のお部屋におられますよ。{10}	
05955	MAP/MAP023.BIN:0108A2	1	{02}{14}大きな声では言えませんが\nさすがの王様も{0F}緊張しているようです。{10}	
05956	MAP/MAP023.BIN:0108E8	1	{02}{14}われわれの手にかかれば、\nガルガだってイチコロさ。{0F}・・・多分。{10}	
05957	MAP/MAP023.BIN:01092E	1	{02}{14}陛下のお知り合いの方々ですね。{0F}王様は、モリスン様と共に\n宿屋におられますよ。{10}	
05958	MAP/MAP023.BIN:0109AA	1	{02}{14}ネルバは戦いの準備をする時間もなくガルガに襲われてしまったが、{0F}アンビッシュ国は違うぞ。\n綿密な迎撃作戦を立てて、\n戦いの準備はバッチリだ！{10}	
05959	MAP/MAP023.BIN:010A40	1	{02}{14}たかが海獣１匹ごときに、\n我が故郷のアンビッシュ国を{0F}滅ぼされてたまるものか。{10}	
05960	MAP/MAP023.BIN:010A94	1	{02}{14}怖くないかって？{0F}生まれ育ったこの国を\n命のかぎり守るだけさ。{10}	
05961	MAP/MAP023.BIN:010AD8	1	{02}{14}こら、あっちに行ってなさい！{10}	
05962	MAP/MAP023.BIN:010AFC	1	{02}{14}やあ、ご苦労様。{0F}君たちの、旅の安全を祈るよ。{10}	
05963	MAP/MAP023.BIN:010B5A	1	{02}{14}ガルガをここで食い止めるために\nアルフレッド王は{0F}カンドマスターを呼び寄せたんだ。{10}	
05964	MAP/MAP023.BIN:010BB6	1	{02}{14}ガルガと戦うのはやっぱり恐いけど、カンドマスターが一緒に{0F}戦ってくれるのなら、\n少しだけ安心だ。{0F}少しだけだけど・・・。{10}	
05965	MAP/MAP023.BIN:010C34	1	{02}{14}世界の人々を恐怖におびえさせるのはこのボルトで終わりにさせてみせる！{10}	
05966	MAP/MAP023.BIN:010C80	1	{02}{14}陛下のお知合いの方々ですね。{0F}ガルガはあの巨体です。\n近付いてこられただけでも\n何が起こるか分かりません。{0F}安全な所に避難して下さい。{10}	
05967	MAP/MAP023.BIN:010D0A	1	{02}{14}負傷した兵士も少なく、\n無事に終わってよかったです。{10}	
05968	MAP/MAP023.BIN:010D6E	1	{02}{14}そこにいる女の人はすごいんだぞ。\nカンドマスターってんだ。{0F}カンドマスターってのは、\n魔法を極めた者だけが\n名乗れる称号で、{0F}めったにいないんだぞ。{10}	
05969	MAP/MAP023.BIN:010E0A	1	{02}{14}マギサさんは\nカンド魔法のマスター{0F}なんだってよ。{10}	
05970	MAP/MAP023.BIN:010E42	1	{02}{14}とうとうこの時が来たか・・・。{0F}よーし。\n気合入れて頑張るぞ！{10}	
05971	MAP/MAP023.BIN:010E86	1	{02}{14}ガルガの奴め・・・。{0F}悪魔のような進撃も\nこのボルトで幕にしてやるぞ。{10}	
05972	MAP/MAP023.BIN:010ED2	1	{02}{14}いやー、\nマギサさんのカンド魔法は{0F}本当にすごかったですね。{0F}さすが、カンドマスターと\n呼ばれるだけあるよなあ。{10}	
05973	MAP/MAP023.BIN:010F64	1	{02}{14}やあ、先ほどは\n捕まえたりして悪かったね。{0F}でも、王様の指輪を\n持っていたのだから、\n誰だって怪しいと思うよ。{0F}これからは、むやみに人に\n見せない方がいいよ。{10}	
05974	MAP/MAP023.BIN:011008	1	{02}{14}今のところ異常はないようだ。{0F}このまま何も起こらなければ\n１番いいのだけどね。{10}	
05975	MAP/MAP023.BIN:01105C	1	{02}{14}残してきた彼女のためにも、\n何としてでも、ここで{0F}くいとめてやるぞ！{10}	
05976	MAP/MAP023.BIN:0110A6	1	{02}{14}一時はどうなるかと・・・。{0F}あ、いやいや。\nわたしは始めから\nうまく行くと思っていましたよ。{10}	
05977	MAP/MAP023.BIN:011128	1	{02}{01}ねぇ、何か見える？{0E}{02}{14}何も見えないよ。{10}	
05978	MAP/MAP023.BIN:011156	1	{02}{14}作戦の進行具合はどうだい？{10}	
05979	MAP/MAP023.BIN:01118E	1	{02}{14}お疲れ様でした！{10}	
05980	MAP/MAP023.BIN:0111C8	1	ねぇ、ガルガはまだ見えない？{0E}{02}{14}ああ。まだ、動きはないよ。\nロップ島が小さく見えるだけだ。{10}	
05981	MAP/MAP023.BIN:011226	1	{02}{14}作戦を成功させるためにも\n気合いを入れて見張らなければな。{10}	
05982	MAP/MAP023.BIN:01127E	1	{02}{14}ああ。\nガルガは海へかえったよ。{0F}今は、ロップ島が\n小さく見えるだけだ。{10}	
05983	MAP/MAP023.BIN:0112D6	1	{02}{14}君たち！{0E}{02}{14}分かってると思うけど\nそっちに行っちゃダメだよ。{0F}あの作戦のせいで、どこが崩れるか\n分かったもんじゃないんだから。{10}	
05984	MAP/MAP023.BIN:011358	1	{02}{14}いやぁ。{0F}あの作戦が成功して\nほんと、よかったよ。{10}	
05985	MAP/MAP023.BIN:0113A4	1	{02}{14}ガルガは推定で\n８０ミロはあるって話だ。{0F}この峡谷にすっぽり収まる程の\n大きさ。{0F}・・・ぶるるっ。\n今のは武者ぶるいだよ。{10}	
05986	MAP/MAP023.BIN:011422	1	{02}{14}ガルガがこの峡谷に入らなくちゃ\n手の施しようがない！{10}	
05987	MAP/MAP023.BIN:01145E	1	{02}{14}いやー、ガルガは推定で\n８０ミロはあるって話だったけど、{0F}本当に大きかったなあ。{0F}思い出しただけでも、\n武者ぶるいがするよ。{0F}・・・ぶるるっ。{10}	
05988	MAP/MAP023.BIN:011504	1	{02}{14}俺はガルガが暴れた時のための\n大網を用意しているんだ。{0F}特別製のロープで\n作った大網だからな。{0F}これだけ頑丈だったら\nクジラだって捕まえられるよ。{0E}{09}\n{02}	
05989	MAP/MAP023.BIN:011598	1	クジラを？{0F}ほんと？{0F}クジラを網で捕まえるなんて\n聞いたことないよ。{0E}{09}{08}{02}{01}そのくらい丈夫に\nできてるってことよ。{0E}{02}{14}そういうことだよ。{10}	
05990	MAP/MAP023.BIN:011622	1	{02}{14}君たち。{0F}いつガルガが\n来るかもわからないからね。{0F}あんまりウロチョロしないで、\nおとなしく町の中にいた方がいいよ。{0F}もう、他の作業は済んでるから、\nこの先へ行っても誰もいないよ。{10}	
05991	MAP/MAP023.BIN:0116D8	1	{02}{14}やあ、君たち。{0F}ガルガ戦のときの影響で\n地盤がゆるんでいるようだから、{0F}あんまりウロチョロしない方が\nいいよ。{10}	
05992	MAP/MAP023.BIN:011754	1	{02}{14}岩地に登るための足場も作ったし、\n準備は万全だ。{0F}もう、\nいつガルガが現れたって\n大丈夫だぞ。{10}	
05993	MAP/MAP023.BIN:0117B6	1	{02}{14}万全の体制をとっていたからね。{0F}重傷を負うような兵士が出なくて\n本当に良かったよ。{10}	
05994	MAP/MAP023.BIN:011884	1	{02}{14}どうだい。{0E}	
05995	MAP/MAP023.BIN:0118C8	1	海から引いた漁り火の道を、\nここで松明に引き継ぐんだ。{0E}	
05996	MAP/MAP023.BIN:01191A	1	事前の調査によれば、\nガルガは炎にそって\n移動するらしいからね。{0F}これでバッチリ、\n谷の袋小路に誘導できるはずだ。{10}	
05997	MAP/MAP023.BIN:0119DE	1	{02}{14}君たち！\nガルガは、すぐそこにいるんだ！{0F}あぶないから町へ行っていなさい。{10}	
05998	MAP/MAP023.BIN:011A2E	1	{02}{14}やあ、おつかれさま。{0F}ガルガは海へかえっていったけど、\n当分の間、\n漁り火は照らして置くことにしたよ。{0F}見てみるかい？{0E}	
05999	MAP/MAP023.BIN:011AB6	1	{02}{14}そうかい。{0F}まあ、何にしても\n松明のおかげで、本当に助かったよ。{0F}資材を提供してくれた\nノルディック王様に、感謝しないとな。{10}	
06000	MAP/MAP023.BIN:011BB8	1	{02}{14}松明のおかげで、\n本当に助かったよ。{10}	
06001	MAP/MAP023.BIN:011C48	1	{02}{14}よーし、\nこのままガルガを谷へ{0F}誘導するんだ！{0F}くそう、\nなかなかガルガの奴、\n動こうとしないぞ・・・。{10}	
06002	MAP/MAP023.BIN:011CB8	1	{02}{14}ガルガの奴・・・。{0F}浜辺までは思うように\n誘導できたんだが・・・。{10}	
06003	MAP/MAP023.BIN:011D00	1	{02}{14}上手く峡谷に追い込めて\nよかったよ。{10}	
06004	MAP/MAP023.BIN:011D46	1	{02}{14}君はほんとに、勇敢な少年だ。{10}	
06005	MAP/MAP023.BIN:011D74	1	{02}{14}何とかあいつを\n谷の奥まで{0F}おびき出さなければ・・・。\nここで奴を取り逃がしたら\n大変なことになってしまう。{10}	
06006	MAP/MAP023.BIN:011DE4	1	{02}{14}ご苦労様でした。{0F}旅の途中、\nアンデラ城近くに来たさいは\n是非、お寄りください。{10}	
06007	MAP/MAP023.BIN:011E4E	1	{02}{14}くそう・・・。{0F}海から上がってくる気配が\nまるでない。{10}	
06008	MAP/MAP023.BIN:011E94	1	{02}{14}ガルガを捕獲できたのは\n君のおかげだ！{10}	
06009	MAP/MAP023.BIN:011EC6	1	{02}{14}作戦完了まで、もうひと息だ！{10}	
06010	MAP/MAP023.BIN:011EEA	1	{02}{14}君たちのおかげで{0F}ガルガも無事、\n海へかえっていったよ。{0F}本当にありがとう。{10}	
06011	MAP/MAP023.BIN:011F48	1	{02}{01}はじめまして。{0E}{02}{15}あら、はじめまして。{0E}{09}	
06012	MAP/MAP023.BIN:011F72	1	{02}{01}私、クリス。{0F}こっちは一緒に旅をしている\nジュリオとローディです。{0E}{09}	
06013	MAP/MAP023.BIN:011FB9	3	こんにちは。{0E}{09}	
06014	MAP/MAP023.BIN:011FC8	2	{02}{04}やあ、どうも。{0E}{02}{15}あなたたち、\n巡礼の旅をしているそうね。{0F}王様から聞いたわ。{0F}それに、クリスさんは\nチャッペルの魔法が\n使えるんですってね。{0F}ちょっといいかしら？{0E}	
06015	MAP/MAP023.BIN:012070	1	マギサはクリスのひたいに\n右手をあてた。{0E}{09}	
06016	MAP/MAP023.BIN:01209A	1	{02}{01}えっ・・・？{0E}{02}{15}ほんとだわ。\nすばらしい才能を持っているわね。{0F}その才能は大切に伸ばし、\nみんなのために役立ててくださいね。{0F}私は５歳のときに\nゲルドさんとお会いしたの。{0E}{09}{0F}{02}{01}えっ？{0E}{09}\n{02}	
06017	MAP/MAP023.BIN:012150	1	ゲルド？{0E}{02}{15}そう、白き魔女と呼ばれていた\nゲルドさんよ。{0F}私はゲルドさんから\nいろいろなことを教わったわ。{0F}魔法の正しい使い方や、\n人との接し方。\nそれに、予言の受け止め方とか。{0E}{09}	
06018	MAP/MAP023.BIN:0121FE	2	{02}{04}へーっ、それはすごい。{0F}あんたの魔法は\nゲルド仕込みってわけか。{0E}{02}{15}どうかしら・・・。{0F}ゲルドさんが教えてくれたのは\n魔法そのものより、\n心構えのようなものが多かったわ。{0F}そういう意味では私の直接の師匠は、アルフレッド王の執事をされている\nモリスン様ですね。{0E}{09}	
06019	MAP/MAP023.BIN:0122FD	3	{02}{04}ふーん。なるほどね。{10}	
06020	MAP/MAP023.BIN:01231E	1	{02}{15}きっと、クリスさんも修行をつめば、{0F}立派なチャッペルマスターに\nなれるわよ。{10}	
06021	MAP/MAP023.BIN:012370	1	{02}{16}ここではカンド魔法を\n伝授しております。{0F}ボルトにはカンドがないので、\nアンデラ城から\n出張してきたんですよ。{10}	
06022	MAP/MAP023.BIN:0123E6	1	{02}{16}兵隊さんがいる間は\nここにおりますので、{0F}ご用がありましたら、\nどうぞ、お寄り下さい。{10}	
06023	MAP/MAP023.BIN:01245C	1	{02}{16}どなたが習得されますか？{10}	
06024	MAP/MAP023.BIN:01247C	2	{02}{16}どの魔法をお望みでしょう？{10}	
06025	MAP/MAP023.BIN:01249E	1	{02}{16}{08}ですか。\n伝授しましょう。{10}	
06026	MAP/MAP023.BIN:0124C0	1	{02}{17}いらっしゃい。\nどんな用だい？{10}	
06027	MAP/MAP023.BIN:0124EA	1	{02}{17}また寄っておくれよ。{10}	
06028	MAP/MAP023.BIN:012538	1	{02}{17}じっくり見てよ。{10}	
06029	MAP/MAP023.BIN:012550	1	{02}{17}それなら{06}だ。{10}	
06030	MAP/MAP023.BIN:012566	1	{02}{17}どれだい？{10}	
06031	MAP/MAP023.BIN:012578	1	{02}{17}{08}かい。\nよし、{06}で引き取ろう。{10}	
06032	MAP/MAP023.BIN:0125A2	1	{02}{17}１ゴアあたり{06}で\n換金するよ。{10}	
06033	MAP/MAP023.BIN:0125C6	1	{02}{17}全部で{06}だ。{10}	
06034	MAP/MAP023.BIN:0125DA	1	{02}{17}気が向いたら、いつでも換金するよ。{10}	
06035	MAP/MAP023.BIN:012604	1	{02}{17}ラピカがないね。\nまた、ためてきてよ。{10}	
06036	MAP/MAP023.BIN:012632	1	{02}{17}他に用はないかい。{10}	
06037	MAP/MAP023.BIN:01266A	1	{02}{17}ここにガルガが襲ってくるってんで、うちの武器はすごい売れようだ。{0F}漁師の人たちには悪いが、\nこの景気が続いて\nくれればいいんだがね。{0F}まあ、カウンターで商品を見てくれ。{10}	
06038	MAP/MAP023.BIN:012716	1	{02}{17}俺は今まで、\n精魂込めて武器を作ってきた。{0F}きっと兵隊さん達の\n役に立ってくれる！{10}	
06039	MAP/MAP023.BIN:01276E	1	{02}{17}作戦の成功を信じています！{10}	
06040	MAP/MAP023.BIN:012790	1	{02}{17}さすがは\nアンビッシュ国の兵隊さんだ。{0F}ガルガを海に、\n追い返したんだからね。{10}	
06041	MAP/MAP023.BIN:01280C	1	{02}{18}うちは民宿をしているのよ。{0F}いつもなら、海へ遊びに来る人たちでごったがえしているのだけどね。{0F}今年はガルガのおかげで\nさっぱり、ダメみたい。{0F}早く決着がついてくれれば\nいいのにね。{10}	
06042	MAP/MAP023.BIN:0128C8	1	{02}{18}まったく・・・。{0F}予言どおりにガルガが\n上陸しなかったら、\nうちのお客をどうしてくれるのよ。{10}	
06043	MAP/MAP023.BIN:01292A	1	{02}{18}ガルガが・・・。\nガルガがきたの・・・。{0F}どうすればいいのかしら・・・。{10}	
06044	MAP/MAP023.BIN:012978	1	{02}{18}陛下・・・。\nこのボルトは大丈夫でしょうか？{0E}{02}{12}安心しなさい。{0F}ネルバの悲劇を\n繰り返させはしない。{10}	
06045	MAP/MAP023.BIN:0129E0	1	{02}{18}これで安心して\nお客さんを{0F}呼ぶことができるわ。\n本当にありがとう。{10}	
06046	MAP/MAP023.BIN:012A48	1	{02}{19}せっかく今年は古かった民宿を\n海の家に改築したのに・・・。{10}	
06047	MAP/MAP023.BIN:012A8E	1	{02}{19}あ～あ。\nカンコドリが鳴いておる。{0F}今が、稼ぎどきの\n季節なのじゃがなあ・・・。{10}	
06048	MAP/MAP023.BIN:012AE4	1	{02}{19}人生とは、成るようにしか、\n成らもんだ。{0F}今さらあせってどうする。\nせいては事を仕損じますぞ。{0E}{02}{12}その言葉、しかと胸に刻んでおこう。{10}	
06049	MAP/MAP023.BIN:012B76	1	{02}{19}成るようになったのう。\nよかった。よかった。{0F}あんたらには本当に感謝するよ。\nありがとう。{10}	
06050	MAP/MAP023.BIN:012BDA	1	{02}{19}なんでも王様たちは、\n宿屋で剣士とカンド使いの{0F}看病をしとるそうじゃのう。{10}	
06051	MAP/MAP023.BIN:012C52	1	{02}{1A}本当にガルガは来るのかね。\nまだロップ島で寝てるんだろ。{0F}魔女の予言は俺も聞いたことはあるが別のとこに泳いで行くってことも\nあるよなぁ。{0E}{09}\n{02}{01}予言が間違いだったら\nそれが１番いいけど。{0F}残念だけど今のところ、\nゲルドの予言は\nみんな的中しているわ。{0E}{02}{1A}やっぱなぁ。{10}	
06052	MAP/MAP023.BIN:012D5E	1	{02}{1A}まあ、とにかく商売あがったりだ。{0F}早くこのガルガ騒ぎに\nケリをつけてもらいたいもんだ。{10}	
06053	MAP/MAP023.BIN:012DBA	1	{02}{1A}ついに来やがったか・・・。\n化物の野郎・・・。{10}	
06054	MAP/MAP023.BIN:012DF0	1	{02}{1A}陛下。\n俺たちの海を取り戻してください！{10}	
06055	MAP/MAP023.BIN:012E20	1	{02}{1A}これでまた漁に出られるよ。\nさあ、休んだぶんを取り戻すぞ。{10}	
06056	MAP/MAP023.BIN:012E8A	1	{02}{1B}ガルガが襲ってくるんですって？\n本当かしら・・・。{0F}恐いわね。{10}	
06057	MAP/MAP023.BIN:012ED2	1	{02}{1B}噂じゃ、ネガル島もネルバも\nガルガに破壊されたって{0F}聞くし・・・。{0F}ボルトは大丈夫なのかしら・・・。\n心配だわ・・・。{10}	
06058	MAP/MAP023.BIN:012F4C	1	{02}{1B}私、兵隊さんや王様を信じます。{10}	
06059	MAP/MAP023.BIN:012F72	1	{02}{1B}王様・・・。\n作戦の成功を信じております。{10}	
06060	MAP/MAP023.BIN:012FA4	1	{02}{1B}大活躍だったそうね。\n本当にありがとう。{10}	
06061	MAP/MAP023.BIN:012FD4	1	{02}{1C}ボルトのチャッペルへようこそ。{10}	
06062	MAP/MAP023.BIN:012FFE	1	{02}{1C}また魔法が必要であれば\nいつでもお寄り下さい。{10}	
06063	MAP/MAP023.BIN:013050	1	{02}{1C}どなたに、お授けしましょう？{10}	
06064	MAP/MAP023.BIN:013074	1	{02}{1C}どの魔法をお望みですか？{10}	
06065	MAP/MAP023.BIN:013094	1	{02}{1C}{08}ですか。\nお授けしましょう。{10}	
06066	MAP/MAP023.BIN:0130D6	1	{02}{1C}こんな時こそ我々は\nがんばらなくては。{10}	
06067	MAP/MAP023.BIN:013104	1	{02}{1C}マギサ様がいるのです。\nきっと作戦は成功しますよ！{10}	
06068	MAP/MAP023.BIN:01313E	1	{02}{1C}国王。マギサ様は・・・。{0E}{02}{12}案ずるな。\nマギサはよくやってくれている。{10}	
06069	MAP/MAP023.BIN:01318A	1	{02}{1C}マギサさんの活躍は\nチャッペルの者としても{0F}うれしいかぎりです。{10}	
06070	MAP/MAP023.BIN:0131F8	1	{02}{1D}王様もさ。{0F}何も予言を真に受けて、\nこんなに兵隊を\n連れてくることもないだろうに。{10}	
06071	MAP/MAP023.BIN:013254	1	{02}{1D}俺は予言なんて、信じないぜ。\n漁に出るときは出る。{0F}休むときには休む。\n今、漁に出ないのは\n休むときだからさ。{0F}別にガルガが恐くて\n漁に出ないわけじゃねーぞ。{10}	
06072	MAP/MAP023.BIN:0132F4	1	{02}{1D}軍隊だってかないっこねえさ。{0F}本気で暴れれば、\nガルガは海で１番強い化物だ。{10}	
06073	MAP/MAP023.BIN:013346	1	{02}{1D}いくら陛下でも、\nガルガと勝負するのは{0F}無謀すぎやしませんか？{0E}{02}{12}必ずや、この作戦を成功してみせる。{0F}ガルガの進行は、\nこのボルトで食い止めるのだ。{10}	
06074	MAP/MAP023.BIN:0133DE	1	{02}{1D}アンビッシュ国の軍隊は\nたいしたもんだ。{0F}ガルガを追い返しちまうんだからな。{10}	
06075	MAP/MAP023.BIN:013430	1	{02}{1E}いらっしゃい。\nどんな御用で？{10}	
06076	MAP/MAP023.BIN:01345A	1	{02}{1E}ありがとうございました。\nまたどうぞ。{10}	
06077	MAP/MAP023.BIN:0134B8	1	{02}{1E}お気にめす物がありますか？{10}	
06078	MAP/MAP023.BIN:0134DA	1	{02}{1E}それなら{06}です。{10}	
06079	MAP/MAP023.BIN:0134F2	1	{02}{1E}不用なものは、\n喜んで引き取りますよ。{10}	
06080	MAP/MAP023.BIN:013520	1	{02}{1E}{08}ですね。\n{06}で引き取りましょう。{10}	
06081	MAP/MAP023.BIN:01354C	1	{02}{1E}１ゴアあたり{06}になります。{10}	
06082	MAP/MAP023.BIN:013584	1	{02}{1E}いつでも換金しますからね。{10}	
06083	MAP/MAP023.BIN:0135A6	1	{02}{1E}ラピカがないですよ。\n稼いだら、また来てください。{10}	
06084	MAP/MAP023.BIN:0135E0	1	{02}{1E}他に御用は？{10}	
06085	MAP/MAP023.BIN:013612	1	{02}{1E}いらっしゃい。{0F}最近は兵隊さんもよってくれるんで\nうちの店は大はやりですよ。{0F}やっぱりガルガのことは心配だけど、品物が売れてくれるのは嬉しいね。{0F}必要な物があったら\nドシドシ買ってって下さい。{10}	
06086	MAP/MAP023.BIN:0136D6	1	{02}{1E}つ、ついに来ましたね・・・。{0F}この町はどうなって\nしまうんでしょう。{10}	
06087	MAP/MAP023.BIN:013720	1	{02}{1E}陛下！\n作戦の成功をお祈りしております！{10}	
06088	MAP/MAP023.BIN:013750	1	{02}{1E}これでまた、平和なボルトに戻った。よかった、よかった。{10}	
06089	MAP/MAP023.BIN:0137B8	1	王様から海に出ないように\n言われているのよ。{0F}うちの人ったら漁に\n出られないものだから\n奥でショボクレちゃってるわ。{10}	
06090	MAP/MAP023.BIN:013834	1	うちの人の気持ちもわかるけどね。{0F}家の中でいじけてるなんて、\n海の男って意外に子供っぽいのよね。{10}	
06091	MAP/MAP023.BIN:01389A	1	ついにガルガが現れたのね。{0F}アンビッシュ国軍の作戦が\n成功すればいいのだけれど・・・。{10}	
06092	MAP/MAP023.BIN:0138F6	1	陛下。{0F}何のお手伝いも、できませんが\n精いっぱいお祈りいたします。{0E}{02}{12}ありがとう。\nなによりの、励ましになる。{10}	
06093	MAP/MAP023.BIN:013972	1	えっ？\nガルガを追い返したの。{0F}よく成功したわね。{10}	
06094	MAP/MAP023.BIN:0139AE	1	あなたたちも協力してくれたの。\nどうもご苦労さまでした。{10}	
06095	MAP/MAP023.BIN:013A0A	1	{02}{1F}俺はなぁ、雨の日も風の日も\n１日も漁に出なかった日は{0F}ないんだ。\nでも、王様の命令じゃあなぁ・・・。{0F}くそう、海に出たいよう。{10}	
06096	MAP/MAP023.BIN:013A90	1	{02}{1F}海はいいぞ。\n魚がピチピチ跳ねやがる。{0F}くそう、\n海に出たいよう・・・。{0F}漁に出てーよう。{10}	
06097	MAP/MAP023.BIN:013AEE	1	{02}{1F}ついに来たか。{0F}もう、ボルトの町も、\n終わりだ・・・。{10}	
06098	MAP/MAP023.BIN:013B34	1	{02}{1F}何だって？\nガルガ騒ぎが納まったって！{0F}ありがてえ！\n感謝するぜ姉ちゃんたち。{0F}こうしてはいられねえ。\n漁の準備だ！{10}	
06099	MAP/MAP023.BIN:013BB0	1	{02}{1F}さあ、いっぱい魚を捕るぞ。{0F}ありがとうよ、\n知らせてくれて。{10}	
06100	MAP/MAP023.BIN:013C06	1	{02}{12}まだ少し、ガルガ迎撃について\nモリスンと打ち合わせたいことが{0F}あるのでな。\nあとで、南にある民家で会おう。{10}	
06101	MAP/MAP023.BIN:013C82	1	{02}{12}いや、おまたせ。{0F}それにしても、\nよくここまでやってきたな。{0F}てっきり、間に合わないと\n思っていたのに。{0E}{09}{09}{02}{01}私たちを置いていくんだもん。\nひどいわ。{0E}{09}	
06102	MAP/MAP023.BIN:013D17	1	{02}{12}すまん、すまん。{0F}でも、おかげでメナート国からの\n資材も間に合ったし、\nガルガが来る前に{0F}迎撃準備を整えることができた。{0E}{09}	
06103	MAP/MAP023.BIN:013D92	1	でも、アルフが\nアンビッシュ国の王様だったなんて{0F}ほんとに驚いたなぁ・・・。{0E}{02}{12}うっふぉん！\n人は見かけによらないものだ。{0F}とにかく、\nガルガとの戦いに決着がつくまで\n思い出話は後回しだ。{0F}いいかい。くれぐれも言っておくが、君たちはガルガがきても\n絶対に戦闘に参加しないでくれよ。{0F}いくらジュリオやクリスが強くても、相手は海の大怪獣ガルガだ。\n戦いは戦闘のプロに任せてくれ。{10}	
06104	MAP/MAP023.BIN:013F0E	1	{02}{12}いいかい。くれぐれも言っておくが、{0F}君たちはガルガがきても\n絶対に戦闘に参加しないでくれよ。{0F}いくらジュリオやクリスが強くても、相手は海の大怪獣ガルガだ。{0F}戦いは戦闘のプロに任せてくれ。{10}	
06105	MAP/MAP023.BIN:013FCC	1	{02}{12}大蛇の舌は、\nけっこう険しい道のりだ。{0F}あせらずに進むのだよ。{10}	
06106	MAP/MAP023.BIN:01403A	1	{02}{07}町中は自由にお歩き下さい。{0F}ただし、兵士のジャマだけは、\nなさいますな。{10}	
06107	MAP/MAP023.BIN:014094	1	{02}{07}どうも、テュエールでは\nお別れの挨拶の時間も取れず、{0F}失礼いたしました。{0F}陛下は別れを惜しんで\nおられたのですが、なにぶん事態は\n急を要しましたものですから。{0F}お許しください。{10}	
06108	MAP/MAP023.BIN:014154	1	{02}{01}ええ。{0F}お話を聞いたら\nよくわかったわ。{0F}{09}\n{02}	
06109	MAP/MAP023.BIN:014181	1	一緒に船に乗せてくれれば\nよかったのに・・・。{10}	
06110	MAP/MAP023.BIN:0141B8	1	{02}{07}ガルガと戦うための\nできる限りの準備は整えました。{0F}あとは我らの勝利を祈るだけです。{10}	
06111	MAP/MAP023.BIN:014214	1	{02}{07}今からアルフレッド王が\n作戦をお話になります。{0E}{09}{13}{02}{01}聞かなきゃ。\n私たちも並びましょう。{10}	
06112	MAP/MAP023.BIN:014274	1	{02}{07}静かに！{0F}今、マギサは自らの思念を\n強大な魔法の力に\n変えようとしています。{0F}精神集中を乱してはなりません。{10}	
06113	MAP/MAP023.BIN:0142E6	1	{02}{07}アンデラ城によって\n元気な姿を見せてください。{10}	
06114	MAP/MAP023.BIN:01433C	1	{02}{04}ガルガ・・・。{0F}俺の親父を海に沈め\n村を破壊し尽くした化物め・・・。{0F}この峡谷を、\nきさまの見る最後の景色にしてやる！{10}	
06115	MAP/MAP023.BIN:0143BC	1	{02}{04}ん・・・？{0F}お前ら！\nこんな所にまで来て！{0E}{09}\n{02}{01}ね、ムリしないでね。{0E}{09}\n{02}	
06116	MAP/MAP023.BIN:014404	1	そうだよ。{0F}まだ、剣のことで\n教えてもらいたいことが\nいっぱいあるんだから。{0E}{09}	
06117	MAP/MAP023.BIN:014450	1	{02}{04}・・・ありがとよ。\n大丈夫だ。{0F}ジュリオとクリスは、\n危なくないところで\n俺の戦いぶりを見ててくれ。{10}	
06118	MAP/MAP023.BIN:0144BE	1	{02}{04}危ないマネはするなよ。{10}	
06119	MAP/MAP023.BIN:0144E0	1	ローディ・・・。{0F}もっと、いっしょに\n旅がしたかったよ。{10}	
06120	MAP/MAP023.BIN:01451C	1	{02}{14}私はスタント１です。{10}	
06121	MAP/MAP023.BIN:014538	1	{02}{14}私はスタント２です。{10}	
06122	MAP/MAP023.BIN:014554	1	{02}{14}私はスタント３です。{10}	
06123	MAP/MAP023.BIN:014570	1	{02}{14}私はスタント４です。{10}	
06124	MAP/MAP023.BIN:01458C	1	{02}{14}私はスタント５です。{10}	
06125	MAP/MAP023.BIN:0145A8	1	{02}{14}私はスタント６です。{10}	
06126	MAP/MAP023.BIN:0145C4	1	{02}{14}私はスタント７です。{10}	
06127	MAP/MAP023.BIN:0145E0	1	{02}{14}私はスタント８です。{10}	
06128	MAP/MAP023.BIN:0147B0	1	{09}{09}{02}{01}ジュリオ、どこいくの！{0F}早く、アルフたちの\nところへ行きましょ！{10}	
06129	MAP/MAP023.BIN:014850	1	{09}\n{02}{01}ジュリオ、\nそっちはイグニスじゃないわ。{10}	
06130	MAP/MAP023.BIN:014886	1	{09}\n{02}{01}・・・・・・。{0F}ねえ、ジュリオ\nどこまで行くの？{0F}早く、先へ進みましょう。{10}	
06131	MAP/MAP023.BIN:014990	1	{02}{14}ああ、王様の知り合いの方ですね。\nボルトから出るのですか？{0E}	
06132	MAP/MAP023.BIN:0149F6	1	ううん、そうじゃないんだ。\nちょっと散歩してただけだよ。{0E}{09}	
06133	MAP/MAP023.BIN:014A30	1	{02}{01}ごめんなさい。\nお仕事の邪魔しちゃって。{0E}{02}{14}そうですか。\nいいんですよ。{10}	
06134	MAP/MAP023.BIN:014B06	3	{02}{14}君たち、\n	
06135	MAP/MAP023.BIN:014B5C	1	そっちに行っちゃダメだよ！\n危ないからね！{10}	
06136	MAP/MAP023.BIN:014C1C	1	そっちに行っちゃダメだよ！\n危ないからね！{0E}{09}	
06137	MAP/MAP023.BIN:014C48	1	{02}{01}だいじょうぶよ。\n私たちのことなら心配しないで。{0F}ちゃんと王様には\n話をつけてあるから！{0E}	
06138	MAP/MAP023.BIN:014CB4	1	えっ・・・\nそんなこと、話したっけ。{10}	
06139	MAP/MAP023.BIN:014D1A	1	{02}{14}ガルガはすぐ傍まで来ているのですが{0F}どういうわけか、\n上陸しようとしません。{0E}{09}	
06140	MAP/MAP023.BIN:014D69	1	{02}{12}松明の灯りに反応はしているのだな？{0E}{02}{14}はい。\nそれは間違いありません。{0E}{09}	
06141	MAP/MAP023.BIN:014DB2	1	{02}{12}こちらの意図を\nさとられたのか・・・？{0F}とにかく、このまま続けてくれ。\n海上では勝負にならんのだからな。{0E}{02}{14}はっ！{0E}	
06142	MAP/MAP023.BIN:014E50	1	{02}{12}ジュリオ、クリス。\nボルトの町まで戻っていなさい。{0E}	
06143	MAP/MAP023.BIN:014EB4	1	でも。{0E}{09}{10}{02}{01}そんなこと言ってないで、{0F}早くガルガを\nおびき寄せなくちゃ。{0E}{09}\n{02}	
06144	MAP/MAP023.BIN:014EFE	1	なかなか、\nこっちに来ないんでしょ？{0E}{09}	
06145	MAP/MAP023.BIN:014F24	1	{02}{12}しかし。{0E}{09}{10}{02}{01}私にいい考えがあるわ。{0E}	
06146	MAP/MAP023.BIN:014F68	1	{02}{12}どんな？{0E}{09}{10}{02}{01}エサでおびき出すのよ。{0E}{09}{0A}{02}	
06147	MAP/MAP023.BIN:014F92	1	うん、それは名案だよ。\nさっすがクリス。{0F}でっ、エサって何を使うのさ？{0E}{09}{0A}{02}{01}ジュリオよ。{0F}{09}{0A}{02}	
06148	MAP/MAP023.BIN:014FEC	1	え・・・？{0F}	
06149	MAP/MAP023.BIN:015012	1	{09}{0A}{02}{01}ジュリオがエサになるのよ。{0E}{09}	
06150	MAP/MAP023.BIN:015033	1	{02}{12}おいおい。{0F}それは、\nいくらなんでも・・・。{0E}{09}\n{02}	
06151	MAP/MAP023.BIN:015064	1	な、なんで・・・ボクが？{0E}{09}{10}{02}{01}ここでガルガを谷におびき出さなきゃ作戦が進められないわ。{0F}全世界の運命がかかってるのよ。{0E}	
06152	MAP/MAP023.BIN:0150FE	1	だっ、だからって・・・。{0E}{09}	
06153	MAP/MAP023.BIN:015119	1	{02}{01}安心しなさい。{0F}ガルガから見れば、\n私たちなんて小さすぎて、\n食べる気にもならないはずよ。{0F}それに、海じゃ\n呑み込まれるかも知れないけれど、{0F}浜辺だったら、一生懸命走れば\n逃げられるわ。{0F}ジュリオは駆けっこが\n得意なんだから。{0E}{09}\n{02}	
06154	MAP/MAP023.BIN:0151F9	1	えーっ。{0F}そういう問題じゃ、\nないと思うんだけどなぁ・・・。{0E}	
06155	MAP/MAP023.BIN:015248	1	{09}{10}{02}{01}いいわね。{0F}波打ちぎわまで行って大騒ぎすれば、きっとガルガは動き出すわ。{0E}ジュリオ、心の準備はできた？\nやってくれるわね。{0E}	
06156	MAP/MAP023.BIN:0152DC	1	そんなのヤダよう・・・。\nヒドすぎるよ。{0F}ボク、できないよ。{0E}	
06157	MAP/MAP023.BIN:01531A	1	{09}{09}{02}{01}なに言ってるの。{0F}ガルガを谷に入れないと\n作戦は進まないのよ。{0F}別にガルガを相手に戦えって\n言ってんじゃないんだから。\n走ればいいのよ、走れば。{0E}	
06158	MAP/MAP023.BIN:0153B6	1	{09}{0A}{02}{01}さっすが、ジュリオ。{0E}{09}\n{02}	
06159	MAP/MAP023.BIN:0153D3	1	ボク、泣きたくなってきたよ。{0E}{09}{10}{02}{01}オトリなんだから、\n大きな声で、{0F}ハデに大騒ぎするのよ。{0E}	
06160	MAP/MAP023.BIN:01543E	1	そんなー。{0E}{09}{10}{02}{01}ここはやるしかないわ。{0F}泣き虫ジュリオを返上する\nいいチャンスよ。{0F}ジュリオ、頼んだわよ。\nジュリオだけが頼りなんだから。{0F}さあ、頑張って！{0E}{09}{08}{02}	
06161	MAP/MAP023.BIN:0154D9	1	・・・・・気楽に言ってくれるよ。{0E}	
06162	MAP/MAP023.BIN:01550C	1	ひとつだけ聞いておくけど、\n谷の奥は行き止まりじゃないよね？{0E}{09}	
06163	MAP/MAP023.BIN:01554A	1	{02}{12}それは大丈夫だ。{0F}ガルガの巨体では通れないが、\n人間なら登れるようになっている。{0E}{09}\n{02}	
06164	MAP/MAP023.BIN:01559F	1	それを聞いて少し安心したよ。{0F}・・・・・少しだけ・・・。{10}	
06165	MAP/MAP023.BIN:015628	1	皆の者、よく聞け！{0F}ただ今より、\nガルガ迎撃作戦を説明する。{0E}{09}	
06166	MAP/MAP023.BIN:015665	1	{02}{04}おい、俺たちも話を聞こうぜ。{10}	
06167	MAP/MAP023.BIN:015768	2	{02}{01}はじめまして。{0E}	
06168	MAP/MAP023.BIN:01578A	2	{02}{15}あら、はじめまして。{0E}{09}	
06169	MAP/MAP023.BIN:0157A3	2	{02}{01}私、クリス。{0E}	
06170	MAP/MAP023.BIN:0157E2	1	こっちは一緒に旅をしている\nジュリオとローディです。{0E}{09}	
06171	MAP/MAP023.BIN:015829	1	{02}{04}やあ、どうも。{0E}	
06172	MAP/MAP023.BIN:01586A	1	{02}{15}あなたたち、\n巡礼の旅をしているそうね。{0F}王様から聞いたわ。{0F}それに、クリスさんは\nチャッペルの魔法が\n使えるんですってね。{0F}ちょっといいかしら？{0E}	
06173	MAP/MAP023.BIN:015910	2	マギサはクリスのひたいに\n右手をあてた。{0E}{09}{0F}{02}{01}えっ・・・？{0E}{02}{15}ほんとだわ。\nすばらしい才能を持っているわね。{0E}	
06174	MAP/MAP023.BIN:015990	2	その才能は大切に伸ばし、\nみんなのために役立ててくださいね。{0F}私は５歳のときに\nゲルドさんとお会いしたの。{0E}{09}{0F}{02}{01}えっ？{0E}{09}\n{02}	
06175	MAP/MAP023.BIN:015A07	2	ゲルド？{0E}{02}{15}そう、白き魔女と呼ばれていた\nゲルドさんよ。{0F}私はゲルドさんから\nいろいろなことを教わったわ。{0F}魔法の正しい使い方や、\n人との接し方。{0F}それに、予言の受け止め方とか。{0E}{09}	
06176	MAP/MAP023.BIN:015CEC	1	こっちは一緒に旅をしている\n	
06177	MAP/MAP023.BIN:015D22	1	ジュリオとローディです。{0E}{09}	
06178	MAP/MAP023.BIN:015FAB	1	{02}{04}へーっ、それはすごい。{0F}あんたの魔法は\nゲルド仕込みってわけか。{0E}{02}{15}どうかしら・・・。{0F}ゲルドさんが教えてくれたのは\n魔法そのものより、\n心構えのようなものが多かったわ。{0F}そういう意味では私の直接の師匠は、アルフレッド王の執事をやられているモリスン様ですね。{0E}{09}	
06179	MAP/MAP023.BIN:016142	1	{02}{01}ねえ、ジュリオ。{0F}ローディたちのことは\nアルフに任せて、{0F}早く先へ急ぎましょ。{10}	
06180	MAP/MAP023.BIN:0161E0	1	{02}{08}デバッグ用イベントその２\nＤｉｓｋ２の初めからです。{10}	
06181	MAP/MAP023.BIN:016236	1	{02}{08}デバッグ用イベントその３\nモノローグのチェック用です。{10}	
06182	MAP/MAP023.BIN:016300	1	そっちに行っちゃダメだよ！{0F}ガルガとの戦いで地盤が\nゆるくなっていて危ないからね。{10}	
06183	MAP/MAP023.BIN:0166DA	1	アンビッシュ国　ボルト	
06184	MAP/MAP023.BIN:016744	1	{02}{01}アンビッシュ国の兵隊さんがいるわ。やった、間に合ったのね。{0F}あの向こうがボルトだわ。{0E}	
06185	MAP/MAP023.BIN:0167C2	1	{02}{14}なんだ、旅人か。{0F}こんな大変なときに\nボルトに来るなんて\nいったい何を考えてるんだ。{0F}よく、砦の門衛が\n通してくれたなあ。{0E}	
06186	MAP/MAP023.BIN:016850	1	{02}{04}急用なんだ。\n通してくれよ。{0E}{02}{14}それはできん。{0F}ガルガがボルトに\n上陸するかも知れないから、{0F}危険だから誰も通すなと\n命令されている。{0F}悪いけど\nあきらめて砦まで戻ってくれ。{0E}	
06187	MAP/MAP023.BIN:01690E	1	{02}{04}冗談じゃない。\n来た道を戻れって言うのか？{0E}{02}{14}そういうことだ。{0E}{09}	
06188	MAP/MAP023.BIN:016951	1	ローディ。{0E}	
06189	MAP/MAP023.BIN:01698E	1	{02}{04}えっ？{0E}{09}	
06190	MAP/MAP023.BIN:01699B	1	これ、これ。\nこれを見せてみたら。{0E}{09}	
06191	MAP/MAP023.BIN:0169BF	1	{02}{04}何だよ。{0E}	
06192	MAP/MAP023.BIN:0169DE	1	あっ、それか・・・。{0F}効き目あるかな。{0E}	
06193	MAP/MAP023.BIN:016A0C	1	ジュリオはアルフの残した指輪を\nローディに渡した。{0E}	
06194	MAP/MAP023.BIN:016A7E	1	ローディは指輪を門衛に見せた。{0E}{09}	
06195	MAP/MAP023.BIN:016A9F	1	{02}{04}ほら、よく見ろよ。{0F}目を皿にして、\nよーく、見てみろよ。{0E}{02}{14}なんだ、\n急にえらそうに・・・。{0F}ただの指輪じゃないか・・・。\n	
06196	MAP/MAP023.BIN:016B1E	1	・・・・・ん？！{0E}	
06197	MAP/MAP023.BIN:016B36	1	指輪を見ていた兵士の\n表情が変わった。{0E}{02}{14}これは・・・。{0F}アンビッシュ国の王家、\nアンデラ家の紋章。{0E}{09}{0A}{02}{01}効いたみたい。{0E}{09}{0A}{02}	
06198	MAP/MAP023.BIN:016BAE	1	ね、やっぱり効いただろ。{0E}{09}	
06199	MAP/MAP023.BIN:016BC9	1	{02}{04}ははっ、恐れ入ったか。{0E}	
06200	MAP/MAP023.BIN:016C12	1	{02}{14}さてはお前たち、\n旅人をよそおった盗賊だな！{0F}いったい、\nどこでこの指輪を盗んだ！{0E}	
06201	MAP/MAP023.BIN:016C9A	1	え～っ？{0E}	
06202	MAP/MAP023.BIN:016CBE	1	{02}{14}お～い、みんな出てこーい！\nあやしい奴がいるぞ！{0E}	
06203	MAP/MAP023.BIN:016D28	1	{02}{14}どうした！{0E}{02}{14}あやしい奴だと！{0E}	
06204	MAP/MAP023.BIN:016D7E	1	{02}{14}ひっ捕らえろ！{0E}	
06205	MAP/MAP023.BIN:016DC4	1	{02}{04}なんでこうなるんだよ。{0E}{09}\n{02}{01}もう・・・。{0E}{09}\n{02}	
06206	MAP/MAP023.BIN:016DF2	1	はは・・ゴメン。{0E}	
06207	MAP/MAP023.BIN:016E82	1	{02}{14}この者たちをどうしようか。{0E}{02}{14}まったく、この忙しいときに。{0E}	
06208	MAP/MAP023.BIN:016ED6	1	ぬれぎぬだよー。{0E}{02}{14}うるさい！{0E}	
06209	MAP/MAP023.BIN:016F10	1	{02}{14}とにかく本部に連行しよう。{0E}	
06210	MAP/MAP023.BIN:016F50	1	{02}{07}ガルガ迎撃準備は\nすべて整っております。{0F}あとは運を天に任せるまで。{0E}{09}	
06211	MAP/MAP023.BIN:016F97	1	{02}{12}うむ。\nネルバからの松明も間に合った。{0F}やれることはすべてやった。{0F}何としても、\nガルガをここで食い止めたいものだ。{0E}	
06212	MAP/MAP023.BIN:017076	1	アルフ！{0E}{02}{14}こっ、こら！\n無礼であろう！！{0E}	
06213	MAP/MAP023.BIN:0170BA	1	{02}{12}やはり来てしまったのか・・・。{0E}	
06214	MAP/MAP023.BIN:017172	1	{09}{09}{02}{01}ひどいわ。\n私たちをおいてきぼりにするなんて！{0E}{09}{09}{02}	
06215	MAP/MAP023.BIN:0171A8	1	そうだよ。{0E}{09}	
06216	MAP/MAP023.BIN:0171B5	1	{02}{04}いくらあんたが{0F}アンビッシュ国の\nお偉いさんだとしても{0F}あれはないぜ。{0E}	
06217	MAP/MAP023.BIN:01720E	1	{02}{07}アルフレッド王。{0E}	
06218	MAP/MAP023.BIN:017232	1	この者たちは確か・・・\n陛下がテュエールまで{0F}ともに旅をした者たちで\nございますな。{0E}{09}	
06219	MAP/MAP023.BIN:017286	1	{02}{04}アルフレッド王？{0F}陛下？{0F}ひょっとして\n・・・王様？{0F}・・・・・・。\n	
06220	MAP/MAP023.BIN:0172E4	1	失礼しました。{0E}	
06221	MAP/MAP023.BIN:017318	1	{09}{09}{02}{01}あやまることなんてないわ。{0E}	
06222	MAP/MAP023.BIN:017368	1	失礼なのは、そっちなんだから。{0E}なんで私たちが\n捕まらなきゃならないの！{0E}{02}{14}この者たちが、{0E}	
06223	MAP/MAP023.BIN:0173D2	1	王家の紋章が刻まれた指輪を\n所有していたものですから。{0E}	
06224	MAP/MAP023.BIN:017448	1	兵士はアルフに指輪を渡した。{0E}{09}	
06225	MAP/MAP023.BIN:017467	1	{02}{12}これは私がお礼のつもりで\n置いていったのだ。{0E}{02}{14}王家の紋章が刻まれた指輪を\nこのような者たちが持っているのは{0F}怪しいと思いまして。{0E}{09}{09}{02}{01}お腹がすいて動けなかったところを{0F}親切に介抱してあげたのは\n誰だと思ってるの。{0E}	
06226	MAP/MAP023.BIN:01754A	1	私たちがいたから、大切な王様は\n今もこうして無事でいられるのよ。\nこれが命の恩人に対する礼儀？{0E}	
06227	MAP/MAP023.BIN:0175E4	1	そうだよ、そうだよ。{0E}{02}{14}この者たちの言っていることは\n事実でしょうか？{0E}	
06228	MAP/MAP023.BIN:01766A	1	{02}{12}うん。ほんと、ほんと。\nここはいいから持ち場に戻りなさい。{0E}{02}{14}はっ！{0E}	
06229	MAP/MAP023.BIN:017736	1	{02}{12}いや、すまなかった。{0F}指輪はお礼のつもりもあったが\nこれを君たちが持っていれば{0F}また、会えるかも\n知れないと思ったのだ。{0F}あのまま別れるのは\n心残りだったからな。{0E}{09}	
06230	MAP/MAP023.BIN:0177D7	1	{02}{04}ネルバの王に顔が効くから\n偉い奴・・・あ、いや、{0F}偉い方だろうとは思っていたが。\nまさかアンビッシュ国の\n王様だったとは。{0E}{02}{12}いや、本当にすまなかった。{0F}私もゲルドの残した予言が\n気になってな。{0F}お忍びでネルバを調査していたのだ。もう少し早く\nガルガ出現の確証を得られれば{0F}ネルバのノルディック王に進言して\n迎撃の準備を整えさせることも\nできたのだが。{0F}私がネルバへ到着したのと同時に\nガルガが出現し、モリスンともはぐれ間違えてチッタに{0F}行ってしまったとこで{0F}君たちに会ったという訳だ。{0E}{09}	
06231	MAP/MAP023.BIN:0179B4	1	ふーん、そうだったのか。{0E}{09}	
06232	MAP/MAP023.BIN:0179CF	1	{02}{12}ともあれ、この指輪は\n君たちにあげた物だ。{0F}私の感謝と友情の印だ。\nあらためて受け取ってくれたまえ。{0E}	
06233	MAP/MAP023.BIN:017A58	1	ジュリオたちは\nアルフから指輪を受け取った。{0E}	
06234	MAP/MAP023.BIN:017AAE	1	ありがとう王様。\n大切にするよ。{0E}{09}{0A}{02}{01}王様ありがとう。{0E}{09}	
06235	MAP/MAP023.BIN:017AE5	1	{02}{12}王様だなんて、よしてくれ。{0F}君たちにそう呼ばれると\n調子がくるってしまう。\n今までどおりアルフでいい。{0E}	
06236	MAP/MAP023.BIN:017B60	1	{02}{04}そうはいきませんよ。{0E}{09}	
06237	MAP/MAP023.BIN:017B79	1	{02}{01}それでアルフ、\nガルガの現在位置は？{0F}状況に変わりないの？{0E}	
06238	MAP/MAP023.BIN:017BD2	1	{02}{04}ガクッ！{0E}{09}	
06239	MAP/MAP023.BIN:017BDF	1	{02}{12}今朝の報告では、\nまだロップ島にいる。{0F}だが、そろそろ目覚めてもいい頃だ。{0F}いつ海を渡ってこようとも\n不思議はない。{0E}{09}	
06240	MAP/MAP023.BIN:017C56	1	ガルガを迎え打つ準備は\nできてるの？{0E}{09}	
06241	MAP/MAP023.BIN:017C7C	1	{02}{12}やれるだけのことはやった。{0F}ところで、君たちには\nせっかく来てもらってなんだが{0F}あとは\nアンビッシュ国軍が引き受けた。\n君たちは巡礼の旅を続けなさい。{0F}いいね。{0E}{09}	
06242	MAP/MAP023.BIN:017D1B	1	{02}{04}ああ。そのことだが、\n俺も王様の意見に賛成だ。{0E}	
06243	MAP/MAP023.BIN:017D80	1	悪いがジュリオやクリスが\nガルガ退治に\n協力してくれると言っても{0F}相手が相手だ。{0F}危険がともなうしな。\n正直言って足手まといになるだけだ。{0E}{09}\n{02}{01}そんなー。{0E}{09}	
06244	MAP/MAP023.BIN:017E17	1	{02}{04}ガルガは俺に任せておけ。\n俺が必ず倒してやる。{0E}{09}	
06245	MAP/MAP023.BIN:017E49	1	{02}{12}ローディ・・・。{0F}本当は君にも危険な目には\n合わせたくなかった。{0F}だが、ここまできた君を\n止める権利は私にはない。{0E}	
06246	MAP/MAP023.BIN:017EFE	1	{09}\n{02}{01}アルフやローディの気持ちも\nよくわかるけど、{0F}私たちにだって何かできることが\nあるかも知れないわ。{0E}{09}	
06247	MAP/MAP023.BIN:017F66	1	うん、そうだね。{0F}このままボルトを通りすぎて\nイグニスに向かうのも、\nなんか心残りだしね。{0E}	
06248	MAP/MAP023.BIN:017FDC	1	{02}{01}ねえ、アルフ。\nじゃあ、こうしましょうよ。{0E}{09}	
06249	MAP/MAP023.BIN:01800A	1	{02}{12}え、どうするの？{0E}{09}	
06250	MAP/MAP023.BIN:01801F	1	{02}{01}私たちは戦いには参加しないわ。{0F}ガルガがきたら\n安全なところに隠れてる。\nそれでいいでしょ。{0F}それまでは、\n私たちにできる手伝いを\nさせてもらうわ。{0F}ね、いいでしょ。それで。{0E}{09}	
06251	MAP/MAP023.BIN:0180CB	1	{02}{12}いいでしょって言われても・・・。{0F}それでも危険なことも\nあるかも知れないし・・・。{0E}{09}	
06252	MAP/MAP023.BIN:018120	1	{02}{01}そう、{0F}命の恩人の頼みが\nきけないって言うの？{0E}{09}	
06253	MAP/MAP023.BIN:018151	1	{02}{12}しかしなぁ・・。{0E}	
06254	MAP/MAP023.BIN:018186	1	{09}{09}{02}{01}むむむむ。{0E}{09}	
06255	MAP/MAP023.BIN:018197	1	{02}{12}・・・・・・。{0F}	
06256	MAP/MAP023.BIN:0181D0	1	・・・たじ。{0F}わかった。わかった。\nにらめっこじゃ\nクリスにはかなわないよ。{0E}	
06257	MAP/MAP023.BIN:01822E	1	いいかね。\nジュリオとクリスは戦闘には\n一切参加しないのが条件だ。{0F}	
06258	MAP/MAP023.BIN:018282	1	約束を守れるね。{0E}{02}"うん。{0E}{09}	
06259	MAP/MAP023.BIN:01829E	1	{02}{07}よろしいのですか？{0E}	
06260	MAP/MAP023.BIN:0182C4	1	{02}{12}まあ、来てしまったのだから\n仕方あるまい。{0E}	
06261	MAP/MAP023.BIN:018304	1	{02}{12}私の陣地となる民家は１番南にある。{0F}君たちの泊まるところを\n用意しておくから\nあとでよってくれ。{0F}まだ少し、ガルガ迎撃について\nモリスンと打ち合わせたいことが\nあるのでな。{0F}あとで、その民家で会おう。{10}	
06262	MAP/MAP023.BIN:018468	1	{02}{01}そういえば、テュエールで\nジェネおばあさんが言っていたわね。{0F}ゲルドが言い残した言葉で、\n灯りの道をつくり、{0F}道を指し示せっていうのが\nあったって。{0E}{09}	
06263	MAP/MAP023.BIN:0184FE	1	それでメナート国の\nノルディック王に頼んで{0F}ガルガを誘導するために、\n特製の漁り火を\nたくさん取り寄せたんだね。{0E}{09}	
06264	MAP/MAP023.BIN:01856D	1	{02}{04}アンビッシュ国だけでは、{0F}浜をうめつくすほどの漁り火は\n集まらないからな。{0E}{09}\n{02}	
06265	MAP/MAP023.BIN:0185BC	1	でも、そんなことで、{0F}ほんとにガルガを誘導することが\nできるのかなぁ。{0E}{09}	
06266	MAP/MAP023.BIN:018603	1	{02}{04}どうだかな。{0F}だが、やってみる価値は\nあるだろう。{0E}{09}\n{02}{01}ガルガをどこに\n誘導するつもりなのかしら。{0E}{09}	
06267	MAP/MAP023.BIN:018666	1	{02}{04}さあな、\n漁り火を追って行けば\nわかるんじゃないか。{10}	
06268	MAP/MAP023.BIN:018810	1	{02}{12}この作戦はアンビッシュ建国以来の\n大規模かつ、危険なものとなろう。{0F}だが諸君なら必ず、\nなし得ると確信する。\n心して聞いてほしい。{0E}対ガルガ迎撃作戦、その１！{0F}ガルガがボルトに迫ったら、\n漁り火を焚き、それによって\nガルガの進路を誘導する。{0F}ゲルドの予言に、灯りの道をつくり、道を指し示せとある。{0F}この解釈があっていれば、\nボルトへの直接の被害は防げる。{0E}作戦その２！{0F}東の谷に誘導したガルガに対し、\nカンドマスター・マギサの力を借りて退路を遮断する。{0E}作戦その３！{0F}谷に閉じ込めたガルガを\nさらにネットにより動きを止め、\n一斉攻撃をあたえる。{0E}以上だ！{0F}ガルガは必ずやってくる。{0F}諸君らの健闘を祈る！\n作戦開始！！{0E}{02}$おーっ！！{0E}	
06269	MAP/MAP023.BIN:018FD4	1	{02}{12}こら！\n	
06270	MAP/MAP023.BIN:018FE4	1	ジュリオとクリスは、\nここに残りなさい。{0E}	
06271	MAP/MAP023.BIN:0190A4	1	{02}{14}陛下！{0F}ガルガが動き出しました！！{0E}	
06272	MAP/MAP023.BIN:01911C	1	{02}{12}ついに来たか・・・！\nご苦労、持ち場に戻れ。{0E}{02}{14}はっ！{0E}	
06273	MAP/MAP023.BIN:019190	1	{02}{12}モリスン、マギサ。\n準備にかかってくれ。{0E}	
06274	MAP/MAP023.BIN:019210	1	{02}{07}かしこまりました。{0E}{02}{15}最善をつくします。{0E}	
06275	MAP/MAP023.BIN:0192C8	1	{02}{04}俺は戦力になる。\n一緒に戦うぜ。{0E}{09}	
06276	MAP/MAP023.BIN:0192EC	1	{02}{12}止めても、ききそうにないな。{0E}{09}	
06277	MAP/MAP023.BIN:01930D	1	{02}{04}いくら王様の頼みでも\nガルガだけは{0F}俺がきっちりカタをつける。{0E}{09}	
06278	MAP/MAP023.BIN:01934E	1	{02}{12}・・・・・・・・。\nいいだろう。{0F}だが、一言いっておく。{0F}命を粗末にするんじゃないぞ。{0E}	
06279	MAP/MAP023.BIN:0193F6	1	{02}{12}２人はここで待っているように。{0F}いいね。{0E}	
06280	MAP/MAP023.BIN:019456	1	{09}{10}{02}{01}こんなところで\n待ってられるもんですか。{0E}	
06281	MAP/MAP023.BIN:0194AC	1	でも・・・。{0E}{09}{10}{02}{01}でも、じゃないわよ。\n行くわよ！{10}	
06282	MAP/MAP023.BIN:0195EE	1	{02}{15}うっ！{0E}	
06283	MAP/MAP023.BIN:019624	1	\n{02}{07}マギサ！{0E}{02}{15}ゲルドさん、力を貸してくれて\nありがとう・・・。{0E}{02}{07}大丈夫か、マギサ。{0E}{02}{12}よくやってくれた、マギサ。\nあとは任せなさい。{10}	
06284	MAP/MAP023.BIN:0196F0	1	{02}{04}やったな、ジュリオ。{0F}もう、お前は\n泣き虫なんかじゃないぞ。{0E}{09}{0A}{02}	
06285	MAP/MAP023.BIN:019731	1	うん！{0E}{09}	
06286	MAP/MAP023.BIN:01973A	1	{02}{04}危ないから、\n２人はここで待ってるんだ。{0F}俺がケリをつけてやる。{0E}	
06287	MAP/MAP023.BIN:0197B2	1	{02}{14}ガルガの息の根を止めるんだ！{0E}	
06288	MAP/MAP023.BIN:0198CA	1	{02}{04}なんだ！？　今のは！{0E}	
06289	MAP/MAP023.BIN:0199D8	2	{02}{14}た、退却！{0E}	
06290	MAP/MAP023.BIN:019A9A	1	\n{02}{04}ガルガ、\n今度は俺が相手だ！{10}	
06291	MAP/MAP023.BIN:019B12	1	\n{02}{04}く、ちくしょうめ・・・。{10}	
06292	MAP/MAP023.BIN:019BC4	1	{02}{14}陛下！\n	
06293	MAP/MAP023.BIN:019C02	1	ガルガは妙な技を使います！{0E}	
06294	MAP/MAP023.BIN:019C42	1	{02}{15}・・・ガルガの中から\nガルガの意識とは違った{0F}	
06295	MAP/MAP023.BIN:019C9C	1	邪悪なものを感じます。{0E}	
06296	MAP/MAP023.BIN:019CB8	1	{02}{07}おそらく・・・。{0F}	
06297	MAP/MAP023.BIN:019CD8	1	ガルガは何者かに\n操られておるのです！{0E}	
06298	MAP/MAP023.BIN:019D3A	1	{02}{12}ローディ！\n助太刀するぞ！{0E}	
06299	MAP/MAP023.BIN:019DDC	1	クリス。\nボク、行くよ。{0E}	
06300	MAP/MAP023.BIN:019E08	2	{02}{01}えっ？{0E}	
06301	MAP/MAP023.BIN:019E3A	1	ローディとアルフが戦うのを\n黙って見てられないよ。{0E}	
06302	MAP/MAP023.BIN:019EB4	1	{09}{0F}{02}{01}・・・私だって！{0E}	
06303	MAP/MAP023.BIN:019FD8	1	{02}{14}ひるむなっ！　かかれ！{0E}	
06304	MAP/MAP023.BIN:01A110	1	{02}{14}く、くそう！{0E}	
06305	MAP/MAP023.BIN:01A308	1	{02}{04}近寄ると、\n弾き飛ばされるってワケかい。{0E}	
06306	MAP/MAP023.BIN:01A3E4	1	{02}{04}なんだ！？{0E}{09}	
06307	MAP/MAP023.BIN:01A3F3	1	{02}{12}あれが、ガルガを操っていた魔獣だ！{0E}	
06308	MAP/MAP023.BIN:01A468	1	ローディ！\nボクたちも一緒に戦うよ！{0E}{09}	
06309	MAP/MAP023.BIN:01A48E	1	{02}{04}こいつは一筋縄じゃ、\nいきそうもない。{0F}頼むぜ！{0E}	
06310	MAP/MAP023.BIN:01A518	1	４人は寄生獣を倒すため、\nパーティを組んだ！{10}	
06311	MAP/MAP023.BIN:01A5DE	1	{09}{01}\n{02}{04}はあ、はあ、\n{19}{0F}や、やったぜ・・・。{19}	
06312	MAP/MAP023.BIN:01A665	1	ローディ！！\nしっかりしてよ！ローディ！！{10}	
06313	MAP/MAP023.BIN:01A734	1	・・・ローディ。\nずっと眠ったままだよ。{0E}{09}{0E}{02}{01}大丈夫かしら。{0E}{09}	
06314	MAP/MAP023.BIN:01A771	1	{02}{12}今までの無理がたたったのだろう。{0E}	
06315	MAP/MAP023.BIN:01A7B6	1	ガルガへの憎しみが、\n彼をつき動かしていたのだ。{0F}普通の人間なら、\nとっくに動けなくなっているよ。{0F}体を完全に回復させるためには\nしばらく療養が必要だろうな。{0E}	
06316	MAP/MAP023.BIN:01A878	1	{02}{07}マギサも力を使い果たして\n眠ってしまいました。{0F}あれほどの魔法を使ったのです。\nゆっくりと、休んでもらいましょう。{0E}マギサが眠りにつく前に\n言っておりました。{0F}ガルガを操っていた\n寄生獣を倒したことにより、\nガルガは正気を取り戻したそうです。{0F}もう、町を襲うことはありません。{0F}大人しく自分の海に\n帰るでしょうから、\n御安心をとのことです。{0E}{09}	
06317	MAP/MAP023.BIN:01A9C5	1	{02}{12}うむ。{0F}マギサにも今回は、\nかなり負担をかけてしまった。{0E}	
06318	MAP/MAP023.BIN:01AA10	1	モリスン。\n彼女のそばにいてやってくれ。{0E}	
06319	MAP/MAP023.BIN:01AA4C	1	{02}{07}はい。\nお心づかい、感謝します。{0E}	
06320	MAP/MAP023.BIN:01AA8C	1	{02}{12}ジュリオ、クリス。\n本当にありがとう。{0E}	
06321	MAP/MAP023.BIN:01AAD6	1	ローディをはじめとして、\n君たちの協力がなければ、\n作戦は成功しなかった。{0E}アンビッシュ国が\n救われたのは、\n本当に君たちのおかげだ。{0E}ありがとう、感謝するよ。{0E}{09}{07}{02}{01}そんな、なんだかテレちゃうわ。{0E}{09}{07}{02}	
06322	MAP/MAP023.BIN:01AB98	1	ボクも・・・。{0F}アルフにお礼なんか言われると\n偉くなっちゃうよ。{0E}	
06323	MAP/MAP023.BIN:01ABE8	1	{09}\n{02}{01}それは、ちょっとちがうわよ。{0E}	
06324	MAP/MAP023.BIN:01AC1C	1	{02}{01}それより、\n他の兵隊さんたちは大丈夫だったの？{0E}{09}	
06325	MAP/MAP023.BIN:01AC4E	1	{02}{12}ああ、ガルガに跳ね飛ばされた兵士は、軽いケガだけで済んだよ。{0F}命を落とした者は１人もいない。\n本当に良かった。{0E}	
06326	MAP/MAP023.BIN:01ACD8	1	{02}{14}陛下、失礼します。{0E}	
06327	MAP/MAP023.BIN:01AD20	1	{02}{12}どうした？{0E}{02}{14}ガルガが海へ戻って行きました。\nそれにしても、すごい力です。{0F}あれだけ動きを封じたのに、\nやすやすと戻って行きました。{0E}{09}	
06328	MAP/MAP023.BIN:01ADA5	1	{02}{01}自分の家に戻ったのね。{0E}{09}	
06329	MAP/MAP023.BIN:01ADC0	1	{02}{12}正気のガルガが相手だったら、{0F}我々に勝ち目は\nなかったかも知れないな。{0F}ご苦労だった。{0F}各自、休憩するよう、伝えてくれ。{0E}{02}{14}はっ！{0E}	
06330	MAP/MAP023.BIN:01AE6C	1	{02}{12}ところで、\nこれからどうするんだ？{0E}	
06331	MAP/MAP023.BIN:01AEB0	1	そうだ。\nボクたち巡礼の旅の途中だったっけ。{0E}	
06332	MAP/MAP023.BIN:01AEEE	1	{09}\n{02}{01}やあねぇ。\n時々寝ぼけたことをいうんだから。{0E}{09}	
06333	MAP/MAP023.BIN:01AF22	1	次はイグニスのシャリネだよね。{0E}{09}	
06334	MAP/MAP023.BIN:01AF43	1	{02}{12}そうか、\n南回りでアンビッシュ国を旅すれば\nアンデラを通ることになるな。{0F}ジュリオ、クリス。{0E}	
06335	MAP/MAP023.BIN:01AFCA	1	是非ともアンデラに寄ってくれ。\nごちそうで大歓迎するから。{0E}{09}{0A}{02}	
06336	MAP/MAP023.BIN:01B008	1	ごちそう・・・。{0E}	
06337	MAP/MAP023.BIN:01B02A	1	{09}\n{02}{01}ジュリオ、\nよだれが出てるわよ。{0E}{09}{0A}{02}	
06338	MAP/MAP023.BIN:01B052	1	きっと、お城によるよ。{0E}	
06339	MAP/MAP023.BIN:01B078	1	\n\n　　　ネガル島近海から始まったガルガ騒ぎは\n　　　　　ジュリオたちの活躍によって、\n　　　　　アンビッシュ国の港町ボルトで\n　　　　　　　　ようやく解決した。\n　　ジュリオたちは、アルフレッド王の招待を受け、\n　　　　　　アンデラ城での再会を約し、\n　　　　　巡礼の旅に戻ることを決めた。\n　　　次の目的地は、火のシャリネ、イグニス。\n	
06340	MAP/MAP023.BIN:01B1DC	1	\n\n\n　　　　　　　　だが、謎も残った。\n　　　　　　　ガルガに寄生していた\n　　　寄生獣バゼラーを召喚したのは誰なのか？\n　　　　　まだ、巡礼の旅を続ける２人は、\n　　　　自分たちの体験するすべてのことが、\n　　　ひとつの太い幹から別れた枝であることに\n　　　　　　気づいていなかった・・・。\n	
06341	MAP/MAP023.BIN:01B314	1	\n\n\n\n\n\n　　　　　　第２章　ボルト大決戦　完\n	
06342	MAP/MAP023.BIN:01B430	1	{02}{12}イグニスのシャリネがある場所は、{0F}通称『大蛇の舌』と\n呼ばれているんだ。{0F}アンビッシュ国の\n南をふさぐ大山脈を\n『大蛇の背骨』と言ってな。{0F}その大蛇の頭に\n見立てられているわけだ。{0F}イグニスのシャリネまでは\n一本道だから、\n迷うことはないだろう。{0F}町の南側から出るんだぞ。{0F}ローディのことは任せておいてくれ。アンデラに着いたら\n今まで以上の看護ができるはずだ。{0F}では、気をつけてな。\n必ずイグニスの\n帰りに城へよってくれよ。{0E}{09}	
06343	MAP/MAP023.BIN:01B5CD	1	{02}{07}ジュリオ様、クリス様。{0E}	
06344	MAP/MAP023.BIN:01B612	1	マギサからこれを\nあずかっております。{0E}	
06345	MAP/MAP023.BIN:01B652	1	{02}{07}魔力の指輪です。{0F}どうか、お受け取り下さい。\n彼女のせめてもの、心づかいです。{0E}	
06346	MAP/MAP023.BIN:01B6A8	1	ジュリオたちは\n{01}{1B}をもらいました。{0E}	
06347	MAP/MAP023.BIN:01B6E0	1	{02}{07}それでは、アンデラ城で\nお会いしましょう。{10}	
06348	MAP/MAP023.BIN:01B7C4	1	ディスク２に入れ替えて\nマルチプレイヤー画面から\nゲームを再スタートして下さい。{10}	
06349	MAP/MAP023.BIN:01B8F4	1	ローディは懐の中から\n布に包んだ丸い物を取り出した。{0E}布の中から出てきたのは、\nネガル島で\nジュリオたちが見たものより{0F}はるかに大きな真紅の炎だった。{0E}	
06350	MAP/MAP023.BIN:01B996	1	真紅の炎だ！{0E}	
06351	MAP/MAP023.BIN:01BA02	1	{02}сKルガ！\n今までの借り、そっくり返すぜ！！{10}	
06352	MAP/MAP024.BIN:0000A4	1	イグニス	
06353	MAP/MAP024.BIN:010789	1	閭宴Oー	
06354	MAP/MAP024.BIN:0107AA	1	ペルナ	
06355	MAP/MAP024.BIN:0107CA	1	ユグム	
06356	MAP/MAP024.BIN:0107EA	1	トーリア	
06357	MAP/MAP024.BIN:01080A	1	ミッキー	
06358	MAP/MAP024.BIN:01082A	1	ボンゴ	
06359	MAP/MAP024.BIN:01084A	1	行商人カトル	
06360	MAP/MAP024.BIN:01086A	1	イグニスの賢者	
06361	MAP/MAP024.BIN:011894	1	{02}{14}ガルガが襲ってくるなんて\n噂が流れていたけど、{0F}どうなったのかのう・・・。{0E}{09}	
06362	MAP/MAP024.BIN:0118E1	1	{02}{01}ガルガのことなら\nもう大丈夫よ。{0F}ボルトから海へ\n引き返して行ったわ。{0E}{02}{14}そうか、\nそれは良かった。{10}	
06363	MAP/MAP024.BIN:01194C	1	{02}{14}これからばあさんと一緒に{0F}ボルトまで\n海を見に行こうと思ってな。{0F}良かった。良かった。{10}	
06364	MAP/MAP024.BIN:0119B2	1	{02}{15}おじいさんと結婚40周年記念の\n旅行なんですよ。{0F}おかげさまで元気で、\n２人でこうして\n旅行をすることができます。{10}	
06365	MAP/MAP024.BIN:011A2A	1	{02}{15}あなたたちも無理をしないで、{0F}健康にだけは、\nくれぐれも気をつけて下さいね。{10}	
06366	MAP/MAP024.BIN:011A86	1	{02}{16}ほう、まだお若いのに、\nお２人で巡礼の旅かい。{0E}{09}	
06367	MAP/MAP024.BIN:011ABA	1	うん、村の習わしなんだよ。{0E}{02}{16}村の習わし？{0F}ひょっとすると君たち、\nラグピック村の人かい？{0E}{09}	
06368	MAP/MAP024.BIN:011B14	1	{02}{01}あら、よくわかったわね。\nおじさん。{0E}{02}{16}もう何年前のことに\nなるかなぁ・・・。{0F}以前、ラグピック村から\n巡礼に出たという\n男の子を、家に泊めたことがある。{0E}{09}	
06369	MAP/MAP024.BIN:011BAD	1	{02}{01}あら、誰かしら？{0E}{09}\n{02}	
06370	MAP/MAP024.BIN:011BC4	1	誰だろう。{0F}ボクたちの前となると、\nずいぶん前のことだよね。{0E}{02}{16}確か・・・。{0F}う～ん。{0F}ボブ・・・いや、ロブ・・・。{0F}違うなぁ・・・。{0E}{02}{1C}ログだ！{0E}{02}{16}そうそう、ログだ。\nその名前だよ。{0F}元気にしてるかなぁ。{0E}{09}{0A}{02}{01}ログなら\nとっても元気にしているわ。{0E}{09}{0A}{02}	
06371	MAP/MAP024.BIN:011CB5	1	うん。\n大工仕事が得意なんだよ。{0F}ボク、よく遊んでもらったよ。{0E}{02}{16}そうか、それは良かった。{0F}それにしても、旅先で\nラグピックの人に\nまた会うなんて奇遇だなぁ。{10}	
06372	MAP/MAP024.BIN:011D58	1	{02}{16}私も機会があったら\nラグピック村に{0F}行ってみたいものだよ。{10}	
06373	MAP/MAP024.BIN:011DA2	1	{02}{17}やあ、こんにちは。{0F}シャリネの図書室は\n旅の楽しみの１つだね。{0F}旅人が置いていった本や、\n訪れた者の記念ノート。{0F}ためになる本もたくさんあるからね。{10}	
06374	MAP/MAP024.BIN:011E3E	1	{02}{17}僕なんかシャリネにくると、{0F}いつも図書室で\n１日時間をつぶしてしまうんだよ。{10}	
06375	MAP/MAP024.BIN:011E90	1	{02}{18}いやー、オルテガの竜退治の本は\n何回読んでも面白いよ。{10}	
06376	MAP/MAP024.BIN:011EDC	1	ボクもさっき読んだよ。{0F}竜に変身できるなんて\nすごい魔力だね。{0E}{02}{18}そうなんだよ。そこなんだよ。\nしびれるよな。{10}	
06377	MAP/MAP024.BIN:011F60	1	{02}{19}ここが火のシャリネだよ。{0F}シャリネは世界に\n５つしかないんだ。{0E}{09}\n\n{02}	
06378	MAP/MAP024.BIN:011FA4	1	知ってるよ、そんなこと。{0E}{09}{08}\n{02}{01}私たち巡礼の旅人なのよ。{0E}{02}{19}そうなんだ、うらやましいな。{10}	
06379	MAP/MAP024.BIN:012004	1	{02}{19}お兄ちゃんたち。{0F}魔法の鏡を見たの？\n見ないで行ったら、後悔するよ。{0E}{09}{08}\n{02}{01}知ってるわよ。\nそのために来たんですもの。{10}	
06380	MAP/MAP024.BIN:012088	1	{02}{19}どうだった？\n魔法の鏡すごかっただろ。{0F}でもボク、実は\nまだ見てないんだ。{0F}だってまだ８歳だもん。{0F}１５歳以上じゃなきゃ\n見ちゃダメなんだってさ。{10}	
06381	MAP/MAP024.BIN:012120	1	{02}{19}ボクも魔法の鏡を\n早く見たいなあ。{10}	
06382	MAP/MAP024.BIN:01214A	1	{02}{1A}やあ、私は行商人のカトルです。{0F}行商だけど、\n品ぞろえには自信があるんだ。\n私の品物をちょっと見てみるかい？{10}	
06383	MAP/MAP024.BIN:0121C0	1	{02}{1A}ありがとうございました。{0F}いやー、シャリネで買物なんて。\nお客さん、縁起がいいよ。{10}	
06384	MAP/MAP024.BIN:012218	1	{02}{1A}そうですか、また寄ってくださいね。{10}	
06385	MAP/MAP024.BIN:012270	1	{02}{1A}何をお求めかい？{10}	
06386	MAP/MAP024.BIN:012288	1	{02}{1A}{06}いただきますよ。{10}	
06387	MAP/MAP024.BIN:0122A2	1	{02}{1A}何を引き取りましょうか？{10}	
06388	MAP/MAP024.BIN:0122C2	1	{02}{1A}{08}でしたら\n{06}で引き取りますよ。{10}	
06389	MAP/MAP024.BIN:0122EC	1	{02}{1A}１ゴアあたり{06}で\n換金いたしますよ。{10}	
06390	MAP/MAP024.BIN:012316	1	{02}{1A}{06}をお支払いします。{10}	
06391	MAP/MAP024.BIN:012332	1	{02}{1A}それは、残念だなぁ。{10}	
06392	MAP/MAP024.BIN:01234E	1	{02}{1A}ラピカを持って来てくれなきゃな。{10}	
06393	MAP/MAP024.BIN:012376	1	{02}{1A}他に何か必要なものはあるかい？{10}	
06394	MAP/MAP024.BIN:01239C	1	{02}{1B}魔法の鏡で見たことは\n自らの心に受け止め、{0F}自分なりに考えることが\n大切なのです。{0E}そのことをお忘れなく、\nどうか旅をお続け下さい。{10}	
06395	MAP/MAP024.BIN:012424	1	{02}{19}お兄ちゃんたち。{0F}魔法の鏡を見ないで\n行ったら後悔するよ。{10}	
06396	MAP/MAP024.BIN:0124F8	1	{02}{19}お兄ちゃんたち。{0E}	
06397	MAP/MAP024.BIN:012566	1	{02}{19}魔法の鏡を見ないで行ったら、\n後悔するよ。{10}	
06398	MAP/MAP024.BIN:012640	1	{09}{01}\n{02}{01}はあはあ、登り坂はきついわ。{0E}{09}{01}\n{02}	
06399	MAP/MAP024.BIN:012667	1	あそこの広場で休憩しようよ。{0E}{09}{01}\n{02}{01}そうね。{10}	
06400	MAP/MAP024.BIN:0126DE	1	{02}{1C}わっ！{10}	
06401	MAP/MAP024.BIN:012721	1	ふーっ　びっくりした。{10}	
06402	MAP/MAP024.BIN:012761	1	うわー、見てークリス。\nいい眺めだよー。{0E}{09}	
06403	MAP/MAP024.BIN:01278B	1	\n{02}{01}本当だわー。\n疲れが吹き飛んじゃうね。{0E}{02}	
06404	MAP/MAP024.BIN:0127E0	1	\n{02}{01}さあ、イグニスのシャリネまで\nもう少しよ。{10}	
06405	MAP/MAP024.BIN:01282F	1	そうだね、そろそろ行こうか。{10}	
06406	MAP/MAP024.BIN:01285C	1	港町　ボルト\n西　　イグニス　　１４７２ミロ\n　　　アンデラ　　２９８８ミロ{10}	
06407	MAP/MAP024.BIN:0128AC	1	西　イグニス　　　５１９ミロ\n　　アンデラ　　２４２９ミロ\n南　ボルト　　　　８５３ミロ{10}	
06408	MAP/MAP024.BIN:012922	1	{09}\n{02}{01}本当に険しい山道ね。{10}	
06409	MAP/MAP024.BIN:01296E	1	うん。{0F}イグニスのシャリネって、\nずいぶん高い所にあるんだね。{10}	
06410	MAP/MAP024.BIN:0129C8	1	背表紙に\n《大魔導師オルテガの竜退治》\nと、書かれた本がある。{0E}{09}{0A}{02}	
06411	MAP/MAP024.BIN:012A09	1	大魔導師オルテガの本だ。\nボク、前に読んだことがあるよ。{0E}	
06412	MAP/MAP024.BIN:012A48	1	《大魔導師オルテガの竜退治》\nを、読みますか？{0E}	
06413	MAP/MAP024.BIN:012AC6	1	かっこいー。{10}	
06414	MAP/MAP024.BIN:012AEE	1	本の背表紙に{0E}《イグニスのシャリネ\n　　　　　　　　～その成り立ち》\nと、書いてある。{0E}《イグニスのシャリネ\n　　　　　　　　～その成り立ち》\nを、読みますか？{0E}	
06415	MAP/MAP024.BIN:012BA2	1	ジュリオは\n本を手に取って読んでみた。{0E}	
06416	MAP/MAP024.BIN:012BF2	2	記念ノートがある。{0E}《記念ノート》を、読みますか？{0E}	
06417	MAP/MAP024.BIN:012C3E	1	中を見ると、\nひときわ目立つ下手な字があった。{0F}ジュリオは頑張って読んでみた。{0E}	
06418	MAP/MAP024.BIN:012C9A	1	なんか、ボワッとかキラキラとか\nよくわかんない文章だなぁ・・・。{0F}誰が書いたんだろう。{0E}ジュリオはサインを探した。{0E}	
06419	MAP/MAP024.BIN:012D1A	1	ログだ。{0E}{09}\n{02}{01}ほんとだ。{0E}{09}	
06420	MAP/MAP024.BIN:012D36	1	ログらしいや。{10}	
06421	MAP/MAP024.BIN:012DB0	1	何度読んでもログらしい文章だと、\nジュリオは思った。{10}	
06422	MAP/MAP024.BIN:012E0E	2	{02}{1B}よくいらっしゃった。{0F}その若さでシャリネ巡りとは\nご奇特ですね。{0E}{09}	
06423	MAP/MAP024.BIN:012E51	2	{02}{01}こんにちは。{0F}私たちフォルティア国の\nラグピック村から、巡礼にきました。{0E}{09}	
06424	MAP/MAP024.BIN:012E9E	2	こんにちは、ジュリオです。{0E}{09}	
06425	MAP/MAP024.BIN:012EBB	1	{02}{01}私はクリスです。{0E}{02}{1B}おお、なるほど。\nラグピック村からですか！{0F}これは遠いところを\nご苦労さまでした。{0F}すると、\nこのシャリネで３つ目ですね。{0E}{09}	
06426	MAP/MAP024.BIN:012F4A	2	うん。{0F}ディーネとテグラは見たよ。{0F}イグニスで３つ目だ。{0E}{02}{1B}そうですか。{0F}オルドスは最後と決まっていますから次はシフールの風のシャリネですね。{0E}	
06427	MAP/MAP024.BIN:012FF2	2	{02}{01}シフールは確か、\nウドル国にあるのよね。{0E}	
06428	MAP/MAP024.BIN:01303C	2	こっちに来る途中、\n道標があったよね。{0F}チャノム国のダイスから\n西に行く方だね。{0E}	
06429	MAP/MAP024.BIN:0130B6	2	{02}{1B}ええ、そうです。{0F}さあ、ではどうぞ。{10}	
06430	MAP/MAP024.BIN:013253	1	{02}{01}私はクリスです。{0E}{02}{1B}おお、なるほど。\nラグピック村からですか！{0F}ご苦労さまでした。{0F}すると、\nこのシャリネで３つ目ですね。{0E}{09}	
06431	MAP/MAP024.BIN:0135F0	1	{02}{1B}さっそく火のシャリネの\n魔法の鏡をご覧なさい。{0E}	
06432	MAP/MAP024.BIN:013748	1	{02}{01}ガルガの騒ぎも収まったし、{0F}もう、変なものは\n映らないでしょうね。{0E}{09}	
06433	MAP/MAP024.BIN:01378F	1	うん。\nだといいけどね。{0E}{09}{09}{02}{01}だといいけどねって、何よ？{0F}冷たい言い方じゃない。{0E}まあ、いいわ。\nとにかく銀の短剣を\n置いてみましょう。{0E}	
06434	MAP/MAP024.BIN:013878	1	{09}{0E}{02}{01}星・・・\n	
06435	MAP/MAP024.BIN:01388C	1	だったわね。{0E}{09}{0F}{02}	
06436	MAP/MAP024.BIN:01389D	1	うん。{0E}{09}{0F}{02}{01}でも、最後に見えたあれは何よ。{0F}ジュリオも見たでしょ？{0E}{09}\n{02}	
06437	MAP/MAP024.BIN:0138E2	1	うん、人の姿みたいだったね。{0E}{09}{0E}{02}{01}怪しそうな人影だったわ。{0E}また、悪いことが\n起きるんじゃないかしら・・・。{10}	
06438	MAP/MAP024.BIN:0139C4	1	{02}{1B}どうでしたかな。{0E}	
06439	MAP/MAP024.BIN:0139FC	1	{02}{1B}くれぐれも言っておきますが、{0E}	
06440	MAP/MAP024.BIN:013A36	1	魔法の鏡で見たことは\n自らの心に受け止め、{0F}自分なりに考えることが\n大切なのです。{0F}そのことをお忘れなく、\nどうか旅をお続け下さい。{10}	
06441	MAP/MAP024.BIN:013B26	1	アンビッシュ国　イグニスのシャリネ	
06442	MAP/MAP025.BIN:00C578	1	カンドのミホ	
06443	MAP/MAP025.BIN:00C6B8	1	{09}\n\n{02}{01}またぁ！？\nヘビばっかりじゃない！{0E}{09}\n\n{02}	
06444	MAP/MAP025.BIN:00C6E4	1	きっと、大蛇の背骨だからだよ。{0E}{09}\n\n{02}{01}もうイヤ！{10}	
06445	MAP/MAP025.BIN:00C7BE	1	{09}\n\n{02}{01}こんな、ヘビばっかりのところ\n早く抜けてしまいましょ！{10}	
06446	MAP/MAP026.BIN:0000A3	1	{0C}アンデラ城	
06447	MAP/MAP026.BIN:00C06C	1	ジョリナ王妃	
06448	MAP/MAP026.BIN:00C08C	2	ジョルノ	
06449	MAP/MAP026.BIN:00C0AC	1	マギサ	
06450	MAP/MAP026.BIN:00C0CC	1	スラブ老人	
06451	MAP/MAP026.BIN:00C0EC	2	マルテ	
06452	MAP/MAP026.BIN:00C10C	1	イーベル	
06453	MAP/MAP026.BIN:00C12C	2	モーナ	
06454	MAP/MAP026.BIN:00C16C	1	会場の人たち	
06455	MAP/MAP026.BIN:00C18C	1	アルフレッド王の声	
06456	MAP/MAP026.BIN:00C1AC	1	クリスの声	
06457	MAP/MAP026.BIN:00C1CC	1	シャーラ＆グース	
06458	MAP/MAP026.BIN:00C1EC	1	ジョルノの声	
06459	MAP/MAP026.BIN:00C24A	1	{02}{14}ここは地下の宝物庫です。{0F}本来なら城の地下には\nきっと牢獄とかが\nあるのでしょうけど。{0F}アンビッシュ国はアルフ王の\n善政のおかげで\n犯罪を犯すような者は{0F}１人もいません。\nだから牢獄は必要ないのです。{10}	
06460	MAP/MAP026.BIN:00C316	1	{02}{14}おかしいな？{0F}そろそろ、交代の兵士が\n来る頃なのですが・・・。{0F}新米の兵士だから、迷ってるのかな。{10}	
06461	MAP/MAP026.BIN:00C37E	1	{02}{14}いよいよ今日は\nお料理コンテストですね。{0F}今年は誰が優勝するのか\n結果が楽しみですね。{10}	
06462	MAP/MAP026.BIN:00C3DA	1	{02}{14}そういえば\nあの新米の兵士、{0F}なんだか様子が\nおかしかったよな。{10}	
06463	MAP/MAP026.BIN:00C420	1	{02}{14}陛下には、お子さんが\nいらっしゃらないことですし{0F}いっそ、陛下の子に\nなったらどうです？{0F}ははは。\n冗談、冗談。{10}	
06464	MAP/MAP026.BIN:00C4D0	1	{02}{14}ようこそいらっしゃいました。{10}	
06465	MAP/MAP026.BIN:00C4F4	1	{02}{14}ゆっくり、\nおくつろぎ下さい。{10}	
06466	MAP/MAP026.BIN:00C51A	1	{02}{14}今日はもうお疲れでしょう。{0F}明日はお料理大会がありますので\n今日はゆっくり休んでください。{10}	
06467	MAP/MAP026.BIN:00C57A	1	{02}{14}今日もお元気そうで、\nなによりですね。{10}	
06468	MAP/MAP026.BIN:00C5B2	1	{02}{14}クリス様もお料理コンテストに\n出場なさるそうですね。{0F}どんな料理が出来るか楽しみですね。{10}	
06469	MAP/MAP026.BIN:00C614	1	{02}{14}どんな料理が出来るか楽しみですね。{10}	
06470	MAP/MAP026.BIN:00C63E	1	{02}{14}こちらには、まだ現れていません。{10}	
06471	MAP/MAP026.BIN:00C666	1	{02}{14}ボルトの戦いといい、泥棒騒ぎといいあなたたちは私にとって{0F}忘れえぬ英雄です！{10}	
06472	MAP/MAP026.BIN:00C6F6	1	{02}{14}お待ちしておりました。{10}	
06473	MAP/MAP026.BIN:00C714	1	{02}{14}今日、アンビッシュ国が平和なのも\nあなた方のおかげです。{10}	
06474	MAP/MAP026.BIN:00C754	1	{02}{14}あなたたちが訪れたおかげで\n陛下もずいぶんごきげんの様です。{10}	
06475	MAP/MAP026.BIN:00C798	1	{02}{14}あなた方がいらしてから\n城内がにぎやかになったようです。{10}	
06476	MAP/MAP026.BIN:00C7E2	1	{02}{14}町に料理の材料を探しに\n行くのですか？{0F}調味料ならアンヌの店にありますが、野菜や果物は町の人から\n分けてもらうしかないでしょうね。{0E}	
06477	MAP/MAP026.BIN:00C86C	1	{02}{14}料理の善し悪しは素材によっても\nだいぶ変わるといいますから{0F}材料集めも重要ですよ。\n頑張って下さいね。{10}	
06478	MAP/MAP026.BIN:00C8D8	1	{02}{14}出口は私たち２人で\n見張っております。{0F}きっと盗人は、どこかの部屋にでも\n隠れているのでしょう。{10}	
06479	MAP/MAP026.BIN:00C93E	1	{02}{14}私たちにできることがありましたら、何でも言ってください。{10}	
06480	MAP/MAP026.BIN:00C99C	2	{02}{14}いらっしゃいませ。{0F}ボルトでは、\n大変お世話になりました。{10}	
06481	MAP/MAP026.BIN:00C9DC	1	{02}{14}今年の参加者も\nかなりのレベルだそうですよ。{0F}クリス様にも\n頑張っていただきたいですね。{10}	
06482	MAP/MAP026.BIN:00CA3A	1	{02}{14}ご安心ください。\nネズミ１匹通しませんから。{10}	
06483	MAP/MAP026.BIN:00CAD6	1	{02}{14}いらっしゃいませ。\nお待ちしておりました。{10}	
06484	MAP/MAP026.BIN:00CB08	1	{02}{14}えっ？{0F}クリス様も料理コンテストに\n出場なさるのですか。{0F}それは楽しみです。{10}	
06485	MAP/MAP026.BIN:00CB5A	1	{02}{14}ご安心を。{0F}泥棒が２階に上がった形跡は\nありません。{10}	
06486	MAP/MAP026.BIN:00CB94	1	{02}{14}こちらは任せておいてください。\n絶対逃がしませんよ。{10}	
06487	MAP/MAP026.BIN:00CBD0	1	{02}{14}いらっしゃいませ。{10}	
06488	MAP/MAP026.BIN:00CBEA	1	{02}{14}泥棒はこちらには\n来ておりません。{10}	
06489	MAP/MAP026.BIN:00CC28	1	{02}{14}ガルガ騒ぎも収まって、\nみんなホッと{0F}胸をなで下ろしていますよ。{10}	
06490	MAP/MAP026.BIN:00CC6E	1	{02}{14}今日はお料理コンテストですね。{0F}ジュリオさんやクリスさんも\n参加なさるんですか？{0E}{09}\n{02}	
06491	MAP/MAP026.BIN:00CCC3	1	うん、クリスが出るんだ。{0E}{02}{14}クリスさんなら\nきっとおいしいお料理を{0F}お作りになることでしょうね。{10}	
06492	MAP/MAP026.BIN:00CD26	1	{02}{14}やあ、どうも。{0F}コンテストのときの泥棒は、\nあれっきり姿を見せませんね。{0F}たまに、ああいうのが出ると\n面白いのですけどね。{0E}	
06493	MAP/MAP026.BIN:00CDEA	1	{02}{14}こちらは陛下の寝室です。{0F}ご見学なさりたければ、どうぞ。\n別に見学料は取りませんので\n御安心ください。{0F}いや、失礼しました。\n私のジョーク、いかがでしたか？{0E}{09}\n{02}	
06494	MAP/MAP026.BIN:00CE88	1	えっ、どこがジョークだったの？{0E}{02}{14}おみそれいたしました。\nもう少し修行をつんでおきます。{10}	
06495	MAP/MAP026.BIN:00CF38	1	{02}{14}あれ？\n今日は１人なの・・・。{0E}{09}	
06496	MAP/MAP026.BIN:00CF5C	1	うん。{0E}{02}{14}１人でも２人でも、\n私のセリフは変わらないだろうと{0F}思っていたでしょう？{0E}{09}	
06497	MAP/MAP026.BIN:00CFB0	1	うん。{0E}{02}{14}はっはっはっ。{0F}実は、やっぱり同じ\nなんだなぁ・・・。\nでは、始めますよ。{0F}こちらは陛下の寝室です。\nご見学なさりたければ、どうぞ。{0F}別にガイド料は取りませんので\n御安心ください。\nいや、失礼。{0F}私のジョーク、いかがでしたか？{0E}{09}{0A}{02}	
06498	MAP/MAP026.BIN:00D097	1	おもしろくないよ。{0E}{02}{14}失礼いたしました。{10}	
06499	MAP/MAP026.BIN:00D118	1	{02}{14}ここはアルフ王の寝室です。{0F}御見学を希望でしたら、\nどうぞ御自由にお入りください。{0F}でも王様のベッドで\nお昼寝はしないでくださいよ。{0E}	
06500	MAP/MAP026.BIN:00D1C0	1	{09}\n{02}{01}・・・・・。{0E}{09}	
06501	MAP/MAP026.BIN:00D1D5	1	・・・・・。{0E}{09}{0A}{02}	
06502	MAP/MAP026.BIN:00D1E6	1	うん。今度のは少しだけ\n面白かったよ。{0E}	
06503	MAP/MAP026.BIN:00D248	1	{02}{14}やった。{10}	
06504	MAP/MAP026.BIN:00D29E	1	{02}{14}こちらは陛下の寝室です。{10}	
06505	MAP/MAP026.BIN:00D2DC	1	{02}{14}いらっしゃいませ。\n中で陛下がお待ちかねです。{10}	
06506	MAP/MAP026.BIN:00D312	1	{02}{14}どうぞ、ゆっくりとご滞在ください。{10}	
06507	MAP/MAP026.BIN:00D33C	1	{02}{14}お料理大会は、ジュリオ様と\nクリス様のために開かれたもの。{0F}それに参加なさるとは\n活発な方たちですね！{10}	
06508	MAP/MAP026.BIN:00D3B2	1	{02}{14}もう、巡礼の旅は終わったんですか？{0E}{09}	
06509	MAP/MAP026.BIN:00D3DB	1	ううん。まだなんだけど。\nちょっと、よってみたんだ。{0E}{02}{14}そうですよね。{0F}そんなに早くオルドス国まで\n行けるわけないですものね。{0E}	
06510	MAP/MAP026.BIN:00D45E	1	{02}{14}まあ、\nあんまり無理をしないで{0F}旅を続けてくださいね。{10}	
06511	MAP/MAP026.BIN:00D4C2	1	{02}{14}ようこそ、いらっしゃいました。{0F}さあ、どうぞ。\n謁見室へお入り下さい。{10}	
06512	MAP/MAP026.BIN:00D50E	1	{02}{14}アンビッシュ国は\nいい所ですよ。{10}	
06513	MAP/MAP026.BIN:00D536	1	{02}{14}今日はお料理大会ですね。\nどんな料理が出ることやら。{10}	
06514	MAP/MAP026.BIN:00D572	1	{02}{14}ご安心ください。\nここからは１歩も通しません。{10}	
06515	MAP/MAP026.BIN:00D5A8	1	{02}{14}こんにちは。{0E}{09}{0A}{02}{01}こんにちは。{0E}{02}{14}どうも。{10}	
06516	MAP/MAP026.BIN:00D600	1	{02}{14}ボルトではお世話になりました。{0F}ガルガからアンビッシュ国を\n守れたのは、あなた方のおかげです。{10}	
06517	MAP/MAP026.BIN:00D664	1	{02}{14}どうかゆっくりと休んで\n旅の疲れをいやしてください。{10}	
06518	MAP/MAP026.BIN:00D6A0	1	{02}{14}ボルトで活躍された後は\nお料理大会ですか。{0F}ぜひとも、上位入賞を\n果たしてください。{0F}兵士の中には、あなた方の\nファンがけっこういるんですよ。{10}	
06519	MAP/MAP026.BIN:00D732	1	{02}{14}いいえ。\nここから出た形跡はございません。{10}	
06520	MAP/MAP026.BIN:00D764	1	{02}{14}アンビッシュ国は\nいつも平和で美しい国です。{10}	
06521	MAP/MAP026.BIN:00D7B6	1	{02}{14}陛下が心待ちにしておりましたよ。{10}	
06522	MAP/MAP026.BIN:00D7DE	1	{02}{14}ローディさんは\nもう少し休養が必要のようですね。{0F}ご安心ください。{0F}侍女たちのあいだでモテモテみたいでご本人も喜んでいるようですから。{0E}{09}	
06523	MAP/MAP026.BIN:00D868	1	モテモテだってさ。{0E}{09}	
06524	MAP/MAP026.BIN:00D87D	1	{02}{01}やっぱり、半ズボンが\n人気のポイントね。{10}	
06525	MAP/MAP026.BIN:00D8AC	1	{02}{14}今日のお祭りの熱気が伝われば\nローディさんも、{0F}きっと元気になりますよ！{10}	
06526	MAP/MAP026.BIN:00D904	1	{02}{14}来年のお料理コンテストにも\nぜひ参加して下さいね。{0E}{09}{0A}{02}	
06527	MAP/MAP026.BIN:00D93C	1	ボクは、やっぱり\n作るより食べる方がいいよ。{0E}{09}\n{02}{01}もう、食いしん坊なんだから。{0E}	
06528	MAP/MAP026.BIN:00D990	1	{02}{14}今、アンビッシュ国では、\nにわかにお料理ブームが{0F}巻き起こっているんですよ。{10}	
06529	MAP/MAP026.BIN:00DA7A	2	{02}{14}・・・・・・・・。{0E}{09}	
06530	MAP/MAP026.BIN:00DA93	1	こんにちは。{0E}{02}{14}・・・・・・・・。{0E}{02}{14}・・・・・・・・。{0E}{02}	
06531	MAP/MAP026.BIN:00DACC	1	あれ・・・。{0F}どうして返事してくれないの？{0E}{09}\n{02}{01}この兵隊さん\n恥ずかしがり屋さんなのかしら。{0E}{09}	
06532	MAP/MAP026.BIN:00DB28	1	{02}{01}かわいそうだから、\nもう行きましょうか？{0E}{09}	
06533	MAP/MAP026.BIN:00DB56	1	きっと恥ずかしがり屋だから、\n人けのない所を守ってるんだね。{10}	
06534	MAP/MAP026.BIN:00DB9C	1	ねぇ、兵士さん。{0E}{02}{14}（げ、また来やがった。）{0E}	
06535	MAP/MAP026.BIN:00DC5A	1	{02}{14}・・・・・・・・。{10}	
06536	MAP/MAP026.BIN:00DC92	1	{02}{15}ボルトでアンビッシュ国を守るために力を貸して下さった、{0F}ローディさんというお方が\nこのお城で療養しているのよ。\nとっても素敵なお方なのよ。{10}	
06537	MAP/MAP026.BIN:00DD2C	2	{02}{15}ねえねえ、ローディさんって\n好きな人いるのかしら。{0F}私、ファンなんだけどなー。\nあの半ズボンって素敵よね。\nあこがれちゃうわ。{10}	
06538	MAP/MAP026.BIN:00DDAE	1	{02}{15}王妃様から預っている\nスパイスですね。{0F}はい、これをどうぞ。{0E}ジュリオはカリースパイスを\n手に入れた。{10}	
06539	MAP/MAP026.BIN:00DEA8	1	{02}{15}マギサさんは、\nもう、すっかり良くなりましたよ。{0F}あとは、{0E}	
06540	MAP/MAP026.BIN:00DEEA	1	{02}{15}ローディさんが良くなれば\n私も安心なんですけどね。{0F}でも、個人的には、\nローディさんには\nずっとこの城にいてもらいたいわ。{0E}侍女は少し頬を赤らめた。{10}	
06541	MAP/MAP026.BIN:00E032	3	{02}{15}・・・・・・・・。{0E}{09}{0A}{02}	
06542	MAP/MAP026.BIN:00E04B	3	こんにちは。{0E}{02}{15}・・・・・・・・。{0E}{09}\n{02}	
06543	MAP/MAP026.BIN:00E071	2	このお姉さん、\n恥ずかしがり屋なんだね。{0E}{09}\n{02}{01}ジュリオ。{0F}気の毒だから、\n話し掛けるのやめましょうよ。{10}	
06544	MAP/MAP026.BIN:00E12E	1	行っちゃった。{10}	
06545	MAP/MAP026.BIN:00E1B4	2	{02}{01}なんだか、\n歩きすぎて疲れたわね。{0E}	
06546	MAP/MAP026.BIN:00E21A	2	まだ明るいけど、\n今日はもう寝ようか。{0E}{09}	
06547	MAP/MAP026.BIN:00E242	2	{02}{01}そうしましょう。{0F}明日も面白いことが\nいろいろありそうだからね。{0E}{09}	
06548	MAP/MAP026.BIN:00E2FE	2	おやすみ。{0E}{09}	
06549	MAP/MAP026.BIN:00E30B	2	{02}{01}おやすみなさい。{0E}	
06550	MAP/MAP026.BIN:00E382	3	・・・・・。{0E}{09}	
06551	MAP/MAP026.BIN:00E391	2	{02}{01}・・・・・。{0E}{09}\n{02}	
06552	MAP/MAP026.BIN:00E3A4	2	・・・・・・・・。{0E}{09}\n{02}{01}・・・・・・・・。{0E}{09}{0E}{02}	
06553	MAP/MAP026.BIN:00E3D2	2	・・・・・。{0E}{09}{0E}{02}{01}・・・・・。{0E}{09}\n{02}	
06554	MAP/MAP026.BIN:00E3F4	2	・・・・・ダメだ。{0E}{09}\n{02}{01}・・・・・なにが？{0E}{09}\n{02}	
06555	MAP/MAP026.BIN:00E422	1	こんな豪華な部屋じゃ、\nなんだか{0F}落ち着かないよ。{0E}{09}{07}{02}{01}えっ・・やっぱり。\nジュリオもそうだったの。{0F}私もなんだか落ち着かなかったのよ。{0E}{09}	
06556	MAP/MAP026.BIN:00E4AA	2	ねぇ、アルフに頼んでみようか？{0E}{09}	
06557	MAP/MAP026.BIN:00E4CB	2	{02}{01}そうね。豪華なお部屋は素敵だけど、{0F}私たちにはどうも、\n向いてないみたいだもんね。{10}	
06558	MAP/MAP026.BIN:00E73F	1	このお姉さん、\n恥ずかしがり屋なんだね。{10}	
06559	MAP/MAP026.BIN:00E794	1	{02}{16}あら、あなた方は、\nジュリオさんとクリスさんですね。{0F}はじめまして。\nアルフがお世話になりました。\n私は王妃のジョリナです。{0E}{09}\n{02}	
06560	MAP/MAP026.BIN:00E813	1	ギョ！\nおっ、おっ、王妃さま・・・。{0E}{09}	
06561	MAP/MAP026.BIN:00E839	1	{02}{01}はじめまして、王妃様。{0F}クリスと申します。\nよろしくお願いいたします。{0E}{02}{16}まあ、そんなに丁寧な\nご挨拶をして下さるなんて。{0F}もし、よかったら、\n私にもアルフと同様に\nお友達になって下さいね。{0E}{09}{0A}{02}{01}ありがとうございます。{0F}ジュリオ。{0E}{09}\n{02}{01}ねぇ、ジュリオったら！{0F}ジュリオ！\nちゃんと王妃さまに\nご挨拶しなさいよ。{0E}{09}\n{02}	
06562	MAP/MAP026.BIN:00E969	1	おっ、おっ、王妃さまだ。{0F}王妃さまだよ。{0E}{09}\n{02}{01}すみません、王妃さま。{0F}ジュリオったら\n緊張しちゃってるんです。{0E}{02}{16}まあ。{0E}{09}	
06563	MAP/MAP026.BIN:00E9E1	1	こ、こんにちは。\nジュリオです。{0E}{02}{16}こんにちは。{0F}どう、ジュリオさん。\nここからの眺めは？{0E}{09}{0A}{02}	
06564	MAP/MAP026.BIN:00EA3C	1	すごいや、綺麗だね。{0E}{09}\n{02}{01}ジュリオったら、何でもまず、\nすごいやって言うんだから。{0F}もっと気のきいたこと言えないの。{0E}{09}	
06565	MAP/MAP026.BIN:00EAB2	1	だって、すごいもん。{0E}{02}{16}このお城はね。{0F}半分、湖の上に\n建てられているんですよ。{0E}{09}{10}{02}{01}本当？\nすごい。{0E}{09}\n{02}	
06566	MAP/MAP026.BIN:00EB18	1	あっ、クリスも今\nすごいって言ったじゃないか。{0E}{09}\n{02}{01}えっ？{0F}しまった。{0E}{09}{0A}{02}	
06567	MAP/MAP026.BIN:00EB60	1	はっはっはっはっはっ・・・。{0E}{02}{1D}はっはっはっはっはっ・・・。{0E}{02}{16}まあ、本当に楽しい方々だわ。\nアルフの言っていたとおりね。{0E}	
06568	MAP/MAP026.BIN:00EBE0	1	{02}{16}明日のお料理コンテストが\n楽しみですね。{0F}お城の中は初めてでしょ。{0F}どうぞ、城内を自由に歩いて\n下さって結構ですよ。{10}	
06569	MAP/MAP026.BIN:00EC62	1	{02}{16}まあ、ジュリオさん。\nこんにちは。{0E}{09}	
06570	MAP/MAP026.BIN:00EC8A	1	おっ、おっ、王妃さま。\nこんにちは。{0E}{02}{16}今日はクリスさんは\n御一緒じゃないの？{0E}{09}	
06571	MAP/MAP026.BIN:00ECDA	1	うん。あ、はい。{0F}クリスはお料理コンテストに\n出ることになったんです。{0E}{02}{16}まあ、それは楽しみね。\nだったら、いいものがあるわ。{0E}{09}	
06572	MAP/MAP026.BIN:00ED59	1	え？{0E}{02}{16}今朝ほど、ちょうどメナート国から\n珍しいスパイスが届いたの。{0F}良かったら、それも使って下さいな。{0F}謁見室の向かって東側の部屋にいる\n侍女に渡してありますから、\n御自由に使って下さいね。{0E}{09}{0A}{02}	
06573	MAP/MAP026.BIN:00EE18	1	ありがとう。王妃さま。{0E}{02}{16}どんなお料理ができるか楽しみね。{10}	
06574	MAP/MAP026.BIN:00EE5C	1	{02}{16}どんなお料理ができるか楽しみね。{10}	
06575	MAP/MAP026.BIN:00EE84	1	{02}{16}お気をつけてね。\n田舎のご両親によろしくね。{10}	
06576	MAP/MAP026.BIN:00EEC2	1	{02}{16}とにかく、元気そうでなによりだわ。{0F}でも、田舎のご両親が\nきっと心配してるわよ。{0F}巡礼を早くすませて、\n１度お家に帰ってから\nゆっくり遊びにいらっしゃい。{0E}	
06577	MAP/MAP026.BIN:00EF62	1	{02}{16}なごり惜しいけど仕方ないわね。{0F}これがあなたたちの旅なんだものね。{10}	
06578	MAP/MAP026.BIN:00EFE8	1	{02}{17}はじめまして。{0F}私はこの城の調理長を\n務めさせていただいております\nジョルノという者です。{0F}あなた方のお話は、\n陛下からお聞きしております。{0E}{09}	
06579	MAP/MAP026.BIN:00F074	1	{02}{01}こんにちは、クリスです。{0E}{09}	
06580	MAP/MAP026.BIN:00F093	1	ジュリオです。{0E}{02}{17}ささやかではありますが、{0F}ローディ殿やお２人への\n感謝の意を込めて、{0F}明日は当城にて、料理コンテストを\n開催することになりました。{0F}皆、腕によりをかけて\n調理いたしますので、{0F}ご賞味のほど\nよろしくお願いいたします。{0E}{02}{1D}・・・・・・・・。{0E}	
06581	MAP/MAP026.BIN:00F192	1	ジュリオたちは\nジョルノが\nとても丁寧な言葉を使ったので{0F}かえって緊張してしまった。{0E}{09}{0F}{02}{01}ご、ご、ご丁寧に・・・。\nどうも、ありがとうございます。{0E}{09}{0F}{02}	
06582	MAP/MAP026.BIN:00F224	1	ご、ご、ご、ゴチソウ・・・。\n楽しみにしています。{0E}	
06583	MAP/MAP026.BIN:00F25E	1	{02}{17}どうぞ、明日の料理コンテストを\nお楽しみに。{10}	
06584	MAP/MAP026.BIN:00F29E	1	{02}{01}ねぇねぇ。\n包丁はそろってる？{0E}{02}{17}ええ、ございますとも。{0F}なにせ、アンデラ城の厨房ですから。{10}	
06585	MAP/MAP026.BIN:00F310	1	{02}{01}ねぇ、ねぇ。\n調味料もあるの？{0E}{02}{17}少しはあるかと思いますが。{10}	
06586	MAP/MAP026.BIN:00F358	1	{02}{01}ね、お鍋は？{0E}{02}{17}もちろんございますとも。{0E}{09}\n{02}	
06587	MAP/MAP026.BIN:00F386	1	・・・クリス、しつこいよ。{0E}{09}	
06588	MAP/MAP026.BIN:00F3A3	1	{02}{01}だって、気になるじゃない。{10}	
06589	MAP/MAP026.BIN:00F3D0	1	{02}{17}去年優勝したのは\nプティングを作った少女でした。{0F}それはもう、とろけるような\nおいしさでした。{0E}	
06590	MAP/MAP026.BIN:00F436	1	{02}{17}今年は誰が優勝することやら。{10}	
06591	MAP/MAP026.BIN:00F464	1	{02}{17}どんな料理ができるか\n楽しみですね。{10}	
06592	MAP/MAP026.BIN:00F49E	1	{02}{17}料理は素材が大切ですよ。{10}	
06593	MAP/MAP026.BIN:00F4C2	1	{02}{17}お料理が出来ましたら、\nクリス様と御一緒に{0F}私に声をお掛けください。{10}	
06594	MAP/MAP026.BIN:00F50C	2	{02}{17}コンテストの参加者のみなさまは、\n王妃さまに連れられて{0F}２階に避難していらっしゃいます。{0F}ご安心ください。{10}	
06595	MAP/MAP026.BIN:00F57C	1	{02}{17}これは、クリス様。{0F}また、お料理コンテストを\n行うおりには、\n必ず御出場してくださいね。{0F}楽しみにしております。{10}	
06596	MAP/MAP026.BIN:00F60E	1	マギサは穏やかな寝息をたてている。{10}	
06597	MAP/MAP026.BIN:00F636	1	{02}{18}まあ、ジュリオさん。\nクリスさんは御一緒じゃないの？{0E}{09}	
06598	MAP/MAP026.BIN:00F670	1	お料理コンテストに出るんだって\n厨房で頑張ってるよ。{0E}{02}{18}まあ、そうなの。\nちょうどいいものがあるわ。{0F}お見舞いにココナツミルクを\nもらったの。{0F}クリスさんのお料理に\n使ってちょうだい。{0E}	
06599	MAP/MAP026.BIN:00F72A	1	ジュリオはココナツミルクを\n手に入れた。{0E}{09}{0A}{02}	
06600	MAP/MAP026.BIN:00F756	1	ありがとうマギサさん。{0E}	
06601	MAP/MAP026.BIN:00F774	1	{02}{18}クリスさんなら、\nきっと、おいしいお料理を{0F}作ってくださるでしょうね。{10}	
06602	MAP/MAP026.BIN:00F7CA	1	{02}{18}あら、クリスさん。ジュリオさん。{0F}おかげさまで、\nすっかり良くなりました。{0E}{02}{01}良かった。{0E}	
06603	MAP/MAP026.BIN:00F82A	1	{02}{18}クリスさんならオルドスで\nいろいろなことを学べると思うわ。{0F}頑張ってね。{10}	
06604	MAP/MAP026.BIN:00F88C	1	{02}{19}ここはアンデラ城の図書室です。{0F}アンビッシュ国の歴史や\nティラスイール各地から集めた書物が収められております。{0F}どうぞ、御自由にご覧下さいませ。{10}	
06605	MAP/MAP026.BIN:00F94A	1	{02}{19}何かお探しですか？{0E}{09}	
06606	MAP/MAP026.BIN:00F963	1	料理の本ってないですか？{0E}{02}{19}ああ。それでしたら\n確かここに１冊。{0E}	
06607	MAP/MAP026.BIN:00F9BE	1	{02}{19}えーっと、確かここらへんに\nあったと思うのですが・・・。{0E}	
06608	MAP/MAP026.BIN:00FA60	1	{02}{19}おっ。ありました。{0E}	
06609	MAP/MAP026.BIN:00FAA4	1	{02}{19}はい、こちらです。{0E}{09}	
06610	MAP/MAP026.BIN:00FABD	3	ありがとう。{0E}	
06611	MAP/MAP026.BIN:00FAD2	1	表紙には\n《楽しいお料理》\nと、書いてある。{0E}ジュリオは本を開いた。{0E}	
06612	MAP/MAP026.BIN:00FB28	1	ありがとう。{0E}{02}{19}本はここに置いておきますので、\n御自由にご覧下さいませ。{10}	
06613	MAP/MAP026.BIN:00FBC6	1	{02}{19}本は知識の宝庫です。{0F}実際に目にしなかった過去の歴史や\n多くの出来事を学べる、\n人類が生んだ貴重な産物であります。{0F}また、人間がそうであるように\n本の中にも、\n良き知識と悪しき知識があります。{0F}しかし、その判断をくだすのも\nまた人間であり、{0F}悪しき知識の中から良き知識が\n生まれることも多々あるのです。{0E}{09}\n{02}	
06614	MAP/MAP026.BIN:00FCF1	1	なんだか、ムズかしすぎて\nねむくなってきたよ。{10}	
06615	MAP/MAP026.BIN:00FD24	1	{02}{19}本は人類の生み出した\n素晴らしい宝です。{0F}知識の泉であり、\n忘れても、\n読めば思い出すことができる。{0F}泣いたり笑ったり、感動したり、\n本を読むことで勇気が\nわくこともある。{0F}本に埋もれて私は暮らしたい。{0E}{09}	
06616	MAP/MAP026.BIN:00FDED	1	あれ？\nまるで詩を朗読してるみたいだね。{0E}{09}	
06617	MAP/MAP026.BIN:00FE17	1	{02}{01}きっと、老人の主張ってのよ。{10}	
06618	MAP/MAP026.BIN:00FECA	1	{02}{01}お昼まで時間がないわ。{0F}早く材料を\n探してきてちょうだい。{10}	
06619	MAP/MAP026.BIN:00FF8C	2	{09}{0A}{02}{01}ご苦労さま。{0E}{09}	
06620	MAP/MAP026.BIN:00FFA1	2	こんなのがあったよ。{0E}	
06621	MAP/MAP026.BIN:00FFD2	2	ジュリオは\n見つけてきた料理の材料を\nクリスに見せた。{0E}	
06622	MAP/MAP026.BIN:010022	2	今どれくらい集まってる？{0E}{09}	
06623	MAP/MAP026.BIN:01003D	2	{02}{01}今ある材料は\nこれだけよ。{0E}	
06624	MAP/MAP026.BIN:01015E	1	現在集まった材料{0E}オリーブ油\n岩塩\nキャベツ{0E}	
06625	MAP/MAP026.BIN:010220	1	トマトピューレ{0E}	
06626	MAP/MAP026.BIN:01023A	1	魚と貝{0E}	
06627	MAP/MAP026.BIN:01024C	1	ビーツ{0E}	
06628	MAP/MAP026.BIN:01025E	1	サワークリーム{0E}	
06629	MAP/MAP026.BIN:010288	1	にんにく{0E}	
06630	MAP/MAP026.BIN:01029C	1	スパイス{0F}デミグラスソース{0F}サフラン{0F}ヨーグルト{0E}	
06631	MAP/MAP026.BIN:0102D6	1	玉ねぎ{0E}	
06632	MAP/MAP026.BIN:0102E8	1	にんじん{0E}	
06633	MAP/MAP026.BIN:0102FC	1	赤ワイン{0E}	
06634	MAP/MAP026.BIN:010310	1	じゃがいも{0E}	
06635	MAP/MAP026.BIN:010326	1	セロリ{0E}	
06636	MAP/MAP026.BIN:010338	1	カリースパイス{0E}	
06637	MAP/MAP026.BIN:010352	1	ココナツミルク{0E}	
06638	MAP/MAP026.BIN:0103F8	1	{09}{0A}{02}{01}そうね、\nこれくらい材料があれば大丈夫ね。{0F}さて、本格的に作り始めようかしら。{0E}	
06639	MAP/MAP026.BIN:01045C	1	{09}\n{02}{01}もう少し何かあれば、\nもっと、手の込んだものが{0F}作れるんだけどね。{0F}でも、時間もあまりないし、\nこの中で作れるものを\n作ってみようかしら。{0E}	
06640	MAP/MAP026.BIN:0104FC	1	{02}{01}そうね、じゃあ悪いけど、\nもうひと回りして{0F}材料を集めて来てちょうだい。{0E}	
06641	MAP/MAP026.BIN:010570	1	{02}{01}何を作ろうかしら？{0E}	
06642	MAP/MAP026.BIN:010594	1	{09}\n{02}{01}まだ足りないわね。{0F}もっと何かないか、\n探して来てちょうだい。{0E}	
06643	MAP/MAP026.BIN:010692	1	トマトシチュー	
06644	MAP/MAP026.BIN:0106D7	1	{01}ビーフトマトシチュー	
06645	MAP/MAP026.BIN:0106F1	1	{02}ビーフの赤ワイン煮	
06646	MAP/MAP026.BIN:010709	1	{03}ビーフシチュー	
06647	MAP/MAP026.BIN:01075D	1	{04}ビーフカリー	
06648	MAP/MAP026.BIN:0107A1	1	{05}ブイヤベース	
06649	MAP/MAP026.BIN:0107DB	1	{06}シーフードカリー	
06650	MAP/MAP026.BIN:010807	1	{07}ボルシチ	
06651	MAP/MAP026.BIN:01081D	1	{08}作るのをやめる	
06652	MAP/MAP026.BIN:0108AE	1	{02}{01}じゃあ、\nトマトシチューを作るわね。{0F}ジュリオは\nそこらへんで待っててね。{0E}	
06653	MAP/MAP026.BIN:01090A	1	{02}{01}じゃあ、\nビーフトマトシチューを作るわね。{0F}そこらへんで待っててね。{0E}	
06654	MAP/MAP026.BIN:010960	1	{02}{01}じゃあ、\nビーフの赤ワイン煮を作るわね。{0F}そこらへんで待っててね。{0E}	
06655	MAP/MAP026.BIN:0109B4	1	{02}{01}じゃあ、\nビーフシチューを作るわね。{0F}そこらへんで待っててね。{0E}	
06656	MAP/MAP026.BIN:010A04	1	{02}{01}じゃあ、\nビーフカリーを作るわね。{0F}そこらへんで待っててね。{0E}	
06657	MAP/MAP026.BIN:010A52	1	{02}{01}じゃあ、\nブイヤベースを作るわね。{0F}そこらへんで待っててね。{0E}	
06658	MAP/MAP026.BIN:010AA0	1	{02}{01}じゃあ、\nシーフードカリーを作るわね。{0F}そこらへんで待っててね。{0E}	
06659	MAP/MAP026.BIN:010AF2	1	{02}{01}じゃあ、\nボルシチを作るわね。{0F}そこらへんで待っててね。{0E}	
06660	MAP/MAP026.BIN:010B3C	1	{02}{01}作るのやめるのね。{0F}じゃあ悪いけど、もうひと回りして\n材料を集めて来てちょうだい。{10}	
06661	MAP/MAP026.BIN:010C3E	1	ねえ、本当に料理つくれるの？{0E}	
06662	MAP/MAP026.BIN:010C64	1	{09}{0A}{02}{01}まかせておいて。{0F}大丈夫よ。ジュリオだって鷹の爪号で私の料理を食べたじゃない。{0E}{09}\n{02}	
06663	MAP/MAP026.BIN:010CBA	1	だから、心配なんだよ。{0E}{09}{08}{02}{01}いま何か言った？{0E}	
06664	MAP/MAP026.BIN:010D06	1	う、ううん・・・。{0E}	
06665	MAP/MAP026.BIN:010E52	1	クリスは手ぎわ良く料理をしている。{0F}ジュリオは少し、\nそんなクリスに感心した。{0E}	
06666	MAP/MAP026.BIN:010F12	1	おいしそうな匂いが厨房に広がった。{0E}	
06667	MAP/MAP026.BIN:010F4A	1	{09}{0A}{02}{01}できたわ。{0E}	
06668	MAP/MAP026.BIN:010FBC	1	クリス風\n特製トマトシチューよ。{0F}さあ、ジョルノさんを\n呼びに行きましょう。{0E}	
06669	MAP/MAP026.BIN:011016	1	クリス風\n特製ビーフトマトシチューよ。{0F}さあ、ジョルノさんを\n呼びに行きましょう。{0E}	
06670	MAP/MAP026.BIN:011076	1	クリス風\n特製ボルシチよ。{0F}さあ、ジョルノさんを\n呼びに行きましょう。{0E}	
06671	MAP/MAP026.BIN:0110CA	1	クリス風\n特製ビーフシチューよ。{0F}さあ、ジョルノさんを\n呼びに行きましょう。{0E}	
06672	MAP/MAP026.BIN:011124	1	クリス風\n特製ブイヤベースよ。{0F}さあ、ジョルノさんを\n呼びに行きましょう。{0E}	
06673	MAP/MAP026.BIN:01117C	1	クリス風\n特製ビーフカリーよ。{0F}さあ、ジョルノさんを\n呼びに行きましょう。{0E}	
06674	MAP/MAP026.BIN:0111D4	1	クリス風\n特製シーフードカリーよ。{0F}さあ、ジョルノさんを\n呼びに行きましょう。{0E}	
06675	MAP/MAP026.BIN:011230	1	クリス風\n特製ビーフの赤ワイン煮よ。{0F}さあ、ジョルノさんを\n呼びに行きましょう。{0E}	
06676	MAP/MAP026.BIN:0112E4	1	{02}{07}マギサまで助けていただきまして、\n本当にありがとうございました。{10}	
06677	MAP/MAP026.BIN:011332	1	{02}{07}明日は\nお料理コンテストでございます。{0F}ごちそうの夢を見すぎて\n満腹にならないよう\nお気をつけください。{10}	
06678	MAP/MAP026.BIN:01139E	1	{02}{07}クリス様がお料理コンテストに\n出場なさるのですか。{0F}それはそれは、楽しみですな。{10}	
06679	MAP/MAP026.BIN:011442	1	{02}{04}ジュリオ。{0F}クリス。{0F}心配かけたな。{0E}{09}	
06680	MAP/MAP026.BIN:01146B	1	ローディ、具合はどうだい？{0E}{09}	
06681	MAP/MAP026.BIN:011488	1	{02}{04}だいぶ良くなったよ。{0F}王様が気をまわしてくれてな。\n居心地は満点だ。{0E}{09}	
06682	MAP/MAP026.BIN:0114CF	1	{02}{01}ねえ、ローディ。{0E}{09}	
06683	MAP/MAP026.BIN:0114E4	1	{02}{04}なんだよ、あらたまって？{0E}{09}	
06684	MAP/MAP026.BIN:011501	1	{02}{01}ひとつ聞いていい？{0E}{09}	
06685	MAP/MAP026.BIN:011518	1	{02}{04}ああ。{0E}{09}	
06686	MAP/MAP026.BIN:011523	1	{02}{01}まだ、\nガルガを追いかけるつもり？{0E}{09}	
06687	MAP/MAP026.BIN:011549	1	{02}{04}やっぱりな、そのことか。{0F}実は俺もずっとそのことを\n考えていたんだ。{0F}・・・・・・・・。{0F}ガルガを追うのは、\nやめることにしたよ。{0E}	
06688	MAP/MAP026.BIN:011608	1	考えてみれば、ガルガ自身は\nおとなしい動物だったのさ。{0F}今度のことだって\n本当に悪いのは、ガルガに住みついた魔獣だったんだ。{0F}俺の両親がやられたのだって、\nもしかすると今回のように、\nガルガが魔獣に、{0F}操られていたのかも知れないしな。{0E}いや、そんな理由は\nどうでもいいんだ。{0F}王様にも言われたんだよ。\n復讐のために生きるのは、\n命の無駄使いだとね。{0E}{09}\n{02}	
06689	MAP/MAP026.BIN:01175D	1	命のムダ使い。{0E}{09}	
06690	MAP/MAP026.BIN:01176E	1	{02}{04}ああ。{0F}この世に生まれたからには、\n誰にだって\nやるべきことがあるんだそうだ。{0F}何をやるかは人によって様々だが、{0F}それをやらないで、\n復讐ばかりに\n目を向けるのはダメだってさ。{0F}もっと前向きのことをやらなきゃ、\n生まれてきた意味がないんだ。{0E}{09}{07}{02}{01}アルフってそんなこと言ったの。{0F}変なおじさんだと思ってたけど、\nやっぱり、王様だけのことは\nあるわね。{0E}{09}	
06691	MAP/MAP026.BIN:0118C2	1	{02}{04}おい、俺がこんなに感動してるのに\n王様のことを{0F}変なおじさんはないだろう。{0E}{09}{0A}{02}	
06692	MAP/MAP026.BIN:011911	1	だって、\nほんとに変なんだよ。{0E}{09}	
06693	MAP/MAP026.BIN:011931	1	{02}{04}あうっ！？{0F}うーっ・・・。\n回復が・・・長引きそうだ。{0E}{09}	
06694	MAP/MAP026.BIN:01196A	1	{02}{01}わかったわよ。{0F}ローディが感動したのは。\n私も聞いて感動したわ。{0E}{09}	
06695	MAP/MAP026.BIN:0119AF	1	ボクもだよ。{0E}{09}	
06696	MAP/MAP026.BIN:0119BE	1	{02}{04}そうか、わかってくれるか。{0F}それで俺は新しい目標を\n立てることにしたんだ。{0E}{09}	
06697	MAP/MAP026.BIN:011A0B	1	{02}{01}どんな？{0E}{09}	
06698	MAP/MAP026.BIN:011A18	1	{02}{04}ああ。{0F}もっと剣の修行をして\nいつかメナート国の\n宮廷剣士になるんだ。{0F}でも、それで終わりじゃない。{0F}これからは剣ですべてが\n解決する時代じゃないだろうからな。{0F}剣の修行で鍛えた心で、\nメナート国だけでなく\nティラスイールすべての人が{0F}幸せに暮らせるよう、力になりたい。{0E}{09}{0A}{02}{01}素敵！{0E}{09}{0A}{02}	
06699	MAP/MAP026.BIN:011B2E	1	さすがローディ！\nボクの剣の師匠だ。{0E}{09}	
06700	MAP/MAP026.BIN:011B54	1	{02}{04}まあね、そう思ったわけだ。\nだからガルガへの復讐はやめだ。{0E}ふーっ。\n悪いな、お前たちに会えたんで、\n調子にのって話し過ぎたみたいだ。{0F}ちょっと眠らせてもらうよ。{0E}{09}{07}{02}{01}ローディごめんね。{0F}私もローディが病人だってこと\nすっかり忘れちゃってた。{0E}{09}	
06701	MAP/MAP026.BIN:011C45	1	ムリしないで\nゆっくり休んでよ。{0E}{09}	
06702	MAP/MAP026.BIN:011C67	1	{02}{04}ああ、そうさせてもらう。{0F}じゃあな。おやすみ。{0E}{02}{1D}おやすみなさい。{10}	
06703	MAP/MAP026.BIN:011CCA	2	ローディは静かに寝息をたてている。{10}	
06704	MAP/MAP026.BIN:011CFE	1	{02}{04}クリスのやつ、大丈夫なのか？{0E}{09}\n{02}	
06705	MAP/MAP026.BIN:011D21	1	う・・・ん。\n鷹の爪号でこりてないみたい。{0E}{09}	
06706	MAP/MAP026.BIN:011D4D	1	{02}{04}鷹の爪号で、どうしたって？{0E}{09}\n{02}	
06707	MAP/MAP026.BIN:011D6E	1	船の中で料理を作ったんだけど、\nちょっとね・・・。{0E}{09}	
06708	MAP/MAP026.BIN:011DA2	1	{02}{04}まあ、なるようになるだろ。{10}	
06709	MAP/MAP026.BIN:011DC8	1	{02}{04}いくら気が強いと言っても、\nやっぱりクリスは女の子だ。{0F}ジュリオが力になってやれよ。{10}	
06710	MAP/MAP026.BIN:011E66	1	ローディはぐっすりと寝ている。{0E}{09}\n{02}	
06711	MAP/MAP026.BIN:011E89	1	城が大変だってのに、いいよなー。{0E}	
06712	MAP/MAP026.BIN:011EC0	1	まてよ。{0E}また鷹の爪号のときみたいに\n眠り薬じゃないだろうなぁ・・・。{0F}{09}\n{02}	
06713	MAP/MAP026.BIN:011F09	1	でも、あれは\nヘストンさんの使う手だし・・・。{0F}	
06714	MAP/MAP026.BIN:011F4C	1	そうだ、鼻をつまめばわかるぞ。{0F}{09}{10}{02}	
06715	MAP/MAP026.BIN:011F6F	1	えい。{0E}	
06716	MAP/MAP026.BIN:011F7E	1	ジュリオはローディの鼻をつまんだ。{0E}	
06717	MAP/MAP026.BIN:011FAE	1	{02}{04}・・・・・・！？{0E}んっ！？{0E}いっ、いっ、\nいってえぇぇぇぇーっ！！{0E}	
06718	MAP/MAP026.BIN:01200C	1	何するんだ、ジュリオ。{0E}{09}	
06719	MAP/MAP026.BIN:012027	1	あっ、起きた。{0E}{09}	
06720	MAP/MAP026.BIN:012038	1	{02}{04}鼻をつままれたら\n誰だって起きるだろ！{0E}	
06721	MAP/MAP026.BIN:012078	1	起きてよかった。{0F}{09}\n{02}	
06722	MAP/MAP026.BIN:01208D	1	城に泥棒が入りこんでいるんだよ。{0F}眠り薬で\n眠らされているのかと思ったよ。{0E}{09}	
06723	MAP/MAP026.BIN:0120D8	1	{02}{04}泥棒が？{0E}{09}\n{02}	
06724	MAP/MAP026.BIN:0120E7	1	ここには\n入ってこなかったのかなぁ。{0E}{09}	
06725	MAP/MAP026.BIN:01210D	1	{02}{04}さあ、寝てたからな。{0F}でも俺は、\nこれでも剣の修行をつんだ剣士だ。{0F}誰かこの部屋に入ってきたら\n寝ていても\nすぐに気がついて起きるさ。{0E}{09}\n{02}	
06726	MAP/MAP026.BIN:012195	1	ボクが入ってきても\n起きなかったじゃないか。{0E}{09}	
06727	MAP/MAP026.BIN:0121C3	2	{02}{04}まあ、たまには\n調子の悪いときもあるのさ。{10}	
06728	MAP/MAP026.BIN:01226A	1	{02}{04}あれっ？{0F}まだ、こんなところで\nウロウロしてたのか？{0E}{09}{08}{02}{01}ローディこそ、まだ寝てたの。{0E}{09}{08}{02}	
06729	MAP/MAP026.BIN:0122C4	1	本当にまだ、立てないのかなぁ。{0E}{09}	
06730	MAP/MAP026.BIN:0122E5	2	{02}{04}なっ、なんだよ・・・。\nその疑わしいまなざしは・・・？{10}	
06731	MAP/MAP026.BIN:0123BA	2	{02}{12}申し訳ないが私は、まだ\n所用が残っているのでここにいるが、{0F}君たちは城内を\n自由に見学してくれて\nかまわないからね。{0F}町も城もフリーパスだから、\n気兼ねしないで\n好きな所へ行っておいで。{10}	
06732	MAP/MAP026.BIN:012478	2	{02}{12}眠りたくなったら\nドミンゴの宿酒場へお行き。{0E}寝坊してもかまわないように、\n明日の朝は誰かに呼びに行かせるよ。{10}	
06733	MAP/MAP026.BIN:0124EE	1	{02}{12}えっ？{0F}なに？\nクリスがお料理コンテストに。{0E}{09}\n{02}	
06734	MAP/MAP026.BIN:01251F	1	うん、そうなんだ。{0E}{09}	
06735	MAP/MAP026.BIN:012534	1	{02}{12}クリスは料理ができるのかい？{0E}{09}\n{02}	
06736	MAP/MAP026.BIN:012566	1	{02}{12}・・・・・。{0F}・・・そう。{10}	
06737	MAP/MAP026.BIN:012594	1	{02}{12}どうだった。見つかったかい？{0E}{09}	
06738	MAP/MAP026.BIN:0125B5	1	{02}{12}そうか。\nどこに隠れたのだろう・・・。{0F}２階への階段も城の出口も封鎖した。{0F}きっと１階のどこかに\n隠れているに違いないのだが・・・。{0F}必ず、まだ城の１階に\n隠れているはずだ。{0F}すまないが探すのを\n手伝ってくれないか？{0E}{09}{10}{02}	
06739	MAP/MAP026.BIN:01268C	1	もちろんだよ。{0E}{09}{10}{02}{01}まかせといて。{10}	
06740	MAP/MAP026.BIN:0126BA	1	{02}{12}この部屋は私が調べるよ。\n君たちは別の部屋を調べてくれ。{10}	
06741	MAP/MAP026.BIN:012706	1	{02}{12}そうか、１人見つけたか。{0F}あと１人だな。{0E}{09}	
06742	MAP/MAP026.BIN:012734	1	シャーラっていうんだ。{0F}あの２人、\nコンビなんだよ。{0F}ラグピック村にも来たし、{0F}フォルティア国から\nメナート国にくる途中の船でも\n一緒になったんだ。{0E}{09}	
06743	MAP/MAP026.BIN:0127C5	1	{02}{12}狂暴な盗賊なのか？{0E}{09}	
06744	MAP/MAP026.BIN:0127DE	1	そうでもないみたい。\nでも、ちょっとヘンかな。{0E}{09}	
06745	MAP/MAP026.BIN:01280E	1	{02}{12}ちょっとヘン？{0E}{09}	
06746	MAP/MAP026.BIN:01282C	1	{02}{12}とにかく、\nそのシャーラを見つけなくては。{0E}	
06747	MAP/MAP026.BIN:012862	1	{02}{12}まだ、城の１階にいるはずだ。\nもう少し調べてみよう。{10}	
06748	MAP/MAP026.BIN:0128A0	1	{02}{12}君たちの旅の安全を祈っているよ。{10}	
06749	MAP/MAP026.BIN:0128D4	1	{02}{12}おお、ジュリオ、クリス。{0F}もう、オルドス国まで\n行ってきたのかい？{0E}{09}\n{02}{07}いえ、その・・・。\nまだなのです。{0E}{09}	
06750	MAP/MAP026.BIN:01293F	1	{02}{12}なんだ、まだなのか。{0E}	
06751	MAP/MAP026.BIN:012960	1	{02}{12}巡礼の旅は、\n大切なラグピック村の{0F}習慣なんだろ。{0F}早くすませた方がいいよ。{10}	
06752	MAP/MAP026.BIN:0129B2	1	仮兵士１（２Ｆ）{10}	
06753	MAP/MAP026.BIN:0129C8	1	仮兵士２（２Ｆ）{10}	
06754	MAP/MAP026.BIN:0129DE	1	仮兵士３（２Ｆ）{10}	
06755	MAP/MAP026.BIN:0129F4	1	仮兵士４（１階）{10}	
06756	MAP/MAP026.BIN:012A0A	1	仮兵士５（１階）{10}	
06757	MAP/MAP026.BIN:012A20	1	仮兵士６（１階）{10}	
06758	MAP/MAP026.BIN:012A36	1	仮兵士７（１階）{10}	
06759	MAP/MAP026.BIN:012A4C	1	{02}{1A}マルテじゃよ。{10}	
06760	MAP/MAP026.BIN:012A62	1	{02}{1B}イーベルよ。{10}	
06761	MAP/MAP026.BIN:012A76	1	{02}{1C}モーナです。{10}	
06762	MAP/MAP026.BIN:012A8C	1	{02}{03}グースだぜぃ。{10}	
06763	MAP/MAP026.BIN:012AA4	1	{02}{02}シャーラだよ。{10}	
06764	MAP/MAP026.BIN:012ABA	4	{02}{14}ここは我々に、お任せください！{10}	
06765	MAP/MAP026.BIN:012B0E	1	{02}{01}{09}{03}寝るジュリです。{10}	
06766	MAP/MAP026.BIN:012B28	1	{02}{01}{09}{03}寝るクリです。{10}	
06767	MAP/MAP026.BIN:012C74	3	{09}{0E}{02}{01}ジュリオ、\nローディにお薬を渡しましょ。{0F}早く元気になってほしいもの。{10}	
06768	MAP/MAP026.BIN:012D14	3	{09}{08}{02}{01}ジュリオ、\nローディに治ってほしくないの！{10}	
06769	MAP/MAP026.BIN:012D9A	3	{09}{09}{02}{01}ジュリオ！\nローディの所に行くの！{10}	
06770	MAP/MAP026.BIN:013108	1	{02}{14}そんな、\nここまでいらしてアルフ王に{0F}会わずに行かれるのですか。{0F}せっかく再会を楽しみに\nしているのに王様が悲しみます。{0F}どうかアルフ王にお会いください。{10}	
06771	MAP/MAP026.BIN:0131F8	1	{02}{14}せっかく再会を楽しみにしているのに王様が悲しみます。{0F}どうかアルフ王にお会いください。{10}	
06772	MAP/MAP026.BIN:0132DC	2	{02}{14}謁見室の入口はこちらですよ。{0F}そちらではありませんよ。{10}	
06773	MAP/MAP026.BIN:013490	1	{02}{15}まあ、そうなんですか。{0F}ローディさんは\nネガル島の出身なんですか。{0E}	
06774	MAP/MAP026.BIN:0134F2	1	{02}{04}ははは、そうなんだ。\nネガル島は海が綺麗でいい島だぜ。{0E}{02}{15}ローディさんって、\nずいぶん男っぽいと思ったら、{0F}やっぱり、海の男なんですね。{0E}	
06775	MAP/MAP026.BIN:01359C	1	{02}{04}まあ、そんなところかなぁ。\nははははは・・・。{0E}{02}{15}では、私は他の部屋の\nお掃除がありますので、{0F}失礼いたします。{0E}	
06776	MAP/MAP026.BIN:013618	1	{02}{04}うん、ありがとう。{0E}	
06777	MAP/MAP026.BIN:01367C	1	{02}{15}ローディさんって\n本当に楽しいお方ですね。{0F}では、ごゆっくり。\n失礼いたします。{0E}	
06778	MAP/MAP026.BIN:013796	1	{02}{04}よう、ジュリオ、クリス。\nおはよう。{0E}{09}{08}{02}{01}おはよう。\nずいぶん元気そうじゃない。{0E}{09}{0A}{02}	
06779	MAP/MAP026.BIN:0137EA	1	きっとモテモテだからだよ。{0E}{09}	
06780	MAP/MAP026.BIN:013807	1	{02}{04}なんたって名誉の負傷だからな。{0F}みんなが優しくしてくれると、\n早く体を治さなくちゃーって\n気持ちになるってもんだ。{0E}{09}	
06781	MAP/MAP026.BIN:01387B	1	{02}{01}そう、そう。{0F}ローディのファンからお薬を\nあずかったわよ。{0E}	
06782	MAP/MAP026.BIN:0138BE	1	ローディにエトスの薬を渡した。{0E}{09}	
06783	MAP/MAP026.BIN:0138DF	1	{02}{04}なんか、スゴい臭いだな。{0E}{09}	
06784	MAP/MAP026.BIN:0138FE	1	苦い薬だって言ってたよ。{0E}{09}	
06785	MAP/MAP026.BIN:013919	1	{02}{04}・・・あとで飲むか。{0E}{09}{09}{02}{01}ダメよ！\n今すぐ飲まなきゃ。{0E}{09}	
06786	MAP/MAP026.BIN:013952	1	{02}{04}あとで飲むって。{0E}{09}{08}{02}{01}ほんとは早く治っちゃって{0F}城の女の子達と\n別れたくないんでしょ。{0E}{09}	
06787	MAP/MAP026.BIN:0139AA	1	{02}{04}ドキッ・・・！{0F}わかった。\n飲めばいいんだろ。飲めば。{0E}うぐぐ・・・。{0E}{09}{10}{02}	
06788	MAP/MAP026.BIN:0139F4	1	ローディ、がんばれ。{0E}	
06789	MAP/MAP026.BIN:013A10	1	ローディは{01}(を飲んだ。{0E}{09}	
06790	MAP/MAP026.BIN:013A29	1	{02}{04}は～、ふひぃ。{0F}こんなにニガい薬は初めてだぜ。{0E}ところでクリス、{0F}お料理コンテストには\n出場しないのか？{0E}	
06791	MAP/MAP026.BIN:013AAE	1	{02}{01}えっ、私が？{0E}{09}	
06792	MAP/MAP026.BIN:013ABF	1	{02}{04}何だ、出ないのか。{0E}	
06793	MAP/MAP026.BIN:013AF0	1	クリスなら自慢料理の\nひとつやふたつあると\n思ったんだがなぁ・・・。{10}{09}{0A}{02}	
06794	MAP/MAP026.BIN:013B37	1	ローディの反撃だ。{0E}{09}	
06795	MAP/MAP026.BIN:013B4C	1	{02}{04}こんな薬を飲まされたんだ。{0F}せめてクリスの手料理を味わって\n口直しがしたいぜ。{0F}なーんだ、出ないのか。\nまぁ、自信がないならいいけどね。{0E}	
06796	MAP/MAP026.BIN:013BFE	1	{09}{09}{02}{01}なによ、その言い方・・・。{0F}自慢料理のひとつやふたつ\n私にだってあるわよ！{0E}	
06797	MAP/MAP026.BIN:013C52	1	よーし。\nそうまで言うのなら、いいわよ。{0F}私、コンテストに出るわ。{0E}{09}\n{02}	
06798	MAP/MAP026.BIN:013C97	1	えっ。\nやめた方が・・いいんじゃ・・。{0E}	
06799	MAP/MAP026.BIN:013CCE	1	{09}{09}{02}{01}出るわ！\nジョルノさんは厨房だったわね。{0F}厨房へ行ってジョルノさんに、\nお料理コンテストに出場させて\nもらえるよう、頼みに行くわよ。{0E}	
06800	MAP/MAP026.BIN:013E44	1	{02}{14}ぎくっ！{10}	
06801	MAP/MAP026.BIN:0140B2	1	{02}{08}デバッグ用イベント{10}	
06802	MAP/MAP026.BIN:014164	1	{09}\n{02}{01}ちょっとジュリオ。\nいきなり裏口からなんて失礼よ。{10}	
06803	MAP/MAP026.BIN:01420C	1	人の気配がする！{0E}{09}{0A}{02}	
06804	MAP/MAP026.BIN:014221	1	見つけた！{0E}	
06805	MAP/MAP026.BIN:01426E	1	{09}\n{02}{03}ゲッ、見つかっちまった！{0F}なんでオレがこんなとこで、\nお前たちと一緒に\nかくれんぼしなきゃ、ならねーんだ。{0F}あばよ。{0E}	
06806	MAP/MAP026.BIN:0143B0	1	{09}\n{02}{03}あっ、くそう。\nとおせんぼしやがって。{0E}	
06807	MAP/MAP026.BIN:014404	1	{09}{10}{02}{01}ジュリオ、\nここは私たちに任せて！{0E}	
06808	MAP/MAP026.BIN:014440	1	えっ。{0E}{09}{10}{02}{01}グースは私たちに任せて、{0F}ジュリオは\nシャーラを探してちょうだい。{0E}{09}{10}{02}	
06809	MAP/MAP026.BIN:014490	1	うん。わかった。{0E}	
06810	MAP/MAP026.BIN:014550	1	ジュリオは\nベッドの下を調べた。{0E}誰も隠れてはいなかった。{10}	
06811	MAP/MAP026.BIN:0145B6	1	ジュリオはベッドを調べた。{0E}かけ布団がモソモソ動いている！{0E}	
06812	MAP/MAP026.BIN:014606	1	見つけた！{0E}{09}	
06813	MAP/MAP026.BIN:014613	1	{02}{04}えっ、まさか？！{0E}{09}\n{02}{02}見つかったら仕方がない。{0E}	
06814	MAP/MAP026.BIN:0146AE	1	{02}{04}おっ、美人・・・。\nいい女じゃないか。{0E}	
06815	MAP/MAP026.BIN:0146EE	1	{09}{0A}{02}{02}ありがとう。みんなそう言うよ。{0E}	
06816	MAP/MAP026.BIN:01473A	1	捕まえた！{0E}	
06817	MAP/MAP026.BIN:0147AA	1	{02}{04}ぐっ・・・！？\nきっ、キツイぜ・・・。{0E}	
06818	MAP/MAP026.BIN:0147EC	1	{02}{02}あら、ごめんなさいね。{0E}{09}	
06819	MAP/MAP026.BIN:014807	1	{02}{04}覚えてろよ。{0E}{09}	
06820	MAP/MAP026.BIN:01481A	1	ローディ！{0E}	
06821	MAP/MAP026.BIN:0148B8	1	捕まえたーっ！{0E}	
06822	MAP/MAP026.BIN:0148F8	1	{02}{04}ぐっ・・・！？\nきっ、キツすぎる・・・。{0E}	
06823	MAP/MAP026.BIN:01493A	1	{09}{0B}{02}{02}今のは\nあたしのせいじゃないからね。{0E}{09}	
06824	MAP/MAP026.BIN:014964	1	{02}{04}こら、お前たち。\n病人の部屋で暴れるんじゃない！{0E}	
06825	MAP/MAP026.BIN:0149BA	1	ご、ごめん。{0E}{09}	
06826	MAP/MAP026.BIN:0149C9	1	{02}{04}わかったら、どいてくれよ。{0E}{09}\n{02}	
06827	MAP/MAP026.BIN:0149F6	1	{02}{02}悪いけど、\nあたしはここでオサラバするわよ。{0E}	
06828	MAP/MAP026.BIN:014A54	1	２人で仲良く遊んでらっしゃい。{0E}	
06829	MAP/MAP026.BIN:014A9E	1	あっ、待ってよ！{10}	
06830	MAP/MAP026.BIN:014B1A	1	背表紙に\n《アンデラの湖》\nと、書かれた本がある。{0E}《アンデラの湖》\nを、読みますか？{0E}	
06831	MAP/MAP026.BIN:014BC8	1	背表紙に\n《白き魔女の言葉》\nと、書かれた本がある。{0E}《白き魔女の言葉》\nを、読みますか？{0E}	
06832	MAP/MAP026.BIN:014C7A	1	背表紙に\n《妖術使いゲッペウスの宝》\nと、書かれた本がある。{0E}《妖術使いゲッペウスの宝》\nを、読みますか？{0E}	
06833	MAP/MAP026.BIN:014D48	1	背表紙に\n《楽しいお料理》\nと、書かれた本がある。{0E}《楽しいお料理》\nを、読みますか？{0E}	
06834	MAP/MAP026.BIN:014DFA	1	ジュリオは\n机の下を調べた。{0E}誰も隠れてはいなかった。{10}	
06835	MAP/MAP026.BIN:014E4C	1	ジュリオは\n木箱を調べた。{0E}誰も隠れてはいなかった。{10}	
06836	MAP/MAP026.BIN:014EAC	1	ジュリオは\n木箱を調べた。{0E}{09}	
06837	MAP/MAP026.BIN:014ECA	1	あっ！{0E}木箱の中には、\nビー玉がたくさん入っていた。{0E}{09}{07}{02}	
06838	MAP/MAP026.BIN:014F01	1	・・・・・・。\nあとで、アルフにもらおう。{10}	
06839	MAP/MAP026.BIN:0154CC	1	{02}{14}アルフレッド王が\n２階でお待ちかねです。{0F}すぐそこに\n２階へ上がる階段があります。{0F}そこからお上り下さい。{0E}{09}	
06840	MAP/MAP026.BIN:015537	1	{02}{01}はい、わかりました。{0E}	
06841	MAP/MAP026.BIN:0155A0	1	あっ、絵だ。{0E}	
06842	MAP/MAP026.BIN:0155DA	1	すごいなぁ。{0E}{09}	
06843	MAP/MAP026.BIN:0155E9	1	{02}{01}本当に豪華な城ね。{0E}{09}\n{02}	
06844	MAP/MAP026.BIN:015602	1	なんだかボク、\n緊張しちゃうよ。{0E}	
06845	MAP/MAP026.BIN:015640	1	{02}{01}そういえば、{0F}今、ジュリオの歩き方\nヘンだったわよ。{0E}	
06846	MAP/MAP026.BIN:015690	1	手と足が一緒に出てたわ。{0E}{09}\n{02}	
06847	MAP/MAP026.BIN:0156AD	1	えっ、そうだった？{0F}ボクって緊張すると歩くときに\n手と足が一緒になっちゃうんだよ。{0E}{09}{0A}{02}{01}うん、知ってる。{0E}	
06848	MAP/MAP026.BIN:015728	1	このクセ・・・。\n治ったと思ってたのになぁ・・・。{0E}{09}	
06849	MAP/MAP026.BIN:01575C	1	{02}{01}行きましょうジュリオ。{0E}	
06850	MAP/MAP026.BIN:015786	1	アルフが待ってるし、\nローディの具合も\nこの目で見てみないと心配だわ。{0E}	
06851	MAP/MAP026.BIN:0157FE	1	{02}{01}あっ、階段。{0E}	
06852	MAP/MAP026.BIN:01581E	1	あっちよ。{0E}	
06853	MAP/MAP026.BIN:01589C	1	{02}{01}うわーっ、\nすごく大きな部屋だわ。{0E}	
06854	MAP/MAP026.BIN:015950	1	なんだか、どきどきするよ。{0E}	
06855	MAP/MAP026.BIN:015992	1	{02}{01}お城みたいね。{0E}	
06856	MAP/MAP026.BIN:0159C2	1	お城だよ。{0E}{09}{07}{02}{01}うん、そうだったわね。{0E}	
06857	MAP/MAP026.BIN:015A1A	1	{02}{12}いやーあ、お疲れさん！{0E}	
06858	MAP/MAP026.BIN:015A94	1	ジュリオ、クリス！\n本当によくきてくれたな。{0E}	
06859	MAP/MAP026.BIN:015AEE	1	{02}{12}イグニスのシャリネはどうだった？{0F}体調はどうだい？{0F}う～ん、\nそろそろあらわれる頃だと\n思っとったぞ。{0E}{09}{0A}{02}	
06860	MAP/MAP026.BIN:015B57	1	うん、きたよ。{0E}	
06861	MAP/MAP026.BIN:015B76	1	{09}{0A}{02}{01}アンビッシュ国って素敵な国ね。{0F}町の人たちもみんな明るくて\nアルフって、\nとてもいい王様なのね。{0E}{09}	
06862	MAP/MAP026.BIN:015BDA	1	{02}{12}はっはっはっ。{0F}そんなに誉められると\n照れるじゃないか。{0F}この平和を守れたのは、\nジュリオやクリス、\nそれにローディのおかげさ。{0F}本当に、\n君たちには感謝しているんだ。{0E}{09}{07}{02}	
06863	MAP/MAP026.BIN:015C82	1	そんな・・・\nボクたちのおかげなんて。{0F}・・・とんでもない。{0F}だってボクは、\nクリスがエサになれって脅かすから\nイヤイヤやったんだ。{0E}	
06864	MAP/MAP026.BIN:015D18	1	{09}{09}{02}{01}ちょっと待ってよ。{0F}じゃあ、ガルガより私の方が\n恐いってこと？{0E}	
06865	MAP/MAP026.BIN:015D6E	1	決まってるじゃないか。{0E}{09}	
06866	MAP/MAP026.BIN:015D87	1	{02}{12}おいおい・・・まあまあ・・・。\n２人とも、抑えて、抑えて。{0F}そうだ、ローディの具合だがね。{0E}	
06867	MAP/MAP026.BIN:015DFE	1	医者に見せたところ\nゆっくりと\n静養すれば心配ないそうだ。{0F}１階の部屋で看護しているから、\n後でのぞいてやっておくれ。{0F}君たちが顔を見せるのが、\nきっと、なによりの\n薬になるだろうからね。{0E}{09}	
06868	MAP/MAP026.BIN:015EB6	1	{02}{01}良かった。{0F}私たちローディのことが\nずっと気にかかってたのよ。{0E}{09}	
06869	MAP/MAP026.BIN:015EF9	1	しばらく休めば大丈夫なんだね。\n良かった、もう安心だ。{0E}{09}	
06870	MAP/MAP026.BIN:015F31	1	{02}{12}うむ。{0E}	
06871	MAP/MAP026.BIN:015F7E	1	ローディの方は\nこれで安心なのだが、{0F}マギサの具合がね・・・ちょっと。{0E}{09}{0E}{02}{01}マギサさんが・・・。{0E}{09}	
06872	MAP/MAP026.BIN:015FDE	1	{02}{12}１度に魔法の力を使い過ぎたために、症状がだいぶ重いんだよ。{0E}	
06873	MAP/MAP026.BIN:016058	1	{02}{07}マギサは私と同様に\nカンド魔法の使い手です。{0F}チャッペル魔法なら\n自己回復も容易なのですが、{0F}カンド魔法の我々には\n施す手段がないのです。{0F}ローディ殿のような怪我であれば\n治療方法はいくらでもあるのですが、{0F}マギサの場合は\n抜け出た魔法エネルギーを\n補充しなければなりません。{0E}	
06874	MAP/MAP026.BIN:0161AC	1	{09}{0F}{02}{01}私、やってみます。{0E}	
06875	MAP/MAP026.BIN:01621C	1	{02}{12}えっ？{0E}	
06876	MAP/MAP026.BIN:016242	1	{02}{01}マギサさんほど\n強い能力はないけれど、{0F}私はチャッペル魔法が使えます。{0F}私なんかじゃダメかも知れないけど、やるだけは試させてください。{0E}{09}	
06877	MAP/MAP026.BIN:0162CA	1	{02}{12}そうか。{0F}クリス、ありがとう。\nよく言ってくれた。{0E}	
06878	MAP/MAP026.BIN:016312	1	そういえばマギサさんは{0F}クリスには素晴らしい潜在能力が\nあるって言ってたよ。{0E}{09}	
06879	MAP/MAP026.BIN:01635F	1	{02}{07}クリス様、お願いいたします。{0E}	
06880	MAP/MAP026.BIN:0163A2	1	{02}{12}では、すぐに\nマギサの部屋へ案内しよう。{10}	
06881	MAP/MAP026.BIN:0163F2	1	{02}{14}ようこそ、いらっしゃいました。{0E}	
06882	MAP/MAP026.BIN:016434	1	お待ちしておりました。\nその奥のお部屋が謁見室でございます。{10}	
06883	MAP/MAP026.BIN:0164F4	1	マギサは苦しそうに\n寝息をたてている。{0E}{09}{0E}{02}{01}マギサさん、苦しそう・・・。{0E}{09}	
06884	MAP/MAP026.BIN:01653D	1	{02}{07}いくらカンドマスターのマギサでも、あれほどの力を１度に使用したのでは倒れるのも無理はありません。{0F}クリス様、よろしいですか。{0E}	
06885	MAP/MAP026.BIN:0165EA	1	無理に回復させようとしては、\n今度はあなた様のお体にさわります。{0F}心に回復の玉を思いえがき、\nそれをマギサの体内に\nそっと移すようにするのです。{0F}きっかけとなる回復の力さえ\nうまく入れば、{0F}あとはマギサ自身のエネルギーで\n回復することができるはずです。{0E}{09}	
06886	MAP/MAP026.BIN:0166E1	1	{02}{01}わかったわ。\nやってみます。{0E}	
06887	MAP/MAP026.BIN:016732	1	クリスは心の中に\n回復の玉をえがいた。{0E}{09}{0F}{02}{01}（回復の玉・・・回復の玉・・・）{0F}（回復の玉よ・・・）{0F}（マギサさんの体を癒して下さい）{0E}	
06888	MAP/MAP026.BIN:016870	1	クリスの祈りが通じたのか、\n小さな光の玉が\nマギサの上にあらわれた。{0E}	
06889	MAP/MAP026.BIN:0168CE	1	すごい、クリス。{0E}{09}{0F}{02}{01}黙ってて、\n集中してるんだから。{0E}{09}\n{02}	
06890	MAP/MAP026.BIN:016907	2	ごめん。{0E}	
06891	MAP/MAP026.BIN:016950	1	{09}{0F}{02}{01}（回復の玉よ・・・）\n（ゆっくり、マギサさんの中へ）{0F}（さあ、ゆっくり・・・）{0E}	
06892	MAP/MAP026.BIN:0169D6	1	{09}\n{02}{01}どうかしら・・・？\n成功したのかなぁ。{0E}	
06893	MAP/MAP026.BIN:016A58	1	{02}{07}・・・・・・・・\n・・・・・うむ。{0F}成功です。{0E}	
06894	MAP/MAP026.BIN:016AA8	1	クリス様、ありがとうございました。これでもうマギサも大丈夫です。{0E}{09}{07}{02}{01}へへっ。{0F}やっぱり私、\n才能あるのかなぁ。{0E}	
06895	MAP/MAP026.BIN:016B2C	1	{02}{12}ありがとう、クリス。{0E}	
06896	MAP/MAP026.BIN:016B5E	1	また、クリスに助けてもらったな。{0E}	
06897	MAP/MAP026.BIN:016B9A	1	{02}{18}・・・・・・・・。{0F}・・・あら？\nクリスさん・・・。{0E}	
06898	MAP/MAP026.BIN:016C32	1	{02}{01}良かった。\nマギサさん、気がついたのね。{0E}{02}{18}クリスさんがチャッペル魔法で\n助けて下さったのですね。{0F}本当にありがとう。\nあなたは命の恩人ね。{0E}{09}{07}{02}{01}私が命の恩人なんて、\nとんでもありません。{0F}今のは、まぐれなんだから・・・。{0E}{02}{18}まぐれだなんて、\nクリスさんらしいわ。{0E}{09}	
06899	MAP/MAP026.BIN:016D35	1	{02}{12}良かった。\n本当に良かった。{0F}マギサ、もう大丈夫だね。{0F}クリスへのお礼は\n私から言っておくから、\nゆっくりと、お休み。{0F}まだ当分は\n無理をしない方がいいからね。{0E}{02}{18}はい。そうさせていただきます。{0F}クリスさん、本当にありがとう。{0E}	
06900	MAP/MAP026.BIN:016E1E	1	マギサの穏やかな寝息を確認して、\n一行は謁見室へと戻った。{10}	
06901	MAP/MAP026.BIN:016EA6	1	{02}{12}これでマギサも安心だ。{0F}本当に君たちには感謝しても\nしつくせないな。{0F}明日は君たちを歓迎して\nお料理コンテストを開催するからね。楽しみにしておってくれ。{0E}{09}{0A}{02}	
06902	MAP/MAP026.BIN:016F41	1	うん、楽しみだ。{0E}{09}	
06903	MAP/MAP026.BIN:016F54	1	{02}{12}そうだ。\n今日の宿だがね。{0F}この謁見室の西の部屋に\n用意してあるから、\nゆっくりと羽を伸ばしてくれ。{0E}{09}	
06904	MAP/MAP026.BIN:016FB9	1	{02}{01}ありがとう、アルフ。{0E}{09}	
06905	MAP/MAP026.BIN:016FD2	1	{02}{12}いや、こちらこそ。{0F}本当に\nいろいろありがとう。{0E}{09}	
06906	MAP/MAP026.BIN:017132	1	{02}{15}首尾はどうだい？{0E}{02}{14}えらそうに言うな。{0E}{02}{15}それはそうと、\nまさか、あいつらが{0F}この城に来るとはねー。{0E}{02}{14}ジュリオとクリスだろ。{0F}俺もアセッたぜ。\nまったく、何であいつらが\nここにいるんだよ。{0E}{02}{15}ボルトで王様のガルガ退治を\n手伝ったって話だよ。{0E}{02}{14}あんなガキがか？\n本当かよ。{0E}{02}{14}くそう、せっかくガルガ騒ぎに紛れてアンデラ城にもぐり込み、{0F}城の財宝でも頂こうと\n思っていたのによう。{0E}{02}{15}あの子たちには\n顔を知られているからね。{0F}こりゃー、早くお宝を頂戴して\nオサラバした方が良さそうだね。{0F}今から頂いて逃げちゃおうか？{0E}{02}{14}いや。今、俺たちの姿が消えると\n真っ先に疑われる。{0F}明日の料理コンテストの\n最中に頂いてズラかろうぜ。{0E}{02}{15}じゃあグース、明日ね。{0E}{02}{14}ああ。{0E}	
06907	MAP/MAP026.BIN:0173D8	2	{02}{14}シャーラ。{0E}	
06908	MAP/MAP026.BIN:017410	1	ふぁいと、おー。{0E}{02}{15}・・・・・・・・。{0F}いいから、ちゃんと見張ってなさい。{0F}私たちのお宝が盗まれないように。{0E}	
06909	MAP/MAP026.BIN:0174A2	1	{02}{14}ふーんだ。{10}	
06910	MAP/MAP026.BIN:017792	1	こんな豪華な部屋じゃ、{0F}なんだか\n落ち着かないよ。{0E}{09}{07}{02}{01}えっ・・やっぱり。\nジュリオもそうだったの。{0F}私もなんだか落ち着かなかったのよ。{0E}{09}	
06911	MAP/MAP026.BIN:0178C6	1	アンデラ城	
06912	MAP/MAP026.BIN:0178F2	1	{02}{01}さすがは、\nアンビッシュ国のお城だけあって{0F}立派なお城だわ。{0E}{09}	
06913	MAP/MAP026.BIN:017933	1	うん。\nすごく大きいね。{0F}アルフって\nこんなところに住んでるんだ。{10}	
06914	MAP/MAP026.BIN:017CF2	1	{09}{10}{02}{01}ジョルノさん。{0F}私もお料理コンテストに\n出場してもいいかしら？{0E}{02}{17}クリス様がですか？{0E}{09}{10}{02}{01}飛び入りでもいいんでしょ？{0E}	
06915	MAP/MAP026.BIN:017D6E	1	{02}{17}それはもちろん。{0F}特に規定はございませんので、\nご希望でしたら、{0F}そのように出来るよう\n手配いたしますが。{0E}{09}	
06916	MAP/MAP026.BIN:017DD9	1	{02}{01}お昼までに会食堂へ{0F}自分の作ったお料理を\n運べばいいのよね。{0F}ルールはそれだけ？{0E}{02}{17}それと、料理の素材は、{0F}アンデラの町か城の中で\n手に入るものだけで作るという\n取り決めになっております。{0E}{09}	
06917	MAP/MAP026.BIN:017E93	1	{02}{01}町と城の中で\n手に入るものならいいのね。{0F}わかったわ。{0E}{02}{17}では、クリス様は\nここの厨房をお使い下さい。{0F}ここにある道具や調味料は\n自由に使って頂いて結構です。{0F}足りないものがあれば、\n町で御自由に用立てて下さいませ。{0E}{09}{10}{02}{01}うん、わかったわ。\n腕がなるわね。{0E}{02}{17}では、私はクリス様の\nお邪魔にならないよう、{0F}向かいの部屋に居りますので、\n料理が出来ましたらお呼び下さい。{0E}	
06918	MAP/MAP026.BIN:018094	1	{02}{01}さて、ここにあるのは\nごはんとキャベツと岩塩。{0E}	
06919	MAP/MAP026.BIN:0180E0	1	それとオリーブ油だけ・・・。{0F}見たところ\n	
06920	MAP/MAP026.BIN:018118	1	料理の材料になりそうなものは\n何もないわね。{0E}	
06921	MAP/MAP026.BIN:018150	1	どうするのさ？{0E}	
06922	MAP/MAP026.BIN:018172	1	{02}{01}決まってるじゃない。{0F}私がここで下ごしらえをしている間に材料を探してくるのよ。{0E}	
06923	MAP/MAP026.BIN:0181DE	1	誰が？{0E}{09}	
06924	MAP/MAP026.BIN:0181E7	1	{02}{01}ジュリオ以外に誰がいるのよ。{0E}にんじん、セロリ、ジャガイモ、\nバナナ、何でもいいわ。{0F}材料になりそうなものを\n集めてきてよ。{0E}{09}\n{02}	
06925	MAP/MAP026.BIN:018266	1	でも、下ごしらえって・・・。{0F}作るものが決まってないのに\n作り始めるの？{0E}{09}{0A}{02}{01}名人はどんな材料でも\nおいしい料理を作るものなのよ。{0F}いいから材料を探してきてよ。{10}	
06926	MAP/MAP026.BIN:018356	1	{02}{12}えっ、なに？{0F}部屋が豪華すぎて\nなかなか寝つけない。{0E}{09}\n{02}{01}ごめんね。\nせっかく用意してくれたのに。{0E}{09}\n{02}	
06927	MAP/MAP026.BIN:0183BB	1	ボクたち\nこんなに豪華なところに{0F}泊まったことがないから、\nなんだか緊張して眠れないんだ。{0E}{09}	
06928	MAP/MAP026.BIN:018415	1	{02}{12}ふ～ん、そんなものなのか。{0F}こりゃ、すまん。\n私がもう少し気を\nつければ良かったな。{0F}それでは宿酒場のドミンゴの店に\nベッドを頼んでおくとしよう。{0F}ドミンゴの店はわかるだろ？{0E}{09}{0A}{02}{01}ええ。{0E}{09}{0A}{02}	
06929	MAP/MAP026.BIN:0184CF	1	ありがとう。{0E}{09}	
06930	MAP/MAP026.BIN:0185B4	1	{02}{17}本日のお料理コンテストに\n出場なさるのは、{0F}モーナ様、イベール様、マルテ様の\n３名様でございます。{0F}皆様、アンビッシュ国では\n有名なお料理名人。{0F}きっと素晴らしいお料理の数々を\n作ってくださることでしょう。{0F}出品されるお料理は各々の家で作り、{0F}正午までに、\nこちらへ持って来て頂くように\nなっております。{0F}では、私は下準備のために\n厨房におりますので、{0F}何かありましたら\nそちらの方へお寄り下さい。{0E}{09}	
06931	MAP/MAP026.BIN:018738	1	{02}{01}はい、どうも。{0E}	
06932	MAP/MAP026.BIN:01878E	1	{02}{01}それじゃ、\nローディにエトスおじいさんから{0E}	
06933	MAP/MAP026.BIN:0187D6	1	あずかった薬を渡しに行きましょう。{0E}{09}	
06934	MAP/MAP026.BIN:018860	1	{02}{14}ふぁー、ふぁ、ふぁぁぁ・・・。\n退屈だぜ。{0E}	
06935	MAP/MAP026.BIN:0188A4	1	{02}{14}ん？{0E}	
06936	MAP/MAP026.BIN:0188C6	1	これは・・・食いもんの匂いだ。{0E}	
06937	MAP/MAP026.BIN:018910	1	{02}{14}厨房の方だな。{0E}	
06938	MAP/MAP026.BIN:018AB2	1	{02}{14}なんだ。誰もいないのか。\n物騒だなぁ。{0E}なーんちゃって。{0E}	
06939	MAP/MAP026.BIN:018B02	1	{02}{14}匂いはまあまあだが、\n味はどうかな・・・。{0E}	
06940	MAP/MAP026.BIN:018BE4	1	{09}{0A}{02}{01}お料理、できたわよ。{0E}	
06941	MAP/MAP026.BIN:018C18	1	{02}{17}そうでございますか。{0F}もう、お味見の方は\nバッチリでございますか？{0E}	
06942	MAP/MAP026.BIN:018C6C	1	{09}{07}{02}{01}そういえば忘れてた。{0F}味見なんてしてないわ。{0E}{09}\n{02}	
06943	MAP/MAP026.BIN:018CA0	1	やっぱり。{0E}	
06944	MAP/MAP026.BIN:018CC6	1	{09}{08}{02}{01}やっぱりじゃないわよ。{0F}私くらいになると、\n味なんか確かめなくても\n１発でバッチリなのよ。{0E}{09}\n{02}	
06945	MAP/MAP026.BIN:018D26	1	ほんとかなー。{10}	
06946	MAP/MAP026.BIN:018D74	1	{02}{14}さーて、\n俺様が味見をしてやるよ。{0F}お味の方はどうかな・・・。{0E}	
06947	MAP/MAP026.BIN:018DBA	1	兵士は少しだけ鍋の料理を\nナメてみた。{0E}{02}{14}う～ん・・・・・。\n・・・・・・・・。{0F}・・・・・んんん。{0E}	
06948	MAP/MAP026.BIN:018E2C	1	ぺっ！\n	
06949	MAP/MAP026.BIN:018E44	1	・・・・まずぅい。{0F}・・・なんだ、こりゃ。{0E}{02}{14}ひどい味だぜ。{0F}こういう料理を見つけちゃ、\n黙っちゃいられねーなぁ。{0E}	
06950	MAP/MAP026.BIN:018F52	1	{02}{17}本当にお味見をしなくても\n結構なのですか？{0E}{09}{0A}{02}{01}大丈夫よ。{0E}{09}{0A}{02}	
06951	MAP/MAP026.BIN:018F91	1	味見なんかしたら、\nひっくりかえっちゃうかもね。{0F}はははっ。{0E}{09}{08}{02}{01}どういうことよ？{0E}{09}\n{02}	
06952	MAP/MAP026.BIN:018FE5	5	・・・・・・・・。{10}	
06953	MAP/MAP026.BIN:019038	1	{02}{14}だいたいだなぁ、\nこんな料理を誰が食うんだ。{0F}もっと真面目に\n料理に挑むべきだよな。{0E}これじゃ、油が多すぎて\n味がクドイぜ。{0F}もっと素材の味を活かしてだな、\nスパイスの微妙な風合いを\nかもし出すんだよ。{0E}独り言を言ってても始まらねーや。\nちょいと直してやるか。{0E}	
06954	MAP/MAP026.BIN:019150	1	{02}{14}スパイスと岩塩はあるのか。{0F}水は・・・水はっと。おっとと。\nおお、これだけあれば何とかなる。{0E}	
06955	MAP/MAP026.BIN:0191C8	1	これをこうしてだな。{0F}そーっと、ホラな。{0F}こうなんだよ。パラパラと。{0F}少し煮立てる、グツグツグツと。{0F}よし、これでいい。{0E}	
06956	MAP/MAP026.BIN:019244	1	兵士は少しだけ鍋の料理を\nナメてみた。{0E}	
06957	MAP/MAP026.BIN:019272	1	{02}{14}う～ん・・・・・。{0F}・・・・・・・・。\nバッチリ、デリーシャス。{0F}ざっとこんな具合だ。{0E}いかん、持ち場に戻らないと\n怪しまれる。{10}	
06958	MAP/MAP026.BIN:019374	1	{02}{15}グース。\nどこで油売ってたんだよ？{0E}{02}{14}まったく、聞いてくれよ。{0F}あの料理は油の\n使いすぎなんだよな。{0E}{02}{15}えっ？\n寝呆けてるんじゃないよ。{0F}何、わけのわからないことを\n言ってるの。{0E}{02}{14}あ、いや、すまん。\nこっちのこと。{0E}{02}{15}そろそろ料理コンテストが\n始まるわよ。{0F}主だった者が会食堂に入ったら\n地下室のお宝をもらって\nトンズラだからね。{0E}{02}{14}ああ、ぬかりはないぜ。{0E}{02}{15}じゃあ、あたしは２階の\nベッドメイキングが{0F}あるから行くよ。{0E}	
06959	MAP/MAP026.BIN:01953A	1	{02}{15}居眠りしてんじゃないわよ。{0F}コンテストが始まったら\nまた、すぐに戻るからね。{0E}{02}{14}へい、へーい。{0E}	
06960	MAP/MAP026.BIN:0195D4	1	その格好、けっこう似合ってるぜ。{0E}{02}{15}しっ、しっ！{10}	
06961	MAP/MAP026.BIN:01967E	1	{02}{17}そろそろ他の方々も\nお料理を持って{0F}いらっしゃる頃です。{0F}では、厨房に行って\n盛り付けなどの御準備を\nいたしましょう。{0E}{09}	
06962	MAP/MAP026.BIN:0196F4	2	{02}{01}はい。{0E}	
06963	MAP/MAP026.BIN:019746	1	あれ・・・？{0F}あの女の人。\nどこかで見たような気がする・・・。{0E}{09}	
06964	MAP/MAP026.BIN:019785	1	{02}{01}えっ、そう。{0F}どこで？{0E}{09}\n{02}	
06965	MAP/MAP026.BIN:0197A1	1	うーん。思い出せないけど。{0E}{09}	
06966	MAP/MAP026.BIN:0197BE	1	{02}{01}他人の空似ってヤツじゃないの。{0F}行きましょう、\n料理の盛り付けをしなきゃ。{0E}	
06967	MAP/MAP026.BIN:0198E0	1	{02}{17}ちょっと、\nお味見をさせていただいても{0F}かまいませんかな？{0F}何ぶん、陛下がお口に\nするものですから。{0E}{09}	
06968	MAP/MAP026.BIN:019947	1	お毒見ってのだね。{0F}うん。\nそれは、よ～く\nやっておいた方がいいよ。{0E}	
06969	MAP/MAP026.BIN:0199AE	1	{09}{08}{02}{01}どうぞ、御自由に！{0E}{02}{17}では、失礼して。{0E}	
06970	MAP/MAP026.BIN:0199EA	1	ジョルノは\n少しだけ鍋の料理をナメた。{0E}{02}{17}・・・・・・・・。{0F}・・・・・・・・？！{0F}んっ、これは・・・。{0F}これは、素晴らしい！{0E}	
06971	MAP/MAP026.BIN:019A7C	1	うそ。{0E}	
06972	MAP/MAP026.BIN:019AA8	1	{09}{10}{02}{01}どんなもんよ。{0E}{02}{17}これはおいしい。\n素晴らしいお味です。{0F}このお料理なら、\nどこに出してもはずかしくない。{0E}	
06973	MAP/MAP026.BIN:019B30	1	{02}{14}失礼いたします。{0E}	
06974	MAP/MAP026.BIN:019B84	1	ジョルノ様、\nそろそろお料理コンテストに\n出場される方々が見える頃です。{0E}{02}{17}はい、こちらの準備も整いました。\nいつでも始められますよ。{0E}	
06975	MAP/MAP026.BIN:019C0E	1	クリスの料理も無事に完成した。{0F}しばらくすると他の出場者たちも、\n手に手に自慢の料理を持って\n城にやってきた。{0F}アルフや王妃も席につき、\nお料理コンテストがついに始まった。{0E}	
06976	MAP/MAP026.BIN:019D46	1	{02}{12}よし、それでは始めよう。{0E}	
06977	MAP/MAP026.BIN:019D72	1	{02}{17}出場者のみなさんに\n入っていただきなさい。{0E}	
06978	MAP/MAP026.BIN:019DCA	1	{02}{15}どうぞ、お入りください。{0E}	
06979	MAP/MAP026.BIN:019E92	1	{02}{12}むっ！{0F}ドアを開けたままとは、\nしつけのなっておらぬ侍女だ。{0E}・・・まあ、よい。\nせっかくの料理が冷めてしまうな。{0F}ジョルノ、始めてくれ。{0E}{02}{17}かしこまりました。{0E}	
06980	MAP/MAP026.BIN:019F4C	1	{02}{17}只今より、アンビッシュ国主催、{0E}	
06981	MAP/MAP026.BIN:019F7E	1	お料理コンテストを\n開催いたします。{0E}	
06982	MAP/MAP026.BIN:019FB4	1	陛下、ご挨拶をどうぞ。{0E}	
06983	MAP/MAP026.BIN:019FEE	1	{02}{12}本日のお料理コンテストは{0F}アンビッシュ国をガルガの襲撃から\n無事に守り抜いた記念に\n執り行うものだ。{0F}特別審査員には\nボルトで私たちのために\n一緒に戦ってくれた{0F}ジュリオくんを迎えている。{0F}みんな、日頃みがいた料理の腕を\nぞんぶんに披露してくれ。{0E}それから、\n本人のたっての希望で{0F}ジュリオくんと一緒に\nボルトで私たちに協力してくれた\nクリスくんも参加している。{0F}ジョルノに聞くところによると、\nクリスくんの料理も\n大変素晴らしいようだ。{0F}期待しているよ。{0E}	
06984	MAP/MAP026.BIN:01A1D0	1	{02}{17}審査方法のご説明を申し上げます。{0F}審査はアルフレッド王、ジョリナ王妃ジュリオ様、そして私の４名で\nお料理を食べさせていただき、{0F}審議をいたします。{0F}素晴らしい賞品も\nご用意しておりますので\nどうぞ、お楽しみに。{0F}それでは始めさせていただきます。{10}	
06985	MAP/MAP026.BIN:01A31C	1	{02}{14}シャーラ、どうだ。\n料理コンテストは無事に始まったか？{0E}{02}{15}グース、遅いじゃないか。\n全員この中さ。{0F}そろそろ仕事を始めなよ。{0E}{02}{14}チャーンス！{0E}	
06986	MAP/MAP026.BIN:01A3BA	1	{02}{15}しっ！\nバレルじゃないか。{0E}{02}{14}わりぃ、わりぃ。{0E}	
06987	MAP/MAP026.BIN:01A766	1	ん？{0E}（うまい・・・？）{0F}（クリスの料理がこんなに)\n（おいしいなんて・・・）{0E}へんだ。{0E}{09}{08}{02}{01}なにがヘンなのよ？{0E}	
06988	MAP/MAP026.BIN:01A804	1	えっ、いやっ、その・・・。{0E}	
06989	MAP/MAP026.BIN:01A908	1	{02}{17}それでは、しばらく審査に\n時間がかかりますので{0F}参加者のみなさまは、\nそのままでお待ちください。{10}	
06990	MAP/MAP026.BIN:01AA32	1	{02}{12}いやぁ、どれも素晴らしい味だ。{0E}	
06991	MAP/MAP026.BIN:01AA64	1	{02}{17}まったくでございます。{0E}	
06992	MAP/MAP026.BIN:01AA92	1	どれもこれもおいしかったなあ。{0F}ふしぎとクリスの料理も\n結構よかったね。{0E}{09}	
06993	MAP/MAP026.BIN:01AADB	1	{02}{12}うむ、甲乙つけがたい。{0E}	
06994	MAP/MAP026.BIN:01AB06	1	{02}{16}ええ、悩みますわね。{10}	
06995	MAP/MAP026.BIN:01ABBC	1	{02}{15}グース。{0E}{09}	
06996	MAP/MAP026.BIN:01ABC9	1	{02}{03}えっ？{0F}何だよ。\nオレは今、忙しいんだ。{0E}{02}{15}鎧とヘルメット、どうしたんだよ？{0E}{09}\n{02}{03}んっ？{0F}あぁ、動きづらいんで\n脱いじまったよ。{0E}{02}{15}まったくドジだねぇ。\n顔がバレちゃうじゃないか。{0F}気をつけなよ。{0E}{09}	
06997	MAP/MAP026.BIN:01AC89	1	{02}{03}気にすんなよ。{0F}ガキどもと\nバッタリ顔を合わしでもしない限り\n大丈夫だって。{0F}じゃあな、もう少しで終わりだ。{0E}	
06998	MAP/MAP026.BIN:01AD68	1	{02}{16}ひそひそひそ・・・。{0E}{09}	
06999	MAP/MAP026.BIN:01AD83	1	こそこそこそ・・・。{0E}{09}	
07000	MAP/MAP026.BIN:01AD9A	1	{02}{12}ふむふむ・・・。\nよし、それでいいだろう。{0E}{02}{17}では、そういたしましょう。{10}	
07001	MAP/MAP026.BIN:01AEE0	1	{02}{17}お待たせしました。\n審査の結果が出ました。{0E}	
07002	MAP/MAP026.BIN:01AF1E	1	では陛下、\n審査結果の発表を\nよろしくお願いいたします。{0E}	
07003	MAP/MAP026.BIN:01AF74	1	{02}{12}うおっほん。{0E}	
07004	MAP/MAP026.BIN:01AFA4	1	どれも素晴らしい料理だった。{0F}審査するのがとても難しく\n正直言って、みんな優勝にして\nしまいたかったよ。{10}	
07005	MAP/MAP026.BIN:01B070	1	{02}{03}よっし、シャーラ。\nバッチリお宝はいただいたぜ。{0E}	
07006	MAP/MAP026.BIN:01B0B6	1	ところで、\nお料理コンテストの方はどうだい？{0E}	
07007	MAP/MAP026.BIN:01B0FE	1	{02}{15}今、発表するところだよ。{0E}	
07008	MAP/MAP026.BIN:01B134	1	{09}{0A}{02}{03}ふーん、誰が優勝なのかね。{0F}せっかくだから聞いていくか。{10}	
07009	MAP/MAP026.BIN:01B1C8	1	{02}{12}では準優勝、優勝の順で発表する。{0E}	
07010	MAP/MAP026.BIN:01B24E	1	準優勝はトマトシチューを作った、\nクリスさん。{0F}おめでとう、おいしかったよ。{0E}	
07011	MAP/MAP026.BIN:01B2A2	1	準優勝は\nビーフトマトシチューを作った、\nクリスさん。{0F}おめでとう、おいしかったよ。{0E}	
07012	MAP/MAP026.BIN:01B2FE	1	準優勝はボルシチを作った、\nクリスさん。{0F}おめでとう、おいしかったよ。{0E}	
07013	MAP/MAP026.BIN:01B34C	1	準優勝はビーフシチューを作った、\nクリスさん。{0F}おめでとう、おいしかったよ。{0E}	
07014	MAP/MAP026.BIN:01B3A0	1	準優勝はブイヤベースを作った、\nクリスさん。{0F}おめでとう、おいしかったよ。{0E}	
07015	MAP/MAP026.BIN:01B3F2	1	準優勝はビーフカリーを作った、\nクリスさん。{0F}おめでとう、おいしかったよ。{0E}	
07016	MAP/MAP026.BIN:01B444	1	準優勝はシーフードカリーを作った、クリスさん。{0F}おめでとう、おいしかったよ。{0E}	
07017	MAP/MAP026.BIN:01B49A	1	準優勝は\nビーフの赤ワイン煮を作った、\nクリスさん。{0F}おめでとう、おいしかったよ。{0E}	
07018	MAP/MAP026.BIN:01B502	2	バグ発生です。\n至急、担当者に連絡してください。{10}	
07019	MAP/MAP026.BIN:01B550	2	{09}{0A}{02}{01}ありがとうございます。{10}	
07020	MAP/MAP026.BIN:01B5CA	1	準優勝は\nビーフトマトシチューを作った、\nマルテさん。{0F}おめでとう、おいしかったよ。{0E}	
07021	MAP/MAP026.BIN:01B626	1	準優勝はボルシチを作った、\nマルテさん。{0F}おめでとう、おいしかったよ。{0E}	
07022	MAP/MAP026.BIN:01B674	1	準優勝はビーフシチューを作った、\nマルテさん。{0F}おめでとう、おいしかったよ。{0E}	
07023	MAP/MAP026.BIN:01B6C8	1	準優勝はブイヤベースを作った、\nマルテさん。{0F}おめでとう、おいしかったよ。{0E}	
07024	MAP/MAP026.BIN:01B71A	1	準優勝はビーフカリーを作った、\nマルテさん。{0F}おめでとう、おいしかったよ。{0E}	
07025	MAP/MAP026.BIN:01B76C	1	準優勝はシーフードカリーを作った、マルテさん。{0F}おめでとう、おいしかったよ。{0E}	
07026	MAP/MAP026.BIN:01B7C2	1	準優勝は\nビーフの赤ワイン煮を作った、\nマルテさん。{0F}おめでとう、おいしかったよ。{0E}	
07027	MAP/MAP026.BIN:01B81C	1	準優勝はトマトシチューを作った、\nマルテさん。{0F}おめでとう、おいしかったよ。{0E}	
07028	MAP/MAP026.BIN:01B8F0	1	{02}{1A}ありがとうございます。{10}	
07029	MAP/MAP026.BIN:01B966	1	{02}{15}こんなの立ち聞きしてても\n仕方ないじゃないか。{0F}さっさとズラかった方が\nいいんじゃないのかい？{0E}	
07030	MAP/MAP026.BIN:01B9D6	1	{09}\n{02}{03}うるせーなぁ。\nちょっと興味があるんだよ。{0E}	
07031	MAP/MAP026.BIN:01BA16	1	{02}{15}あんた、\n料理に興味があったのかい？{0E}	
07032	MAP/MAP026.BIN:01BA58	1	{09}\n{02}{03}ん・・・いや。別に。\nそういうわけじゃねーけどよ。{0E}	
07033	MAP/MAP026.BIN:01BA96	1	グースは自分が作った料理の結果が\n非常に気になったが、{0F}男らしくないと言われそうなので\nシャーラには隠していた。{10}	
07034	MAP/MAP026.BIN:01BB7A	1	{02}{12}では、いよいよ優勝者の\n発表をします。{0F}アンビッシュ国主催、\nお料理コンテストの優勝は！\n	
07035	MAP/MAP026.BIN:01BBE6	1	{02}{12}マルテさん。\nおめでとうございました。{0E}	
07036	MAP/MAP026.BIN:01BC3E	2	{02}{1E}パチパチパチパチパチパチ・・・・！{0E}	
07037	MAP/MAP026.BIN:01BC76	1	{02}{1A}ありがとうございます。{0E}{02}{17}おめでとうございます。{0E}{09}{0A}{02}{01}おめでとうございます。{0E}{02}{1A}ありがとうございました。{10}	
07038	MAP/MAP026.BIN:01BCEA	1	{02}{12}クリスさん。\nおめでとうございました。{0E}	
07039	MAP/MAP026.BIN:01BDE0	1	おめでとうございます。{0E}	
07040	MAP/MAP026.BIN:01BE1A	1	{02}{03}そうか、決まったか。{0E}	
07041	MAP/MAP026.BIN:01BE44	1	{02}{15}行くよ。もういいだろう？{0E}{09}	
07042	MAP/MAP026.BIN:01BE61	1	{02}{03}なんか感慨深いものが\nあるなあ・・・。{10}	
07043	MAP/MAP026.BIN:01BED6	1	{02}{17}それでは、続きまして{0F}賞状と賞品の授与を\n行いたいと思います。{0E}	
07044	MAP/MAP026.BIN:01BF44	2	あっ・・・？！{0E}	
07045	MAP/MAP026.BIN:01BF66	1	{02}{12}どうした？　ジョルノ。{0E}	
07046	MAP/MAP026.BIN:01BFB0	1	{02}{17}申し訳ございません。{0F}賞状と賞品を\nこちらに運ぶのを忘れておりました。{0E}{09}	
07047	MAP/MAP026.BIN:01BFF9	1	{02}{12}それは困ったな。{0E}	
07048	MAP/MAP026.BIN:01C024	1	それならボクが\n取りに行ってくるよ。{0E}	
07049	MAP/MAP026.BIN:01C076	1	{02}{12}おお、そうか。\nすまない。{0E}	
07050	MAP/MAP026.BIN:01C170	1	あっ・・・？{0E}{09}\n{02}{03}ゲッ・・・！{0E}{02}{1F}ははは。{0F}まだ場所を\n聞いてなかったのに気づいたか。{0E}{09}\n{02}	
07051	MAP/MAP026.BIN:01C1C7	1	・・・・・・・・。{0E}{02}{1F}・・・・・・・・。{0F}あれれ、\nそういうことじゃないの？{0E}{09}	
07052	MAP/MAP026.BIN:01C215	1	グースだ・・・。{0E}{02} えっ？{0E}{09}\n{02}{03}マジかよ。{0E}	
07053	MAP/MAP026.BIN:01C250	1	{02}{15}ほら、いったこっちゃない。{0E}	
07054	MAP/MAP026.BIN:01C282	1	あれっ、お手伝いさん・・・。{0F}シャーラだったのか。{0E}	
07055	MAP/MAP026.BIN:01C2C6	1	{02}{15}あらら、バレちゃった。{0E}	
07056	MAP/MAP026.BIN:01C342	1	{09}\n{02}{02}バレちゃ仕方ないわね。{0E}	
07057	MAP/MAP026.BIN:01C3E0	1	{09}{09}{02}{01}泥棒よーっ！{0E}	
07058	MAP/MAP026.BIN:01C42E	1	あわわわ・・・。{0E}{02}{1F}なに、泥棒だと？！{0E}{09}\n{02}{03}逃げろ！{10}	
07059	MAP/MAP026.BIN:01C59A	1	見つかった？{0E}{09}\n{02}{01}ううん。\nでも、ここらへんにいるはずよ！{0E}{09}{10}{02}{01}探しましょ。{10}	
07060	MAP/MAP026.BIN:01C640	1	よし、あとはシャーラだ。{10}	
07061	MAP/MAP026.BIN:01C6DA	1	{02}{03}おっ、シャーラ。{0E}{09}	
07062	MAP/MAP026.BIN:01C6EF	1	{02}{02}あっ、グース。{0E}	
07063	MAP/MAP026.BIN:01C73C	1	{09}{09}{02}{02}ドジっ、どこ見てんだよ！{0E}	
07064	MAP/MAP026.BIN:01C76A	1	{09}\n{02}{03}出口はあっちだろうが。{0E}{09}{10}{02}	
07065	MAP/MAP026.BIN:01C789	1	待てーっ！{0E}{09}{10}{02}{01}もう、逃がさないわよーっ！{0E}	
07066	MAP/MAP026.BIN:01C8EA	1	{09}\n{02}{03}やべーや。{0E}{09}\n{02}{02}まずいねぇ。{0E}	
07067	MAP/MAP026.BIN:01C954	1	{02}{12}観念するんだな。{0E}{09}	
07068	MAP/MAP026.BIN:01C969	1	{02}{01}そうよ、\n盗んだ物を全部返しなさい。{0E}	
07069	MAP/MAP026.BIN:01C9BE	1	ねぇ、本当はいい人なんでしょ。{0F}悪いようにはしないからさぁ。{0E}{09}	
07070	MAP/MAP026.BIN:01C9FC	1	{02}{03}ふん、\nガキにサトされてどうする。{0F}シャーラ、絶対お宝を渡すなよ。{0E}	
07071	MAP/MAP026.BIN:01CA50	1	{09}\n{02}{02}えっ？{0F}あたしは持ってないよ。{0E}	
07072	MAP/MAP026.BIN:01CA84	1	{09}\n{02}{03}はあ？{0E}{09}\n{02}{02}あんたが持ってんじゃないの？{0E}{09}\n{02}{03}えっ？\n	
07073	MAP/MAP026.BIN:01CAC2	1	しまった！！{0F}・・・・・落とした。{0E}	
07074	MAP/MAP026.BIN:01CB10	1	{09}{09}{02}{02}ドジっ！　おたんこなす！　デベソ！短足！　アンポンタン！{0E}	
07075	MAP/MAP026.BIN:01CB7A	1	{02}{17}この賊が落としていった\n麻袋でございます。{0E}	
07076	MAP/MAP026.BIN:01CBBC	1	{02}{12}これが盗んだ物、\n全部というわけだな。{0E}{02}{17}左様でございます。{0E}袋の中を調べましたところ、\n地下倉庫のガラクタと、{0F}クリス様の作りました\nお料理の材料の残りが少々・・・。{0F}そんなところでございます。{0E}{09}{09}{02}{02}グース。\nあんた何を盗んでんの。{0E}{09}	
07077	MAP/MAP026.BIN:01CCA2	1	{02}{12}どれどれ。{0F}ふうーむ、本当だ。{0F}これじゃ、\n罪にするのもバカバカしい。{0F}せっかく城に潜り込んだのだから、\nもっとマシな物を盗めばいいのにな。{0E}{09}{09}{02}{02}グース。\n悪いけどコンビ解消だね。{0F}今日という今日は、\nあたしもあきれたよ。{0F}じゃあね、あんたは勝手に逃げな。{0E}	
07078	MAP/MAP026.BIN:01CDDA	1	{09}\n{02}{03}あっ、おい！\nそりゃないぜ！{0E}	
07079	MAP/MAP026.BIN:01CE96	1	{02}{12}追わなくていい。{0E}	
07080	MAP/MAP026.BIN:01CED8	1	被害もないし、\nあんなドジな泥棒を\n捕まえても仕方ない。{0E}	
07081	MAP/MAP026.BIN:01CF32	1	さあ、みんな。騒ぎは収まった。{0F}持ち場に戻りなさい。{10}	
07082	MAP/MAP026.BIN:01CFE0	1	{02}{12}アンデラ城に忍び込むとは{0F}あの２人組の泥棒も、\nいい度胸をしているな。{0E}{09}	
07083	MAP/MAP026.BIN:01D029	1	{02}{07}お料理コンテストの\n出場者の皆様には{0F}お帰りいただきました。{0F}突然の泥棒の登場に\n驚いていたようでしたが、{0F}コンテストの良き余興として、\n喜んでおられた様子でも\nございました。{0E}{02}{16}とにかく\n誰にもケガがなくて\nなによりでした。{0E}{09}	
07084	MAP/MAP026.BIN:01D106	1	{02}{07}そのとおりでございます。{0F}そうそう、\nクリス様に賞状と賞品がございます。{0E}	
07085	MAP/MAP026.BIN:01D17C	1	{02}{07}準優勝賞品は{0F}キャプテン・Ｒ・トーマスの\n記念メダルでございます。{0E}{09}	
07086	MAP/MAP026.BIN:01D1C3	1	ほっ、ほっ、ほんと？！{0F}えーっ！\nいいなぁーそれ。{0E}	
07087	MAP/MAP026.BIN:01D20A	1	クリスはキャプテン・Ｒ・トーマスの記念メダルを受け取った。{0E}{09}{0A}{02}{01}ありがとう。{0E}	
07088	MAP/MAP026.BIN:01D286	1	いいなぁ。{0F}ねぇ、クリス。\nあとで見せてね。{0E}	
07089	MAP/MAP026.BIN:01D2B4	1	{09}{0A}{02}{01}いいわよ。{0E}{09}{0A}{02}	
07090	MAP/MAP026.BIN:01D2C7	1	やったーっ！{0E}{09}	
07091	MAP/MAP026.BIN:01D2D6	1	{02}{07}きっと、このメダルを持っていれば{0E}	
07092	MAP/MAP026.BIN:01D324	1	キャプテン・Ｒ・トーマスのように\n勇気がわき、いつもより力が\n強くなるかも知れませんね。{0E}	
07093	MAP/MAP026.BIN:01D38C	1	{02}{07}優勝賞品は\n守りの指輪でございます。{0F}身につけていれば、\n魔獣の通常攻撃を\nある程度やわらげることができます。{0F}旅をしているクリス様には、\nちょうどよい品物ですね。{0E}	
07094	MAP/MAP026.BIN:01D442	1	クリスは\n{01}0を受け取った。{0E}	
07095	MAP/MAP026.BIN:01D47E	1	{09}{0A}{02}{01}ありがとう。{0E}{09}{0A}{02}	
07096	MAP/MAP026.BIN:01D493	1	いいなぁ。{0E}	
07097	MAP/MAP026.BIN:01D4E0	1	{09}{0A}{02}{01}どうもありがとう。\nとっても楽しかったわ。{0E}{09}	
07098	MAP/MAP026.BIN:01D512	1	ごちそうも食べさせてもらったし、{0F}アンデラによって\n本当に良かったよ。{0E}でもボクたち、\nそろそろ巡礼の旅に戻らなきゃ。{0E}{09}	
07099	MAP/MAP026.BIN:01D587	1	{02}{12}ああ、そうだったな。{0F}ジュリオたちはオルドス国を目指して巡礼の旅を続けていたのだったな。{0F}すぐに旅立つのかい？{0E}{09}	
07100	MAP/MAP026.BIN:01D5FA	1	うん。{0F}まだまだ道のりも長いし、\nとにかくオルドス国に着かなきゃ\n落ち着かないや。{0E}{09}	
07101	MAP/MAP026.BIN:01D64C	1	{02}{12}実はモリスンとも話していたのだが、{0F}ローディも\nまだ、体が治りきっていないし、{0F}君たちと一緒に行くにせよ、\nしばらく療養が必要になる。{0F}君たちには\n返しきれないほどの恩義がある。{0F}せめてオルドス国まで、\nモリスンに一緒に行ってもらおうと\n思うのだが、どうだね？{0E}{09}	
07102	MAP/MAP026.BIN:01D74E	1	えっ、モリスンさんが\n一緒に行ってくれるの？{0E}{09}	
07103	MAP/MAP026.BIN:01D77C	1	{02}{07}もちろんでございます。{0F}ジュリオ様たちさえ、\nよろしければ、\n同行させていただきます。{0E}	
07104	MAP/MAP026.BIN:01D7E6	1	{02}{12}じゃあ、モリスン。\n頼んだよ。{0E}	
07105	MAP/MAP026.BIN:01D81A	2	{02}{07}はい、承知いたしました。{0E}	
07106	MAP/MAP026.BIN:01D83C	1	モリスンがパーティにくわわった。{0E}	
07107	MAP/MAP026.BIN:01D87A	1	{02}{12}では出発の前に、{0F}マギサとローディに別れを\n言っておくのが良いだろう。{10}	
07108	MAP/MAP026.BIN:01D928	1	{09}{0E}{02}{01}マギサさん、もう立っていいの？{0E}{02}{18}ええ。おかげさまで。\nだいぶ良くなってきたわ。{0F}もう、すぐに\n元どおりになりそうよ。{0E}{09}	
07109	MAP/MAP026.BIN:01D9A1	1	{02}{12}良かった。{0E}{02}{16}本当に良かったわ。{0E}{09}	
07110	MAP/MAP026.BIN:01D9C5	1	{02}{07}魔力の急激な消耗は、\nなかなか回復できないものです。{0F}クリス様が\nチャッペル魔法を扱える方で\n本当に助かりました。{0E}	
07111	MAP/MAP026.BIN:01DA48	1	{02}{18}あら、お師匠さま。\nそのお姿は？{0E}{09}	
07112	MAP/MAP026.BIN:01DA6C	1	{02}{07}ああ、ジュリオ様たちを\nオルドス国まで{0F}お送りしようと思ってな。{0F}ジュリオ様とクリス様には\nとても言葉につくしきれないほど\nアンビッシュ国は世話になった。{0F}せめて、お２人がオルドス国に\n無事に到着されるまで、\n微力ながら、お力になりたいのだ。{0E}{02}{18}それは良いお考えですね。{0F}お師匠さま。\n私からもお願いいたします。{0F}本来なら私自身で\nクリスさんにご恩返しを\nしたいところなのですが、{0F}私はまだ、旅ができるほどの\n体力がありません。{0F}どうか私の分も\nクリスさんやジュリオさんの\nお力になってあげてください。{0E}{09}	
07113	MAP/MAP026.BIN:01DC54	1	{02}{07}ああ、そうするつもりだよ。{0F}マギサは安心して\n療養していなさい。{0E}{02}{18}はい、お師匠さま。{0E}{09}	
07114	MAP/MAP026.BIN:01DCAE	1	じゃあマギサさん、\n体、しっかり治してね。{0E}	
07115	MAP/MAP026.BIN:01DCEC	1	{02}{01}まだ、無理しないで、\nゆっくり休んでてね。{0E}{02}{18}ええ、ありがとう。\nあなたたちも元気でね。{0E}{09}{0A}{02}	
07116	MAP/MAP026.BIN:01DD56	1	ジュリオたちは\nマギサの部屋をあとにして{0F}ローディの部屋に向かった。{10}	
07117	MAP/MAP026.BIN:01DDFC	1	{02}{12}ローディ。{0F}ジュリオたちは\nもう旅立つそうだよ。{0E}{09}{0E}{02}{01}本当はローディの様子が\nもう少し良くなるまで{0F}ここにいたい気もするんだけど。{0E}{09}{0E}{02}	
07118	MAP/MAP026.BIN:01DE80	1	心配してるんだけどさ。{0E}{09}\n{02}{04}よく言うぜ。{0F}さっき病人の上で飛び跳ねてたのは\nどこのどいつだ。{0E}	
07119	MAP/MAP026.BIN:01DEF0	1	ははは・・・。{0E}{09}{08}{02}{01}ジュリオったら、\n笑ってごまかしてる。{0E}{09}	
07120	MAP/MAP026.BIN:01DF2B	1	{02}{04}でもまあ、心配ないさ。{0E}	
07121	MAP/MAP026.BIN:01DF56	1	俺だったら\nもう、ほとんど体力も戻ってる。{0F}４、５日で完治するさ。{0E}{02}{16}ローディさんのお世話は\n私たちが責任を持ってしますからね。{0E}	
07122	MAP/MAP026.BIN:01E018	1	ジュリオさんたちは安心して\n巡礼の旅を続けてくださいね。{0E}{09}{0A}{02}	
07123	MAP/MAP026.BIN:01E054	1	ありがとうございます。\n王妃さま。{0E}	
07124	MAP/MAP026.BIN:01E094	1	{02}{01}ジュリオ。\nじゃあ、そろそろ行こうか？{0E}	
07125	MAP/MAP026.BIN:01E0E5	1	{02}{04}気をつけて行けよ。{0E}	
07126	MAP/MAP026.BIN:01E11C	1	ジュリオも少しは\n剣がうまくなったが、{0F}世界にはケンカが強くて悪い奴らも\nゴロゴロいるぞ。{0F}旅をする心得は、\n自分の力を決して過信しないことだ。{0F}少しばかり強くなったからって\nあまり無茶をすると\n痛い目にあうからな。{0F}注意しろよ。{0E}{09}	
07127	MAP/MAP026.BIN:01E1FE	1	うん、わかったよ。{0F}ありがとう。ローディ。{0E}	
07128	MAP/MAP026.BIN:01E23C	1	{02}{12}では、そこまで送ろう。{0E}{09}	
07129	MAP/MAP026.BIN:01E259	1	さよなら、ローディ。{0E}{09}	
07130	MAP/MAP026.BIN:01E270	1	{02}{01}きっとまた、会いましょうね。{0E}{09}	
07131	MAP/MAP026.BIN:01E291	1	{02}{04}ああ、またどこかで、\nきっと会えるさ。{0F}じゃあな。{0E}	
07132	MAP/MAP026.BIN:01E398	1	{02}{12}じゃあ、気をつけてな。\nジュリオ。クリス。{0E}	
07133	MAP/MAP026.BIN:01E3D6	1	モリスン。{0E}	
07134	MAP/MAP026.BIN:01E3F2	1	２人のことを、\nくれぐれも頼んだぞ。{0E}{09}	
07135	MAP/MAP026.BIN:01E44E	1	{02}{16}それでは、お気をつけてね。{0F}田舎のご両親によろしくね。{0E}{09}	
07136	MAP/MAP026.BIN:01E493	1	{02}{01}はい。{0E}{09}	
07137	MAP/MAP026.BIN:01E49E	1	{02}{12}旅が終わってからでもいい。\nまた、遊びにきてくれよ。{0F}君たちの\n旅の安全を祈っているよ。{0E}{02}{16}お気をつけてね。{10}	
07138	MAP/MAP027.BIN:0000A3	1	сAンデラ街道	
07139	MAP/MAP027.BIN:00C50A	1	あ、魔獣がいる。{0E}	
07140	MAP/MAP027.BIN:00C54A	1	{09}{10}\n{02}{01}そうだ。{0F}モリスンさん、魔法のお手本を\n見せてちょうだい。{0E}{09}	
07141	MAP/MAP027.BIN:00C58A	1	{02}{07}ジュリオ様、クリス様。{0F}大変申し訳ございませんが、\n私は、戦闘に参加できません。{0E}	
07142	MAP/MAP027.BIN:00C606	1	えーっ？\nど、どうして？{0F}モリスンさんって\nカンド魔法の凄い使い手なんでしょ？{0E}{09}	
07143	MAP/MAP027.BIN:00C654	1	{02}{07}私の魔法は力が強すぎるのです。{0F}特に攻撃魔法は自然に逆らうため\n時として、その世界に\n負のエネルギーを造り出し{0F}取り返しのつかない惨事を\n引き起こしかねません。{0F}力が強ければ、その反動も強い。{0F}ですから、私は自分の魔法を\n封印しているのです。{0E}{09}\n{02}	
07144	MAP/MAP027.BIN:00C745	1	えー、なんか、もったいないなあ。{0E}{09}	
07145	MAP/MAP027.BIN:00C768	1	{02}{07}強すぎる魔法は、諸刃の剣と同じ。{0F}オルドス国の開祖、初代にして\n歴代最高の大魔導師オルテガ様の\nお言葉です。{0E}{09}\n{02}	
07146	MAP/MAP027.BIN:00C7D8	1	ふーん、魔法って\nむずかしいんだね。{0E}{09}	
07147	MAP/MAP027.BIN:00C7FE	1	{02}{01}むずかしい話はあとで。{0F}ジュリオ、行くわよ！{0E}	
07148	MAP/MAP027.BIN:00C900	1	{02}{07}だいぶ戦いにも\n慣れてきたようですね。{0E}{09}{0A}{02}	
07149	MAP/MAP027.BIN:00C92C	1	そうかなー。{0E}{09}	
07150	MAP/MAP027.BIN:00C93B	1	{02}{07}ただし。{0E}{02}{14}え？{0E}{09}	
07151	MAP/MAP027.BIN:00C94F	1	{02}{07}戦いは、どんな理由であれ\n避ける努力をするべきだと・・・。{10}{09}\n{02}{01}もし、相手が悪い人でも？{0E}{09}	
07152	MAP/MAP027.BIN:00C9AA	1	{02}{07}・・・。{0F}無益な戦いは、\n悲しみと新たな戦いを\n生み出すだけでございます。{0E}{02}{14}・・・・・・。{0E}{09}	
07153	MAP/MAP027.BIN:00CA07	1	{02}{07}いずれお２人にも\nおわかりになられる時が{0F}来るでしょう。{10}	
07154	MAP/MAP027.BIN:00CA86	1	{02}{07}ここを抜けるとエルザ海岸に出ます。{0F}そこから東に向かえばボルト、{0F}西に行けば三都橋でございます。{0E}{09}	
07155	MAP/MAP027.BIN:00CAE9	1	{02}{01}三都橋を渡れば、\nウドル国の関所は目の前よね。{0F}早く、先を急ぎましょう。{0E}{09}	
07156	MAP/MAP027.BIN:00CB86	1	{09}\n{02}{01}もう、急いでいるのに。{0E}	
07157	MAP/MAP027.BIN:00CBAE	1	モリスンさんは、下がっててよ。{10}{09}	
07158	MAP/MAP027.BIN:00CBCF	1	{02}{07}では、お願いします。{10}	
07159	MAP/MAP027.BIN:00CC52	1	{02}{01}さあ、ウドル国をめざしましょう。{10}	
07160	MAP/MAP027.BIN:00CCAA	1	アンビッシュ国の王都　アンデラ\n西　ドッタの砦　　　１２２７ミロ{10}	
07161	MAP/MAP027.BIN:00CCFE	1	東　アンデラ　　　　１１８９ミロ\n西　ドッタの砦　　　　　３８ミロ{10}	
07162	MAP/MAP027.BIN:00CD68	1	{02}{07}では、参りましょう。{0E}	
07163	MAP/MAP027.BIN:00CDCC	1	{02}{01}つぎのシャリネのある\nシフールに行くには、{0F}ダイスのあったチャノム国まで\n引き返さなければならないのよね。{0E}{09}	
07164	MAP/MAP027.BIN:00CE3A	1	来るときは\nアンビッシュ国の海岸ぞいを{0F}北回りに来たけど、{0F}今度は南回りで砦まで戻って、\nそれから三都橋を渡ればいいんだね。{0E}{09}	
07165	MAP/MAP027.BIN:00CEB5	1	{02}{07}左様でございます。{0F}この街道を\n道なりに行けば砦でございます。{0F}さあ、参りましょう。{10}	
07166	MAP/MAP028.BIN:010716	1	宿酒場のキリム	
07167	MAP/MAP028.BIN:010736	1	ガステル	
07168	MAP/MAP028.BIN:010756	1	アンカ	
07169	MAP/MAP028.BIN:010776	1	ラバー村長	
07170	MAP/MAP028.BIN:010796	1	カペラ夫人	
07171	MAP/MAP028.BIN:0107B6	1	武器屋のハール	
07172	MAP/MAP028.BIN:0107D6	1	チャッペルのクラーヌ	
07173	MAP/MAP028.BIN:0107F6	1	バーニィ	
07174	MAP/MAP028.BIN:010856	1	ミリア	
07175	MAP/MAP028.BIN:010894	1	{02}{14}やあ、旅の人。{0F}ここに村のあることが\nよく、わかったね。{0F}それとも、森で迷っているうちに、\nたどり着いてしまったのかな。{0F}疲れているようだね。\nここの宿は無料だから、\n好きな部屋を使ってくれて{0F}かまわないよ。{10}	
07176	MAP/MAP028.BIN:010968	1	{02}{14}疲れていないかい？{0F}ここの宿は無料だから、\n好きな部屋を使ってくれて\nかまわないよ。{10}	
07177	MAP/MAP028.BIN:0109CC	1	{02}{15}ここは森を愛する者の村だ。{0F}森が好きな人なら大歓迎だよ。\nゆっくりしていってくれ。{10}	
07178	MAP/MAP028.BIN:010A2E	1	{02}{15}おっ、旅の人か。{10}このトネリコの村は\n小さくて歴史も浅いけど、\n由緒正しいところなんだよ。{0F}なんたって、\n白き魔女によって\n作られたのだからね。{0E}{09}{0F}{02}	
07179	MAP/MAP028.BIN:010ABF	1	えっ？{0E}{09}{0F}{02}{01}白き魔女に？{0E}{02}{15}そうさ。{0F}２０年ほど前に白き魔女が\nここにやってきて、{0F}村を作って住みなさいって言ったのが村の起こりなんだ。{0E}{09}	
07180	MAP/MAP028.BIN:010B47	2	どうして白き魔女は、\nここに村を作りなさいって{0F}言ったのかなぁ？{0E}{02}{15}それはわからないけど・・・。\nつまり、この村は由緒正しいのさ。{10}	
07181	MAP/MAP028.BIN:010BD0	1	{02}{15}そうさ。{0F}２０年ほど前に白き魔女が\nここにやってきて、{0F}村を作って住みなさいって\n言ったのが村の起こりなんだ。{0E}{09}	
07182	MAP/MAP028.BIN:010CD0	1	{02}{16}あら、旅の人ね。{0F}この村には、めったに旅の人は\n来なかったけど、最近ようやく\n訪ねてくる人も増えてきたわね。{0F}人が集まってくるのはうれしいけど。あまり都会のように、\nこの村を大きくしたくないわね。{0F}私たちは森が好きなのよ。{10}	
07183	MAP/MAP028.BIN:010DB4	1	{02}{16}人が集まってくるのはうれしいけど。{0F}あまり都会のように、\nこの村を大きくしたくないわね。\n私たちは森が好きなのよ。{10}	
07184	MAP/MAP028.BIN:010E4A	1	{02}{17}わしはトネリコの村長ラバー。\nようこそ、トネリコの村へ。{0F}この村のさわやかな空気を吸って、\n旅に疲れた体を\nゆっくりと養生させてくだされ。{10}	
07185	MAP/MAP028.BIN:010EE2	1	{02}{17}どうじゃね。\nこの村は空気がうまいじゃろう。{0F}ウドル国の森のおかげで\n空気がおいしいのだけが、\nこの村の自慢じゃよ。{0E}{09}	
07186	MAP/MAP028.BIN:010F59	1	あの、村長さん。\nこの村は白き魔女と関係があるの？{0E}{02}{17}ああ。{0F}わしらはもとは、ウドル国の\n森のあちこちにバラバラで\n住んでいたのじゃがな。{0E}２０年前に白き魔女の呼びかけで\nここに村を作り、{0F}この地に住み始めるように\nなったのじゃ。{0F}なあに、白き魔女と\n関係があるといっても\nその程度じゃよ。{10}	
07187	MAP/MAP028.BIN:01107A	2	{02}{17}空気がおいしいのだけが、\nこの村の自慢じゃよ。{10}	
07188	MAP/MAP028.BIN:0110B0	1	{02}{17}気をつけて行きなされ。{10}	
07189	MAP/MAP028.BIN:01110E	1	{02}{18}耳を澄ますと、森のいろいろな音が\n聞こえてくるんだよ。{0F}ちょうど、シフールから吹いてくる\n風の歌声にのってね。{0F}ウドル国の森から聞こえてくる音ってとっても、心地いいんだよ。{10}	
07190	MAP/MAP028.BIN:0111C2	1	{02}{18}ウドル国の森から聞こえてくる音ってとっても、心地いいんだよ。{10}	
07191	MAP/MAP028.BIN:011206	1	{02}{19}いらっしゃい。{0F}本当は、いくら魔獣が相手でも\n武器なんて持つべきじゃ\nないんだがね。{0F}狂暴な魔獣もいるから、\nしかたなく売っているんだ。{0F}本当なら、人間は自然と\n共存して生きるのが１番だからな。{0F}品物を見てみるかい？{10}	
07192	MAP/MAP028.BIN:0112E2	1	{02}{19}ありがとうございました。{0F}身を守るためには、\n武器の必要なときもあるからな。{0F}またよってくれよ。{10}	
07193	MAP/MAP028.BIN:01137C	1	{02}{19}どんな物が必要なんだい？{10}	
07194	MAP/MAP028.BIN:01139C	1	{02}{19}それなら{06}になるな。{10}	
07195	MAP/MAP028.BIN:0113B8	1	{02}{19}何を売ってくれるんだい？{10}	
07196	MAP/MAP028.BIN:0113D8	1	{02}{19}{08}か・・・\nまあ{06}ってところだな。{10}	
07197	MAP/MAP028.BIN:011404	1	{02}{19}１ゴアあたり{06}に\nしておくよ。{10}	
07198	MAP/MAP028.BIN:011428	1	{02}{19}全部で{06}だね。{10}	
07199	MAP/MAP028.BIN:01143E	1	{02}{19}おいおい、\n換金しなくていいのかい？{10}	
07200	MAP/MAP028.BIN:01146A	1	{02}{19}ラピカがなければだめだな。{10}	
07201	MAP/MAP028.BIN:01148C	1	{02}{19}他にも用があるかな？{10}	
07202	MAP/MAP028.BIN:0114B2	1	{02}{19}やあ、いらっしゃい。{0F}本当は、いくら魔獣が相手でも\n武器なんて持つべきじゃ\nないんだがね。{0F}狂暴な魔獣もいるから、\nしかたなく売っているんだ。{0F}本当なら、\n人間は自然と共存して生きるのが\n１番だからな。{10}	
07203	MAP/MAP028.BIN:011580	1	{02}{19}本当なら、\n人間は自然と共存して生きるのが{0F}１番だからな。{10}	
07204	MAP/MAP028.BIN:0115C0	1	{02}{1A}こちらではチャッペル魔法を\nお教えしております。{10}	
07205	MAP/MAP028.BIN:0115FC	1	{02}{1A}そのチャッペル魔法があなた方の旅のお役に立つことをお祈りします。{0F}また、必要になりましたら\nおよりください。{10}	
07206	MAP/MAP028.BIN:011688	1	{02}{1A}どなたが習得しますか？{10}	
07207	MAP/MAP028.BIN:0116A6	3	{02}{1A}どの魔法をお望みでしょう？{10}	
07208	MAP/MAP028.BIN:0116C8	3	{02}{1A}{08}ですね？{10}	
07209	MAP/MAP028.BIN:0116DA	1	{02}{1A}チャッペル魔法の心得は、\n自分を守ることにあります。{0F}だから自然との共存を望む\nこのトネリコの村で\n店を出すことが{0F}許されているのです。{10}	
07210	MAP/MAP028.BIN:01177A	1	{02}{1B}あれ？　旅の人だ。{0F}この頃、旅の人がよく来るなぁ。{0F}この前もね、\nお兄さんが２人やってきて、\n村で暮らすことになったんだよ。{0F}そのあとで、ミリアさんも来たんだ。{0F}この村はね。\n森の澄んだ空気が吹き込んできて\nとっても気持ちがいいんだ。{0F}お兄ちゃんたちも旅なんかヤメて\nここで暮らしたらどうだい。{10}	
07211	MAP/MAP028.BIN:0118A2	1	{02}{1B}お兄ちゃんたちも旅なんかヤメて\nここで暮らしたらどうだい。{10}	
07212	MAP/MAP028.BIN:0118EE	1	{02}{1B}あれ？　旅の人だ。\nこの頃、旅の人がよく来るなぁ。{0F}この前もね、\nお兄さんが２人やってきて、\n村で暮らすことになったんだよ。{0F}そのあとで、ミリアさんも来たんだ。{0F}この村はね。\n森の澄んだ空気が吹き込んできて\nとっても気持ちがいいんだ。{0F}お姉ちゃんたちも旅なんかヤメて\nここで暮らしたらどうだい。{10}	
07213	MAP/MAP028.BIN:011A16	1	{02}{1B}お姉ちゃんたちも旅なんかヤメて\nここで暮らしたらどうだい。{10}	
07214	MAP/MAP028.BIN:011A6C	1	{02}{1C}おっ、おや？{0F}ジュリオさん。{0E}	
07215	MAP/MAP028.BIN:011A98	1	それに、クリスさん。{0E}	
07216	MAP/MAP028.BIN:011AB0	1	驚いたなぁ・・・こんなところで、\nまた会えるなんて、\n思いもしませんでしたよ。{0E}	
07217	MAP/MAP028.BIN:011B0C	1	{02}{01}ジョイさん、久しぶりね。\n元気そうでよかったわ。{0F}それにしても、\nジョイさんこそ、\nどうしてこんなところに？{0E}{02}{1C}	
07218	MAP/MAP028.BIN:011B7C	1	ラグーナの武器屋のおやじさんが\nうまく逃がしてくれてね。{0F}船に乗ったと見せかけて、\n西回りで大陸を渡って来たんだ。{0F}あの時は本当にありがとう。\nおかげでパッドも僕も、\n兵隊にならないですみました。{0F}パッドにはもう会いましたか？\n反対側の門で森の見張りを\nしているはずですよ。{10}	
07219	MAP/MAP028.BIN:011C9A	1	{02}{1C}パッドにはもう会いましたか？{0F}反対側の門で森の見張りを\nしているはずですよ。{10}	
07220	MAP/MAP028.BIN:011CEC	1	{02}{1C}ここでミリアと暮らすことができて、僕は本当に幸せです。{0F}これもみんな、\nジュリオさんたちのおかげです。\n本当に感謝しています。{10}	
07221	MAP/MAP028.BIN:011D70	1	{02}{1C}石碑の働きさえ理解できれば\n何とかなると思うのですが・・・。{10}	
07222	MAP/MAP028.BIN:011DC8	2	{02}{1D}おっ、おや？{0F}ジュリオさん・・・\n	
07223	MAP/MAP028.BIN:011DF8	2	クリスさんじゃないですか。{0E}	
07224	MAP/MAP028.BIN:011E16	2	お元気でしたか。{0F}おかげさまで\n無事にフォルティア国から\n脱出することができました。{0F}ジョイにはもう会いましたか？\n反対側の門で森の見張りを\nしているはずですよ。{10}	
07225	MAP/MAP028.BIN:011EC6	1	{02}{1D}ジョイにはもう会いましたか？{0F}反対側の門で森の見張りを\nしているはずですよ。{10}	
07226	MAP/MAP028.BIN:011F68	1	{02}{1D}ところで\n巡礼の旅は、済んだのですか？{0E}	
07227	MAP/MAP028.BIN:011FAC	1	クリスさんの姿が\n見えないようですが。{0E}{09}{0E}\n{02}	
07228	MAP/MAP028.BIN:011FD7	1	うん、それがね。\nクリスがちょっとね。{0E}	
07229	MAP/MAP028.BIN:012004	1	ジュリオは\n手短にクリスのことを説明した。{0E}{0A}\n{02}{1D}そうだったんですか。\nそれは大変だ。{0E}	
07230	MAP/MAP028.BIN:01205E	1	{02}{1D}そうだ、村長なら\n力になってくれるかも知れない。{0F}	
07231	MAP/MAP028.BIN:0120A2	1	ちょっと、\nここで待っていてください。{0F}ラバー村長に相談してきますから。{0E}	
07232	MAP/MAP028.BIN:0121D6	1	しばらくしてパッドが戻ってきた。{0E}	
07233	MAP/MAP028.BIN:012260	1	{02}{1D}ラバー村長が話を\n聞いてくれるそうですよ。{0E}	
07234	MAP/MAP028.BIN:0122A5	1	ありがとう、パッドさん。{0E}	
07235	MAP/MAP028.BIN:0122D0	1	{0A}\n{02}{1D}さあ、ラバー村長のところへ\n行ってきてください。{10}	
07236	MAP/MAP028.BIN:01235C	1	{02}{1D}さあ、ラバー村長のところへ\n行ってきてください。{10}	
07237	MAP/MAP028.BIN:012394	1	{02}{1D}以前、森に入った人に聞いたのですが不思議な石碑があるはずです。{10}	
07238	MAP/MAP028.BIN:0123F8	1	{02}{1E}こんにちは。{0F}ここはウドル国の森の村。\nトネリコよ。{10}	
07239	MAP/MAP028.BIN:01243C	1	{02}{1E}そうですか。{0F}あなたが\nジュリオさんだったのですか。\n私はミリアです。{0F}ラグーナの武器屋さんから\nお手紙をいただいて、{0F}ジョイとここで落ち合うことが\nできました。{0F}ジョイを救けてくださって\n本当にありがとうございました。{10}	
07240	MAP/MAP028.BIN:01251C	1	{02}{1E}ジョイを救けてくださって\n本当にありがとうございました。{10}	
07241	MAP/MAP028.BIN:01255C	2	{02}{1E}気をつけて下さいね。{10}	
07242	MAP/MAP028.BIN:012582	1	{02}{1E}こんにちは。{0F}ここはウドル国の森の村、\nトネリコよ。{0F}せっかくこの村に来たのだから、\n森の空気を一杯感じてね。\n健康にとってもいいのよ。{10}	
07243	MAP/MAP028.BIN:012612	1	{02}{1E}せっかくこの村に来たのだから、\n森の空気を一杯感じてね。{0F}健康にとってもいいのよ。{10}	
07244	MAP/MAP028.BIN:0127AA	4	{09}\n{02}{03}いけねぇ！\n自分から捕まりにいくとこだったぜ。{10}	
07245	MAP/MAP028.BIN:012854	4	{09}\n{02}{03}おいおい！\n関所に戻ったら、捕まっちまうよ！{10}	
07246	MAP/MAP028.BIN:012938	4	あれ？　こっちは\n風谷の関所だったよね。{0F}じゃあ、こっちじゃないや。{10}	
07247	MAP/MAP028.BIN:0130D0	1	ウドル国境　風谷の関所\n西　シフール　　　　７２５ミロ{10}	
07248	MAP/MAP028.BIN:013162	1	ウドル国王都　シフール\n東　風谷の関所　　　７２５ミロ{10}	
07249	MAP/MAP028.BIN:013310	1	{02}{1D}あぁ。\nこの先の森は、かなり深いので\n踏み入らないほうがよいですよ。{10}	
07250	MAP/MAP028.BIN:0133C6	1	{02}{1D}この先は、聖なる森。{0F}よほどのことがないかぎり、\n踏み入らないようにしています。{10}	
07251	MAP/MAP028.BIN:013516	1	{02}{17}それで、何のために迷いの森へ\nお行きになられたいのかな？{0E}{09}{0F}\n{02}	
07252	MAP/MAP028.BIN:013555	1	旅の仲間が呪いを\nかけられてしまって。{0F}その呪いを解くためには、\nアルグレスの角が必要なんです。{0E}{0A}\n{02}{17}ほほう・・・。\nお困りなのはわかりました。{0F}なるほど、迷いの森になら\nアルグレスは、いるかもしれない。{0F}それで、呪いを解くために\nアルグレスを捕らえると？{0E}	
07253	MAP/MAP028.BIN:013678	1	{09}{0E}\n{02}{05}いいえ、そんなことは\n絶対にいたしません。{0E}	
07254	MAP/MAP028.BIN:0136B8	1	アルグレスに頼んで、\n角を少しだけわけてもらうんです。{0F}呪いを解く薬を作るのには、\nほんの少しだけ、アルグレスの角が\nあればいいんです。{0E}	
07255	MAP/MAP028.BIN:013762	1	{0A}\n{02}{17}・・・・・・・・。{0E}	
07256	MAP/MAP028.BIN:013780	1	{02}{17}よろしいでしょう。{0F}わかりました。\n森の入口へ案内いたしましょう。{0E}	
07257	MAP/MAP028.BIN:0137DE	1	じゃが、\nこれだけは言っておきましょう。{0F}迷いの森はその名のとおり、\n人の目を惑わす迷いの森。{0F}踏み入って、\nぶじに戻れる保証は、ないですぞ。{0E}	
07258	MAP/MAP028.BIN:013874	1	ジュリオたちは力強くうなずいた。{0E}	
07259	MAP/MAP028.BIN:01389C	1	{02}{17}よし、迷いの森への門を\n開けてあげましょう。{0E}	
07260	MAP/MAP028.BIN:0139C1	1	あっ、\nあっちの方でなにか動いたよ。{0E}{09}	
07261	MAP/MAP028.BIN:0139E7	1	{02}{03}さっそく魔獣のお出ましか？{10}	
07262	MAP/MAP028.BIN:013A58	1	{02}{03}モリスンさんは下がってな。{0E}あんたの分も、\n俺様が戦ってやるぜ。{0E}{09}	
07263	MAP/MAP028.BIN:013A9B	1	{02}{07}では、お手並み拝見させて\nいただきましょう。{10}	
07264	MAP/MAP028.BIN:013B3C	1	{09}{0B}{02}{03}まっ、ざっとこんなもんかな。{10}	
07265	MAP/MAP028.BIN:013B9E	1	{09}\n{02}{03}まったく、迷子になりそうだぜ。{0E}{09}	
07266	MAP/MAP028.BIN:013BC3	1	{02}{07}一見通れないと思った場所でも、\n通ることができたりします。{0F}注意深く進むことです。{0E}{09}\n{02}	
07267	MAP/MAP028.BIN:013C1A	1	向こうには、\n魔獣がいるよ・・・。{0E}{09}\n{02}{01}とにかく、戦わないと\n先に進めないんじゃない？{0E}	
07268	MAP/MAP028.BIN:013CB2	1	{02}{07}では、お願いしますよ。\nグース殿。{0E}{09}	
07269	MAP/MAP028.BIN:013CD8	1	{02}{03}オーケー。\nまかせときな。{10}	
07270	MAP/MAP028.BIN:013D90	1	{09}{08}{02}{02}ちょ、ちょっとジュリオ！\nどこ行くんだい。{0E}{09}{0E}{02}{05}クリスさんたちが、\n待っていますわ。{0F}早く、アルグレスを探しましょう。{10}	
07271	MAP/MAP028.BIN:013E50	1	ウドル国　トネリコ	
07272	MAP/MAP028.BIN:013EB2	1	\n\n\n\n\n\n　　　　　　　第４章　聖獣の住む森	
07273	MAP/MAP028.BIN:013EF6	1	ウドル国　静寂の森	
07274	MAP/MAP028.BIN:013FC4	1	は～っ。\nおっかなかった。{0E}{09}{09}{02}{01}もう！\nびっくりしたわ。{0E}{09}	
07275	MAP/MAP028.BIN:013FFC	1	{02}{03}いや、わりぃ、わりぃ。\n彼女に婚約者がいるとはなぁ。{0E}	
07276	MAP/MAP028.BIN:014048	1	{02}{07}感謝するのですな。{0E}	
07277	MAP/MAP028.BIN:014078	1	ジュリオ様とクリス様のおかげで\n無事に関所を通過できたのですぞ。{0E}{09}\n{02}{03}ジュリオ様？\n	
07278	MAP/MAP028.BIN:0140E4	1	こいつらなんか、呼び捨てで充分だ。{0E}	
07279	MAP/MAP028.BIN:014118	1	古いつき合いだもんな！{0E}	
07280	MAP/MAP028.BIN:014176	1	{09}{08}{02}{01}ちがうでしょ！{0E}	
07281	MAP/MAP028.BIN:0141A4	1	{09}\n{02}{03}・・・ところで、あんた誰？{0E}	
07282	MAP/MAP028.BIN:0141E0	1	{02}{07}私はアンビッシュ国王の執事\nモリスン。{0F}	
07283	MAP/MAP028.BIN:01422A	1	本来なら、そなたなど\n牢に放り込んでおくものを。{0E}	
07284	MAP/MAP028.BIN:0142C0	1	{02}{03}へへっ。\nそうカリカリしなさんなって。{0F}ここはもう、\nアンビッシュ国じゃねぇんだ。{0E}	
07285	MAP/MAP028.BIN:01432E	1	あんたの肩書きも、\nウドル国じゃ無効さ。{0E}{09}	
07286	MAP/MAP028.BIN:01435A	1	へぇ、むずかしいこと知ってんだね。{0E}	
07287	MAP/MAP028.BIN:0143AE	1	{02}{03}まぁな！\nだてに７年も泥棒やってないぜ！{0E}	
07288	MAP/MAP028.BIN:01443A	1	まぁ、モリスンさん。\n気軽にいこうぜ。{10}	
07289	MAP/MAP028.BIN:0145CC	1	{02}{17}どうじゃね。{0F}迷いの森はなかなか手ごわいぞ。{0F}落ち着いて道を探さねば、\n森の奥から戻るのも難しい。{0E}	
07290	MAP/MAP028.BIN:01464A	1	{02}{1D}以前、森に入った人に聞いたのですが不思議な石碑があるはずです。{0E}	
07291	MAP/MAP028.BIN:0146BA	1	{02}{1C}石碑の働きさえ理解できれば\n何とかなると思うのですが・・・。{0E}	
07292	MAP/MAP028.BIN:01481A	1	{02}{1C}ジュリオさん。{0E}	
07293	MAP/MAP028.BIN:014850	1	{02}{1E}アルグレスがいたのですね？{0E}	
07294	MAP/MAP028.BIN:01487E	1	{02}{1D}ぶじでよかった。{0E}	
07295	MAP/MAP028.BIN:01490E	1	{02}{17}よく、ぶじで戻ったのう。{0F}お前たちには言わなかったが、\n迷いの森の結界は、{0F}かつて白き魔女ゲルドが\n森と森に住む獣たちを守るために\n作ったものなのじゃ。{0E}{09}{0E}{02}	
07296	MAP/MAP028.BIN:0149A8	1	そうだったのか・・・。{0E}{02}{17}２０年前、\nこの地を訪れたゲルドは、{0F}消えていく自然や\n絶滅していく獣たちを憂い{0F}ここに村を作り、\n森を見守るよう言った。{0F}それがトネリコの\n村の始まりなのじゃ。{0E}{09}{0F}{02}	
07297	MAP/MAP028.BIN:014A61	1	森が\n残っていてくれたおかげで・・・。{0F}白き魔女のおかげで、{0F}ボクたちはアルグレスの角を\n手にすることができたんだ。{0E}	
07298	MAP/MAP028.BIN:014AE6	1	{02}{05}白き魔女に感謝しなくてはね。{0E}	
07299	MAP/MAP028.BIN:014B2E	1	うん。{0E}{0A}{02}{17}さあ、行きなされ。{0E}	
07300	MAP/MAP028.BIN:014B76	1	せっかく授かったアルグレスの角を\nムダにしてはならん。{0F}早く、お仲間のところに戻って\n呪いを解いてあげなさい。{0E}{09}	
07301	MAP/MAP028.BIN:014BE6	1	村長さん。\nジョイさん、パッドさん、{0F}それにミリアさん。{0F}いろいろありがとう。{0F}すぐにクリスとグースの所へ戻って\n呪いを解いてあげたいので、{0F}これで、失礼します。{0E}{0A}{02}{17}ああ、早く行っておあげ。{0E}{09}	
07302	MAP/MAP028.BIN:014CA3	1	さようなら。{0E}	
07303	MAP/MAP028.BIN:014CB8	1	ジュリオ、シャーラ、フィリーの\n３人は、{0F}迷いの森で\n聖獣アルグレスに角をわけてもらい、{0F}幻術使いカジムの呪いに苦しむ\nクリスとグースを救うために、\n一路、オルドスへと急いだ。{10}	
07304	MAP/MAP028.BIN:014DD4	2	{02}{17}話はパッドから聞きましたよ。{10}	
07305	MAP/MAP028.BIN:014FF4	1	{02}{17}パッド。ジョイ。{0E}	
07306	MAP/MAP028.BIN:015038	1	迷いの森に\nつながる門を開けなさい。{0E}	
07307	MAP/MAP028.BIN:015064	1	{02}{1D}はい。{0E}{02}{1C}門を開きます。{0E}	
07308	MAP/MAP028.BIN:0151E2	1	{02}{17}気をつけて行きなされ。{0E}	
07309	MAP/MAP028.BIN:015217	1	うん。ありがとう。{10}	
07310	MAP/MAP029.BIN:0000A4	2	シフール	
07311	MAP/MAP029.BIN:01077A	2	シフールの賢者	
07312	MAP/MAP029.BIN:01079A	1	ルシル	
07313	MAP/MAP029.BIN:0107BA	1	ルパド	
07314	MAP/MAP029.BIN:0107DA	1	チャッペルのベーヌ	
07315	MAP/MAP029.BIN:0107FA	1	ドルシー	
07316	MAP/MAP029.BIN:01081A	1	カンドのオルク	
07317	MAP/MAP029.BIN:01083A	1	リック	
07318	MAP/MAP029.BIN:01085A	1	道具屋のロレン	
07319	MAP/MAP029.BIN:01087A	1	武器屋のハルス	
07320	MAP/MAP029.BIN:01089A	1	酒場のパルダ	
07321	MAP/MAP029.BIN:0108BA	1	ペスター	
07322	MAP/MAP029.BIN:0108DA	1	ネルフ	
07323	MAP/MAP029.BIN:0108FA	1	ペブラ	
07324	MAP/MAP029.BIN:01091A	1	エイカ	
07325	MAP/MAP029.BIN:01093A	1	ストック王	
07326	MAP/MAP029.BIN:01095A	1	アテリ王妃	
07327	MAP/MAP029.BIN:01099A	1	コックのプーニョ	
07328	MAP/MAP029.BIN:0109BA	1	幻術使いカジム	
07329	MAP/MAP029.BIN:010A2A	1	{02}{14}これからは\n私が自分でここに立ちますよ。{0F}巡礼の旅人を迷わせては、\nバチが当たりますからね。{0F}あなた方に\n守っていただいたシャリネです。{0F}これからは一層、心をこめて、\nおつとめをさせていただきます。{10}	
07330	MAP/MAP029.BIN:010AF6	1	{02}{14}あなた方に\n守っていただいたシャリネです。{0F}これからは一層、心をこめて、\nおつとめをさせていただきます。{10}	
07331	MAP/MAP029.BIN:010B6E	1	{02}{14}おや、こんにちは。\nオルドスはいかがでしたか？{0E}{09}\n{02}	
07332	MAP/MAP029.BIN:010BA2	1	クリスとグースが呪いのおかげで\n病気になっちゃったんだ。{0E}{02}{14}なんと・・・。{0E}{09}{0E}{02}{05}賢者さま、呪いを解くお薬を作るのにアルグレスの角が必要なのです。{0F}迷いの森になら、\nアルグレスが、まだいるような気が\nするのですが。{0F}賢者さまは\nご存じではありませんか？{0E}{02}{14}迷いの森ですか・・・。\n残念ながら、私も知りません。{0F}でも、こんな詩を\n聞いたことがあります。{0E}『迷いの森はシフールの風を受けて\nこずえを揺らす』{0F}かつて、白き魔女がうたった\n詩なのだそうです。{0F}シフールの風が吹きこむ森を\n探してはどうでしょうか。{10}	
07333	MAP/MAP029.BIN:010D90	1	{02}{14}『迷いの森はシフールの風を受けて\nこずえを揺らす』{0F}かつて、白き魔女がうたった\n詩なのだそうです。{0F}シフールの風が吹きこむ森を\n探してはどうでしょうか。{10}	
07334	MAP/MAP029.BIN:010E36	1	{02}{15}ウドルは小さな国だけど、\n森に恵まれた、いい国だよ。{0F}ああ。奥に兄さんがいるけど、\n面白くもない冗談が好きで\n困ってんだ。{0F}つき合わなくてもいいからね。{10}	
07335	MAP/MAP029.BIN:010ED6	1	{02}{15}森しかない国だけど、\n私はここが１番好きだよ。{10}	
07336	MAP/MAP029.BIN:010F20	1	{02}{16}えっ、なに・・・？\nお客さんか。{0F}皿を探してるんだよ。\nサラダをのせようと思ってね。{0F}皿にサラダ・・・皿にサラダ\n・・・なんてね。{0E}{02}'・・・・・・・・。{0E}{02}{16}すべったかな。{0F}まあいいや。\n気にしない、気にしない。{10}	
07337	MAP/MAP029.BIN:010FF6	1	{02}{16}皿を探してるんだよ。\nサラダをのせようと思ってね。{0F}皿にサラダ・・・皿にサラダ\n・・・なんてね。{10}	
07338	MAP/MAP029.BIN:01105C	1	{02}{16}えっ、本物の賢者さまが\n見つかったって？{0F}けんじゃ、見参！\nけんじゃん・・・なんてね。{0E}・・・なに、面白くない。{10}	
07339	MAP/MAP029.BIN:0110F8	1	{02}{17}こんにちは。{0F}ここではチャッペル魔法を\nお教えしています。{10}	
07340	MAP/MAP029.BIN:011138	1	{02}{17}ようこそ。{0F}ここではチャッペル魔法を\nお教えしています。{10}	
07341	MAP/MAP029.BIN:01117A	1	{02}{17}また、おこしください。{10}	
07342	MAP/MAP029.BIN:0111B4	1	{02}{17}どなたが習得しますか？{10}	
07343	MAP/MAP029.BIN:0111D2	1	{02}{17}どの魔法をお望みでしょう？{10}	
07344	MAP/MAP029.BIN:0111F4	2	{02}{17}{08}ですね？{10}	
07345	MAP/MAP029.BIN:011206	1	{02}{18}シフールのシャリネはね。{0F}森の奥にひっそりと\n造られているのよ。{0F}だから、賢者様の住む場所がなくて、代々、賢者様になられた御方は\n宮廷に寝泊りしていらっしゃるのよ。{10}	
07346	MAP/MAP029.BIN:0112D6	1	{02}{19}ようこそ。\nここはカンドじゃ。{10}	
07347	MAP/MAP029.BIN:0112FC	1	{02}{19}よくいらした。\nここはカンドじゃ。{10}	
07348	MAP/MAP029.BIN:01132A	1	{02}{19}また、よりなされ。{10}	
07349	MAP/MAP029.BIN:01135C	1	{02}{19}誰にお教えしようかの？{10}	
07350	MAP/MAP029.BIN:01137A	1	{02}{19}どの魔法をお望みじゃ？{10}	
07351	MAP/MAP029.BIN:011398	1	{02}{19}{08}じゃな？{10}	
07352	MAP/MAP029.BIN:0113BE	1	{02}{1A}君たちもシャリネ巡りかい？\n僕もそうなんだ。{0F}でも、シフールに来たものの、{0F}シャリネの入口をペブラとかいう男がふさいでいるし、\n賢者さまはいないし・・・。{0E}{09}	
07353	MAP/MAP029.BIN:011459	1	\n{02}{01}ジュリオ、賢者さまをさがしましょ。{10}	
07354	MAP/MAP029.BIN:011488	1	{02}{1A}なかなか、\nここの魔法の鏡を見るのは\n大変みたいだね。{10}	
07355	MAP/MAP029.BIN:0114C4	1	{02}{1A}賢者さまが見つかって良かった。{0F}これで魔法の鏡を見て\n村に戻れるよ。{10}	
07356	MAP/MAP029.BIN:011536	1	{02}{1B}いらっしゃいませ。{0F}うちの指輪は評判なんです。\nいくつか、いかがですか？{10}	
07357	MAP/MAP029.BIN:011592	1	{02}{1B}そうですか。{0F}気が変わりましたら\nカウンターからお声を\nおかけください。{0F}いつでも、お待ちしております。{10}	
07358	MAP/MAP029.BIN:0115FE	1	{02}{1B}ありがとうございます。{0F}では、お手数ですが\nカウンターから、お願いいたします。{10}	
07359	MAP/MAP029.BIN:011652	1	{02}{1B}いらっしゃいませ。\n何がご希望でしょうか？{10}	
07360	MAP/MAP029.BIN:011688	1	{02}{1B}ありがとうございました。\nまた、おこしください。{10}	
07361	MAP/MAP029.BIN:0116F0	1	{02}{1B}何をお求めでしょうか？{10}	
07362	MAP/MAP029.BIN:01170E	1	{02}{1B}{08}ですね。{0F}それなら\n{06}になります。{10}	
07363	MAP/MAP029.BIN:011736	1	{02}{1B}何を売ってくれますか？{10}	
07364	MAP/MAP029.BIN:011754	1	{02}{1B}{08}ですか。{0F}それなら、\n{06}で引き取りましょう。{10}	
07365	MAP/MAP029.BIN:01178A	1	{02}{1B}１ゴアあたり{06}になります。{10}	
07366	MAP/MAP029.BIN:0117AC	1	{02}{1B}全部で\n{06}になります。{10}	
07367	MAP/MAP029.BIN:0117C8	1	{02}{1B}換金なさるときは、\nいつでもお声をおかけ下さい。{10}	
07368	MAP/MAP029.BIN:011800	1	{02}{1B}ラピカがありませんね。\nたまりましたら、いつでもどうぞ。{10}	
07369	MAP/MAP029.BIN:011840	1	{02}{1B}ほかに必要なものは\nございませんか？{10}	
07370	MAP/MAP029.BIN:011894	1	{02}{1C}いらっしゃい。\n武器はマメに取り替えてるかい？{0F}新しい武器を見つけたら、\nとにかく試してみるこった。{10}	
07371	MAP/MAP029.BIN:0118FE	1	{02}{1C}いらっしゃい。\n武器はマメに取り替えてるかい？{0F}新しい武器を見つけたら、\nとにかく試してみるこった。\nまあ、うちの品物を見てくれ。{10}	
07372	MAP/MAP029.BIN:011988	1	{02}{1C}また来てくれよ。{10}	
07373	MAP/MAP029.BIN:0119D4	1	{02}{1C}何を買いたいんだ？{10}	
07374	MAP/MAP029.BIN:0119EE	1	{02}{1C}{06}もらうよ。{10}	
07375	MAP/MAP029.BIN:011A02	1	{02}{1C}何を売りたいんだ？{10}	
07376	MAP/MAP029.BIN:011A1C	1	{02}{1C}おお{08}か。\n{06}で買い取ろう。{10}	
07377	MAP/MAP029.BIN:011A42	1	{02}{1C}１ゴアあたり{06}で\n換金しとるよ。{10}	
07378	MAP/MAP029.BIN:011A68	1	{02}{1C}よし{06}だ。{10}	
07379	MAP/MAP029.BIN:011A7A	1	{02}{1C}そうか。\nそりゃあ、残念だ。{10}	
07380	MAP/MAP029.BIN:011A9E	1	{02}{1C}ラピカがなけりゃだめだね。{10}	
07381	MAP/MAP029.BIN:011AC0	1	{02}{1C}まだ、なにか用があるのか？{10}	
07382	MAP/MAP029.BIN:011AF6	1	{02}{1D}いらっしゃい。{0F}１杯飲むかい？\nおごるぜ。{0E}{09}\n\n{02}	
07383	MAP/MAP029.BIN:011B26	1	お酒・・・？{0E}{0A}\n{02}{1D}安心しなよ。ハーブティーだ。{0E}ジュリオたちはハーブティーを\n飲ませてもらった。{0E}{09}{0A}\n{02}	
07384	MAP/MAP029.BIN:011B89	1	おいしかった。{0F}ごちそうさま。{0E}{02}{1D}そうだ、道に迷いそうだったら、\nそこにいるじいさんに聞くといい。{0F}ていねいに教えてくれるぞ。{10}	
07385	MAP/MAP029.BIN:011C0E	2	{02}{1D}そうだ、道に迷いそうだったら、\nそこにいるじいさんに聞くといい。{0F}ていねいに教えてくれるぞ。{10}	
07386	MAP/MAP029.BIN:011C7A	1	{02}{1D}いらっしゃい。{0E}{09}	
07387	MAP/MAP029.BIN:011C8F	1	ねぇ、\n迷いの森って、しらない？{0E}{02}{1D}迷いの森ねえ・・・。{0F}たしかに、聞いたことが\nあるような気もするけれど・・・。{0E}ペスターじいさんは、しらないかい？{0E}{02}{1E}しらん。{0E}{02}{1D}そうかぁ、ペスターじいさんでさえ\n知らないとはな。{0F}でも、聞いたことがあるような気が\nするんだがな・・・{10}	
07388	MAP/MAP029.BIN:011D9E	1	{02}{1D}そうかぁ、ペスターじいさんでさえ\n知らないとはな。{0F}でも、聞いたことがあるような気が\nするんだがな・・・{10}	
07389	MAP/MAP029.BIN:011E78	2	{02}{1E}シフールの町は\n道が東西南北につながっておるから{0F}初めての者にはわかりづらいだろう。{0F}東はチャノム国境の関所に。\n北はシフール城に。{0F}西はシフールのシャリネに。\n南はオルドス国につながって\nおるんだよ。{10}	
07390	MAP/MAP029.BIN:011F4E	1	{02}{1E}迷いの森じゃと？{0F}うわさは聞いたことはあるが、\n本当にあるのか、\nどこにあるのか・・・{0F}・・・などということは誰もしらん。{10}	
07391	MAP/MAP029.BIN:0120B0	1	{02}{1F}ペブラは賢者様の代わりで\nシャリネの入口に立っているんだ。{0F}巡礼の者以外が入らないように\n見張ってるんだよ。{0F}本当は賢者様が\nずっと立っていれば\nいいんだけどね。{0F}賢者様は何かとお忙しいから\nそうもいかないのさ。{10}	
07392	MAP/MAP029.BIN:012184	1	{02}{1F}ずいぶん世話になったそうだね。\nありがとう。{10}	
07393	MAP/MAP029.BIN:0121B8	1	{02}{1F}やあ、ペブラから聞いたよ。\nずいぶん世話になったそうだね。{10}	
07394	MAP/MAP029.BIN:012224	1	おいらはペブラ。{0F}シフールの賢者さまから\nここの警備を頼まれてるんだ。{0E}賢者さまの許可のない者は、\nここを通せないんだ。{0F}シャリネに用があるのなら、\n賢者さまを連れてきて\n許可が出ていることを{0F}証明してくれ。{10}	
07395	MAP/MAP029.BIN:012310	1	賢者さまは忙しいんだ。\n早くシャリネに行ったほうが{0F}いいぞ。{10}	
07396	MAP/MAP029.BIN:01235C	2	もう、体はいいのかい？\nシャリネで襲われたんだってな。{0F}おかしいよな。\nここからは誰も入れないのにな。{10}	
07397	MAP/MAP029.BIN:0123CC	1	賢者さまの姿は昨日から\n見てないんだよ。{0F}もし、シャリネに行きたかったら\n賢者さまを連れてきてくれ。{0F}そうでなきゃ、\n通してはいけないキマリに\nなっているんだ。{10}	
07398	MAP/MAP029.BIN:012478	1	びっくりしたよ。{0F}賢者さまがニセモノだったなんてな。今の賢者さまは本物だろ？{0E}{09}	
07399	MAP/MAP029.BIN:0124C8	1	うん、もう安心していいよ。{0E}{02} ああ、良かった。{0F}もう賢者さまを\n間違えたりしないぞ。{10}	
07400	MAP/MAP029.BIN:012526	1	もう賢者さまを\n間違えたりしないぞ。{10}	
07401	MAP/MAP029.BIN:012552	1	あのニセモノの賢者が、どうして\n見破れなかったのかと思うと{0F}くやしいよ。{10}	
07402	MAP/MAP029.BIN:01259E	1	{09}{05}{02}{01}寝クリス。{10}	
07403	MAP/MAP029.BIN:0125D8	1	こんにちは。\nここは巡礼の方のための宿です。{0F}シフールのシャリネへ礼拝に来た方は無料でご宿泊できるように\nなっています。{10}	
07404	MAP/MAP029.BIN:012660	1	ここは巡礼者の方のための宿です。{0F}あら、あなたは以前シャリネに来た\nジュリオくんじゃない。{0F}オルドスには行ってきたの？{0F}旅のお仲間が変わったのね。\n一緒に旅をしてた人たちは\nどうしたの。{0E}{09}\n{02}	
07405	MAP/MAP029.BIN:012719	1	オルドスに着くには着いたんだけど、シャリネで戦った幻術使いの呪いで{0F}クリスとグースが\n病気になっちゃったんだ。{0F}それで、\n呪いを解く薬になるっていう\nアルグレスの角を探すために{0F}ウドル国へ\n戻ってきたんだけど・・・。{0F}迷いの森ってどこにあるのかなぁ？\nエイカさん、しらない？{0E}{02}!迷いの森ねえ。{0F}シフールの辺りでは\n聞いたことないわね。{10}	
07406	MAP/MAP029.BIN:012868	1	迷いの森ねえ。{0F}シフールの辺りでは\n聞いたことないわね。{10}	
07407	MAP/MAP029.BIN:0128B0	1	ここは巡礼者の方のための宿です。{0F}あら、あなたは以前シャリネに来た\nジュリオくんじゃない。{0F}ここは巡礼者の方のための宿です。{0F}シフールのシャリネへ礼拝に来た方は無料でご宿泊できるように\nなっています。{10}	
07408	MAP/MAP029.BIN:012980	2	ここは巡礼者の方のための宿です。{0F}シフールのシャリネへ礼拝に来た方は無料でご宿泊できるように\nなっています。{10}	
07409	MAP/MAP029.BIN:0129FC	1	ここは巡礼者の方のための宿です。{0F}シフールのシャリネへ礼拝に来た方は無料でご宿泊できるように\nなっています。{0F}どうぞ、ごゆっくり。{10}	
07410	MAP/MAP029.BIN:012A8E	1	ここは巡礼者の方のための宿です。{0F}あら、あなたは以前シャリネに来た\nジュリオくんじゃない。{0F}ここは巡礼者の方のための宿です。\nシフールのシャリネへ礼拝に来た方は無料でご宿泊できるように{0F}なっています。{0F}どうぞ、ごゆっくり。{10}	
07411	MAP/MAP029.BIN:012C02	1	う～ん。最近の賢者の態度は\nなってない。{0E}勝手に姿を消したり、\n公務をおこたったり。\n目にあまるものがある。{0E}いったい、\nどういうつもりなんじゃろうなぁ。{0E}ストック王は\nジュリオたちに気づかず、\nグチをこぼしている。{0E}	
07412	MAP/MAP029.BIN:012CEC	1	ああ、君たち。{0F}大変だったね、本当に申し訳ない。\nこの国で危険な目に\nあわせてしまうとは・・・。{0F}シャリネのことは、\n早急に私たちが何とかしてみる。{0F}それまで君たちは、\n宿屋の方で休んでいてくれたまえ。{10}	
07413	MAP/MAP029.BIN:012DBC	1	シャリネのことは、\n早急に私たちが何とかしてみる。{0F}それまで君たちは、\n宿屋の方で休んでいてくれたまえ。{10}	
07414	MAP/MAP029.BIN:012E34	1	おお、君たち。{0F}このたびは賢者を見つけてくれた上、シャリネに現れた悪しき幻術使いを\n退治してくれたとか。{0F}ウドルの国民を代表して\nお礼を言わせてくれ。{0F}ありがとう。{10}	
07415	MAP/MAP029.BIN:012EE0	1	本当にありがとう。{10}	
07416	MAP/MAP029.BIN:012F04	1	おお、君たち。{0F}おや？　お仲間が変わったのかね。{0E}{09}\n{02}	
07417	MAP/MAP029.BIN:012F38	1	王様。{0F}迷いの森を探してるんですけど、\n知りませんか？{0E}{02}"迷いの森かね。{0F}うーん。ワシもうわさに\n聞いたことはあるが・・・。{0F}たぶん、街道ぞいにはないな。{0F}どこかの小さな村を抜けて\n森の奥へ奥へと\n行くような場所だろう。{0F}わかりやすい場所にあれば、\nとっくに国の人々に\n知れわたっているだろうからな。{10}	
07418	MAP/MAP029.BIN:013064	1	どこかの小さな村を抜けて\n森の奥へ奥へと{0F}行くような場所だろう。{0F}わかりやすい場所にあれば、\nとっくに国の人々に\n知れわたっているだろうからな。{10}	
07419	MAP/MAP029.BIN:013116	1	まあ、お客さま。\n城内の見学ですか？{0F}この国は誰も拒みません。\nどうぞ、ゆっくりと\n城内を見学してくださいね。{0E}{09}\n{02}	
07420	MAP/MAP029.BIN:013185	2	ど、ど、どうも。\nありがとうございます。{0E}{02}#ごゆっくりね。{10}	
07421	MAP/MAP029.BIN:0131CA	1	この国は誰も拒みません。{0F}どうぞ、ゆっくりと\n城内を御見学してくださいね。{0E}{09}\n{02}	
07422	MAP/MAP029.BIN:013258	1	おケガはもう、大丈夫なの。{0F}あまり無理をせず、\n休んでいた方がよろしいですよ。{10}	
07423	MAP/MAP029.BIN:0132AC	1	このあたりの風は優しい風でしょ。{0F}シフールのシャリネから吹く風は、\nいつも東に向かって\n優しく流れているのよ。{0F}シャリネを守ってくださって\n本当にありがとうございました。{10}	
07424	MAP/MAP029.BIN:01336E	1	ウドル国の城へようこそ。\nなにか御用ですか？{0E}{09}	
07425	MAP/MAP029.BIN:01339C	1	{02}{01}賢者様を探してるんですけど、\nいらっしゃいますか？{0E}{02}$さて、たしか\nいらっしゃると思ったが・・・。{0F}中の兵士に聞いてみてくれないか。{10}	
07426	MAP/MAP029.BIN:013426	1	聞きましたよ。\n賢者が偽者だったそうですね。{0F}十分気をつけてくださいね。\nまだ、何かあるかも、\n知れませんからね。{10}	
07427	MAP/MAP029.BIN:01349C	1	やあ、いらっしゃい。\nどうもお世話になりました。{10}	
07428	MAP/MAP029.BIN:0134F2	1	こちらは{0F}ウドル国を治める\nストック王の城です。{0E}もしかすると、巡礼の方ですか？{0E}{09}	
07429	MAP/MAP029.BIN:013544	1	うん。{0E}{02}$最近、賢者さまは\nなかなか、つかまらないんだよな。{10}	
07430	MAP/MAP029.BIN:01358A	1	最近、賢者さまは\nなかなか、つかまらないんだよな。{10}	
07431	MAP/MAP029.BIN:0135C4	1	いったい、あなた方を襲ったのは\n何者なのでしょうね。{0F}シフールも物騒になったものだ。{10}	
07432	MAP/MAP029.BIN:01361E	1	やあ、どうも。{0F}われわれ兵士も感謝しております。{10}	
07433	MAP/MAP029.BIN:013674	2	いらっしゃいませ。{0F}当城は見学が自由です。\n奥にはストック王も\nいらっしゃいますよ。{10}	
07434	MAP/MAP029.BIN:013736	1	ご無事でしたか。{0F}まさかシャリネで襲われるとは\n災難でしたね。{0F}申し訳ありませんでした。{0F}私たちが警備していれば、\nこんなことも\nなかったでしょうに・・・。{10}	
07435	MAP/MAP029.BIN:0137D8	1	申し訳ありませんでした。{0F}私たちが警備していれば、\nこんなことも\nなかったでしょうに・・・。{10}	
07436	MAP/MAP029.BIN:013844	1	やっぱり本物の賢者さまは\n働き者だよ。{0F}あれから毎日シャリネの\n入口の前に立って\n巡礼者の応対に出ているからね。{0F}いろいろと、\nありがとうございました。{10}	
07437	MAP/MAP029.BIN:0138E2	1	いろいろと、\nありがとうございました。{10}	
07438	MAP/MAP029.BIN:01391A	1	こちらは寝室でございます。{0F}アテリ王妃がいらっしゃいますので、くれぐれも、ご無礼のないように\nお願いいたします。{10}	
07439	MAP/MAP029.BIN:013994	1	アテリ王妃がいらっしゃいますので、くれぐれも、ご無礼のないように{0F}お願いいたします。{10}	
07440	MAP/MAP029.BIN:013A04	1	最近、賢者さまの食事の好みが\n変わってね。{0F}まったく。\n毎日の料理をつくるのも、\n楽じゃないよ。{10}	
07441	MAP/MAP029.BIN:013A68	1	賢者さまが偽者に\nすり変わっていたなんて・・・。{0F}と、すると本物の賢者さまは\nどこにおられるのだろうか・・・。{10}	
07442	MAP/MAP029.BIN:013ADC	1	すごいね。君たち強いんだってね。{10}	
07443	MAP/MAP029.BIN:013B04	1	{02}{03}早く行ってこいよ。{10}	
07444	MAP/MAP029.BIN:013B20	2	{02}{07}お気をつけて。{10}	
07445	MAP/MAP029.BIN:013C82	1	シャリネに用があるのなら、\n賢者様を連れてきて{0F}許可が出ていることを\n証明してくれ。{10}	
07446	MAP/MAP029.BIN:013F38	1	{02}{03}おっ！{0E}	
07447	MAP/MAP029.BIN:013FD4	1	えっ？\nなに、なに？{0E}	
07448	MAP/MAP029.BIN:014008	1	{09}{0A}{02}{03}（この宿屋の姉ちゃん\n　ちょっとイカスな・・・。）{0E}	
07449	MAP/MAP029.BIN:01404C	1	{02}{01}そこの宿屋のお姉さんが\n気になるんでしょ？{0E}	
07450	MAP/MAP029.BIN:01409E	1	{09}{08}{02}{03}ゲッ！\nそ、そんなことねーよ。{0E}	
07451	MAP/MAP029.BIN:0140D2	1	どうせお前たちは\n魔法の鏡を見に行くんだろ。{0E}	
07452	MAP/MAP029.BIN:014110	1	だったら、俺とモリスンさんは\nこの宿屋で待つのが\nいいかと思ってよ。{0E}{09}	
07453	MAP/MAP029.BIN:014155	1	{02}{01}ふ～ん。{0F}ちょっと苦しい言い訳だけど\nそれもそうね。{0E}	
07454	MAP/MAP029.BIN:0141BE	1	{02}{07}ではひとまず、\n宿屋へ落ち着くことに{0F}いたしましょうか。{0E}	
07455	MAP/MAP029.BIN:014320	1	{02}{01}ジュリオ。\n早くシャリネを見に行きましょう。{10}	
07456	MAP/MAP029.BIN:0143A4	2	{02}{01}ジュリオ、どこ行くの？{0F}早く賢者さまに\n会いに行きましょう。{10}	
07457	MAP/MAP029.BIN:014434	1	{09}\n{02}{01}本当の賢者さまは\nどこにいるのかしら。{0F}早く、さがさなくちゃ。{10}	
07458	MAP/MAP029.BIN:014594	1	{09}\n{02}{01}賢者さまはどこにいるのかしらね。{0F}シフールの中にいるのは\n間違いないみたいだけど・・・。{10}	
07459	MAP/MAP029.BIN:014764	1	{02}{01}すみません。{0F}もしかすると、\nシフールの賢者さまですか？{0E}{0A}{02}{14}えっ？{0E}	
07460	MAP/MAP029.BIN:0147B8	2	あっ・・はいはい。\nいかにも、\n私がシフールの賢者だが。{0E}{09}\n{02}	
07461	MAP/MAP029.BIN:0147F3	2	巡礼にきたんだけど、{0F}ペブラさんにシャリネに\n入れてもらえないんだ。{0F}シャリネに入る許可をください。{0E}{0A}{02}{14}それはすまなかったね。\nつい、うたたねをしてしもうてな。{0F}そうか。\nでは、さっそくお連れしよう。{0E}	
07462	MAP/MAP029.BIN:014A90	4	{02}{14}巡礼の旅人じゃ。{0F}シャリネに行くことを許可した。\n通しなさい。{0E}{02} はい、わかりました。\n賢者さま。{0E}	
07463	MAP/MAP029.BIN:014BB2	2	{02}{03}じゃあ俺たちは\nシャリネに用はないから{0F}宿屋でひまでもつぶしてるか。{0E}	
07464	MAP/MAP029.BIN:014C30	2	宿屋だね、わかった。{0E}{09}	
07465	MAP/MAP029.BIN:014C47	2	{02}{07}それではお気をつけて。{0E}	
07466	MAP/MAP029.BIN:014D2E	4	{02}{14}では、私が先に。{0E}	
07467	MAP/MAP029.BIN:014D84	4	ついて、きなされ。{0E}{09}	
07468	MAP/MAP029.BIN:0151A4	1	{02}{01}すみません。{0F}もしかすると、\nシフールの賢者さまですか？{0E}{02}{14}えっ？{0E}	
07469	MAP/MAP029.BIN:015CE4	1	ウドル国　シフール	
07470	MAP/MAP029.BIN:015E20	3	う～ん。最近の賢者の態度は\nなってない。{0E}	
07471	MAP/MAP029.BIN:015EB4	3	勝手に姿を消したり、\n公務をおこたったり。\n目にあまるものがある。{0E}	
07472	MAP/MAP029.BIN:015F64	2	いったい、\nどういうつもりなんじゃろうなぁ。{0E}ストック王は\nジュリオたちに気づかず、\nグチをこぼしている。{10}	
07473	MAP/MAP029.BIN:0162EC	1	いったい、\nどういうつもりなんじゃろうなぁ。{0E}ストック王は\nジュリオたちに気づかず、\nグチをこぼしている。{0E}	
07474	MAP/MAP029.BIN:016930	1	こんにちは。\nここは巡礼者の方のための宿です。{0F}シフールのシャリネへ礼拝に来た方は無料でご宿泊できるように\nなっています。{0E}	
07475	MAP/MAP029.BIN:0169BA	1	{09}{0B}{02}{03}やった、タダだってよ。{0E}	
07476	MAP/MAP029.BIN:016A1C	1	でも、ボクとクリスは巡礼だけど、\nグースは違うじゃないか。{0E}	
07477	MAP/MAP029.BIN:016A6A	1	{09}\n{02}{03}あっ、それを言うなよ。{0E}{0A}{02}!ご安心ください。{0E}	
07478	MAP/MAP029.BIN:016AFA	1	巡礼者の御供の方も無料ですから。{0E}{09}{0A}{02}{03}えっ、そう。{0F}御供だよ。\nうん、御供、御供。{0E}	
07479	MAP/MAP029.BIN:016B92	1	やーい、御供だ、御供だ。{0E}	
07480	MAP/MAP029.BIN:016BBC	1	{09}\n{02}{03}くうーっ。お前・・・。\nそういう性格だったのか。{0E}{0A}{02}!では、右の部屋を\nご利用してください。{0F}どうぞ、ごゆっくり。{0E}	
07481	MAP/MAP029.BIN:017110	1	{09}\n\n{02}{03}な、なんだよ。{10}	
07482	MAP/MAP029.BIN:017178	1	へへぇ。{0E}{09}{09}\n{02}{03}だから、なんだよ！\nおまえら！{10}	
07483	MAP/MAP029.BIN:017262	1	\n{02}{07}やれやれ・・・。{10}	
07484	MAP/MAP029.BIN:017386	1	{02}{01}結構いい部屋ね。{0E}{09}	
07485	MAP/MAP029.BIN:01739B	1	{02}{07}そうでございますな。{0E}{09}	
07486	MAP/MAP029.BIN:0173B4	1	{02}{03}じゃあ、ジュリオ、クリス。{0F}御供の俺たちは、\nお前たちがシャリネに行っている間、ここにいるからな。{0F}終わったら、ここに来てくれ。{0E}	
07487	MAP/MAP029.BIN:017502	1	{02}{03}まったく、俺が様子を見に行ったから良かったようなものの・・・。{0E}	
07488	MAP/MAP029.BIN:01755E	1	あのままじゃ、お陀仏だったぜ。{0E}	
07489	MAP/MAP029.BIN:017590	1	{02}{07}それにしても、誰がこんなことを。{0E}{09}	
07490	MAP/MAP029.BIN:0175B5	1	{02}{03}わかんねーが。{0E}	
07491	MAP/MAP029.BIN:0175EC	1	誰かがジュリオとクリスを\n狙ってやがることだけは\n間違いねーな。{0E}	
07492	MAP/MAP029.BIN:01763E	1	\n\n\n\n\n　　　　ジュリオとクリスは丸一日眠りつづけ\n　　　　次の日の昼に、ようやく目を覚ました。\n	
07493	MAP/MAP029.BIN:0176C4	1	{09}\n{02}{01}うっ・・・。{0F}・・・うっ・・・ううっ・・・。{0E}	
07494	MAP/MAP029.BIN:017722	1	{02}{03}おっ、気がついたぜ。{0E}	
07495	MAP/MAP029.BIN:017760	1	うっ・・・。{0E}	
07496	MAP/MAP029.BIN:017792	1	お腹いっぱいだよ。{0E}{09}\n{02}{03}なに言ってんだ。{0F}まだ、寝呆けてんのか。{0E}{09}	
07497	MAP/MAP029.BIN:0177D3	1	{02}{07}場所がシャリネだったのが\n幸いしましたな。{0E}	
07498	MAP/MAP029.BIN:017810	1	シャリネを取り巻く聖なる力には\n邪悪な力を抑える働きがあります。{0F}普通の場所で\nこれだけの攻撃を受けていたら\nこの程度ではすまなかったでしょう。{0E}	
07499	MAP/MAP029.BIN:0178F0	1	{02}{03}おい、大丈夫か。何があったんだ？{0E}{09}{0E}{02}	
07500	MAP/MAP029.BIN:017917	1	シフールの賢者さまが\nニセモノだったんだよ。{0E}	
07501	MAP/MAP029.BIN:017968	1	{09}{0E}{02}{01}本当の名は、\n幻術使いのカジムって言ってたわ。{0E}{09}	
07502	MAP/MAP029.BIN:01799C	1	{02}{07}カジムですと・・・？！{0E}	
07503	MAP/MAP029.BIN:0179DC	1	{02}{03}知ってるのか？{0E}	
07504	MAP/MAP029.BIN:017A00	1	{02}{07}はい。{0F}残念ながら、魔法を使えるのは、\n良き志しを持つ者ばかりでは\nございません。{0F}幻術使いカジムは\n魔法を操る腕を買われ、{0F}悪しき者たちの片棒をかつぐことを\nなりわいとしている者です。{0E}{09}\n{02}{03}魔法使いの\n用心棒みたいなもんなのか。{0E}	
07505	MAP/MAP029.BIN:017B06	1	でも、いったい何で\nそんな奴がジュリオたちを\n襲ったんだ。{0E}{09}{0E}{02}{01}ガルガ計画を\n	
07506	MAP/MAP029.BIN:017B72	1	邪魔したからだって言ってたわ。{0E}{09}	
07507	MAP/MAP029.BIN:017B93	1	{02}{03}ふーん、なるほどねー。{0E}	
07508	MAP/MAP029.BIN:017BC0	1	{02}{07}そういえば、\nマギサが言っておりましたな。{0E}	
07509	MAP/MAP029.BIN:017C12	1	おとなしいガルガに魔獣を寄生させ、暴れさせていた者が\nいるはずだと・・・。{0E}{09}{08}{02}	
07510	MAP/MAP029.BIN:017C60	1	それがカジムたちなんだ。{0E}{09}{09}{02}{01}きっと、そうなんだわ！{0E}{09}{0F}{02}	
07511	MAP/MAP029.BIN:017C98	1	そうだ！\nこうしちゃいられないよ。{0E}	
07512	MAP/MAP029.BIN:017CE0	1	本物のシフールの賢者さまが、\nどこかに捕まってるはずだよ。{0E}	
07513	MAP/MAP029.BIN:017D40	1	{09}{0F}{02}{01}そうね、さがさなきゃ。{10}	
07514	MAP/MAP029.BIN:017E9C	1	{09}\n{02}{03}くせーなぁ。{0E}	
07515	MAP/MAP029.BIN:017F16	1	この部屋から、\n何日もフロに入ってない奴の\nニオイがするぞ・・・。{0E}{09}\n{02}{01}本当？{0E}	
07516	MAP/MAP029.BIN:017F9E	1	{02}{03}こう見えても、\n俺は諸国を股にかける泥棒だぜ。{0E}	
07517	MAP/MAP029.BIN:017FE0	1	盗人の鼻を信じなさいって。{0E}	
07518	MAP/MAP029.BIN:01804E	1	自慢することじゃないと\n思うけどなぁ。{0E}	
07519	MAP/MAP029.BIN:01823C	1	{02}{03}ここだ。{0E}	
07520	MAP/MAP029.BIN:01827E	1	ジュリオたちは箱を調べた。{0E}	
07521	MAP/MAP029.BIN:0182BA	1	シフールの賢者が\n閉じ込められていた。{0E}{0A}{02}{14}いたたたた・・・。{0F}腰が、腰が・・痛いのう・・・。{0E}	
07522	MAP/MAP029.BIN:0183A4	1	{09}{0E}{02}{01}大丈夫ですか？{0E}{0A}{02}{14}よくぞ、気づいてくれた。\n危ないとこじゃったよ。{0E}	
07523	MAP/MAP029.BIN:0183F2	1	クリスはシフールの賢者に\n『ヒール』の魔法を唱えた。{0E}	
07524	MAP/MAP029.BIN:01843A	1	シフールの賢者の体が回復した。{0E}	
07525	MAP/MAP029.BIN:018498	1	{0A}{02}{14}チャッペル魔法を使えるのかね。\nこりゃ、何から何まですまん。{0E}おお、こうしてはおれん。{0F}シャリネが心配じゃ。\nすぐに行って様子を見ねば・・・。{0E}	
07526	MAP/MAP029.BIN:018568	1	{02}{01}私たち、巡礼の旅人なんです。{0E}	
07527	MAP/MAP029.BIN:01859C	1	ボクたちも一緒に行きます。{0E}{0A}{02}{14}そうじゃったのか。{0F}では、一緒に行こう。{0E}	
07528	MAP/MAP029.BIN:0186F2	1	{0A}{02}{14}このたびは本当に\nお世話をかけました。{0F}オルドスに向かわれるのでしょう？{0F}	
07529	MAP/MAP029.BIN:01874E	1	あと少しですよ。\nもうひと頑張りです。{0F}お気をつけて旅をおつづけください。{0F}	
07530	MAP/MAP029.BIN:0187A8	1	あなた方の旅が\n実り多きものでありますように\n心よりお祈り申しております。{10}	
07531	MAP/MAP030.BIN:0000A4	1	グレイス山地	
07532	MAP/MAP030.BIN:00209A	1	”（々〆	
07533	MAP/MAP030.BIN:0020AE	1	）〔〇ー	
07534	MAP/MAP030.BIN:00D986	1	{09}{01}{02}{01}ふらふらクリス{10}	
07535	MAP/MAP030.BIN:00D99E	1	{09}{01}{02}{03}ふらふらグース{10}	
07536	MAP/MAP030.BIN:00DA38	1	{02}{07}シフールに行っても望みはありません。オルドスへ参りましょう。{10}	
07537	MAP/MAP030.BIN:00DA97	1	ああ、なにやってんだ。{0F}リズさんの家に早く行かなきゃ。{10}	
07538	MAP/MAP030.BIN:00DB0C	1	{02}{05}いっけない。\nこちらはシフールでしたわ。{10}	
07539	MAP/MAP030.BIN:00DCFC	1	あれ？{0E}	
07540	MAP/MAP030.BIN:00DD6A	1	クリス、どうしたの。{0F}顔色が少し、\nよくないみたいだけど。{0E}	
07541	MAP/MAP030.BIN:00DDB6	1	{02}{01}ううん。\nだいじょうぶ。{0F}平気よ、行きましょう。{10}	
07542	MAP/MAP030.BIN:00DEC8	1	{02}{07}クリス様、グース殿、\nお加減はよろしいですか？{0E}	
07543	MAP/MAP030.BIN:00DF0A	1	{09}{01}{02}{03}かなりよろしくないけど。{0F}俺なら・・・まだ、\nもちこたえられるていどさ。{0F}俺より、クリスの方が心配だ。{0E}{09}{01}{02}{01}だ・・・だいじょうぶよ。{0F}へっちゃらよ・・・。{0E}	
07544	MAP/MAP030.BIN:00DFAC	1	クリスもグースもかなりつらそうだ。{0E}{09}{0E}{02}	
07545	MAP/MAP030.BIN:00DFD3	1	クリス・・・。{0E}{09}	
07546	MAP/MAP030.BIN:00DFE4	1	{02}{07}もう少しでございます。\nあとひと息でございます。{10}	
07547	MAP/MAP030.BIN:00E098	1	東　オルドス国\n北　シフール　　　　１４２２ミロ\n南　フュエンテ国境　　２１９ミロ{10}	
07548	MAP/MAP030.BIN:00E122	1	{09}\n{02}{03}うっ・・・。う～ん。\nおかしいなぁ・・・。{0E}	
07549	MAP/MAP030.BIN:00E18E	1	さっきから、\n体がだるいんだよな。{0E}	
07550	MAP/MAP030.BIN:00E1CE	1	{02}{07}まさか？！\nカジムの呪いのせいでは・・・。{0E}	
07551	MAP/MAP030.BIN:00E1FE	1	{09}\n{02}{03}まさかねぇ・・・。{0F}こんな手の込んだ呪いなんて\nあるのかよ。{0E}	
07552	MAP/MAP030.BIN:00E27E	1	あっ、クリス。だいじょうぶ？{0F}	
07553	MAP/MAP030.BIN:00E2C0	1	モリスンさん。\nクリスの様子がヘンだよ。{0E}	
07554	MAP/MAP030.BIN:00E32C	1	どうしよう・・・？{0E}	
07555	MAP/MAP030.BIN:00E346	1	クリスはつらそうに\n眉間にしわをよせている。{0E}{09}{0E}{02}	
07556	MAP/MAP030.BIN:00E376	1	だいじょうぶかい。クリス？{0E}{09}	
07557	MAP/MAP030.BIN:00E393	1	{02}{07}そうか・・。{0F}カジムの最期の呪いは\nオルドスに近づくほど悪化する\n体をむしばむ病だったのか・・・。{0E}	
07558	MAP/MAP030.BIN:00E41E	1	じゃ、じゃあ、さあ。\nシフールまで引き返そうか？{0F}オルドスから離れたら治るんでしょ？{0E}{09}	
07559	MAP/MAP030.BIN:00E473	1	{02}{07}どうですかな・・・。{0F}残念ですが、\nそれは断言できません。{0E}	
07560	MAP/MAP030.BIN:00E4DE	1	{09}\n{02}{01}ジュリオ、私は大丈夫よ・・・。{0E}	
07561	MAP/MAP030.BIN:00E526	1	ここまで来たら、\nオルドスはもうすぐだわ。\n引き返すなんてイヤよ。{0E}{09}{0E}{02}	
07562	MAP/MAP030.BIN:00E56B	1	でも・・・。{0E}{09}\n{02}{01}それに、シフールに戻っても\nオルドスに行けないのなら、{0F}私たちの旅は終わらないのよ。{0F}オルドスだもの・・・。{0F}頑張ってオルドスに着けば、\nきっと、ものすごい魔法で{0F}治療してくれるお医者さまだって\nいるわよ。{0E}	
07563	MAP/MAP030.BIN:00E656	1	{09}\n{02}{03}ジュリオ。{0E}	
07564	MAP/MAP030.BIN:00E68C	1	俺もクリスの意見に賛成だ。{0E}	
07565	MAP/MAP030.BIN:00E6C2	1	ちょっと理由は違うけどな。\nこの呪いのおかげで\nカジムの狙いがわかったぜ。{0F}あいつはお前たちを\nオルドスに行かせないように\n妨害しようとしてたんだ。{0E}{09}	
07566	MAP/MAP030.BIN:00E754	1	{02}{07}なるほど。{0E}{09}\n{02}{03}理由はわからないが・・・。{0F}きっと、お前たちがオルドスに着くとあいつらには都合が悪いんだ。{0F}だから、シャリネで待ち伏せたり、\n土壇場で、俺やクリスに\n呪いをかけたんだと思うぜ。{0F}つまりよう・・・。{0F}ここで引き返したら、\nカジムのもくろみどおりの\n展開になるってわけだ。{0F}気にいらねーぜ。{0E}{09}	
07567	MAP/MAP030.BIN:00E87D	1	{02}{07}ごもっともでございます。{0F}クリス様のおっしゃったように、{0F}オルドス国には\nチャッペル魔法を使う、\n名医もいると聞いております。{0F}シフールに行っても望みはありません。オルドスへ参りましょう。{10}	
07568	MAP/MAP030.BIN:00E958	1	北　シフール\n南　オルドス国　　１６４１ミロ{10}	
07569	MAP/MAP030.BIN:00EA6C	1	{02}{07}こちらはフュエンテ国・・・。{0E}	
07570	MAP/MAP030.BIN:00EAB0	1	オルドス国へは東でございますな。{10}	
07571	MAP/MAP030.BIN:00EAF8	1	{09}{09}{02}{02}ちょっとジュリオ、\nどこ行くんだい！{0E}{09}	
07572	MAP/MAP030.BIN:00EB22	1	{02}{05}そちらはフュエンテ国ですわ。{10}	
07573	MAP/MAP030.BIN:00EC18	1	\n{02}{07}お二方とも、\n大丈夫でございますか？{0E}	
07574	MAP/MAP030.BIN:00EC48	1	{09}\n\n{02}{03}まあ、なんとか・・・。{0E}	
07575	MAP/MAP030.BIN:00EC73	1	クリス、大丈夫？{0E}	
07576	MAP/MAP030.BIN:00EC8E	1	{09}\n\n{02}{01}へ、へっちゃらよ・・・。{10}	
07577	MAP/MAP030.BIN:00ECD9	1	ああ・・・、\n魔獣がいる・・・。{0E}	
07578	MAP/MAP030.BIN:00ED12	1	{09}\n\n{02}{03}いま戦うのはマズイぜ・・・。{0E}{09}\n\n{02}{01}はあ、はあ・・・。{0E}{09}	
07579	MAP/MAP030.BIN:00ED4E	1	\n{02}{07}私は、クリス様とグース殿を\nお守りします。{0F}ここは、ジュリオ様\nお１人に頑張っていただくしか\nございません。{0E}	
07580	MAP/MAP030.BIN:00EDD3	1	えーっ　１人で？{0E}	
07581	MAP/MAP030.BIN:00EDEA	1	\n{02}{07}ジュリオ様、\nお２人のことはお任せください。{10}	
07582	MAP/MAP030.BIN:00EE37	1	うん、わかった。{0F}モリスンさん、２人を頼みます。{10}	
07583	MAP/MAP030.BIN:00EF46	1	\n{02}{01}ジュリオ、ありがとう。{0E}{02}{03}助かったぜ。{0E}{09}{0A}\n{02}	
07584	MAP/MAP030.BIN:00EF74	1	いやあ、それほどでも・・・。{0E}{09}	
07585	MAP/MAP030.BIN:00EF93	1	\n{02}{07}オルドスまで、急ぎましょう。{10}	
07586	MAP/MAP030.BIN:00EFF6	1	\n{02}{01}暴れザルがいるわ！{0E}{02}{03}一匹だけだし、よゆうだぜ！{0E}	
07587	MAP/MAP030.BIN:00F062	1	{02}{07}では、私は下がらせて\nいただきます。{0E}{02}{03}おう、まかせときな。{10}	
07588	MAP/MAP030.BIN:00F144	1	それじゃあ、先に進もうよ。{0F}	
07589	MAP/MAP030.BIN:00F182	1	{09}\n\n{02}{03}うーん・・・。{0F}たいした戦闘ではなかったのに、\nなんだか疲れたなあ。{0F}	
07590	MAP/MAP030.BIN:00F1EA	1	{09}\n\n{02}{01}なんだか私も疲れたわ。{0F}	
07591	MAP/MAP030.BIN:00F233	1	とにかく、急いでオルドスまで\n行っちゃおうよ。{0F}そうしたら、ゆっくり休めるしね。{10}	
07592	MAP/MAP030.BIN:00F2A2	1	\n{02}{07}おっしゃるとおりです。{10}	
07593	MAP/MAP030.BIN:00F582	1	もうヘトヘトだよ。{10}	
07594	MAP/MAP030.BIN:00F5A4	4	もうダメだよ・・・。{0E}	
07595	MAP/MAP031.BIN:0000A4	1	北ヒーツ街道	
07596	MAP/MAP031.BIN:0000B2	1	リープ、闇縛り、キ	
07597	MAP/MAP031.BIN:00F2F6	1	リズ	
07598	MAP/MAP031.BIN:00F336	1	ウルバ	
07599	MAP/MAP031.BIN:00F356	1	カンドのエポール	
07600	MAP/MAP031.BIN:00F376	1	チャッペルのラポール	
07601	MAP/MAP031.BIN:00F396	4	ホルクの兵士	
07602	MAP/MAP031.BIN:00F3B6	2	ハイゼンの兵士	
07603	MAP/MAP031.BIN:00F3F6	2	レバリー	
07604	MAP/MAP031.BIN:00F416	3	山賊アペゴ	
07605	MAP/MAP031.BIN:00F436	3	山賊グネス	
07606	MAP/MAP031.BIN:00F456	3	山賊ヌーラ	
07607	MAP/MAP031.BIN:00F476	3	山賊コンタ	
07608	MAP/MAP031.BIN:00F4E8	1	{02}{14}気をつけて行くのですよ。{0F}もし、迷いの森で\n道がわからなくなっても\nあわててはいけませんよ。{0F}森の精霊たちを怒らせなければ、\nきっと道は開けます。{10}	
07609	MAP/MAP031.BIN:00F582	1	{02}{14}森はね、心ある者に\n危害をあたえるようなことは{0F}決してありません。{0F}安心して道を探すのです。{10}	
07610	MAP/MAP031.BIN:00F5EE	1	{02}{14}あら、フィリー。{0F}おかえりなさい。\n秘薬は無事にできたようね。{0E}{09}{0A}{02}{05}ええ、お母さん。{0F}アルグレスが\nまだ森にいたのよ。{0E}{02}{14}そう、良かったわね。{0F}きっと、ウドル国の人たちが\n森を大切にしていてくれた\nおかげでしょうね。{0E}{09}	
07611	MAP/MAP031.BIN:00F6C2	1	{02}{01}こんにちは、クリスです。{0F}私が呪いをかけられていたんです。{0F}フィリーさんには、\n本当にお世話になりました。\nありがとうございました。{0E}{02}{14}まあ、しっかりしたお嬢さんだこと。{0F}本当に良かったわね。\nゆっくりしていってくださいね。{0E}{09}	
07612	MAP/MAP031.BIN:00F7A0	1	{02}{05}それがね、お母さん。\nゆっくりしていられないの。{0E}{02}{14}なにかあったの？{0E}{09}	
07613	MAP/MAP031.BIN:00F7E7	1	{02}{05}ホルクの王さまに頼まれて、\nハイゼンの王さまの所へ{0F}親書を届けにいくの。{0E}{02}{14}まあ、そんなに重要な仕事を？{0F}それじゃあ、\n早く、お届けしてらっしゃい。\nくれぐれも粗相のないようにね。{0E}{09}{0A}{02}{05}はい、お母さん。{0F}	
07614	MAP/MAP031.BIN:00F8B6	1	{02}{14}早く、届けてらっしゃい。\n道草しないで行くのですよ。{10}	
07615	MAP/MAP031.BIN:00F8FC	1	{02}{14}フィリーったら、\nすごい勢いで駆けていったわね。{0F}薬草採りで野山を\n駆け回っているから、\nあの娘、見た目より丈夫なのよね。{0F}元気に育ってくれてなによりだわ。{10}	
07616	MAP/MAP031.BIN:00F9A0	1	{02}{14}薬草採りで野山を\n駆け回っているから、{0F}あの娘、見た目より丈夫なのよね。\n元気に育ってくれてなによりだわ。{10}	
07617	MAP/MAP031.BIN:00FA10	1	{02}{15}やあ、ごくろうさま。{0F}ここからはシフールにオルドス\nそれに、フュエンテ国方面に\n行けるんだよ。{0F}出口を間違えないでくれよ。{0E}	
07618	MAP/MAP031.BIN:00FA8E	1	{02}{15}ウドル国へ抜けるのは、\nそのまま、北の入り口へどうぞ。{0F}ハイゼン、ホルクに向かう場合は、\nそれぞれの係員に\n通行証を示してください。{0F}ハイゼン側へは南の部屋から\nホルク側へは東の部屋からです。{0F}ホルクへは１度、\nアンビッシュ国に出てから\nルイズの関所を通りますけどね。{10}	
07619	MAP/MAP031.BIN:00FC18	2	ジュリオは銀の短剣を見せた。{0E}{02}{15}おっ、銀の短剣ですね。{0F}こちらは、ハイゼンに向かう道ですがよろしいですね？{10}	
07620	MAP/MAP031.BIN:00FC92	2	うん。\nまちがいないよ。{10}	
07621	MAP/MAP031.BIN:00FCC6	2	{02}{15}１人で旅なんてえらいね。{0E}{02}{15}どうぞ、お通りください。{10}	
07622	MAP/MAP031.BIN:00FD08	2	{02}{15}どうぞ、お通りください。{10}	
07623	MAP/MAP031.BIN:00FD30	4	あっ、まちがえた。{0F}ゴメンなさい。\nこっちじゃなかったよ。{10}	
07624	MAP/MAP031.BIN:00FD78	4	{02}{15}ああ、覚えてるよ。\n銀の短剣を見せてくれたキミだね。{0F}どうぞ、通ってもかまわないよ。{10}	
07625	MAP/MAP031.BIN:00FE5E	2	ジュリオは銀の短剣を見せた。{0E}{02}{15}銀の短剣ですね。{0E}{02}{15}お通りになっても結構ですが\nこちらはホルクに向かう道ですよ。{0F}よろしいのですか？{10}	
07626	MAP/MAP031.BIN:00FF38	2	うん。\nホルクの方へ向かうんだ。{0E}{02}{15}どうぞ、お通りください。{10}	
07627	MAP/MAP031.BIN:00FFF6	1	{02}{16}少し前に、\nすごいベッピンさんが{0F}フュエンテ国の方に歩いて行ったよ。{0F}美人だったなぁ・・・。{10}	
07628	MAP/MAP031.BIN:010062	1	{02}{16}あっ、あんたは\nこの前ここで見た{0F}ベッピンさん・・・。{0E}ウルバはシャーラを見て\n赤くなっている。{0E}{02}{16}もうひと目、あんたを見たくて\nここで待っていて良かった。{0F}あれ？{0F}キミはなぜ、\nベッピンさんといっしょなの？{0F}どういう関係なの。{0E}{09}\n{02}	
07629	MAP/MAP031.BIN:010143	1	べ、べつに・・・。{0F}どういう関係でもないよ。{0E}{02}{16}いいなぁ。\nベッピンさんと旅ができて・・・。{10}	
07630	MAP/MAP031.BIN:0101A6	1	{02}{16}いいなぁ。\nベッピンさんと旅ができて・・・。{10}	
07631	MAP/MAP031.BIN:0101DA	1	{02}{16}ベッピンさんに、かわい子ちゃん。{0F}いや、目の保養になるなぁ。{10}	
07632	MAP/MAP031.BIN:01021E	1	{02}{17}こんにちは。\n私はカンドのエポールです。{0F}カンド魔法を扱える方が\nいらっしゃるなら\n魔法をお授けいたしますよ。{10}	
07633	MAP/MAP031.BIN:010294	1	{02}{17}気が向いたら、私を訪ねて下さい。{10}	
07634	MAP/MAP031.BIN:0102D4	1	{02}{17}どなたに、お授けしましょう？{10}	
07635	MAP/MAP031.BIN:0102F8	1	{02}{17}どの魔法を、希望しますか？{10}	
07636	MAP/MAP031.BIN:01032C	1	{02}{18}こんにちは。\n私はチャッペルのラポールです。{0F}チャッペル魔法を\n扱える方がいらっしゃるなら\n魔法をお授けいたしますよ。{10}	
07637	MAP/MAP031.BIN:0103AA	1	{02}{18}気が向いたら、私を訪ねて下さい。{10}	
07638	MAP/MAP031.BIN:0103F0	1	{02}{18}どなたに、お授けしましょう？{10}	
07639	MAP/MAP031.BIN:010414	1	{02}{18}どの魔法を、希望しますか？{10}	
07640	MAP/MAP031.BIN:010436	1	{02}{18}{08}ですね？{10}	
07641	MAP/MAP031.BIN:010470	1	{02}{19}この街道はホルクに通じる道である。{0F}しかし、民間人の通行は\n許可できない。{0F}道を良くするために、\n南フュエンテが工事をしているのだ。工事が終わるまで通行止めだ。{0F}他の道を行かれよ。{10}	
07642	MAP/MAP031.BIN:010528	1	{02}{19}この街道はホルクに通じる道である。しかし、民間人の通行は\n許可できない。{0F}道を良くするために、\n南フュエンテが工事をしているのだ。工事が終わるまで通行止めだ。{0F}他の道を行かれよ。{10}	
07643	MAP/MAP031.BIN:0105E2	1	{02}{19}工事だと言ってるだろう。{0F}通れないんだ。\nあきらめなさい。{10}	
07644	MAP/MAP031.BIN:010626	1	{02}{19}工事だと言ってるだろう。{0F}通れないんだ。\nあきらめなさい。{0E}	
07645	MAP/MAP031.BIN:01069E	2	通してもらえそうにないね。{0E}{09}	
07646	MAP/MAP031.BIN:0106BB	2	{02}{01}そうだわ！{0E}	
07647	MAP/MAP031.BIN:010758	2	{02}{01}ジュリオ、こっち。こっち。{0E}	
07648	MAP/MAP031.BIN:0107EE	2	いい考えが浮かんだの？{0E}{09}	
07649	MAP/MAP031.BIN:010807	2	{02}{01}ええ。{0F}少し前、\nこの辺りで山賊騒ぎがあったって\n言ってたじゃない。{0E}{09}	
07650	MAP/MAP031.BIN:01084F	2	うん。{0F}じつはボクも\nシャーラと一緒のときに\n襲われたんだ。{0E}{09}\n{02}{01}えっ、本当？\n大丈夫だったの。{0E}{09}	
07651	MAP/MAP031.BIN:0108AF	2	やだなぁ、だいじょうぶだったから\n今、ここにいるんじゃないか。{0F}シャーラがやっつけちゃったよ。\nあっというまに。{0E}{09}	
07652	MAP/MAP031.BIN:01091F	2	{02}{01}ふーん、そんなことがあったの。{0F}えっと、作戦に戻ると・・・。\nつまり、それを利用するのよ。{0F}ここから２人でハデに騒ぐのよ。\n『山賊が出たぞーっ！』って。{0F}そうすれば、\nきっと見張りの兵隊さんたちが\n飛び出してくるわよ。{0F}そのスキに南北街道を\n通っちゃうのよ。{0E}{09}\n{02}	
07653	MAP/MAP031.BIN:010A1F	2	うまくいくかなぁ。{0E}{09}	
07654	MAP/MAP031.BIN:010A34	2	{02}{01}たぶん。{0E}{09}	
07655	MAP/MAP031.BIN:010A43	2	よし、やってみようか。{0E}{09}{10}{02}{01}盛大にやりましょう。{0E}{09}{10}{02}	
07656	MAP/MAP031.BIN:010ADE	2	山賊だーっ！{0F}山賊が出たぞーっ！{0E}{09}	
07657	MAP/MAP031.BIN:010B00	2	{02}{01}きゃーっ！{0F}山賊よーっ！{0E}{02}{19}山賊だって？{0E}	
07658	MAP/MAP031.BIN:010B6A	2	{02}{19}どこだい、どっちだい？{0E}	
07659	MAP/MAP031.BIN:010BAC	4	あっち。{0E}	
07660	MAP/MAP031.BIN:010BDC	4	{02}{01}向こうへ走っていったわ。{0E}{02}{19}よし、行ってみよう。{0E}	
07661	MAP/MAP031.BIN:010C40	4	{02}{01}今だわ。{10}	
07662	MAP/MAP031.BIN:010C6A	1	{02}{19}山賊なんていなかったぞ。\n何かの見間違えじゃないのか。{0E}	
07663	MAP/MAP031.BIN:010CDC	2	{09}{10}{02}{01}もう１度やってみましょう。{0E}{09}{10}{02}	
07664	MAP/MAP031.BIN:010DFA	2	{02}{01}きゃーっ！{0F}山賊よーっ！{0E}	
07665	MAP/MAP031.BIN:010E5A	2	{02}{19}今度は本当だろうね？{0E}{02}{19}どこだい、どっちだい？{0E}	
07666	MAP/MAP031.BIN:010F9A	1	{02}{19}南北街道は通行止めだ。\n別の道を回ってくれ。{10}	
07667	MAP/MAP031.BIN:010FCE	5	{02}{19}南北街道は通行止めだ。{0F}別の道を回ってくれ。{10}	
07668	MAP/MAP031.BIN:011006	1	{02}{19}しつこいよ。\n通行止めなんだ。{10}	
07669	MAP/MAP031.BIN:011030	1	{02}{19}しつこいよ。\n通行止めなんだ。{0E}	
07670	MAP/MAP031.BIN:0114DC	1	山賊だーっ！\n	
07671	MAP/MAP031.BIN:0114FC	1	山賊が出たぞーっ！{0E}	
07672	MAP/MAP031.BIN:0116B0	1	{02}{19}山賊め。\n俺たちに恐れをなして逃げたかな。{0E}	
07673	MAP/MAP031.BIN:011832	1	山賊だーっ！{0F}山賊が出たぞーっ！{0E}	
07674	MAP/MAP031.BIN:011A0E	1	{09}{0B}{02}{02}あたしは、世界をまたに掛ける\n女盗賊シャーラ。{0E}ナメてかかると痛い目に会うよ。{10}	
07675	MAP/MAP031.BIN:011A64	1	{09}{0A}{02}{05}こんにちは、\n白血病の似合うフィリーです。{0E}	
07676	MAP/MAP031.BIN:011A9C	1	この子は、弟のバンバンよ。{10}	
07677	MAP/MAP031.BIN:011AC6	1	うわぁ、\nかわいい犬だね！{0E}{09}\n{02}{02}あんたね、\nこりゃ熊だよ。クマ。{0E}{09}{0A}{02}	
07678	MAP/MAP031.BIN:011B08	1	クマ、クマ。\nかわいいね。{10}	
07679	MAP/MAP031.BIN:011B28	1	{02}{1D}山賊アペゴ参上！{10}	
07680	MAP/MAP031.BIN:011B40	1	{02}{1E}山賊グネス見参！{10}	
07681	MAP/MAP031.BIN:011B58	1	{02}{1F}山賊ヌーラ降臨！{10}	
07682	MAP/MAP031.BIN:011B72	1	山賊コンタ昇結！！{0E}	
07683	MAP/MAP031.BIN:011B8A	1	{02}{1D}スタント１、\n山賊アペゴ参上！{10}	
07684	MAP/MAP031.BIN:011BB0	1	{02}{1E}スタント２、\n山賊グネス見参！{10}	
07685	MAP/MAP031.BIN:011BD6	1	{02}{1F}スタント３、\n山賊ヌーラ降臨！{10}	
07686	MAP/MAP031.BIN:011BFE	1	スタント４、\n山賊コンタ昇結！！{10}	
07687	MAP/MAP031.BIN:011EFC	1	{02}{15}ああ、覚えてるよ。\n銀の短剣を見せてくれたキミだね。{0F}こちらは、ハイゼンに向かう道ですがよろしいですね？{10}	
07688	MAP/MAP031.BIN:01234A	6	{09}{08}{02}{02}ちょ、ちょっとジュリオ！\nどこ行くんだい？{0F}いまのがリズの家だよ！{0E}{09}{07}{02}	
07689	MAP/MAP031.BIN:012393	6	・・・・・・。{0E}{09}\n{02}{02}まったく・・・。\nしっかりおしよ！{10}	
07690	MAP/MAP031.BIN:01240C	6	{02}{05}ジュリオさん。{0F}ハイゼンは北側の道を通った方が\n近いですよ。{0E}{09}{07}{02}	
07691	MAP/MAP031.BIN:0124AE	7	{02}{01}フィリーや\nキャラック王が待ってるわ。{0F}早くしなきゃ・・・。{10}	
07692	MAP/MAP031.BIN:012D42	1	フュエンテ国　リズの家	
07693	MAP/MAP031.BIN:012D6E	1	{02}{02}ほら、ついたよ。{0E}	
07694	MAP/MAP031.BIN:012DB4	1	リズさん、いるかなぁ・・・。{0E}{09}{09}{02}{02}ここまできて\nなに弱気なこと言ってんだよ。{10}	
07695	MAP/MAP031.BIN:012E16	1	{02}{05}すみません。\nハイゼンの町へは北側の道なの。{0F}北回りの街道でまいりましょう。{10}	
07696	MAP/MAP031.BIN:012F4A	2	{09}{09}{02}{01}兵士さんが戻る前に\n通り抜けなきゃ！{10}	
07697	MAP/MAP031.BIN:01304C	1	・・・あれ？{0E}{09}{09}{02}{02}「・・・あれ？」じゃないだろ。{0F}リズの家に行くのに、\nハイゼン回りの道は\n遠回りなんだってば！{0F}南回りの方が近いって言っただろ。{0E}{09}{0A}{02}	
07698	MAP/MAP031.BIN:0130DE	1	さ・・・さすが、シャーラだね！{10}{09}{08}{02}{02}・・・まったく。{10}	
07699	MAP/MAP031.BIN:013172	1	{09}{08}{02}{02}ジュリオ・・・。\nあんたどこに行くつもりなんだい？{0E}{09}{0A}{02}	
07700	MAP/MAP031.BIN:0131AC	1	・・・・・・。{10}{09}\n{02}{02}・・・まったく。{10}	
07701	MAP/MAP031.BIN:013232	1	南北街道に行こうよ。\nクリスが考えた作戦じゃないか。{10}	
07702	MAP/MAP031.BIN:0135C8	1	ふふふふふ・・・。\n待ちなっ。{0E}	
07703	MAP/MAP031.BIN:013726	1	あり金残らず、\n置いていってもらおうか。{0E}	
07704	MAP/MAP031.BIN:01389E	1	えっ？\nどこ、どこ・・・。{0F}だれ、だれ？{0E}	
07705	MAP/MAP031.BIN:013A4C	1	あわわわ・・・。{0E}{09}	
07706	MAP/MAP031.BIN:013A5F	1	{02}{05}どちらさまです？{0E}{09}	
07707	MAP/MAP031.BIN:013A74	1	{02}{02}へーえ、こいつらが山賊かい。{0E}	
07708	MAP/MAP031.BIN:013AEA	1	どの顔もマヌケづらだね。{0E}{09}	
07709	MAP/MAP031.BIN:013B05	1	\n{02}{0B}バンバーン！{0E}	
07710	MAP/MAP031.BIN:013B5E	1	{02}{1D}なんだと！？{0E}	
07711	MAP/MAP031.BIN:013CE4	1	{02}{1E}俺たちを甘くみると\nケガするぜ。{0E}	
07712	MAP/MAP031.BIN:013D36	1	{02}{1F}女だからって容赦しないぞ。{0E}	
07713	MAP/MAP031.BIN:013D70	1	さあ、金目の物を出しな。{0E}	
07714	MAP/MAP031.BIN:013DA4	1	{09}{08}{02}{02}あんたたち、{0F}誰にケンカ売ってるのか、\nわかってんのかい。{0E}	
07715	MAP/MAP031.BIN:013DF0	1	{02}{1E}なっ、なんだよ・・・。{0E}{09}{09}{02}{02}しらなきゃ教えてあげるよ。{0E}	
07716	MAP/MAP031.BIN:013F08	1	{02}{1F}あらっ・・・！？{0E}	
07717	MAP/MAP031.BIN:013F7E	1	{09}{09}{02}{02}あたしの名はシャーラ。{0E}	
07718	MAP/MAP031.BIN:014030	1	{09}{09}\n{02}{02}国境をもたない女盗賊シャーラとは\nあたしのことだよ！{0E}	
07719	MAP/MAP031.BIN:0140F2	1	{09}{09}\n{02}{02}よーく、覚えとくんだね！{0E}	
07720	MAP/MAP031.BIN:0141B4	1	{02}{1D}いてて・・・くそう。{0E}{02}{1E}そっちこそ・・・覚えとけよ。{0E}{02}{1F}誰が覚えとくかよ・・・。{0E}	
07721	MAP/MAP031.BIN:01427A	1	ブス。{0E}	
07722	MAP/MAP031.BIN:0142A4	1	{09}{09}{02}{02}ぬわんだってぇーっ！{0E}	
07723	MAP/MAP031.BIN:0142F4	1	ヘンな山賊。{0E}{09}	
07724	MAP/MAP031.BIN:014303	1	{02}{05}シャーラさん、お強いんですね。{0E}	
07725	MAP/MAP031.BIN:014354	1	{09}{0A}{02}{02}あのていどじゃ、\n相手にするのもバカバカしいね。{0F}さあ、行こう。\n時間がおしいからね。{10}	
07726	MAP/MAP031.BIN:0144A6	1	{09}{09}{02}{02}どこに行こうってのさ！\nさっさとリズの家に向かうよ！{10}	
07727	MAP/MAP031.BIN:014536	1	あれ？\nこっちに行ったら\nオルドスに戻っちゃうよね。{10}	
07728	MAP/MAP031.BIN:0145BE	1	{09}{09}{02}{01}ちょっとジュリオ！{0F}そっちに行ったら\nオルドスに戻っちゃうわよ！{10}	
07729	MAP/MAP031.BIN:014688	1	{02}{05}あら？　ジュリオさん。{0F}たしか、ウドル国は\nトリフの関所を通らないと\n行けませんわ。{0E}{09}{07}{02}	
07730	MAP/MAP031.BIN:01474E	1	{02}{05}そちらには\nきっと砦の兵士がいますわ。{0F}ハイゼンへ急ぎましょう。{10}	
07731	MAP/MAP031.BIN:0147E4	1	{02}{01}ジュリオ。\n南北街道から離れすぎちゃったわ。{0F}見張りの兵隊さんに話しかけて\n様子をうかがってみましょう。{10}	
07732	MAP/MAP031.BIN:0149BA	2	{02}{05}それではジュリオさん。{0F}打ち合わせのとおり、\n私はホルクのキャラック王のもとへ\n知らせにまいります。{0E}{09}	
07733	MAP/MAP031.BIN:014A22	2	うん、エネトン王の方は\n大丈夫だって伝えてよ。{0F}それから、王妃さまを救けた合図は\nクリスが大声で叫ぶから、\n声が聞こえるまで{0F}砦には入らないようにってね。{0E}{09}	
07734	MAP/MAP031.BIN:014ABA	2	{02}{05}はい。わかりました。{0F}では、行ってきます。{0E}{09}	
07735	MAP/MAP031.BIN:014AEA	2	気をつけてね。{0E}{09}	
07736	MAP/MAP031.BIN:014AFB	2	\n{02}{05}バンバンは\nジュリオさん達と行くのよ。{0E}{09}	
07737	MAP/MAP031.BIN:014B26	2	\n{02}{0B}バーン、バーン！{10}	
07738	MAP/MAP031.BIN:014C12	2	{09}{0E}\n{02}{0B}バーン、バーン・・・。{0E}{09}	
07739	MAP/MAP031.BIN:014C33	2	さみしがってちゃダメだよ。\nフィリーは急いでるんだ。{0E}さあ、行こう！！バンバン。{0E}{09}{0A}\n{02}{0B}バンバーン！{10}	
07740	MAP/MAP031.BIN:015014	4	{02}{19}待たれよ！！{0F}南北街道は通行止めだ。{0F}南部に行くのなら、\nトリフの関所から\nアンビッシュ国を抜けて{0F}東から南フュエンテの国境に\n入るんだな。{10}	
07741	MAP/MAP031.BIN:0155C6	1	{09}\n{02}{01}もどって来ちゃったわ。{0F}いま、砦に向かったら\n怪しまれちゃう。{10}	
07742	MAP/MAP031.BIN:0156AA	2	リズとフィリーの家\n各種薬草の調薬\nうけたまわります。{10}	
07743	MAP/MAP031.BIN:0156E4	1	北　ハイゼン　　　１２４０ミロ\n　　ウドル国境　　　２２０ミロ\n南　南北街道　　　　６４８ミロ{10}	
07744	MAP/MAP031.BIN:015746	1	ウドル国境\n南　ハイゼン　　　１４６０ミロ{10}	
07745	MAP/MAP031.BIN:015776	1	フュエンテ国王都　ハイゼン\n南　南北街道　　４３７ミロ{10}	
07746	MAP/MAP031.BIN:0157B2	1	トリフの関所{10}	
07747	MAP/MAP031.BIN:015BB0	1	{09}{0F}{02}{05}オオカミですわ！{0E}	
07748	MAP/MAP031.BIN:015CBA	1	{09}{0F}{02}{05}後ろからまだ来ますわ。{10}	
07749	MAP/MAP031.BIN:015CF0	1	{09}\n{02}{02}なんだって？{0F}まったく、しつこいねぇ・・・。{0F}さっさと先に進むよ！{10}	
07750	MAP/MAP031.BIN:015D7E	1	前からも、来るよお・・・。{0E}{09}{0E}{02}{05}完全に\n挟まれてしまいましたわ・・・。{0E}{09}\n{02}{02}結局、戦うしかないんだね・・・。{10}	
07751	MAP/MAP031.BIN:015ECA	1	を手に入れた。{10}	
07752	MAP/MAP031.BIN:015F52	1	\n{02}{02}ちょっと待ちな！{10}	
07753	MAP/MAP031.BIN:015F77	1	あっ、シャーラ\nオオカミが来るよ！{10}	
07754	MAP/MAP031.BIN:015FF6	1	\n{02}{02}チッ、\n後ろからも来たようだね。{0E}{09}\n\n{02}	
07755	MAP/MAP031.BIN:01601E	1	えー、\nじゃあ挟まれちゃったの？{0E}{09}	
07756	MAP/MAP031.BIN:016040	1	\n{02}{02}仕方ない、戦うんだよ。{10}	
07757	MAP/MAP031.BIN:0160F0	1	\n{02}{02}どうしたんだい、\n山賊とやらが出たのかい？{0E}{09}\n\n{02}	
07758	MAP/MAP031.BIN:016122	1	また、オオカミだよ。{0E}{09}	
07759	MAP/MAP031.BIN:016139	1	\n{02}{05}この付近には、\nオオカミがよく出ますの。{10}	
07760	MAP/MAP031.BIN:0161EA	1	\n{02}{05}後ろからも来ますわ。{0E}{09}{08}\n{02}{02}かーっ！\nまた、挟まれたの？{0E}{09}	
07761	MAP/MAP031.BIN:016225	1	\n{02}{0B}バンバーン。{10}	
07762	MAP/MAP031.BIN:0162BE	1	手に入れた。{10}	
07763	MAP/MAP031.BIN:01631A	1	チューチュー・・・。{0E}{09}	
07764	MAP/MAP031.BIN:016331	1	\n{02}{02}！？{0E}{09}	
07765	MAP/MAP031.BIN:01633B	1	\n{02}{05}何の音かしら？{0E}{09}\n\n{02}	
07766	MAP/MAP031.BIN:016352	1	もしかして・・・、\nネズミの群れ・・・？{10}	
07767	MAP/MAP031.BIN:016554	1	ネズミは\n{01}|を持っていた。{0E}{01}|を手に入れた。{10}	
07768	MAP/MAP031.BIN:0165D4	1	ウドル国－フュエンテ国　トリフの関所	
07769	MAP/MAP031.BIN:016668	1	あっ！\nシャーラだ・・・。{0E}	
07770	MAP/MAP031.BIN:0166FA	1	シャーラ！！{0E}	
07771	MAP/MAP031.BIN:016726	1	{02}{02}え？{0E}	
07772	MAP/MAP031.BIN:01677E	1	{09}\n{02}{02}（誰もいないわ・・・。）{0F}（かんしゃくを起こして）\n（あいつを置いてきちゃったけど）\n（空耳が聞こえるなんて・・・。）{0E}	
07773	MAP/MAP031.BIN:01681E	1	（今さら遅いかもしれないけど）\n（やっぱり、）\n（あいつが気になるのね。）{0E}	
07774	MAP/MAP031.BIN:0168A8	1	シャーラってば！！{0E}	
07775	MAP/MAP031.BIN:0168E2	1	{09}\n{02}{02}また聞こえた！{0E}	
07776	MAP/MAP031.BIN:01699A	1	シャーラ！\n	
07777	MAP/MAP031.BIN:0169E0	1	{09}{08}{02}{02}・・・誰かと思えば、{0F}ことごとく私たちのジャマを\nしてくれた、\n巡礼の坊やじゃないか。{0E}	
07778	MAP/MAP031.BIN:016AC2	1	{09}{08}{02}{02}幸い１人のようだね。{0E}	
07779	MAP/MAP031.BIN:016AF6	1	私は、\nけっこう根にもつタイプなんだよ。{0E}	
07780	MAP/MAP031.BIN:016B32	1	{09}{09}{02}{02}覚悟はいいね？{0E}	
07781	MAP/MAP031.BIN:016B60	1	ちょ、ちょっと、待ってよ！{0F}それどころじゃないんだ。\nグースが大変なんだよ！{0E}{09}{08}{02}{02}えっ？{0E}	
07782	MAP/MAP031.BIN:016BDC	1	ふん、あんなヤツ・・・。{0E}{09}{0E}{02}	
07783	MAP/MAP031.BIN:016BF9	1	シフールのシャリネでカジムに\n呪いをかけられちゃったんだよ！{0E}	
07784	MAP/MAP031.BIN:016C5A	1	{09}\n{02}{02}カジム？\n何者なの、そいつ。{0E}{09}{0E}{02}	
07785	MAP/MAP031.BIN:016C7E	1	すっごく、おっかない幻術使いだよ！{0E}{09}\n{02}{02}で、グースは今、どこにいるの？{0E}{09}{0E}{02}	
07786	MAP/MAP031.BIN:016CC8	1	クリスと一緒に\nオルドス国にいるよ。{0F}そこでお医者さんに、\n診てもらったんだけど\n呪いを解くためには{0F}特別な薬が必要なんだってさ。{0E}{09}\n{02}{02}そんなに、たちの悪い\n呪いなのかい？{0E}{09}{0E}{02}	
07787	MAP/MAP031.BIN:016D72	1	グースはああいう性格だから\n平気そうにしてるけど{0F}クリスを見てるとよくわかるよ。{0F}あのおてんばクリスでさえ\nとっても、つらそうだもん。{0E}{09}\n{02}{02}・・・・・・・・。{0E}{09}{0E}{02}	
07788	MAP/MAP031.BIN:016E10	1	フュエンテ国のリズって人が{0F}秘薬の調合を\n知っているらしいんだ。{0E}{09}	
07789	MAP/MAP031.BIN:016E51	1	{02}{02}リズ？\nああ、一軒家に住んでる調薬師だね。{0E}{09}	
07790	MAP/MAP031.BIN:016E81	1	知ってるの？{0E}{09}	
07791	MAP/MAP031.BIN:016E90	1	{02}{02}まあ、そういう人が\nいるってことぐらいはね。\n	
07792	MAP/MAP031.BIN:016EC6	1	仕方ないね・・・。{0F}フュエンテ国なら\nあたしの庭みたいなものよ。{0E}	
07793	MAP/MAP031.BIN:016F16	1	さあ、行くよ。{0E}	
07794	MAP/MAP031.BIN:016F64	1	行くって？{0E}	
07795	MAP/MAP031.BIN:016FA2	1	{09}{08}{02}{02}決まってるじゃないか。{0F}秘薬を調合してもらいに\n行くんだよ。{0E}	
07796	MAP/MAP031.BIN:016FF8	1	いっしょに行ってくれるの？{0E}{09}	
07797	MAP/MAP031.BIN:017015	1	{02}{02}相棒がいない者同士。{0F}しばらくは協力しあうってのも\nいいんじゃない？{0E}	
07798	MAP/MAP031.BIN:017062	1	シャーラがパーティにくわわった。{0E}{09}	
07799	MAP/MAP031.BIN:017085	1	{02}{02}さぁて、リズの家に行くには、{0F}このまま南側から\n直接行くのが最適だね。{0F}１度戻って三叉路を\n西のハイゼンから\n回って行く道もあるけど{0F}距離的には南回りの方が近いよ。{0E}{09}{0A}{02}	
07800	MAP/MAP031.BIN:01712A	1	さっすが、シャーラだね！{10}	
07801	MAP/MAP031.BIN:017230	1	{0A}{02}{14}はい、いらっしゃい。{0F}お薬の調合ですか。\nどのようなお薬をご用意しましょう？{0E}	
07802	MAP/MAP031.BIN:0172A2	1	{02}{02}あんた、リズさん？{0E}	
07803	MAP/MAP031.BIN:0172CE	1	ダメだよ、シャーラ・・・。\nそんな乱暴な話し方しちゃあ。{0E}	
07804	MAP/MAP031.BIN:017322	1	ボクたち、\nお願いにきたんだから。{0E}{0A}{02}{14}いいんですよ。{0E}	
07805	MAP/MAP031.BIN:01737C	1	わざわざこんな一軒家にまで\nくるくらいですから、\nよほど、急ぎの用なのでしょ。{0F}なんなりと言ってください。{0E}{09}\n{02}	
07806	MAP/MAP031.BIN:0173E8	1	すみません、ありがとう。{0E}{09}\n{02}{02}あたしたちの連れが\n幻術使いに呪いをかけられて、{0F}ダウンしてんだよ。{0E}{0A}{02}{14}まあ・・・。それは大変ね。{0E}{09}\n{02}	
07807	MAP/MAP031.BIN:01746A	1	とっても手ごわい呪いでさぁ。{0E}	
07808	MAP/MAP031.BIN:017498	1	オルドス国の先生でも\nダメだったんだ。{0F}それで記録を調べたら、\n今、その症状に効く秘薬を作れるのは{0F}リズさんしかいないって\nわかったんだ。{0F}チャッペル魔法で治そうとしても、\n魔法が弾かれちゃうんだ。{0F}呪いばらいも\nまったく効かないし・・・。{0E}{0A}{02}{14}それは千年呪いの一種ですね。{0F}１度呪ったら、千年は\n呪いが解けないって\nいう悪質な呪いですね。{0E}困ったわね・・・。{0E}{09}\n{02}	
07809	MAP/MAP031.BIN:0175F6	1	えっ？\n困ったって・・・。{0F}秘薬を作れるんじゃないの。{0E}{0A}{02}{14}ええ。{0F}調合の方法はわかっているけど\n問題なのは、そのための材料が\nそろえられるか、どうかなのよ。{0E}{09}	
07810	MAP/MAP031.BIN:017690	1	{02}{02}値段が張るのかい？\nなんなら盗んでくりゃいいんだ。{0F}そんなことなら心配ないよ。{0E}	
07811	MAP/MAP031.BIN:0176F0	1	{0A}{02}{14}いいえ、違うのよ。{0F}町や村で売っている物や、\n森に生えている草ならともかく。{0F}呪いを解く秘薬を作るためには、\n特別な物が必要なのよ。{0E}{09}{09}{02}{02}もったいぶらないで、\n早く言いなよ！{0E}	
07812	MAP/MAP031.BIN:0177AE	1	何でもそろえて見せるからさ。{0E}	
07813	MAP/MAP031.BIN:0177E4	1	リズは少し、沈んだ声で言った。{0E}{0A}{02}{14}聖獣アルグレスの角よ。{0E}{09}\n{02}	
07814	MAP/MAP031.BIN:017821	1	アルグレス？{0E}{09}{08}{02}{02}アルグレスって・・・そんな。{0E}	
07815	MAP/MAP031.BIN:01786A	1	たしか、20年も前に\n絶滅したって聞いたよ・・・。{0E}	
07816	MAP/MAP031.BIN:0178B6	1	{0A}{02}{14}アルグレスの角がないと、\n呪いを解く秘薬はできないのよ。{0E}	
07817	MAP/MAP031.BIN:017904	1	{09}\n{02}{02}そんな・・・。{0E}	
07818	MAP/MAP031.BIN:017954	1	ねえ、絶滅したっていったって\n広い世界だろ。{0F}どっかに隠れて生きてるヤツも\nいるんじゃないかなぁ？{0E}	
07819	MAP/MAP031.BIN:0179D0	1	{09}{08}{02}{02}バカだねえ・・・。{0F}隠れてんじゃ\n見つからないだろう！{0E}{09}{08}{02}	
07820	MAP/MAP031.BIN:017A0D	1	見つけなきゃしかたないよ！{0E}{0A}{02}{14}そうだわ。{0E}	
07821	MAP/MAP031.BIN:017A58	1	フュエンテ国のアルグレスは\n絶滅したけど、\n深い森が残っているウドル国なら、{0F}まだ、アルグレスがいるかも\n知れないわ。{0E}	
07822	MAP/MAP031.BIN:017AF0	1	ウドル国に？{0E}{09}\n{02}{02}こりゃまた・・・遠いわねえ。{0E}	
07823	MAP/MAP031.BIN:017B40	1	{0A}{02}{14}うわさですけど\nウドル国には迷いの森があると{0F}聞いたことがあるわ。{0F}アルグレスが、\nもし今もいるとしたら\nその森でしょうね。{0E}{09}\n{02}	
07824	MAP/MAP031.BIN:017BBF	1	迷いの森。そんなのあるの？{0E}	
07825	MAP/MAP031.BIN:017BEC	1	{09}{08}{02}{02}だから、うわさだって言ってるだろ。{0F}どこまでホントだか・・・。\nこんな話信じるってのかい？{0E}	
07826	MAP/MAP031.BIN:017C79	1	うーん、困ったな。{0E}{09}{09}\n{02}{02}でも、考えてたって始まらないさ。\n迷いの森に行こうじゃないか。{0E}	
07827	MAP/MAP031.BIN:017CE4	1	うわさでもいいよ。\nボク行くよ。{0F}だって、\nアルグレスを見つけられなきゃ、\nクリスもグースも治らないんだよ！{0E}{09}{09}{02}{02}そんなこと、あたしだって\nわかってるよ！{0E}{0A}{02}{14}まあまあ、お２人とも、\nケンカしないで。{0F}これからどうするかを\n決めることが先決でしょ。{0E}	
07828	MAP/MAP031.BIN:017DF2	1	うん、決めた。{0F}きっと迷いの森を見つけて、\nアルグレスを探すよ。{0E}{09}\n{02}{02}あきれるほどの決断の早さと\n楽天的な判断だね・・・・。{0E}{09}	
07829	MAP/MAP031.BIN:017E6D	1	{02}{02}でも、気に入ったよ。\n迷いの森に行こうじゃないか。{0E}	
07830	MAP/MAP031.BIN:017EA4	1	{0A}{02}{14}じゃあ、こうしましょう。{0E}	
07831	MAP/MAP031.BIN:017ED2	1	そろそろ私の１人娘のフィリーが\n薬草つみから戻ってくるわ。{0F}フィリーは若いけど、調薬の知識を\nしっかりマスターしているから、\nフィリーを連れてお行きなさい。{0F}もちろん、アルグレスの角を\nどうすればいいのかも知っているから見つかりさえすれば{0F}そのまま\nオルドス国で調薬ができるわ。{0E}{09}{0A}{02}{0B}バン、バーン。{0E}	
07832	MAP/MAP031.BIN:018082	1	{0A}{02}{14}まぁ、バンバン。\nあの子が帰ってきたのね。{0F}さぁ、行っておあげ。{0E}	
07833	MAP/MAP031.BIN:01814A	1	帰って来たのがわかるの？{0E}	
07834	MAP/MAP031.BIN:018188	1	{0A}{02}{14}姉弟のように育ちましたからね。{0F}そうだわ。\nよかったら、そこまで出迎えて\nくださいな。{0F}お客様の訪問が大好きな子ですから。{10}	
07835	MAP/MAP031.BIN:01867E	1	ボイスイベント１０\n＜＜クリスＶＳフィリー＞＞{0E}終了{0E}	
07836	MAP/MAP031.BIN:018774	1	リズはフィリーに\nひと通りの説明をした。{0E}{09}	
07837	MAP/MAP031.BIN:01879E	1	{02}{05}はい、わかりましたわ。\nお母さん。{0F}私、ジュリオさんたちと一緒に\nアルグレスを探しにまいりますわ。{0F}困っている方々を\nほおってはおけませんもの。{0E}{0A}{02}{14}ええ、そうしておあげなさい。{0E}	
07838	MAP/MAP031.BIN:018874	1	{02}{05}すみませんが、\nハイゼンによってくださいますか。{0E}お薬を頼まれているおばあさんが、\nハイゼンの町に\nいらっしゃるものですから。{0E}	
07839	MAP/MAP031.BIN:018909	1	うーん、\nどうしてもよらなきゃダメなの？{0E}{09}	
07840	MAP/MAP031.BIN:018933	1	\n{02}{05}メリアおばあさんが待ってるんです。お願いします。{0E}{09}	
07841	MAP/MAP031.BIN:018969	1	\n{02}{0B}バンバーン！{0E}{09}\n\n{02}	
07842	MAP/MAP031.BIN:01897E	1	わ、わかったよー。{0E}{09}{0A}\n{02}{05}よかった、決まりですね。{0E}北回りで行けば通り道ですから\nさあ、まいりましょう。{0E}	
07843	MAP/MAP031.BIN:018A00	1	うん、ハイゼンなら通り道だよね。\n北回りで行けばいいんだね。{0E}	
07844	MAP/MAP031.BIN:018A40	1	{09}{0A}{02}{05}はい。\nでは、まいりましょう。{0E}	
07845	MAP/MAP031.BIN:018A9E	1	フィリーがパーティにくわわった。{0E}	
07846	MAP/MAP031.BIN:018B04	1	あ、バンバンも行きたいんだね。{0E}{09}{0A}{02}{05}ほんとに甘えん坊で\n困ってしまいますわ。{0E}	
07847	MAP/MAP031.BIN:018B62	1	{02}{02}誰かさんみたいじゃないか。{0E}	
07848	MAP/MAP031.BIN:018B9E	1	だれさー？{0E}	
07849	MAP/MAP031.BIN:018BB0	1	バンバンがパーティにくわわった。{10}	
07850	MAP/MAP031.BIN:018EAC	4	もうヘトヘトだよ～。{0E}	
07851	MAP/MAP031.BIN:018EE0	2	まったれるんじゃないよ。{10}	
07852	MAP/MAP031.BIN:018F79	1	そんなあ～。\n（クリスと言うことが）\n（同じなんだから・・・）{10}	
07853	MAP/MAP031.BIN:019016	1	人薄命というけど・・・。{0E}	
07854	MAP/MAP031.BIN:0190BC	3	私、もう立てないですわ。{10}	
07855	MAP/MAP031.BIN:0190E8	3	ああ、私、\nもうダメですわ・・・。{10}	
07856	MAP/MAP031.BIN:01914E	3	やってみますわ。{10}	
07857	MAP/MAP031.BIN:01916E	3	みなさんを回復するのは\n大変なのですが・・・。{0F}やれるだけのことは\nやってみますわ。{10}	
07858	MAP/MAP031.BIN:019200	6	{02}泣oンバ～ン・・・。{10}	
07859	MAP/MAP031.BIN:019222	3	{02}泣o～ンバ～ン・・・。{10}	
07860	MAP/MAP031.BIN:0192C3	1	うわ～、すごいやー。\nそんなこともできるんだ。\nじゃあ、よろしく～。{10}	
07861	MAP/MAP031.BIN:0193D1	3	どうしたの、バンバン。\nあら、傷の手当てね。{10}{02}泣oン、バーン。{10}	
07862	MAP/MAP031.BIN:01949C	3	フィリー、ありがと～。{10}	
07863	MAP/MAP031.BIN:019518	3	あれ、フィリー・・・。{10}	
07864	MAP/MAP031.BIN:01956C	3	わかったよ。\nうん、仕方ないよ。{10}	
07865	MAP/MAP031.BIN:0195C4	3	うん、それじゃ\n仕方ないよ。{10}	
07866	MAP/MAP031.BIN:0195F0	4	ごめんなさい。\n次の番には、\n必ず使いますわ。{10}	
07867	MAP/MAP031.BIN:0196AC	1	りがとさん。{10}	
07868	MAP/MAP031.BIN:0198BE	5	{02}泣oンバーン！{10}	
07869	MAP/MAP031.BIN:0199A2	3	ごめんね。\n私もフラフラだったの。{0E}{02}泣oーンバン。{10}	
07870	MAP/MAP031.BIN:0199E2	3	ごめんね。\n次の番には、\n必ず使うから。{0E}{02}泣oーンバン。{10}	
07871	MAP/MAP031.BIN:019B5E	1	もうダメだよ・・・。\nああ、クリスがいれば・・・。{10}	
07872	MAP/MAP031.BIN:019BF3	1	そ、そんなことないよ・・・。{10}	
07873	MAP/MAP031.BIN:019C70	1	もう、なんとかおしよ！\nグーッ・・・ス。{0E}	
07874	MAP/MAP031.BIN:019D20	1	{02}ａi・・・と言っても）\n（グースはいないんだったね。）{10}	
07875	MAP/MAP032.BIN:0000A4	2	オルドス	
07876	MAP/MAP032.BIN:0000B0	3	スリープ、闇縛り、キ	
07877	MAP/MAP032.BIN:007C1E	3	パレン	
07878	MAP/MAP032.BIN:007C3E	2	メイア	
07879	MAP/MAP032.BIN:007C5E	2	オーズイ	
07880	MAP/MAP032.BIN:007C7E	2	ウービィ	
07881	MAP/MAP032.BIN:007C9E	2	看護婦エピーヌ	
07882	MAP/MAP032.BIN:007CBE	2	ビシオ	
07883	MAP/MAP032.BIN:007CDE	2	カンドのラルム	
07884	MAP/MAP032.BIN:007CFE	2	ロンク	
07885	MAP/MAP032.BIN:007D1E	2	ハイマ	
07886	MAP/MAP032.BIN:007D3E	2	エンシア	
07887	MAP/MAP032.BIN:007D5E	2	ニーゼン	
07888	MAP/MAP032.BIN:007D7E	2	ティーナ	
07889	MAP/MAP032.BIN:007D9E	2	道具屋のラキス	
07890	MAP/MAP032.BIN:007DBE	2	ケイルばあさん	
07891	MAP/MAP032.BIN:007DDE	2	パルマ	
07892	MAP/MAP032.BIN:007DFE	2	ポート	
07893	MAP/MAP032.BIN:007E1E	2	ペギー	
07894	MAP/MAP032.BIN:007E3E	2	アウダー	
07895	MAP/MAP032.BIN:007E5E	2	スピール	
07896	MAP/MAP032.BIN:007E7E	2	ストバ	
07897	MAP/MAP032.BIN:007E9E	2	パンチャ	
07898	MAP/MAP032.BIN:007EBE	2	宿屋のクラフ	
07899	MAP/MAP032.BIN:007EDE	2	デジレ	
07900	MAP/MAP032.BIN:007EFE	2	フィーロ先生	
07901	MAP/MAP032.BIN:007F1E	2	デフ	
07902	MAP/MAP032.BIN:007F3E	2	チャッペルのシュラー	
07903	MAP/MAP032.BIN:007F5E	2	オルドスの神官	
07904	MAP/MAP032.BIN:007F7E	2	防具屋のロボス	
07905	MAP/MAP032.BIN:007F9E	2	武器屋のオーレイ	
07906	MAP/MAP032.BIN:007FBE	2	ナリス	
07907	MAP/MAP032.BIN:007FDE	3	リュネル	
07908	MAP/MAP032.BIN:00803E	2	モチカ	
07909	MAP/MAP032.BIN:00805E	2	マントン	
07910	MAP/MAP032.BIN:008530	2	{0A}{02}{14}すみません。{0F}今、瞑想修行のさいちゅうなので\nあとにしてくださいませんか。{10}	
07911	MAP/MAP032.BIN:008582	1	{0A}{02}{14}すみません。{0F}今、瞑想修行のさいちゅうなので\nあとにしてくださいませんか。{0E}{0A}{02}{14}えっ？{0F}フィーロ先生に、\n本を借りてきてほしいと。{0F}人助けは何よりも尊い行いです。{0F}ちょっと待ってください。\n今、呪いばらいの本を取ってきます。{0E}	
07912	MAP/MAP032.BIN:0086BC	2	{0A}{02}{14}はい。これがその本です。\nどうぞ持っていってください。{0E}	
07913	MAP/MAP032.BIN:008710	2	ありがとう。\nお借りします。{0E}	
07914	MAP/MAP032.BIN:008734	1	ジュリオは\nパレンから本を預かった。{10}	
07915	MAP/MAP032.BIN:00878C	2	{0A}{02}{14}本は用事がすんでから\nフィーロ先生に返してもらうから{0F}気にしなくていいですよ。{10}	
07916	MAP/MAP032.BIN:0087E2	2	{0A}{02}{14}ああ、本を借りにきた人か。{0E}{0A}{02}{14}本はフィーロ先生から受け取ったよ。役に立って本当に良かった。{10}	
07917	MAP/MAP032.BIN:008846	2	{02}{15}三都橋はご覧になりました？{0F}オルドス国の水路の水はね。\n三都橋の下を流れる\nコンドッタ川の水なのよ。{10}	
07918	MAP/MAP032.BIN:0088C4	2	{02}{16}フィーロ先生の病院なら、\nうちのすぐ西の家じゃよ。{0F}わしも以前、\nフィーロ先生に腰痛を治して\nもらったことがある。{0F}すっかり良くなった。\nあの先生、腕は確かじゃな。{10}	
07919	MAP/MAP032.BIN:00896E	2	{02}{16}わしも以前、フィーロ先生に\n腰痛を治してもらったことがある。{0F}すっかり良くなった。\nあの先生、腕は確かじゃな。{10}	
07920	MAP/MAP032.BIN:0089E2	2	{02}{16}オルドスの大神官さまは、\n次の大神官さまに代を継承するとき{0F}大神官さましか\n知ってはならない伝承を\nそっと伝えるそうじゃ。{0F}いったい、何を\n教えるんじゃろうかぁ。\n興味があるのう・・・。{10}	
07921	MAP/MAP032.BIN:008AB2	2	{02}{17}フィーロ先生、病人のボクを置いて\nどこにいっちゃったんだろう。{0F}つめたいよな、あの先生・・・。{10}	
07922	MAP/MAP032.BIN:008B1E	2	{02}{17}フィーロ先生は\n他の部屋で診察してるんだってね。{0F}そろそろ病院にいるのもあきたし、\nボクも家に帰ろうかな。{10}	
07923	MAP/MAP032.BIN:008B8E	2	{02}{17}フィーロ先生が\nもうすぐ来るって聞いたんだ。{0F}だから、もう少しここにいよっと。{10}	
07924	MAP/MAP032.BIN:008C00	2	{02}{18}フィーロ先生なら、息抜きに\n散歩に出ていますよ。{0F}きっと、南の水路のほとりだと\n思うけど。{10}	
07925	MAP/MAP032.BIN:008C68	1	{02}{18}大丈夫ですよ。\nフィーロ先生は、名医ですから。{0F}かならず、お２人の病気を\n治してくれますよ。{10}	
07926	MAP/MAP032.BIN:008CCA	2	{02}{18}ご安心ください。{0F}先生が診ているのなら、\n症状がこれ以上\n悪くなることはありませんわ。{0F}あとはお薬ですね。\n秘薬さえ手に\n入ればいいのですけどね。{10}	
07927	MAP/MAP032.BIN:008D68	2	{02}{18}回復おめでとうございます。{0F}ジュリオさんが\nずいぶん頑張って\n駆け回っていたんですよ。{0E}{09}	
07928	MAP/MAP032.BIN:008DC0	2	{02}{01}ご心配おかけしました。\nジュリオには本当に感謝してます。{0E}{09}{07}{02}	
07929	MAP/MAP032.BIN:008DFE	2	やめてよ、てれるよ。{0E}{02}{18}ジュリオさんってかわいいわね。\n私のタイプだわ。{10}	
07930	MAP/MAP032.BIN:008E4E	2	{02}{18}ジュリオさんってかわいいわね。\n私のタイプだわ。{10}	
07931	MAP/MAP032.BIN:008E90	2	{02}{19}なあ、旅の人、{0F}オルドス国を流れる水路が\nたまらなくいいだろう。{0F}だからこの町は、\n水の都とも呼ばれているんだよ。{10}	
07932	MAP/MAP032.BIN:008F0A	2	{02}{19}この澄みきった水面をながめているとなんだか心が洗われるようだよ。{0E}そういえば、むかし\nこの町に１１個の風車が{0F}シフールからの風を受けて\nくるくると回っていたそうだよ。{10}	
07933	MAP/MAP032.BIN:008FB4	2	{02}{1A}ようこそ。\nオルドスのカンドへ。{10}	
07934	MAP/MAP032.BIN:008FE0	2	{02}{1A}どうか、有意義にお使いください。{10}	
07935	MAP/MAP032.BIN:009024	2	{02}{1A}どなたが魔法を習得しますか？{10}	
07936	MAP/MAP032.BIN:00907C	2	{02}{1A}カンド魔法はオルドス以外の\nほとんどの町でも{0F}授かることができる。{0F}でも、中にはオルドスで授かることが本来のかたちなのだと言って、\nわざわざ、やってくる人も{0F}いるほどだ。{10}	
07937	MAP/MAP032.BIN:009134	2	{02}{1B}オルドスはね。{0F}町区画と大聖堂の２つの区画に\nわかれているんだ。{0F}大聖堂に行くには町区画を\n通っていかなければならないんだ。{0F}町区画にかかる橋からは、\n他の４つのシャリネを\n巡ってきた者しか入れないんだ。{10}	
07938	MAP/MAP032.BIN:009206	2	{02}{1B}町区画にかかる橋からは、\n他の４つのシャリネを{0F}巡ってきた者しか入れないんだ。{10}	
07939	MAP/MAP032.BIN:00925A	2	{02}{1C}このオルドスは、\nカンドとチャッペルの{0F}ふるさとみたいなところだよ。{0F}だからここでは才能さえあれば、\nほとんどの魔法を\n授かることができるんだ。{10}	
07940	MAP/MAP032.BIN:0092EE	2	{02}{1D}あなたは巡礼にきた方ですね？{0F}え？　村の成人の儀式が巡礼？\nすると、フォルティア国の\nラグピック村から来たのですね。{0F}あの村では、昔のままの巡礼が\n風習として残っているとか。{0F}普通の巡礼をする人たちは\nたくさんいますが、{0F}古式にのっとった巡礼をする人は\n今では、めったにいません。{0F}とってもいい習慣を残した\n村なのですね。{10}	
07941	MAP/MAP032.BIN:00942E	2	{02}{1E}オルドスの大神官は\nここで１番偉い人なんだ。{0F}まあ、ふつうの国でいうところの\n王様みたいなもんだな。{0F}人間的にもすばらしく、\nとてもいい人だよ。{10}	
07942	MAP/MAP032.BIN:0094CC	2	{02}{1F}思ったとおりの町だわ。{0F}美しくて、人々はみんな優しくて。\nこの町にきて良かったわ。{0F}このオルドスには\nティラスイールの各地から\n大勢の人々が、巡礼や修行のために{0F}訪れるのね。{0F}あなたもそう？{0F}私もなの。{10}	
07943	MAP/MAP032.BIN:00959A	2	{02}{1F}このオルドスには\nティラスイールの各地から{0F}大勢の人々が、巡礼や修行のために\n訪れるのね。{0F}あなたもそう？{0F}私もなの。{10}	
07944	MAP/MAP032.BIN:009616	2	やあ、いらっしゃい。{0F}うちの店には自慢の品物が\nいっぱいだ。{0F}まあ、見てってくれよ。{10}	
07945	MAP/MAP032.BIN:009674	2	また、欲しくなったら\nいつでもよってくれ。{10}	
07946	MAP/MAP032.BIN:0096F2	2	ほう、{08}とは、\nお目が高い。{0F}内緒ですけどね、うちの品物には\nオルドスの魔法を駆使して、\nいろんな効果を持たせてあります。{0F}値段は{06}ですが、\nきっとお役に立ちますよ。{10}	
07947	MAP/MAP032.BIN:009798	2	何を売ってくれますか？{10}	
07948	MAP/MAP032.BIN:0097B6	2	{08}ですか。\n{06}で引き取りましょう。{10}	
07949	MAP/MAP032.BIN:0097E2	3	１ゴアあたり{06}で\n換金しております。{10}	
07950	MAP/MAP032.BIN:009828	2	また、いつでも気軽に\nお声をおかけください。{10}	
07951	MAP/MAP032.BIN:00989C	3	他には、ご用はありませんか？{10}	
07952	MAP/MAP032.BIN:0098C0	2	オルドスは聖なる都だから、\n町の中では武器の販売は{0F}できないんだ。{0F}もし武器が必要なんだったら、\n関所の外に\n露店があるから行ってごらん。{10}	
07953	MAP/MAP032.BIN:009958	2	あら、かわいい巡礼者だこと。{0F}送り出した親御さんたちは\nさぞかし心配だったろうね。{0F}大聖堂の参拝がすんだら、\n道草をしないで\nまっすぐ帰るんだよ。{10}	
07954	MAP/MAP032.BIN:0099F2	2	大聖堂の参拝がすんだら、\n道草をしないで{0F}まっすぐ帰るんだよ。{10}	
07955	MAP/MAP032.BIN:009A36	2	オルドス大聖堂にいらっしゃる\n神官さまたちのお話は{0F}とってもありがたいのよ。\nきっとこれからの\n人生の指針になると思うわ。{10}	
07956	MAP/MAP032.BIN:009AC8	1	フィーロ先生なら、\n水路を、西へ歩いていったよ。{0F}この水路をながめながら\nゆっくりと歩くのが\nフィーロ先生の散歩コースさ。{10}	
07957	MAP/MAP032.BIN:009B4E	2	フィーロ先生は\nオルドス国の名医だよ。{0F}お兄ちゃんの、友達が病気なんだね？早く良くなるといいね。{10}	
07958	MAP/MAP032.BIN:009BB4	2	あれ、まえにフィーロ先生を\nさがしてたお兄ちゃん。{0F}その友達が病気だったんだね？\nさすがは名医、フィーロ先生だね。{0F}えっ？{0F}なぁんだ。\nフィーロ先生が治したんじゃないの？{0F}でも、元気になって良かったね。{10}	
07959	MAP/MAP032.BIN:009C80	2	オルドスの町は大聖堂を中心にして\n広がっているのよ。{0F}だから、迷子にならないでね。{0E}{09}\n{02}	
07960	MAP/MAP032.BIN:009CD5	2	迷子・・・。{10}	
07961	MAP/MAP032.BIN:009CEA	2	この町は聖者の町だから、\n酒場なんかないんだよ。{0F}ちょっと寂しいね。{10}	
07962	MAP/MAP032.BIN:009D52	2	やあ、なんだい。{0F}えっ、フィーロ先生を\n呼びにいくのか。\n誰か病気にでもなったのかな？{0F}大丈夫だよ。{0F}フィーロ先生は\nオルドス国１番の名医だ。\nすぐに治してくれるさ。{10}	
07963	MAP/MAP032.BIN:009DFE	2	大丈夫だよ。{0F}フィーロ先生は\nオルドス国１番の名医だ。\nすぐに治してくれるさ。{10}	
07964	MAP/MAP032.BIN:009E52	1	フィーロ先生は\nオルドス国１番の名医だ。{0E}どんな病気でも、\nすぐに治してくれるよ。{10}	
07965	MAP/MAP032.BIN:009EB4	2	よかったな。{0F}友達の呪い、解けたんだってね。{0F}オルドスでは昔から\n苦難は神の祝福と言われているんだ。{0F}オルドスでこんな体験をするなんて\nキミはよほど神さまから\n見込まれているのかも知れないね。{10}	
07966	MAP/MAP032.BIN:009F7A	2	オルドスでこんな体験をするなんて\nキミはよほど神さまから{0F}見込まれているのかも知れないね。{10}	
07967	MAP/MAP032.BIN:009FDA	1	２０年ほど前までは、\nオルドスは大聖堂しか{0F}なかったのにのう。\nいつのまにやら\n立派な町になってしまったわい。{10}	
07968	MAP/MAP032.BIN:00A056	2	知ってるかい？{0F}ここで修行をした人が\n各地の神官や賢者となって\n世界中で働いているんだ。{0F}カンドやチャッペルに\n務めている人にも\nここで修行した人が{0F}多くいるんだよ。{10}	
07969	MAP/MAP032.BIN:00A102	2	ここで修行をした人が\n各地の神官や賢者となって{0F}世界中で働いているんだ。{0F}カンドやチャッペルに\n務めている人にも\nここで修行した人が{0F}多くいるんだよ。{10}	
07970	MAP/MAP032.BIN:00A1C2	1	お連れの具合はどうだい？{0F}フィーロ先生の病院なら\n北にある、赤い屋根の建物だよ。{0F}２軒並んでいる家の右側の方だから\nすぐにわかるじゃろう。{10}	
07971	MAP/MAP032.BIN:00A250	2	わしも、できるだけのことは\nさせてもらうよ。{10}	
07972	MAP/MAP032.BIN:00A284	2	フュエンテ国まで行くのかい？{0F}２人のことは任せなさい。\n気をつけて行くのじゃよ。{10}	
07973	MAP/MAP032.BIN:00A2DA	2	よく、がんばりましたな。{0F}きっとこの体験が\nあなたを\n大きく成長させたことじゃろう。{10}	
07974	MAP/MAP032.BIN:00A33E	2	このオルドスは本当に\nすごい町ですね。{0F}さすがは賢者たちの町だ。\n勉強になることが多いですよ。{10}	
07975	MAP/MAP032.BIN:00A3A2	2	やあ、こんちは。{0F}僕は念願だった大聖堂の参拝が\nできたので故郷に戻るよ。{0F}また、どこかで会えたらいいね。{10}	
07976	MAP/MAP032.BIN:00A495	2	美しいオルドスの町並みの中でも\nやっぱり、この場所が{0F}１番好きだなあ。{0E}{09}	
07977	MAP/MAP032.BIN:00A4DE	2	すみません。\nあの、フィーロ先生ですか？{0E}	
07978	MAP/MAP032.BIN:00A525	1	ああ、そうだけど。{0E}{09}	
07979	MAP/MAP032.BIN:00A53C	1	よかった。\nやっと見つかった。{0E}{09}\n{02}	
07980	MAP/MAP032.BIN:00A55E	1	いっしょに旅をしてる友達が、\n幻術使いに呪いをかけられてしまって大変なんだ。{0E}{0A}{02}+幻術使いの呪いだって！\nそりゃあ、本当に大変だ。{0F}どこにいるんだね？{0E}{09}{0F}{02}	
07981	MAP/MAP032.BIN:00A5F4	2	宿屋です。{0E}{0A}{02}+よし、すぐに行こう！{10}	
07982	MAP/MAP032.BIN:00A684	2	すまないが、パレンのところから\n本を借りてきてくれ。{0F}私も、できるだけのことをして\n病状の悪化をふせいでおく。{10}	
07983	MAP/MAP032.BIN:00A6F8	2	私には、病状が悪化するのを\nふせぐことぐらいしかできないが{0F}安心したまえ。{10}	
07984	MAP/MAP032.BIN:00A748	2	ははは。{0F}ウービィは気づいてないが、\n私はずっとここにいるんだよ。{0F}やっぱり、追い出すのも\n可哀相だしね。{0F}本人がその気になるまで\nいさせてあげることにしたよ。{0F}じゃあ、気をつけて村に帰るんだよ。{10}	
07985	MAP/MAP032.BIN:00A80E	2	この町に住んでいる者は、{0F}みんな神官の子孫とか\n賢者の血縁の者なんだよ。{0F}私なんか修行なんて何もしてないけど神官の遠縁ってことだけで\nここに住ませてもらってるんだ。{0F}ありがたいことだ。{10}	
07986	MAP/MAP032.BIN:00A8CA	2	オルドスのチャッペルへようこそ。{10}	
07987	MAP/MAP032.BIN:00A8F6	2	どうか心構えもお忘れなく。{10}	
07988	MAP/MAP032.BIN:00A936	2	どなたに、お教えしましょう？{10}	
07989	MAP/MAP032.BIN:00A95A	2	どのような\nチャッペル魔法を{0F}お授けいたしましょう？{10}	
07990	MAP/MAP032.BIN:00A994	6	{08}ですね？{10}	
07991	MAP/MAP032.BIN:00A9B0	2	『魔法に頼る者はあやまちを犯す。』{0F}先々代の大神官さまの\nお言葉でございます。{10}	
07992	MAP/MAP032.BIN:00AA04	2	『魔法を使う者は心清くあれ。』{0F}先代の大神官さまの\nお言葉でございます。{10}	
07993	MAP/MAP032.BIN:00AA7E	1	この先はオルドスの大聖堂です。{0F}オルドス大聖堂参拝の方以外は\n申し訳ありませんが\nお通しできません。{0E}オルドス大聖堂に行くのは\nクリスの体が治ってからにしようと\nジュリオは思った。{10}	
07994	MAP/MAP032.BIN:00AB88	4	おやおや、緊張をといて\nゆっくりと考えてくださいよ。{0E}	
07995	MAP/MAP032.BIN:00ABDC	4	{09}{10}{02}{01}ねえ、ジュリオ。{0F}きっと、ログにだって\nわかったんだから、\n私たちにわからないはずないわ。{0E}{09}{0A}{02}	
07996	MAP/MAP032.BIN:00AC3C	4	ログって、頭よかったんだね。{0E}{09}\n{02}{01}感心してる場合じゃないでしょ。{0E}	
07997	MAP/MAP032.BIN:00ACA2	4	あわてずに考えれば\n必ずわかることです。{0F}落ち着いて考えて、\nもう１度始めから\nやってみてください。{10}	
07998	MAP/MAP032.BIN:00AD16	4	おや、それはどうですか。{0F}あわてずに、もう１度始めから\nやってみてください。{10}	
07999	MAP/MAP032.BIN:00AD7A	4	落ち着いて考えてから、\nもう１度挑戦してみてください。{10}	
08000	MAP/MAP032.BIN:00AE16	4	これより先はオルドスの大聖堂です。{0F}大聖堂参拝の方ですか？{0E}	
08001	MAP/MAP032.BIN:00AE82	2	はい、\nボクたち巡礼の旅できました。{0F}ラグピック村の\nジュリオとクリスです。{0E}	
08002	MAP/MAP032.BIN:00AEDA	2	そうですか、わかりました。{0F}ここから先は\n４つのシャリネを巡ってきた者しか\nお通しできません。{0F}失礼ですが、\nテストをさせていただきます。{0F}これより簡単な問答をいたします。\nすべてに答えられれば\nお通しいたしましょう。{10}	
08003	MAP/MAP032.BIN:00AFF6	2	問いは５つです。よろしいですか？{0F}お２人で考えてくださって結構です。巡礼の旅で得た知識があれば、\n必ず簡単に答えがわかるでしょう。{0E}{02}.第１の問い。{0F}シャリネが司るものは\n水、地、火、風、空。{0F}ディーネのシャリネでは\n何を司っている？{10}	
08004	MAP/MAP032.BIN:00B0DE	3	第２の問い。{0F}では、テグラのシャリネでは\n何を司っている？{10}	
08005	MAP/MAP032.BIN:00B11C	3	第３の問い。{0F}では、イグニスのシャリネでは\n何を司っている？{10}	
08006	MAP/MAP032.BIN:00B15C	3	第４の問い。{0F}では、シフールのシャリネでは\n何を司っている？{10}	
08007	MAP/MAP032.BIN:00B19C	3	第５の問い。{0F}魔法の鏡は真実のみを映しだす。{10}	
08008	MAP/MAP032.BIN:00B1DE	4	そのとおりです。{0F}魔法の鏡は、必ずしも真実だけを\n映しだすわけではありません。{0F}予言は警告であり、\n努力によって回避することも\n可能なのです。{0F}それをわかっている方であれば、\nオルドス大聖堂の\n空のシャリネをご覧になり、{0F}得るものもあるでしょう。{0F}さあ、どうぞ。お通りください。{10}	
08009	MAP/MAP032.BIN:00B3BA	2	御自由にお通りください。{10}	
08010	MAP/MAP032.BIN:00B3DA	2	おお、あなた方ですか。{0F}あなた方の参拝は、済んだはず。\nさぁ、さらなる目的に向かって\n旅立ちなさい。{10}	
08011	MAP/MAP032.BIN:00B444	2	ぃらっしゃい。{0F}元気いっぱいの青空営業だ。\n防具の品揃えには自信があるぜ。{10}	
08012	MAP/MAP032.BIN:00B498	2	へい。\nまいど、ありぃ！{10}	
08013	MAP/MAP032.BIN:00B4E6	2	何がほしいんだ？{10}	
08014	MAP/MAP032.BIN:00B4FE	2	ああ{08}は{06}で\n手を打とう。{10}	
08015	MAP/MAP032.BIN:00B51E	2	何を買ってほしいんだ？{10}	
08016	MAP/MAP032.BIN:00B53C	2	{08}？{0F}そんなの引き取っても、\n困るんだよな。{0F}まあ{06}が精一杯ってところだな。{10}	
08017	MAP/MAP032.BIN:00B590	2	１ゴアあたり{06}だけど\nどうすんだ？{10}	
08018	MAP/MAP032.BIN:00B5B8	2	よし、それじゃ{06}だ。{10}	
08019	MAP/MAP032.BIN:00B5D4	2	なんだぁ？{0F}ひやかしだったら\nさっさと帰ってくれよな！{0F}換金しないなら\n始めっから聞くなよ。{0F}まったく、もう！{10}	
08020	MAP/MAP032.BIN:00B646	2	換金ってのは、\nラピカがなけりゃできないんだぜ。{0F}そんなことも知らなかったのか？{10}	
08021	MAP/MAP032.BIN:00B69C	2	他の用は？{10}	
08022	MAP/MAP032.BIN:00B6AE	2	へい、らっしゃい。{0F}うちの店は武器の品揃えは\n三国一だ。\nほら、見てってくれよ。{10}	
08023	MAP/MAP032.BIN:00B708	2	また、よってくれな。{10}	
08024	MAP/MAP032.BIN:00B756	2	どの武器でもいいよ。\n早く選んでくれよ。{10}	
08025	MAP/MAP032.BIN:00B786	1	{08}か・・・{0F}よーし、思い切って\n{06}でいいや。{10}	
08026	MAP/MAP032.BIN:00B7B6	2	何を売ってくれるのかな？\n役に立つものがいいな・・・{10}	
08027	MAP/MAP032.BIN:00B7F2	1	そっ、それは\n幻の{08}じゃないか。{0F}{06}出すから、ぜひとも\n売ってくれ。{10}	
08028	MAP/MAP032.BIN:00B83E	2	１ゴアあたり\n５０ピアになってるよ。{0E}{02}0あれっ？{0F}あっ、そうそう。\nこの換金率は先月までのだった。{0F}今は{06}でやってるんだ。\nそれでもいいかい？{10}	
08029	MAP/MAP032.BIN:00B8CE	2	いやー、まちがえて悪かったね。\n全部で{06}だからね。{10}	
08030	MAP/MAP032.BIN:00B906	2	そうか・・・{0F}悪かったね。\nちょっとでも喜ばせちゃって。{10}	
08031	MAP/MAP032.BIN:00B944	2	おやおや、ラピカがないようだね。\n早くためてきなよ。{10}	
08032	MAP/MAP032.BIN:00B980	2	他にできることはあるかな？{10}	
08033	MAP/MAP032.BIN:00B9AC	2	オルドスは聖者の町ですからね。{0F}戦いのための武器を売る武器屋は\n町の中に入れてもらえないのよ。{10}	
08034	MAP/MAP032.BIN:00BA1A	2	オルドスは聖なる都だから、\n町の中では武器の販売は{0F}できないのよ。{0F}でも、旅人が魔獣から身を守るのに\n武器も必要でしょ。{0F}だから、関所の外での\n販売は許されているのよ。{10}	
08035	MAP/MAP032.BIN:00BAC6	2	武器屋さんだけは町の外だけど、\nあとのお店は町の中にあるから{0F}そこで買い物できるわよ。{10}	
08036	MAP/MAP032.BIN:00BB5F	8	友だちの具合はどうだい？{0E}{09}\n{02}	
08037	MAP/MAP032.BIN:00BB7C	4	うん。今、フィーロ先生を\nさがしているところなんだ。{0E}{0A}{02}2そうか、たいへんだね。{0F}早く良くなればいいけどな。{0E}	
08038	MAP/MAP032.BIN:00BBED	4	フィーロ先生には会えたかい？{0F}{09}\n{02}	
08039	MAP/MAP032.BIN:00BC0E	4	フィーロ先生は見つかったんだけど\nパレンさんが持っている本を{0F}見なければ、\nわからないらしいんだ。{0F}{0A}{02}2そうか、たいへんだね。{0F}早く良くなればいいけどな。{10}	
08040	MAP/MAP032.BIN:00BCF0	4	それが、フュエンテ国に行かなければならなくなっちゃったんだ。{0E}{0A}{02}2えっ？\nフュエンテ国に！{0F}たった１人で？{0E}{09}	
08041	MAP/MAP032.BIN:00BD5B	4	フュエンテ国には呪いを解く秘薬を\n作れるリズっていう人がいるんだ。{0E}{0A}{02}2そうか、気をつけて行くんだぞ。{0F}フュエンテ国へ行くには、\nこの先の別れ道を南にくだるんだ。{0F}いいね、南だぞ。{0E}{09}	
08042	MAP/MAP032.BIN:00BE53	2	本当に１人で大丈夫かなぁ・・・。\nなあキミ。方向感覚はいい方かい？{10}	
08043	MAP/MAP032.BIN:00BEAB	2	おいおい。よく聞いてくれ。{0F}南にくだるとアンビッシュ国側と\nフュエンテ国側に抜ける\n二股の関所があるから、{0F}必ずフュエンテ国側に抜けるんだ。{0F}少しでも自信がなくなったら、\n誰でもいい、\n近くにいる人に話しかけて{0F}道が正しいか聞いてみるんだよ。{10}	
08044	MAP/MAP032.BIN:00BF9F	2	なら、心配ないな。{0F}南にくだるとアンビッシュ国側と\nフュエンテ国側に抜ける\n二股の関所があるから、{0F}必ずフュエンテ国側に\n抜けていくんだよ。{10}	
08045	MAP/MAP032.BIN:00C039	2	お帰り。\nやったな。よく、連れてきたね。{0E}{09}\n{02}	
08046	MAP/MAP032.BIN:00C065	2	それが、まだなんだ。{0F}秘薬を作るために必要なものが\nまだたりないんだよ。{0E}{0A}{02}2そうか・・・。{0E}{09}	
08047	MAP/MAP032.BIN:00C0C2	2	でも、もう少しだよ。{0F}必ず見つけて\nすぐに戻ってくるからね。{0E}{0A}{02}2わかった。{0F}フィーロ先生たちには\n私から伝えておくよ。{0E}{09}	
08048	MAP/MAP032.BIN:00C139	2	ありがとう。{0E}{0A}{02}2ジュリオくん、頑張るんだよ。{10}	
08049	MAP/MAP032.BIN:00C173	1	フィーロ先生たちには\n私から伝えておくよ。{10}	
08050	MAP/MAP032.BIN:00C1AF	2	ジュリオさん！\n心配しましたよ。{0F}おや、その方たちは・・・？{0E}{09}	
08051	MAP/MAP032.BIN:00C1EE	2	この人は、{0F}フュエンテ国の調薬師リズの\n娘のフィリー。{0F}リズの代わりに来てくれたんだ。{0F}それと、グースの知り合いの\nシャーラだよ。{0E}{0A}{02}2そうですか。{0F}では、お２人の入国手続きもすぐに。それで、薬の方は？{0E}{09}	
08052	MAP/MAP032.BIN:00C2B5	2	材料は手に入れたよ。{0F}あとはフィリーに\n秘薬を作ってもらうだけだよ。{0E}{0A}{02}2よかった。これで呪いが解けますね。{0F}わかりました。\nお２人の手続きは私が\nやっておきますから{0F}すぐに診療所へ行ってあげてください。{0E}{09}	
08053	MAP/MAP032.BIN:00C37E	16	ありがとう。{10}	
08054	MAP/MAP032.BIN:00C3A7	4	お２人の手続きは私が\nやっておきますから{0F}すぐに診療所へ\n行ってあげてください。{0E}{09}	
08055	MAP/MAP032.BIN:00C4FF	4	友だちの病気が治ったようだね？{0F}大聖堂には、まだ行っていないのか。{0F}はやく行ってごらん。\nそれが君達の目的だろ？{10}	
08056	MAP/MAP032.BIN:00C575	2	よかったね。{0F}せっかくオルドスまで来たのに、\nずっと呪われたままじゃ、\n悲しすぎますからね。{10}	
08057	MAP/MAP032.BIN:00C5E0	2	オルドス国で騒ぎを起こすような\n不信心者はいないから、{0F}見張っている必要はないんだがね。{0F}まあ、見張りも大事なつとめだ。\n文句は言うまい。{10}	
08058	MAP/MAP032.BIN:00C66E	2	やあ、大変だったね。{0F}いつもここから見ていたから、\n私も気になっていたんだ。{0F}リュネルも、\n君が薬を求めてオルドス国を\n出て行ってから{0F}ずっと、心配顔で門に\n立っていたんだよ。{0F}あいつもいいところあるね。{10}	
08059	MAP/MAP032.BIN:00C74E	2	やあ、お連れは大丈夫かい？{0F}お大事にな。\nせっかくオルドスに来たんだ。{0F}早く体を治して\n大聖堂へ行っておいでよ。{10}	
08060	MAP/MAP032.BIN:00C7C6	2	せっかくオルドスに来たんだ。{0F}早く体を治して\n大聖堂へ行っておいでよ。{10}	
08061	MAP/MAP032.BIN:00C812	1	お連れの具合が治ったようだね。\n良かったね。{10}	
08062	MAP/MAP032.BIN:00C864	2	ほう、お友達が病気に。{0F}それは大変ですな。\n早く治ればよろしいですね。{10}	
08063	MAP/MAP032.BIN:00C8BA	2	ああ。{0F}あなた方の入国手続きは\n済んでおります。\n問題ありませんよ。{0F}以降、オルドス国への出入りは\n御自由ですので\n銀の短剣を示す必要は{0F}ありませんよ。{10}	
08064	MAP/MAP032.BIN:00C958	4	以降、オルドス国への出入りは\n御自由ですので{0F}銀の短剣を示す必要はありませんよ。{10}	
08065	MAP/MAP032.BIN:00C9B8	1	はい。フィリーさん達の\n手続きもやっておきますから。{0F}それにしても、\nジュリオさんが連れてくるお仲間は\nあわただしい人ばかりですな。{0F}以降、オルドス国への出入りは\n御自由ですので{0F}銀の短剣を示す必要は\nありませんよ。{10}	
08066	MAP/MAP032.BIN:00CAEA	2	お友達は\nすっかり良くなったようですね。{0F}本当に良かったですね。{10}	
08067	MAP/MAP032.BIN:00CB30	2	いつも、旅をすると思うけど、\n旅先での病気が１番心細いのよね。{0F}お大事にね。{10}	
08068	MAP/MAP032.BIN:00CB96	2	大聖堂を見にきたんだけど、\nあそこはシャリネを{0F}全部まわった人しか\n入れてくれないんだってな。\nくそう、知らなかった。{0F}そう、あんた全部まわってきたの。\nいいなぁ・・・。{10}	
08069	MAP/MAP032.BIN:00CC42	2	ここがオルドスか。{0F}あんがい狭いところだな。{0E}{02}	
08070	MAP/MAP032.BIN:00CC70	2	この奥に町があって、\nそのまた奥に大聖堂があるんだよ。{0F}行ったの？{0E}{02}6えっ？{0F}そうだったの・・・。知らなかった。{0E}早とちりして\n村に帰らなくて良かった。{0F}これから、ゆっくりと\nオルドスを見物するとしようか。{10}	
08071	MAP/MAP032.BIN:00CD42	2	早とちりして\n村に帰らなくて良かった。{0F}これから、ゆっくりと\nオルドスを見物するとしようか。{10}	
08072	MAP/MAP032.BIN:00CDB6	1	{09}{01}{02}{01}ジュリオ・・・。{0F}私たち、オルドスに\nついたのね・・・。{0E}{09}{0E}{02}	
08073	MAP/MAP032.BIN:00CDF5	3	うん。{0E}{09}{01}{02}{01}へへ・・・。{0F}オルドスについたと思ったら\nなんだか安心しちゃった・・・。{0E}{09}	
08074	MAP/MAP032.BIN:00CE4B	3	すぐに良くなるよ。{0F}よくなったら、\nいっしょに大聖堂へいこうね。{0E}{09}{01}{02}{01}うん。{0E}	
08075	MAP/MAP032.BIN:00CE9C	3	クリスはかなりつらそうだ。{10}	
08076	MAP/MAP032.BIN:00CEBC	1	{09}{0E}{02}{01}いっしょに大聖堂へいこうね。{10}	
08077	MAP/MAP032.BIN:00CEE2	3	{09}{01}{02}{01}ジュリオ、ありがとう・・・。{10}	
08078	MAP/MAP032.BIN:00CF12	4	{09}{01}{02}{03}たかが幻術使いの呪いじゃねえか。{0F}大丈夫だ。\n俺はいつだってツイてるんだ。{0F}うっ・・・。{10}	
08079	MAP/MAP032.BIN:00CF72	4	{09}{01}{02}{03}最高にカッコいいぜ・・・。{10}	
08080	MAP/MAP032.BIN:00CFB6	2	{02}{07}２人の様子は私がみております。{10}	
08081	MAP/MAP032.BIN:00CFDE	2	{02}{07}フィーロ先生がこの調子では、\n正直言いまして、{0F}少し心配になってきました。{10}	
08082	MAP/MAP032.BIN:00D030	2	{02}{07}ミロポストを見ながら\nお進みになれば、{0F}道に迷うこともないと\n思いますが・・・。{0F}くれぐれも、魔獣には\nお気をつけください。{0E}{09}	
08083	MAP/MAP032.BIN:00D0AE	2	うん、リズにわけを話して\n必ずオルドスへ来てもらうよ。{10}	
08084	MAP/MAP032.BIN:00D0EC	2	{02}{07}さあ、最後の魔法の鏡を\nしっかりとその目で{0F}ご覧になっていらっしゃいませ。{10}	
08085	MAP/MAP032.BIN:00D150	2	{09}{01}{02}{01}ジュリオ・・・。{0F}私たち、オルドスに\nついたのね・・・。{0E}{09}	
08086	MAP/MAP032.BIN:00D256	2	{09}{01}{02}{01}いっしょに大聖堂へいこうね。{10}	
08087	MAP/MAP032.BIN:00D454	2	これより先はオルドスの大聖堂です。{0F}大聖堂参拝の方以外は\n申し訳ありませんが\nお通しできません。{0E}オルドス大聖堂に行くのは\nクリスの体が治ってからにしようと\nジュリオは思った。{10}	
08088	MAP/MAP032.BIN:00DD9C	2	おお、あなた方ですか。{0E}	
08089	MAP/MAP032.BIN:00DDC4	2	あなた方の参拝は、済んだはず。\nさぁ、さらなる目的に向かって\n旅立ちなさい。{10}	
08090	MAP/MAP032.BIN:00DE7A	1	{09}{09}{02}{02}何やってんだい！\nさっさと、診療所へ行くんだよ！{10}	
08091	MAP/MAP032.BIN:00E1E5	2	パレンさんから本は借りれたかい？{0E}{09}\n{02}	
08092	MAP/MAP032.BIN:00E20A	1	うん。{0F}あとは、フィーロ先生に\n本を持っていけばいいんだ。{0F}{0A}{02}2それは、よかった。\n早く持っていってあげるといいよ。{10}	
08093	MAP/MAP032.BIN:00E484	2	ジュリオさん！{0E}	
08094	MAP/MAP032.BIN:00E4B8	1	心配しましたよ。{0F}	
08095	MAP/MAP032.BIN:00E4D6	1	おや、その方たちは・・・？{0E}{09}	
08096	MAP/MAP032.BIN:00E4F5	1	この人は、{0F}フュエンテ国の調薬師リズの\n娘のフィリー。{0F}リズの代わりに来てくれたんだ。{0F}それと、グースの知り合いの\nシャーラだよ。{0E}{02}2そうですか。{0F}では、お２人の入国手続きもすぐに。	
08097	MAP/MAP032.BIN:00E5A8	1	それで、薬の方は？{0E}{09}	
08098	MAP/MAP032.BIN:00E5BF	2	材料は手に入れたよ。{0F}あとはフィリーに\n秘薬を作ってもらうだけだよ。{0E}{02}2よかった。これで呪いが解けますね。{0F}わかりました。\nお２人の手続きは私が\nやっておきますから{0F}すぐに診療所へ\n行ってあげてください。{0E}{09}	
08099	MAP/MAP032.BIN:00EBD0	1	オルドス国　オルドス	
08100	MAP/MAP032.BIN:00EC05	2	ようこそオルドス国へ。{0F}おや、顔色の悪い方が\nいらっしゃいますね。{0F}どうぞ、急いで中へ。{0E}	
08101	MAP/MAP032.BIN:00EDD7	2	入国の手続きなど後でかまいません。{0F}さあ、こちらへ。{0E}	
08102	MAP/MAP032.BIN:00F1DD	2	とりあえず、\nここで休ませてあげてください。{0F}入国の手続きは\n私が代わりにやっておきますから。{0E}{09}	
08103	MAP/MAP032.BIN:00F23B	2	{02}{07}誠にありがとうございます。\nお世話をおかけしました。{0E}{0A}{02}2私は関所に戻りますが、\n早く医者に診せた方がいいですね。{0F}呪いばらいなら、\nオルドス国には、\nいい先生がいますよ。{0F}フィーロ先生に診てもらいなさい。\n	
08104	MAP/MAP032.BIN:00F344	2	じゃあ、私はこれで。{0E}{09}	
08105	MAP/MAP032.BIN:00F35B	2	{02}{07}どうも、ご親切に。\nありがとうございました。{0E}	
08106	MAP/MAP032.BIN:00F3D8	2	フィーロ先生を呼んでくるよ。{0F}モリスンさんは\n２人のそばにいてあげて。{0E}{09}	
08107	MAP/MAP032.BIN:00F41F	2	{02}{07}はい、承知いたしました。{10}	
08108	MAP/MAP032.BIN:00F5FB	2	ふーむ・・・。{0E}	
08109	MAP/MAP032.BIN:00F62E	1	いかんなー。{0E}{09}{0E}{02}	
08110	MAP/MAP032.BIN:00F63F	1	ど、どうですか？{0E}	
08111	MAP/MAP032.BIN:00F675	1	・・・・・・・・。\nうーん。{0F}これは強力な呪いだ。{0E}	
08112	MAP/MAP032.BIN:00F6C8	2	こんなのは初めてだよ。{0E}	
08113	MAP/MAP032.BIN:00F6FA	2	とりあえず、２人を\n私の診療所へ連れていこう。{10}	
08114	MAP/MAP032.BIN:00F79D	2	私の力で治せるかどうか、\n難しいところだね。{0F}とにかく、やるだけやってみよう。{0E}	
08115	MAP/MAP032.BIN:00F82F	2	ありゃ、ダメだ・・・。{0E}{09}\n{02}	
08116	MAP/MAP032.BIN:00F84A	5	・・・・・・・・。{0E}	
08117	MAP/MAP032.BIN:00F87B	2	隣の人はどうかな。{0E}	
08118	MAP/MAP032.BIN:00F8CF	2	まただ。{0F}なんて強力な呪いなんだ。\nこりゃー、てごわいぞ。{0E}{09}{0E}{02}	
08119	MAP/MAP032.BIN:00F90C	2	フィーロ先生。\nなんとかならないの？{0E}{09}	
08120	MAP/MAP032.BIN:00F932	2	{02}{07}よろしくお願い申し上げます。{0E}{0A}{02}+うーん、そうだなぁ。{0E}	
08121	MAP/MAP032.BIN:00F970	2	あっ、そうだ！{0F}	
08122	MAP/MAP032.BIN:00F99A	2	たしかパレンの家に\nこんな症状の呪いの解き方が\n書かれた本があったなぁ。{0F}すまないが、\nパレンのところへ行って\n本を借りてきてくれないか。{0E}{09}	
08123	MAP/MAP032.BIN:00FA24	2	パレンさんのとこだね。{10}	
08124	MAP/MAP032.BIN:00FAD1	2	えい！{0E}	
08125	MAP/MAP032.BIN:00FB0B	2	ああ、ご苦労さん。\nそれだ、それだ。{0E}	
08126	MAP/MAP032.BIN:00FB56	2	ジュリオは、\nパレンの本をフィーロに渡した。{0E}フィーロは、\nすぐにページをめくると{0F}クリスたちの症状にあう、\n呪いを解く方法が\nのっていないか探した。{0E}	
08127	MAP/MAP032.BIN:00FC46	2	うーん、\nここでもない。{0E}	
08128	MAP/MAP032.BIN:00FCC6	2	ちがう、ちがう。{0E}	
08129	MAP/MAP032.BIN:00FD32	2	たしかに、\nのっていたと思ったんだが。{0E}	
08130	MAP/MAP032.BIN:00FDC4	2	だいじょうぶかなぁ・・・。{0E}	
08131	MAP/MAP032.BIN:00FE04	2	おっ、あった！\nここだ。{0E}	
08132	MAP/MAP032.BIN:00FE2C	2	えーと、なになに。{0E}	
08133	MAP/MAP032.BIN:00FE46	2	回復の魔法をはじく\n呪いがかかっている場合・・・っと。{0F}通常の呪いばらいが通じないほどの\n強力な呪いがかけられている場合、{0F}特製の秘薬を\nもちい解除する方法がある。{0E}なお、現在では秘薬の調合方法を\n受け継いでいる者は{0F}フュエンテ国の調薬師リズのみと\nされている。{0E}{09}\n{02}	
08134	MAP/MAP032.BIN:00FF48	2	フュエンテ国なの？{0E}	
08135	MAP/MAP032.BIN:00FF6E	2	{02}{07}お隣の国でございますな。{0E}	
08136	MAP/MAP032.BIN:00FF9D	2	つまり、残念だけど・・・、{0F}このオルドス国では\nどうにもならないってわけだ。{0E}{09}{0E}{02}	
08137	MAP/MAP032.BIN:00FFEC	2	・・・・・・・・そんな。\n	
08138	MAP/MAP032.BIN:01000C	1	・・・・・・・・。\nボク、リズのところへ行ってくるよ。{0E}{09}	
08139	MAP/MAP032.BIN:010044	2	{02}{07}えっ？{0E}	
08140	MAP/MAP032.BIN:010062	2	モリスンさんは、\n悪いけどボクが戻るまで{0F}２人の介抱をお願いします。{0E}{09}	
08141	MAP/MAP032.BIN:0100A7	1	{02}{07}それはかまいませんが・・・。{0F}しかし、１人で行かれるなんて\n危険でございます。{0F}途中、魔獣も\nあらわれるでしょうに。{0E}{09}	
08142	MAP/MAP032.BIN:01011E	2	だいじょうぶだよ。{0F}わけを話してリズに\nオルドスへ来てもらうよ。{0E}{09}	
08143	MAP/MAP032.BIN:01015F	2	{02}{07}仕方ありませんですな。{0F}ミロポストを\n見ながらお進みになれば、{0F}道に迷うこともないと\n思いますが・・・。{0F}くれぐれも、\n魔獣にはお気をつけください。{10}	
08144	MAP/MAP032.BIN:0103A8	2	{02}{07}おお、ジュリオさま。\n戻られましたか。{0E}{09}{0E}{02}	
08145	MAP/MAP032.BIN:0103D4	2	モリスンさん、\n２人の具合はどう？{0E}	
08146	MAP/MAP032.BIN:01041E	2	{02}{07}一進一退を\n繰り返しております。{0E}{02}+ジュリオくん、リズは？{0E}	
08147	MAP/MAP032.BIN:010496	2	{02}{05}リズの娘のフィリーです。\nお母さんの代わりにきました。{0E}{02}+そうか、娘さんがいたのか。{0F}秘薬は・・・大丈夫かい？{0E}{09}	
08148	MAP/MAP032.BIN:010506	1	{02}{05}はい。作り方は教わっています。{0F}さっそく、ご用意いたします。{0E}{09}	
08149	MAP/MAP032.BIN:010548	2	フィリー、頼んだよ。{0E}	
08150	MAP/MAP032.BIN:010578	2	{09}{0A}{02}{05}ええ、やってみますわ。{0E}	
08151	MAP/MAP032.BIN:01061C	2	フィリーは秘薬の調合を始めた。{0E}	
08152	MAP/MAP032.BIN:010692	1	ポシェットから\nいくつかのハーブを取り出すと\n慎重に分量を計りながら{0F}混ぜ合わせ、水で溶いた。{0E}	
08153	MAP/MAP032.BIN:01071E	1	ハーブティーを\n作る要領に似ていた。{0E}	
08154	MAP/MAP032.BIN:010760	2	{02}{05}あとは\nアルグレスの角を入れれば完成です。{0E}	
08155	MAP/MAP032.BIN:0107AC	2	最後にフィリーは\nアルグレスの角の粉を加え、{0F}薬の色が一定になるまで\nかき混ぜた。{0F}乳白色の秘薬ができあがった。{0E}{09}{0A}{02}{05}できました。{0E}	
08156	MAP/MAP032.BIN:010846	2	これをお２人に\n飲ませてあげてください。{0E}	
08157	MAP/MAP032.BIN:0108E4	2	シャーラは\n秘薬をグースに飲ませた。{0E}	
08158	MAP/MAP032.BIN:010918	2	{09}\n{02}{03}んっ・・・んんん。{0F}シャーラ・・・？{0E}	
08159	MAP/MAP032.BIN:010948	2	・・・シャーラじゃねーか！{0E}	
08160	MAP/MAP032.BIN:01096A	2	グースが回復した！{0E}{09}	
08161	MAP/MAP032.BIN:01097F	2	{02}{03}まったく、\nとんでもない目にあったぜ。{0F}でも、シャーラ・・・。\n何でここにいるわけ？{0E}{09}{08}{02}{02}いたら悪いかよ。{0E}	
08162	MAP/MAP032.BIN:010A22	2	ジュリオは\n秘薬をクリスに飲ませた。{0E}{09}\n{02}{01}うっ・・・・・。{0F}ジュリオ・・・・・。{0F}・・・ジュリオ！{0E}	
08163	MAP/MAP032.BIN:010A88	2	クリスが回復した！{0E}{09}	
08164	MAP/MAP032.BIN:010A9D	2	{02}{01}ありがとう、ジュリオ。{0F}呪いが解けたみたい・・・。\n頭がハッキリしてきたわ。{0E}	
08165	MAP/MAP032.BIN:010AFE	1	\n\n\n　　　　　多くの人々の協力により、無事に\n　　　　　クリスとグースの呪いは解けた。\n　　　ジュリオはこれまで協力してくれた人々に\n　　　　　　　　心の底から感謝した。\n　　　　　グースとシャーラは再会を喜び、\n　　　　２人でうれしそうに語り合っている。\n	
08166	MAP/MAP032.BIN:010C0E	1	\n\n\n\n　　　　　　　ジュリオたちは口々に\n　　　　　クリスとグースの回復を喜んだ。\n　　　　　　　やがてアルグレスの角を\n　　　　　　　見つけるまでの冒険談に\n　　　　　　しばらくのあいだ花が咲いた。\n	
08167	MAP/MAP032.BIN:010D32	2	{02}{01}宿屋に戻ったら\nさっそく出発しましょう。{0F}のんびりしてる時間はないわ。{0E}{09}	
08168	MAP/MAP032.BIN:010D7D	2	ねえ、クリス。{0E}{09}	
08169	MAP/MAP032.BIN:010D9D	2	ボク、思うんだけど。{0F}モリスンさんには、\n内緒にしておいた方が\nいいんじゃないかなぁ。{0E}	
08170	MAP/MAP032.BIN:010E0C	2	優しいモリスンさんのことだからね。{0F}ラウアールのことなんて知ったら、\nアンビッシュ国に戻るのをヤメて{0F}ルード城へ\n一緒に行くって言い出すよ。{0E}{09}	
08171	MAP/MAP032.BIN:010E97	2	{02}{01}そうね、これ以上モリスンさんの\nお世話になるのも申し訳ないものね。{0F}アンビッシュ国のアルフだって\nモリスンさんが戻らないと\n困るでしょうし・・・。{0F}モリスンさんには悪いけど、\n内緒にしておいた方がいいわね。{0E}{09}	
08172	MAP/MAP032.BIN:010F66	2	うん。そうしよう。{10}	
08173	MAP/MAP032.BIN:0110C0	2	{02}{07}大聖堂はいかがでしたか？{0E}	
08174	MAP/MAP032.BIN:0110F0	2	中も、すごく立派だったよ。{0F}魔法の鏡も見たよ。{0F}大神官さまとも話したよ。{0E}{09}	
08175	MAP/MAP032.BIN:011139	2	{02}{07}それはよろしゅうございました。{0F}私も以前、\n大聖堂で修行いたしましたが、\n思い出しますなぁ・・・。{0E}	
08176	MAP/MAP032.BIN:0111AC	2	{09}{0A}{02}{01}ジュリオったら、\nずっと感動してるのよ。{0E}{09}	
08177	MAP/MAP032.BIN:0111DA	2	{02}{07}いやいや、\nそれは、ごもっともでございますよ。{0F}ともかく、これで私も\n肩の荷が下りました。{0F}アンビッシュ国に帰り、\n陛下に胸を張ってご報告ができます。{0E}{09}	
08178	MAP/MAP032.BIN:011270	2	{02}{01}モリスンさん、\n本当にありがとうございました。{0E}{09}	
08179	MAP/MAP032.BIN:0112A4	2	アルフに・・・あ、いけない。\nアルフレッド王に、{0F}無事にオルドスへ着いたって\n伝えてね。{0E}{09}	
08180	MAP/MAP032.BIN:0112FC	2	{02}{07}はい、承知いたしました。{0E}{09}{0E}{02}{05}ジュリオさん、\n	
08181	MAP/MAP032.BIN:011346	2	途中までご一緒に行きましょう。{0F}ここから１人で\nお家まで戻るのは心細いの。{0E}	
08182	MAP/MAP032.BIN:0113A2	2	ねっ、お願い。{0E}{09}{0A}{02}	
08183	MAP/MAP032.BIN:0113B5	1	もちろんだよ。{0F}オルドスまで来てもらったのは\nボクらのせいなんだし、\n責任をもって家まで送るよ。{0E}	
08184	MAP/MAP032.BIN:01142E	2	{09}\n{02}{01}（ジュリオったら調子いいの・・・）{0E}{09}{0A}{02}{05}よかった。{0E}	
08185	MAP/MAP032.BIN:01146C	1	ラウアールの波のことは、\nあえてモリスンには話さなかった。{0F}大聖堂の参拝を終えたジュリオたちはすぐに故郷のフォルティア国に向けて帰路につくことになった。{0E}	
08186	MAP/MAP032.BIN:011516	2	{02}{07}では、ここで私は失礼いたします。{0E}	
08187	MAP/MAP032.BIN:01156E	2	なんだか淋しいね。{0E}{09}	
08188	MAP/MAP032.BIN:011583	2	{02}{07}いろいろとありましたが、\n楽しい旅でございました。{0F}どうか、この先もお体に気をつけて\nご無事に故郷までお帰りください。{0E}{09}	
08189	MAP/MAP032.BIN:0115FB	2	{02}{01}ええ、ありがとう。{0E}{09}	
08190	MAP/MAP032.BIN:011612	2	{02}{07}では、お元気で。{0E}{09}	
08191	MAP/MAP032.BIN:011629	2	モリスンさんも元気でね。{0E}{09}	
08192	MAP/MAP032.BIN:011644	2	{02}{01}マギサさんにもよろしくね！{0E}{09}	
08193	MAP/MAP032.BIN:011663	2	{02}{07}承知いたしました！{0E}	
08194	MAP/MAP032.BIN:0116F6	2	{02}{01}さようなら、モリスンさん！{0F}	
08195	MAP/MAP032.BIN:01172E	2	お城にまだローディがいたら、\n追い出していいからねー！{0E}{09}	
08196	MAP/MAP032.BIN:011766	2	{02}{07}心得ております！{0E}{09}	
08197	MAP/MAP032.BIN:01177D	2	さよならー！{0E}{09}	
08198	MAP/MAP032.BIN:0117D0	4	行っちゃったね。{0E}{09}	
08199	MAP/MAP032.BIN:0117E3	2	{02}{01}ええ。{0E}{09}	
08200	MAP/MAP032.BIN:0117F0	2	なんだか悪いことしたみたいだなぁ。{0E}{09}	
08201	MAP/MAP032.BIN:011815	2	{02}{01}そんなことないわよ。\nきっと・・・。{0E}	
08202	MAP/MAP032.BIN:011868	2	{02}{05}さあ、まいりましょう。{0E}	
08203	MAP/MAP032.BIN:01189C	2	お別れはいつでもつらいものですわ。{0E}	
08204	MAP/MAP032.BIN:0118EE	2	{09}{07}{02}{05}私なんて\nジュリオさんとお別れするとき、\n泣いてしまうかも知れませんわ。{0E}{09}\n{02}{01}・・・・・？{0E}	
08205	MAP/MAP032.BIN:011952	1	フィリーがパーティーにくわわった。{0E}	
08206	MAP/MAP032.BIN:0119A6	2	{02}{05}さあ、まいりましょう！{0E}	
08207	MAP/MAP032.BIN:011A26	1	カジムの呪いも無事に解け、\nジュリオとクリスは、{0F}ついに最後のシャリネである\nオルドス大聖堂の\n魔法の鏡を目にした。{0E}だが・・・ジュリオたちが\n鏡から受けたメッセージは\n余りにも重かった。{0F}ラウアールの波があらわれる。{0F}ひとつの文明が滅ぶとき、\nその大地のすべてを\n覆いつくすと言われる破滅への波。{0F}ジュリオとクリスは\n白き魔女の残した\nわずかな手がかりを頼りに、{0F}一路、フォルティア国の\nルード城へと向かうのだった。{0E}　　　　　第４章　聖獣の住む森　完{10}	
08208	MAP/MAP032.BIN:011C40	2	\n\n\n\n\n\n　　　　　　　第５章　わかたれた湖	
08209	MAP/MAP033.BIN:00D30E	1	ルング	
08210	MAP/MAP033.BIN:00D32E	1	グリック	
08211	MAP/MAP033.BIN:00D34E	1	ジョワ	
08212	MAP/MAP033.BIN:00D36E	1	ベルチ	
08213	MAP/MAP033.BIN:00D38E	1	フロイ	
08214	MAP/MAP033.BIN:00D3AE	1	ラテル	
08215	MAP/MAP033.BIN:00D3CE	1	ブエナ神父	
08216	MAP/MAP033.BIN:00D3EE	1	ピエタばあさん	
08217	MAP/MAP033.BIN:00D40E	1	神官クオーレ	
08218	MAP/MAP033.BIN:00D42E	1	神官アンテリ	
08219	MAP/MAP033.BIN:00D44E	1	神官モース	
08220	MAP/MAP033.BIN:00D46E	1	神官長レゾン	
08221	MAP/MAP033.BIN:00D48E	1	アネロ	
08222	MAP/MAP033.BIN:00D4AE	1	ソシエ	
08223	MAP/MAP033.BIN:00D4CE	1	チェニィ	
08224	MAP/MAP033.BIN:00D50E	1	大神官デンケン	
08225	MAP/MAP033.BIN:00D52E	1	ナンチ	
08226	MAP/MAP033.BIN:00DEC6	1	{02}{14}おや、巡礼の方にしては\nお若いですね。{0F}いや失礼。\n巡礼に年令など\n関係ありませんでしたな。{10}	
08227	MAP/MAP033.BIN:00DF2A	1	{02}{14}どうかこの旅を活かし、{0F}世界をになう\n大きな心を持つ大人に\nなってください。{10}	
08228	MAP/MAP033.BIN:00DF86	1	{02}{14}魔法の鏡の映像は\n人それぞれに与えられるメッセージ。{0F}しかし、そのメッセージも\n受け取った者の善し悪しにより、\nムダに終わることもあります。{0F}大事なのは魔法の鏡から、\nメッセージを\n感じることではないのです。{0F}メッセージを受けたあとで、\nその者がどのような行動を行うかが\nもっとも大切なことなのです。{10}	
08229	MAP/MAP033.BIN:00E0B4	1	{02}{14}大事なのは魔法の鏡から、\nメッセージを\n感じることではないのです。{0F}メッセージを受けたあとで、\nその者がどのような行動を行うかが\nもっとも大切なことなのです。{10}	
08230	MAP/MAP033.BIN:00E160	1	{02}{15}大聖堂の魔法の鏡は\nもう見られたのかな？{0E}{09}	
08231	MAP/MAP033.BIN:00E18E	1	いいえ、まだです。{0E}{02}{15}ここまで旅をしてきたのじゃから\n魔法の鏡が、{0F}ただの美しい映像を\n見せるだけの鏡でないことは、\nもう知っておるじゃろう。{0F}このオルドスにある魔法の鏡は\n５つのシャリネにある、\nどの魔法の鏡よりも、{0F}もっとも明確に\nメッセージを伝えるものじゃ。{0E}だが、何を見ても\n驚いてはいけないよ。{0F}映像を見て、ただ驚くのではなく、\n自分の為すことを考え、\nそして、それを実行するのじゃよ。{10}	
08232	MAP/MAP033.BIN:00E31C	1	{02}{15}ほう、大きなメッセージを\n受けたようじゃな。{0F}ワシにはお前たちが見たものは\nわからんが、\nその重大さは理解できる。{0F}よいかね。{0F}メッセージを受けて\nただ驚くのではなく、{0F}自分のなすことを考え、\nそして、それを実行するのじゃよ。{10}	
08233	MAP/MAP033.BIN:00E402	1	{02}{15}メッセージを受けて\nただ驚くのではなく、{0F}自分の為すことを考え、\nそして、それを実行するのじゃよ。{10}	
08234	MAP/MAP033.BIN:00E47E	1	{02}{16}皆様、大聖堂にお入りになると\n何日もお家の方を留守にされますので{0F}その間にお洗濯などを\nしているんです。{10}	
08235	MAP/MAP033.BIN:00E4F0	1	{02}{16}神官さまたちも大変なんですよね。{10}	
08236	MAP/MAP033.BIN:00E522	1	{02}{16}あら、少し顔がこわばっていますね。{0F}あまり悩まないことを\nお薦めしますわ。{0F}どんなに大きな問題でも、\nきっと、お掃除と一緒ですよ。{0F}ひとつひとつ、\nあわてずに片付けていけば、\n必ずいつか綺麗になるものです。{0F}頑張ってくださいね。{10}	
08237	MAP/MAP033.BIN:00E60A	1	{02}{16}あまり悩まないことを\nお薦めしますわ。{0F}どんなに大きな問題でも、\nきっと、お掃除と一緒ですよ。{0F}ひとつひとつ、\nあわてずに片付けていけば、\n必ずいつか綺麗になるものです。{0F}頑張ってくださいね。{10}	
08238	MAP/MAP033.BIN:00E6D6	1	{02}{17}いやあ、\nあんたたちこれから参拝かね？{0F}ワシは今、魔法の鏡を\n見てきたところなんじゃ。{0F}５つのシャリネの鏡を見てきたが、\n魔法の鏡は本当に不思議じゃのう。{0F}老眼のワシにでも\nシャリネの魔法の鏡の映像は\nハッキリと見えるのじゃからな。{10}	
08239	MAP/MAP033.BIN:00E7C2	1	{02}{17}５つのシャリネの鏡を見てきたが、\n魔法の鏡は本当に不思議じゃのう。{0F}老眼のワシにでも\nシャリネの魔法の鏡の映像は\nハッキリと見えるのじゃからな。{10}	
08240	MAP/MAP033.BIN:00E860	1	{02}{18}僕は実家のカンドを継ぐために\n修行にきたのですが、{0F}やっぱりオルドスは\nすごいところですね。{0F}ここにくると、カンドもチャッペルももとは、ひとつの魔法だったと\n実感しますよ。{0F}昔はきっと、\n大魔法使いとか大魔導師が\n結構いたのでしょうね。{10}	
08241	MAP/MAP033.BIN:00E950	1	{02}{18}昔はきっと、\n大魔法使いとか大魔導師が{0F}結構いたのでしょうね。{10}	
08242	MAP/MAP033.BIN:00E99E	1	{02}{19}さすがにオルドス大聖堂はすごいや。{0F}チャッペル、カンドにかかわらず、\n魔法の勉強をするなら\n最高の環境だね。{10}	
08243	MAP/MAP033.BIN:00EA14	1	{02}{19}苦しい旅だったけど、\nここにきて本当に良かったよ。{10}	
08244	MAP/MAP033.BIN:00EA4E	1	{02}{1A}立派な神父になるために\nここでお世話になっております。{0F}このオルドスでしっかりと学び、{0F}自分の村に戻って\n人々のために\n働きたいと思っております。{10}	
08245	MAP/MAP033.BIN:00EAE4	1	{02}{1B}泊り込みで修行をする方々のために、{0F}身の回りのお世話を\nさせていただいております。{0F}こちらの神官さまたちは\n本当に勉強熱心でございますね。{10}	
08246	MAP/MAP033.BIN:00EB72	1	{02}{1C}正常な秩序は共通の正義か・・・。{0F}ここの書物は\n本当にためになるのう。{10}	
08247	MAP/MAP033.BIN:00EBC8	1	{02}{1D}水は鏡となり、\n心を映しだすか・・・。{0F}ディーネのシャリネを\nうたっておるのだな。{0F}ふむ、ふむ。{10}	
08248	MAP/MAP033.BIN:00EC30	1	{02}{1D}火の温もりは\n活力と情熱をたぎらせるか・・・。{0F}うーむ。\nこの文面からはイグニスのシャリネの力強さを感じるのう。{10}	
08249	MAP/MAP033.BIN:00ECB0	1	{02}{1E}地はしかばねをいやし、\n復活に導く・・・。{0F}なるほどのう。{0F}ガルガに破壊された\nテグラのシャリネの復活を\n予知しているようじゃ。{0F}早くネガル島も\n元どおりになればよいのじゃがな。{10}	
08250	MAP/MAP033.BIN:00ED68	1	{02}{1E}おお、これはシフールの関係じゃな。{0F}風は生命の息吹を届け、\n祝福の詩を歌うか・・・。{0F}森には不思議な生命力があるからのう。{10}	
08251	MAP/MAP033.BIN:00EDF2	1	{02}{1F}なんじゃね？{0F}もう、終わるから、\n椅子に座って聞きなさい。{0E}{09}	
08252	MAP/MAP033.BIN:00EE31	1	うん。{0E}{09}\n{02}{01}すみません。{0E}	
08253	MAP/MAP033.BIN:00EE5C	1	{02}{1F}今日の話はあなたたちには\n少し難しかったかのう。{0F}まあ、気にすることはない。{0F}理解は人それぞれの範囲で\nすればよい。{0F}大切なのは自分で感じることじゃ。\nそれでよいのじゃよ。{10}	
08254	MAP/MAP033.BIN:00EF0E	1	{02}{1F}理解は人それぞれの範囲で\nすればよい。{0F}大切なのは自分で感じることじゃ。\nそれでよいのじゃよ。{10}	
08255	MAP/MAP033.BIN:00EF7E	1	うーむ、有り難い言葉じゃ。{0F}あんたたちも立ってないで\n座って聞けばどうじゃね？{10}	
08256	MAP/MAP033.BIN:00EFD2	1	ほんとに神官長様のお言葉は、\n有り難いものじゃ。{0F}あんたたちも\n聞いてみたかね？{10}	
08257	MAP/MAP033.BIN:00F032	1	オルドス大聖堂で\n神官長さまのお話が聞けるなんて、{0F}夢みたいだわ。{10}	
08258	MAP/MAP033.BIN:00F07A	1	オルドス大聖堂で\n神官長さまのお話が聞けるなんて、{0F}夢のようだったわ。{10}	
08259	MAP/MAP033.BIN:00F0D2	1	ねえねえ、\nどんなこと話してるの？{0F}意味わかる？{0E}{02}"しーっ！\n神官長さまのお話が聞こえないだろ。{10}	
08260	MAP/MAP033.BIN:00F136	1	きっと神官長さまも\nここの本を読んで、{0F}お勉強されたんだろうなぁ。{10}	
08261	MAP/MAP033.BIN:00F192	1	オルドス大聖堂へようこそ。\nどうぞ、お入りください。{0F}大聖堂の参拝は１度きりです。{0F}心の目を見開き、\nお見逃しのないよう御覧ください。{10}	
08262	MAP/MAP033.BIN:00F220	1	大聖堂の参拝は１度きりです。{0F}心の目を見開き、\nお見逃しのないよう御覧ください。{10}	
08263	MAP/MAP033.BIN:00F276	1	巡礼の旅は\n自分の国に帰るまで続きます。{0F}帰路、いっそうの精進に\nお励みください。{10}	
08264	MAP/MAP033.BIN:00F2E2	1	巡礼の旅、\nご苦労さまでございます。{0F}空のシャリネは\n大聖堂の中にございます。{0F}ここができたときからの取り決めで\n大聖堂の参拝は\n１度きりとなっております。{0F}お見逃しのないよう御覧ください。{10}	
08265	MAP/MAP033.BIN:00F3A6	1	ここができたときからの取り決めで{0F}大聖堂の参拝は\n１度きりとなっております。{0F}お見逃しのないよう御覧ください。{10}	
08266	MAP/MAP033.BIN:00F41A	1	ご苦労さまでした。\nお気をつけてお帰りください。{10}	
08267	MAP/MAP033.BIN:00F470	1	神官長さまのお話は\nもう聞きましたか？{0F}上にあがられるのは\n神官長さまのお話を聞かれてからが\nよろしいでしょう。{10}	
08268	MAP/MAP033.BIN:00F4E4	2	神官長さまのお話は\nいかがでしたか？{0E}{09}\n{02}	
08269	MAP/MAP033.BIN:00F50C	1	よく、わかんなかったよ。{0E}{02}#神官長さまのお話は\n非常に尊いものなのです。{0F}今はそれがわからなくても、\nきっと理解できるときがきますよ。{0F}さあ、どうぞ。お通りください。{10}	
08270	MAP/MAP033.BIN:00F5BA	1	神官長さまのお話は\n非常に尊いものなのです。{0F}今はそれがわからなくても、\nきっと理解できるときがきますよ。{10}	
08271	MAP/MAP033.BIN:00F62A	2	大聖堂の参拝は１度きりです。{0E}あとはあなた方自身が\n心に受けたメッセージを{0F}どう受け止めるかと\nいうことでしょう。{10}	
08272	MAP/MAP033.BIN:00F6B4	1	神官長さまには\nお会いになりましたか？{0F}大聖堂で神官長さまのお話を\nご傍聴できるはずです。{10}	
08273	MAP/MAP033.BIN:00F746	1	よく、わかんなかったよ。{0E}{02}#有り難い言葉ほど、\nわかりにくいものです。{0F}今はよくわからなくても、\nいつかきっと\n理解できるときがきますよ。{0F}さあ、どうぞ。お通りください。{10}	
08274	MAP/MAP033.BIN:00F7F6	1	有り難い言葉ほど、\nわかりにくいものです。{0F}今はよくわからなくても、\nいつかきっと\n理解できるときがきますよ。{0F}さあ、どうぞ。お通りください。{10}	
08275	MAP/MAP033.BIN:00F8FE	2	大聖堂の中ではお静かに願います。{0F}{09}	
08276	MAP/MAP033.BIN:00F923	1	はい！{10}	
08277	MAP/MAP033.BIN:00F955	1	{02}{01}はい。{10}	
08278	MAP/MAP033.BIN:00F970	1	世界に点在するシャリネは{0F}オルドスの空のシャリネと\nつながっておるのじゃよ。{0F}そして、\nその道をたどって来たあなた方は、\nここの魔法の鏡から、{0F}それまでに見た４つの鏡の\n総合的な答えを\n得ることができるのじゃ。{10}	
08279	MAP/MAP033.BIN:00FA50	1	ゲルドの消息はわからん。{0F}だが、白き魔女の意志は、\n魔法の鏡や、あなた方の心の奥に\nしっかりと生きておるようじゃ。{0F}ワシはあなた方と語らい、\n強く、そう感じた。{0F}お気をつけて行ってくだされ。{10}	
08280	MAP/MAP033.BIN:00FB10	1	いゃあ・・・。{0F}なんだか、オイラには\n場違いな所だよなぁ・・・。{0F}すごくリッパでよう・・・。\n天国にいるみてーだ。{0F}オイラみたいな\n田舎者はオドオドしちまうよ。\n・・オドオド・・オドオド・・・。{10}	
08281	MAP/MAP033.BIN:00FC72	1	神官長さまのお話は\nもう聞きましたか？{0E}	
08282	MAP/MAP033.BIN:00FCB4	1	上にあがられるのは\n神官長さまのお話を聞かれてからが\nよろしいでしょう。{10}	
08283	MAP/MAP033.BIN:00FD3E	4	大聖堂の参拝は１度きりです。{0E}	
08284	MAP/MAP033.BIN:00FD76	4	あとはあなた方自身が\n心に受けたメッセージを{0F}どう受け止めるかと\nいうことでしょう。{10}	
08285	MAP/MAP033.BIN:00FEE4	1	神官長さまには\nお会いになりましたか？{0E}	
08286	MAP/MAP033.BIN:00FF30	1	大聖堂で神官長さまの\nお話をご傍聴できるはずです。{10}	
08287	MAP/MAP033.BIN:010192	1	{02}{01}ジュリオ、ちょっと待って。{0F}シャリネを見る前に、\n大神官様の話を聞きましょ。{10}	
08288	MAP/MAP033.BIN:010236	1	{02}{01}ジュリオ。{0F}まずは、モリスンさんと\nフィリーのところへ戻りましょ。{10}	
08289	MAP/MAP033.BIN:0102D6	3	大聖堂の奥から声が聞こえる。{0E}	
08290	MAP/MAP033.BIN:01032E	3	{02}{1F}つまりじゃ・・・。{0F}昔はチャッペルとカンドという\n魔法の区別もなく、{0F}元来は２つの境界など\nない力だったのじゃ。{0F}だが、それでは力の調和が\n保てなくなる恐れも予測される。{0F}自らも大魔導師であった、\nオルドスの初代大神官オルテガは\nそう考えた。{0F}世の力のすべては、\n相反する２つの存在によって{0F}バランスが\n保たれているものじゃ・・・。{0E}	
08291	MAP/MAP033.BIN:0104D6	3	ジュリオたちには難しすぎて\nよくわからなかった。{0F}神官長の話はずっと続いている。{0E}	
08292	MAP/MAP033.BIN:010546	3	{02}{1F}うむ。{0F}ひとつがすべてを持ち合わせば、\n確かに力は万能になる。{0F}だが、比べるべきものが存在しない。過ちを正す、すべがないのじゃ。{0F}もしも、万能の力を手にした者に\nオゴリが生まれれば、{0F}その者は力を使い\n世界の調和を乱すやも知れん。{0E}初代大神官オルテガは\nそのことを危惧し、{0F}それまでに存在した魔法を\nチャッペルとカンドの２つに分けた。{0F}闇と光があるように。{0F}月と太陽があるように。{0F}また、男と女があるように・・・。{0F}万物の法則にかなう調和を\n魔法にも求めたのじゃ。{0F}これがチャッペルとカンド、\n２つの魔法の成り立ちである。{0F}だが、我々はもう１歩、\n踏み込んで考えてみたい。{0E}自制の心を持ち、道徳を高めていればなにも自らの魔法に\n怯えることはないのだ。{0F}まず、それを理解することが\n魔法を扱う者の心得と\n言えるじゃろう。{0E}うっほん。{0F}以上で本日の説法は終わりです。{0F}ご静聴ありがとうございました。{10}	
08293	MAP/MAP033.BIN:01085C	3	う～ん、いい話じゃったなぁ。\n	
08294	MAP/MAP033.BIN:0108A2	3	神官長さまのお話は\n本当にわかりやすいわ。\n	
08295	MAP/MAP033.BIN:0108D6	3	なるほど。\n普段からの心得が大切なんだな。\n	
08296	MAP/MAP033.BIN:01095A	3	{09}\n{02}{01}ジュリオ、\n話の内容よくわかった？{0E}	
08297	MAP/MAP033.BIN:010996	3	なんとなく。{0E}{09}	
08298	MAP/MAP033.BIN:0109A5	3	{02}{01}つまり、{0F}悪いことに魔法を使っちゃ\nいけないってことよね。{0F}きっと・・・。{0E}{09}	
08299	MAP/MAP033.BIN:010A50	3	空のシャリネへ、ようこそ。{0E}	
08300	MAP/MAP033.BIN:010AFE	3	大神官さまだよ。\nどうしよう、どうしよう・・・。{0E}	
08301	MAP/MAP033.BIN:010B86	3	緊張しちゃうなぁ。{0E}{09}\n{02}{01}ジュリオ、\nおどおどしてちゃダメよ。{0E}{09}\n{02}	
08302	MAP/MAP033.BIN:010BC5	1	だって、\nボクたちを待ってたのかな？{0E}	
08303	MAP/MAP033.BIN:010C40	3	な、何の用だろう、\n何の用だろうね・・・。{0E}{09}	
08304	MAP/MAP033.BIN:010C6C	3	{02}{01}ちゃんとご挨拶しましょう。{0E}{09}\n{02}	
08305	MAP/MAP033.BIN:010E9D	2	だって、\nボクたちを待ってたんだろ。{0E}	
08306	MAP/MAP033.BIN:0112B4	1	{02}{01}ねえ、ジュリオ。\n早くシャリネに行きましょ。{10}	
08307	MAP/MAP033.BIN:01228A	1	オルドス国　大聖堂	
08308	MAP/MAP033.BIN:01236A	1	{02}{01}巡礼の旅で、フォルティア国の\nラグピック村から来ました。{0F}クリスです。{0E}{09}\n{02}	
08309	MAP/MAP033.BIN:0123B5	1	ジュ、ジュリオです。{0E}{02}$よくまいられた。{0F}デンケンじゃ。\n待っておったぞ。{0E}{09}\n{02}	
08310	MAP/MAP033.BIN:012401	1	あ、あのう・・・。{0F}ボクたちが今日ここにくることが\nわかってたの？{0E}{02}$いいや。{0F}あなた方であることは\nわからなかった。{0F}どのような方がやってくるのかは\nわからなかったが、\n今日、現れることはわかっていた。{0F}そして今、\nそれがあなた方であることが\nハッキリとしたのじゃ。{0E}{09}	
08311	MAP/MAP033.BIN:012505	1	{02}{01}いったい私たちに、\nどんな御用があるんですか？{0E}{02}$ここの鏡を見て、\n何が見えたか教えてほしい。{0F}魔法の鏡は見る者によって、\n異なるものを映しだす。{0F}あなた方なら、\n今、必要としているメッセージを\n受け取ることができるはずじゃ。{0E}{09}	
08312	MAP/MAP033.BIN:0125E6	1	え、あの・・・。{0F}なにか、重大なことみたいだけど。{0E}{09}\n{02}{01}私たちは、\nただの巡礼の旅人です・・・。{0F}何かの間違いじゃないですか？{0E}{02}$間違いではない、\nと言っても、いきなりでは{0F}わかってもらえんのも\n無理はない・・・。{0F}順を追ってお話ししよう。\nまあ、こちらへ来られるがよい。{0E}	
08313	MAP/MAP033.BIN:01270A	1	ワシは、\nここの魔法の鏡を毎日見ておる。{0F}それが務めじゃからのう・・・。{0F}魔法の鏡の映像を見て、\n世の流れを占い、\n人々の暮らしの救けにするためにな。{0F}それが半年ほど前からじゃ。\n魔法の鏡は不吉な映像を映し始めた。{0F}渦巻く闇、ガルガの襲撃。{0F}そして星々を飲み込む、\n邪悪な妖気を放つ黒衣の男・・・。{0F}あきらかに、\nこれから起こる大規模な\n災いの予兆に違いない。{0E}{09}{0F}{02}	
08314	MAP/MAP033.BIN:01286A	1	ぼ、ボクたちが\nシャリネの鏡で見て来たのと{0F}おんなじだ・・・。{0E}{02}$世界に点在するシャリネは{0F}オルドスの空のシャリネと\nつながっておるのじゃよ。{0F}そして、\nその道をたどって来たあなた方は、\nここの魔法の鏡から、{0F}それまでに見た４つの鏡の\n総合的な答えを得ることができる。{0E}{09}	
08315	MAP/MAP033.BIN:012971	1	ボクらにだけ、答えが見えるの？{0E}{02}$そうじゃ。{0F}つまり、歩んできた者にしか、\n答えは無いのじゃ。{0E}ワシらがどんなに気をもんだところで魔法の鏡は答えてはくれない。{0F}いくら邪悪な事態が\n迫ろうとしていることが、\nわかっていても{0F}具体的なことを\n何ひとつ知るすべも無いのじゃよ。{0E}{09}{0F}{02}{01}大神官さま、よくわかりました。{0F}私たちが魔法の鏡を見て、\n何が見えたか、\nお教えすればいいんですね。{0E}{02}$うむ。{0F}そうすれば何が起こるかわかり、\n打つ手も用意できる。{0E}では、さっそく\n魔法の鏡を見ていただけるかな。{0E}{09}	
08316	MAP/MAP033.BIN:012B4A	1	{02}{01}はい、わかりました。{0E}{09}	
08317	MAP/MAP033.BIN:012B65	1	でも、\nなんでボクたちが来ることが{0F}わかったの？{0E}{02}$数日前、魔法の鏡より\n啓示を受けることができた。{0F}古来の巡礼にのっとり、\n４つのシャリネを巡って、{0F}このオルドスに\n到着する者があるとな。{0E}	
08318	MAP/MAP033.BIN:012C3C	1	ねぇ、クリス。{0F}なんだかボクたち\n選ばれし勇者みたいだね。{0E}	
08319	MAP/MAP033.BIN:012C90	1	{09}{08}{02}{01}なに言ってんの。{0F}勇者とか英雄ってのは\nもっとカッコイイ人なのよ。{0E}	
08320	MAP/MAP033.BIN:012CEA	1	ちぇっ。{0F}チョットその気になった\nとこなのに・・・。{0E}{02}$選ばれた者ではなく、\n	
08321	MAP/MAP033.BIN:012D66	1	メッセージを{0F}受け取ることができる者と\n理解していただきたい。{0F}だが、まれにない大切な役割を\n運命づけられた方々であることには\n変わりない。{0E}	
08322	MAP/MAP033.BIN:012E04	1	なんだか意識したら\n緊張してきちゃったよ・・・。{0E}	
08323	MAP/MAP033.BIN:012E50	1	{09}{10}{02}{01}ジュリオ。\n	
08324	MAP/MAP033.BIN:012E84	1	とにかく魔法の鏡を見てみましょう。{0E}	
08325	MAP/MAP033.BIN:012EC6	1	（クリスって・・・）{0F}（こういうときは、）\n（やけに燃えるんだよね・・・）{0E}{09}{10}{02}{01}さあ、行きましょう！{10}	
08326	MAP/MAP033.BIN:013050	1	{09}{0F}{02}{01}不思議だわ・・・。{0F}映像だけじゃなくて、\n音も？　言葉かしら・・・。{0F}何か聞こえたみたい。{0E}	
08327	MAP/MAP033.BIN:0130B4	1	ボクも聞こえたよ。{0F}ラ・・ウ・・ア・・ル・・って。{0E}	
08328	MAP/MAP033.BIN:0130EA	1	{09}{0F}{02}{01}やっぱり、ジュリオも聞こえたの。{0E}{09}{0F}{02}	
08329	MAP/MAP033.BIN:01311E	1	{09}\n{02}{01}ラ・ウ・ア・ルって何かしら？{0E}{09}\n{02}	
08330	MAP/MAP033.BIN:013143	1	ぜんぜんわかんないよ。{0E}	
08331	MAP/MAP033.BIN:013160	1	{02}{01}私たちだけで考えても\nよくわからないわ。{0F}大神官さまにお話ししましょう。{10}	
08332	MAP/MAP033.BIN:013238	1	大神官デンケンは\n真剣な表情で待っていた。{0E}ジュリオたちは\n魔法の鏡で見た映像を大神官に\nくわしく説明した。{0E}{02}$ほほう・・・。そうであったか。{0E}{09}	
08333	MAP/MAP033.BIN:0132C6	1	それと、今までのシャリネでは\n映像だけしか見えなかったけど、{0F}今度は音も聞こえたんだ。{0E}{09}	
08334	MAP/MAP033.BIN:01331F	1	音が聞こえた・・・？{0E}{09}	
08335	MAP/MAP033.BIN:013336	1	{02}{01}ラ・ウ・ア・ルって、{0F}何のことだか\nサッパリわからないけど\n確かにそう聞こえたわ。{0E}{02}$ラ・ウ・ア・ル・・・。\n	
08336	MAP/MAP033.BIN:0133B8	1	・・・なんと？！\nラウアールじゃと！！{0E}	
08337	MAP/MAP033.BIN:013416	1	{09}{0E}{02}{01}えっ・・・。{0F}そんなに重要なことなの・・・？{0E}	
08338	MAP/MAP033.BIN:01345A	1	まさか・・・。{0F}ラウアールの波が\n動き始めているほどの\n事態だったとは・・・。{0E}{09}{0F}{02}	
08339	MAP/MAP033.BIN:0134AA	1	そのラウアールの波って？{0E}	
08340	MAP/MAP033.BIN:0134D6	1	・・・・・・・・。\nラウアールの波とは・・・・。{0F}ひとつの文明が滅ぶとき、\nその大地を覆いつくすと\nいわれる破滅への波。{0E}{09}{0F}{02}	
08341	MAP/MAP033.BIN:01354F	1	破滅への波？！{0E}	
08342	MAP/MAP033.BIN:01358C	1	つまり、{0F}ラウアールの波が\n押し寄せるということは・・・。{0F}この世界が滅ぶということじゃ。{0E}{09}{0F}{02}{01}世界が滅びる・・・。{0E}{09}{0F}{02}	
08343	MAP/MAP033.BIN:013601	1	そんな・・・無茶苦茶だよ。{0E}	
08344	MAP/MAP033.BIN:01363A	1	しかし、誰が・・・。{0F}一体、誰が、\nラウアールの波を呼び寄せた・・・。{0F}あれは異界の魔法を知る者でなければ召喚することはできぬはず・・・。{0E}	
08345	MAP/MAP033.BIN:0136D4	1	まして、この世界では、\nラウアールの存在はオルドスでも\n一部の者しか知らぬのだ・・・。{0F}異界の魔法使いが、どこかに\n紛れておるというのか・・・。{0F}そういえば、最近フォルティア国の\nきな臭いウワサを耳にするが・・。{0F}まさか、その引き金となる国が\nフォルティア！{0E}	
08346	MAP/MAP033.BIN:0137E0	1	もしや、\nフォルティア国のルドルフ王の身に、{0F}何かが\n起こっておるのかも知れん・・・。{0E}	
08347	MAP/MAP033.BIN:013850	1	{09}{0E}{02}{01}ジュリオ、どうしよう。{0F}私たちの国が・・・。\n私たちの王さまが・・・。{0F}世界の破滅への引き金に\nなっちゃうなんて。{0E}	
08348	MAP/MAP033.BIN:0138EC	1	大神官さま。{0E}{02}$なんじゃ？{0E}{09}{0F}{02}	
08349	MAP/MAP033.BIN:01390A	1	ボクたち、大聖堂に入るとき、{0F}橋の前にいた神官さまと\n問答をしました。{0F}最後の質問で\nこんなのを訊かれました。{0F}魔法の鏡は真実のみを映しだすものかどうか、訊かれたんです。{0F}ボクは『いいえ』と答えました。{0F}だって、テグラの魔法の鏡では\nガルガに壊されたボルトが\n映っていたけど、{0F}ボルトは破壊されずに、\nすんだからです。{0F}神官さまの答えも『いいえ』でした。{0F}ボクは魔法の鏡が映しだすのは、\n絶対に、そうなっちゃうっていう\n未来じゃなくて、{0F}警告みたいなものだと思います。{0E}{09}	
08350	MAP/MAP033.BIN:013AD1	1	{02}{01}そうね、\n	
08351	MAP/MAP033.BIN:013B02	1	シフールでは森の映像を見たわ。{0E}{09}	
08352	MAP/MAP033.BIN:013B25	1	うん、あれだって予言とは違うよね。{0F}あのときは幻術使いに\n呪いをかけられたすぐ後だった。{0F}魔法の鏡で見た森は、\nアルグレスのいる\n迷いの森だったんだよ。{0F}魔法の鏡はボクたちに\nヒントをくれたんだ。{0F}それも、呪いの症状が\nあらわれる前から・・・。{0F}秘薬を作るのに必要なアルグレスが、迷いの森にいることを\n教えてくれたんだ。{0E}{02}$そんなことがあったのか・・・。{0E}	
08353	MAP/MAP033.BIN:013CAC	1	ボクには魔法の鏡で見たものを\nぜんぶ真実だとは思えないんです。{0F}きっと、魔法の鏡で見えるのは\nこのままだと、\nそうなっちゃうっていう{0F}警告じゃないかと思うんだ。{0E}だから、魔法の鏡に\nラウアールが出てきたって、\nこれからのボクたちの行動しだいで、{0F}世界は滅ばないで\nすむんじゃないかな。{0E}{02}$久しぶりに、{0F}頼もしい言葉を\n聞かせてもらったのう。{0F}あなたの言うとおりじゃ。{0E}ワシは事態の大きさゆえに、\nこの歳をして取り乱してしまったが、{0F}魔法の鏡とは\n本来そういうものなのじゃ。{0E}	
08354	MAP/MAP033.BIN:013ECE	1	クリス、\n急いでフォルティア国に戻ろうよ。{0F}ルード城へ行って、\nこの目で確かめるんだ。{0F}ガルガのときみたいにさ。{0F}ボクたちがボルトに行くことで\n何ができるって\n保証はなんにもなかった。{0E}でも、みんなで頑張ったから\n魔法の鏡の映像とは{0F}違う結果に\nなったんじゃないのかなぁ。{0E}{09}{10}{02}{01}うん、きっとそうよ。{0F}アルフやローディ、\nそれにマギサさんや\nモリスンさんも・・・。{0F}みんなで頑張ったものね。{0E}	
08355	MAP/MAP033.BIN:01404A	1	{09}{07}{02}{01}ジュリオ。{0E}{09}	
08356	MAP/MAP033.BIN:01405D	1	えっ？{0E}{09}{07}{02}{01}なんだか少し、\nたくましくなったみたい。{0E}{09}{07}{02}	
08357	MAP/MAP033.BIN:014094	1	そうかなぁ・・・。{0F}やっぱりボクたち\n選ばれし勇者だったんだね。{0E}	
08358	MAP/MAP033.BIN:0140FA	1	{09}{09}{02}{01}まだ、そんなこと言ってるの？{0F}勇者とか英雄ってのは\nもっとカッコイイ人なんだって\n何回、言ったらわかるの？{0E}	
08359	MAP/MAP033.BIN:014186	1	ちぇっ。{0F}せっかくその気になったのに・・・。{0E}{09}	
08360	MAP/MAP033.BIN:0141B4	1	{02}{01}そんなこと、どうでもいいじゃない。{0E}	
08361	MAP/MAP033.BIN:0141F4	1	さあ、ジュリオ。\n行きましょう、ルード城へ。{0E}{02}$あなた方が役目を持ち、\n	
08362	MAP/MAP033.BIN:014264	1	この時期にオルドスを訪れたのは{0F}どうやら偶然ではないようじゃな。{0F}決して選ばれた特別な力を\n持っているわけでもないようじゃが、あなた方には希望の光を感じる。{0F}ルード城へ行ってくれるか？{0E}{09}	
08363	MAP/MAP033.BIN:01431D	1	うん、行ってみるよ。{0E}{02}$あなた方のおかげで、{0F}魔法の鏡のメッセージを\n知ることができた。{0F}ワシも、さらに調査を進めよう。\nこのオルドスから\n力になれるはずじゃ。{0F}頼みましたぞ。{0E}{09}	
08364	MAP/MAP033.BIN:0143C9	1	{02}{01}はい、お願いします。{0E}{09}	
08365	MAP/MAP033.BIN:0143E4	1	そうだ、大神官さま。\n１つ質問してもいいですか？{0E}	
08366	MAP/MAP033.BIN:014432	1	なんじゃね？{0E}{09}	
08367	MAP/MAP033.BIN:014443	1	５つのシャリネにある魔法の鏡と{0F}白き魔女ゲルドは、\nどんなつながりがあるの？{0F}ボクたち、ここにくるまでのあいだ、何度も白き魔女の\nウワサを聞いたんだ。{0E}{02}$白き魔女か・・・。{0E}	
08368	MAP/MAP033.BIN:014506	1	ゲルドは予言を説きながら\n巡礼をしておったな。{0F}２０年ほど前、\nこのオルドスにもあらわれて\nワシも会ったことがある。{0F}そうじゃったのか・・・・。{0F}ゲルドは断片的な予言を\n人々に与えたが、{0F}ラウアールの波については\n口をつぐんでいた。{0F}今になって\nワシにもわかったぞ・・・。{0F}ゲルドはすべてを知っていたのだ。{0F}恐らく、このままでは\nラウアールの波があらわれ、{0F}世界が破滅の危機に直面することを\n予見しておったのじゃろう。{0E}だが、それを\n話すことができなかった。{0F}ラウアールの波は人々にとって、\nあまりにも\n重すぎる宣告だったのじゃ。{0F}事実、あの頃は\n魔法を使う者も少なく、{0F}魔法は今ほど人々に\n受け入れられてはいなかった。{0F}チャッペルやカンドも\n生まれたばかりで、{0F}人々はまだ、元来の魔女や魔法使いに懐疑心や恐怖を持つのみだった。{0F}街角で予言を説いても\n魔女というだけで人々にののしられ、石を投げられることも珍しくはない。{0F}そんな時代だったのじゃ。{0E}{09}{0E}{02}{01}人々のために\n予言を説いたのに・・・。{0F}かわいそうなゲルド・・・。{0E}{02}$そんな人々に対して、\n世界の破滅を説けるはずもない。{0E}	
08369	MAP/MAP033.BIN:0148D0	1	ゲルドは、\nそれからどうなったのかなぁ？{0E}	
08370	MAP/MAP033.BIN:014914	1	{09}{0E}{02}{01}生きているのかしら？{0E}{02}$残念ながら、消息はわからん。{0E}	
08371	MAP/MAP033.BIN:01496E	1	生きていればウワサのひとつも\n聞こえてきても\nよいのじゃがのう・・・。{0E}{09}{0F}{02}	
08372	MAP/MAP033.BIN:0149B7	1	でも、ボクたちは\n何度もゲルドに救けられたよ。{0F}ガルガの襲撃を止められたのだって、迷いの森に\nアルグレスが生きていたのだって、{0F}みんなゲルドのおかげじゃないか。{0E}{02}$ゲルドはな、恐らく・・・。{0F}あとに続く者のために\n道を引いていてくれたのじゃろう。{0F}いつの日か、\nあなた方のように耳を傾ける者が\nあらわれるのを信じてな。{0E}	
08373	MAP/MAP033.BIN:014B0A	1	{02}{01}私もそんな気がするわ。{0E}	
08374	MAP/MAP033.BIN:014B38	1	うん。そうだね。{0E}	
08375	MAP/MAP033.BIN:014B6A	1	じゃあ、大神官さま。\nボクたちルード城へ行ってみます。{0E}{02}$きっと道々に{0F}ゲルドの残したメッセージが\nまだ、いくつかあるはずじゃ。{0E}それを手がかりにしていけば、\n何をなせばよいかわかるじゃろう。{0F}頼みましたぞ。{10}	
08376	MAP/MAP034.BIN:0000A4	1	ハイゼン	
08377	MAP/MAP034.BIN:0000AE	1	、スリープ、闇縛り、ヒ	
08378	MAP/MAP034.BIN:00F0F1	1	{18}カンドのコンシャ	
08379	MAP/MAP034.BIN:00F112	1	チャッペルのイング	
08380	MAP/MAP034.BIN:00F132	1	コルテ	
08381	MAP/MAP034.BIN:00F152	1	ティマン	
08382	MAP/MAP034.BIN:00F172	1	フラッタ	
08383	MAP/MAP034.BIN:00F192	1	酒場のロンダー	
08384	MAP/MAP034.BIN:00F1B2	1	グリーアばあさん	
08385	MAP/MAP034.BIN:00F1D2	1	武器屋のダンク	
08386	MAP/MAP034.BIN:00F1F2	1	エウロじいさん	
08387	MAP/MAP034.BIN:00F212	1	リエタ	
08388	MAP/MAP034.BIN:00F232	1	メリアばあさん	
08389	MAP/MAP034.BIN:00F252	1	ヒポ	
08390	MAP/MAP034.BIN:00F2D2	2	エネトン王	
08391	MAP/MAP034.BIN:00F2F2	1	ピリア王妃	
08392	MAP/MAP034.BIN:00F312	1	カリス老人	
08393	MAP/MAP034.BIN:00F34A	1	{02}{14}こちらではカンド魔法を\nお教えしております。{10}	
08394	MAP/MAP034.BIN:00F382	1	{02}{14}また、お寄りください。{10}	
08395	MAP/MAP034.BIN:00F3B8	1	{02}{14}どなたが、ご希望でしょう？{10}	
08396	MAP/MAP034.BIN:00F3DA	1	{02}{14}魔法は、どれを望みますか？{10}	
08397	MAP/MAP034.BIN:00F3FC	1	{02}{14}{08}ですね？{0F}分かりました。\nお教えしましょう。{10}	
08398	MAP/MAP034.BIN:00F430	1	{02}{14}魔法を習いに来たのでなくても\nゆっくりしてってね。{10}	
08399	MAP/MAP034.BIN:00F46A	1	{02}{15}ようこそ。\nハイゼンのチャッペルへ。{0F}我がチャッペルの力が必要ですかな？{10}	
08400	MAP/MAP034.BIN:00F4BC	1	{02}{15}我がチャッペルの力が必要な時は\n遠慮なく戻ってこられよ。{10}	
08401	MAP/MAP034.BIN:00F518	1	{02}{15}どなたが、力を求めているのです？{10}	
08402	MAP/MAP034.BIN:00F540	1	{02}{15}どの魔法を望んでいるのです？{10}	
08403	MAP/MAP034.BIN:00F564	1	{02}{15}{08}ですな。\nよろしい、伝授しましょう。{10}	
08404	MAP/MAP034.BIN:00F590	1	{02}{15}魔法は目に見えない第３の力。{0F}それゆえ、使い方は\n慎重を極めねばなりませぬ。{10}	
08405	MAP/MAP034.BIN:00F600	1	{02}{16}いやぁー、フィリーちゃん、\nこんにちはーっ！{0F}いつもかわいいね。{0E}{09}	
08406	MAP/MAP034.BIN:00F643	1	{02}{05}こんにちは、コルテさん。{0E}{02}{16}メリアばあさんに\nお薬を届けにきたのかい？{0E}{09}	
08407	MAP/MAP034.BIN:00F68C	1	{02}{05}ええ。そうなの。{0E}{09}	
08408	MAP/MAP034.BIN:00F6A3	1	フィリーって人気者なんだ・・・。{0E}{02}{16}フィリーちゃん。{0F}毎日ハイゼンへ\n遊びにきておくれよ。{10}	
08409	MAP/MAP034.BIN:00F704	1	{02}{16}フィリーちゃん。{0F}毎日ハイゼンへ\n遊びにきておくれよ。{10}	
08410	MAP/MAP034.BIN:00F74A	1	{02}{16}フィリーちゃん。\nいつもかわいいねー。{0E}{09}	
08411	MAP/MAP034.BIN:00F774	1	{02}{05}コルテさん。\n町の見張りご苦労さま。{0E}{02}{16}町の中は異常はないよ。{0F}山賊はこの辺りを離れたみたいだし、ハイゼンはいたって平和だよ。{10}	
08412	MAP/MAP034.BIN:00F7FC	1	{02}{16}町の中は異常はないよ。{0F}山賊はこの辺りを離れたみたいだし、ハイゼンはいたって平和だよ。{10}	
08413	MAP/MAP034.BIN:00F864	1	{02}{16}べつに交通整理を\nしているわけじゃないよ。{0F}ここにいると町の様子が\n良くわかるだろ。\n言ってみれば町の見張り番さ。{0F}交替でここで立ち番をしてるんだ。{0F}なにか困ったことが起こったら、\nここから飛び出して\n解決することになってるんだよ。{10}	
08414	MAP/MAP034.BIN:00F950	1	{02}{16}交替でここで立ち番をしてるんだ。{0F}なにか困ったことが起こったら、\nここから飛び出して\n解決することになってるんだよ。{10}	
08415	MAP/MAP034.BIN:00F9DE	1	{02}{17}やあ、フィリーちゃん。\n今日も元気そうだね。{0F}メリアばあさんのところへ\nお薬を届けにきたのかい？{0E}{09}	
08416	MAP/MAP034.BIN:00FA40	1	{02}{05}ええ、そうなの。{0E}{02}{17}フィリーちゃんのところで\n調合したお薬は、{0F}とってもよく効くんだよね。{10}	
08417	MAP/MAP034.BIN:00FAAA	1	{02}{17}やあ、フィリーちゃん。\n今日もかわいいね。{0F}そうだ。{0F}いつも悩んでいる王さまだけど、\n今度はいつになく\n悩んでいるみたいなんだよ。{0F}顔を見せておやりよ。\nきっと、フィリーちゃんの\n顔を見たら元気になるさ。{10}	
08418	MAP/MAP034.BIN:00FB7A	1	{02}{17}そうだ。{0F}いつも悩んでいる王さまだけど、\n今度はいつになく\n悩んでいるみたいなんだよ。{0F}顔を見せておやりよ。\nきっと、フィリーちゃんの\n顔を見たら元気になるさ。{10}	
08419	MAP/MAP034.BIN:00FC26	1	{02}{17}王さまの様子はどうだった？{0E}{09}	
08420	MAP/MAP034.BIN:00FC45	1	{02}{05}もう、大丈夫よ。\n悩みは解決したみたい。{0E}{02}{17}さすが、フィリーちゃん。{0F}リズの薬も良く効くが、\nフィリーちゃんの笑顔には\nかなわないね。{10}	
08421	MAP/MAP034.BIN:00FCD2	1	{02}{17}さすが、フィリーちゃん。{0F}リズの薬も良く効くが、\nフィリーちゃんの笑顔には\nかなわないね。{10}	
08422	MAP/MAP034.BIN:00FD3C	1	{02}{18}カラタルで舞台を使うから、\nここのお掃除は、{0F}念入りにしてるのよ。\nフィリーちゃんも\nこんど歌ったら。{0E}{09}{07}{02}{05}え、私が・・・。{0F}はずかしいわ。{0E}{02}{18}こんどフィリーちゃんも\n歌ってみなさいよ。{0F}みんな喜ぶわよ。{10}	
08423	MAP/MAP034.BIN:00FE12	1	{02}{18}カラタルで舞台を使うから、\nここのお掃除は、{0F}念入りにしてるのよ。\nカラタルって\n今、大人気なのよね。{10}	
08424	MAP/MAP034.BIN:00FE80	1	{02}{18}こんどフィリーちゃんも\n歌ってみなさいよ。{0F}みんな喜ぶわよ。{10}	
08425	MAP/MAP034.BIN:00FED6	1	{02}{19}やあ、フィリーちゃん。\nこんにちは。{0F}{09}	
08426	MAP/MAP034.BIN:00FEFE	1	{02}{05}こんにちはロンダーさん。\n腰の具合はどう？{0F}{02}{19}もう、すっかり良くなったよ。{0F}フィリーちゃんが作ってくれた\nハーブシップのおかげじゃよ。{0F}この頃は調子いいのう。\nありがとよ。{10}	
08427	MAP/MAP034.BIN:00FFB0	1	{02}{19}ハーブシップのおかげじゃよ。{0F}この頃は調子いいのう。\nありがとよ。{10}	
08428	MAP/MAP034.BIN:00FFF8	1	{02}{19}ここの酒場はホレ、\n舞台があるんじゃ。{0F}あの上で踊ってよし、歌ってよし。{0F}客はホレ、そこのカラの樽をたたいて応援するんじゃ。{0F}ワシはこれを『カラタル』と\n名づけたんじゃ。{10}	
08429	MAP/MAP034.BIN:0100C8	1	{02}{1A}まあ、フィリー。\nいらっしゃい。{0E}{09}	
08430	MAP/MAP034.BIN:0100EC	1	{02}{05}グリーアおばあちゃん、\nカゼは治った？{0F}{02}{1A}ああ。おかげさまでね。\nすっかり良くなったよ。{0F}リズによろしく言っといておくれよ。{10}	
08431	MAP/MAP034.BIN:010170	1	{02}{1A}リズによろしく言っといておくれよ。{10}	
08432	MAP/MAP034.BIN:01019A	1	{02}{1A}いらっしゃい、フィリーちゃん。{0F}いつも様子を見にきてくれるなんて、あんたは本当に優しい娘だよ。{0F}きっと、いいお嫁さんになれるよ。{10}	
08433	MAP/MAP034.BIN:01022A	1	{02}{1A}あら、旅の人かい。珍しいわね。{0F}そうだ、いいことを教えてあげよう。もし、病気になったら、\n南の一軒家のリズのところで{0F}お薬を作ってもらったらいいよ。\nリズのところのお薬は\nハーブの調合で作るんだけどね。{0F}これがまた、よく効くんだよ。{0E}{09}	
08434	MAP/MAP034.BIN:010311	1	{02}{05}グリーアおばあちゃん、\nこんにちは。{0E}{02}{1A}おや？\nフィリーも一緒だったのかい。{10}	
08435	MAP/MAP034.BIN:010366	1	{02}{1A}リズのところのお薬は\nハーブの調合で作るんだけどね。{0F}これがまた、よく効くんだよ。{10}	
08436	MAP/MAP034.BIN:0103BE	1	{02}{1B}いらっしゃい。{0F}最近、いい武器が入りましたよ。\n扱えるんならお買い得だよ。{10}	
08437	MAP/MAP034.BIN:010412	1	{02}{1B}ありがとさん。\n武器や防具はこまめに点検だよ。{10}	
08438	MAP/MAP034.BIN:01047C	1	{02}{1B}何が入り用かな？{10}	
08439	MAP/MAP034.BIN:010494	1	{02}{1B}{08}か。{0F}それなら{06}もらうよ。\nこれで魔獣もこわくないな！{10}	
08440	MAP/MAP034.BIN:0104D0	1	{02}{1B}どれが、いらないんだい？{10}	
08441	MAP/MAP034.BIN:0104F0	1	{02}{1B}{08}か。\nそれなら、{06}払うよ。{10}	
08442	MAP/MAP034.BIN:010516	1	{02}{1B}１ゴアあたり{06}になるよ。{10}	
08443	MAP/MAP034.BIN:010536	1	{02}{1B}全部で{06}になるね。\n若いのに頑張ってるじゃないか！{10}	
08444	MAP/MAP034.BIN:01056E	1	{02}{1B}そうかい、残念だな。{10}	
08445	MAP/MAP034.BIN:01058A	1	{02}{1B}ラピカがないね。\nほら、頑張って稼いできなよ！{10}	
08446	MAP/MAP034.BIN:0105C0	1	{02}{1B}他には、用はないかい？{10}	
08447	MAP/MAP034.BIN:0105F2	1	{02}{1C}あの舞台の上で踊ったり歌ったりして見てる客は{0F}カラの樽をたたいて応援することを\nカラタルというんじゃそうな。{0F}ところでフィリーちゃん。\nいつも、かわいいのう。{0F}どうじゃ、ワシの孫にならんか？{0E}{09}	
08448	MAP/MAP034.BIN:0106B0	1	{02}{05}エウロじいさん、そんなことより\nお酒飲みすぎないでね。{0F}飲みすぎは体に毒よ。{0E}{02}{1C}ははは、\nこりゃ１本とられたわい。{0F}飲みすぎは体に毒か。{10}	
08449	MAP/MAP034.BIN:010740	1	{02}{1C}ははは、\nこりゃ１本とられたわい。{0F}飲みすぎは体に毒か。{10}	
08450	MAP/MAP034.BIN:01077E	1	{02}{1C}ここの酒は格別にうまい。{0F}でも、子供は飲んじゃダメじゃぞ。\n未成年はお断わりじゃ。{10}	
08451	MAP/MAP034.BIN:0107EA	1	{02}{1D}フィリーさん、いらっしゃい。\nお待ちしてました。{0F}はやく、おばあさんに\n会ってください。\nきっと喜ぶわ。{10}	
08452	MAP/MAP034.BIN:010860	1	{02}{1D}いつも、ありがとう。{0F}フィリーさんがきてくれたから、\nおばあさん、だいぶ具合が\nよくなったみたいだわ。{10}	
08453	MAP/MAP034.BIN:0108D0	1	{02}{1D}おばあさんの具合は\nだいぶ良くなったわ。{0F}フィリーちゃんの\nお薬って本当に良く効くのね。{10}	
08454	MAP/MAP034.BIN:01092E	1	{02}{1D}おばあさん、\n早く良くなればいいのになぁ・・・。{10}	
08455	MAP/MAP034.BIN:0109D0	1	{02}{1E}フィリーちゃん。\nよくきてくれたわね。{0F}おや、今日はお友達も一緒かい？{0E}{09}	
08456	MAP/MAP034.BIN:010A19	1	{02}{05}ええ。\nこれからちょっと旅に行くの。{0F}メリアおばあちゃんのお薬。\n少し、よぶんにもってきたわ。{0E}{02}{1E}フィリーちゃんも\nようやく男の子と一緒に\n出歩くようになったんだね。{0E}{09}{07}\n{02}{05}え、そんなぁ・・・。{0E}{02}{1E}おやおや。{0F}まあ、気をつけて行くんだよ。{0E}	
08457	MAP/MAP034.BIN:010B44	1	フィリーはメリアばあさんに\n薬を渡した。{0E}	
08458	MAP/MAP034.BIN:010B84	1	{02}{1E}いつもすまないね。{0F}何だかフィリーちゃんの顔を見たら\n元気が出てきたよ。{0F}早く帰ってきて\nまた元気な顔を見せておくれよ。{10}	
08459	MAP/MAP034.BIN:010C8A	1	{02}{1E}何だかフィリーちゃんの顔を見たら\n元気が出てきたよ。{0F}早く帰ってきて\nまた元気な顔を見せておくれよ。{10}	
08460	MAP/MAP034.BIN:010CFE	1	{02}{1E}まあ、フィリーちゃん、\nいらっしゃい。{0F}この前のお薬が良かったみたいだよ。もう、すっかり具合も良くなったわ。{0F}フィリーちゃん。{0F}もう少し良くなったら、\n一緒にお散歩に行きましょうね。{10}	
08461	MAP/MAP034.BIN:010DBC	1	{02}{1E}フィリーちゃん。{0F}もう少し良くなったら、\n一緒にお散歩に行きましょうね。{10}	
08462	MAP/MAP034.BIN:010E14	1	{02}{1F}よう、フィリーちゃん。こんちは！{0F}そうだ。\n最近、街道に山賊がでるそうだから、気をつけるんだよ。{0F}フィリーちゃんはフュエンテ国の\nアイドルなんだからね。{0F}オレたちは心配だよ。{10}	
08463	MAP/MAP034.BIN:010EC6	1	{02}{1F}最近、酒場でカラタルとかいうのが\nはやってるらしいけど、{0F}カラタルって何なんだろうなぁ。{10}	
08464	MAP/MAP034.BIN:010F3A	1	フィリーちゃんたち！{0F}このごろ、町から少し離れたあたりで山賊が出没するらしいんだ。{0F}もうすぐ、\n見回りの兵士が帰ってくるから\n安全が確認できるまで、{0F}もう少し町の中で\n待っていてくれないかい。{10}	
08465	MAP/MAP034.BIN:011000	1	もうすぐ、\n見回りの兵士が帰ってくるから{0F}安全が確認できるまで、\nもう少し町の中で\n待っていてくれないかい。{10}	
08466	MAP/MAP034.BIN:01107A	1	やあ、フィリーちゃん。{0F}喜んでくれ。\n山賊どもがいなくなったんだ。{0F}きっと、\n僕たちが見回りをしているから、\n恐れをなしたのだろう。{0F}我らフュエンテ国の兵士たちは、\n山賊ごときには負けはしないよ。{0F}わっはっはっはっはっ・・・。{10}	
08467	MAP/MAP034.BIN:011160	1	我らフュエンテ国の兵士たちは、\n山賊ごときには負けはしないよ。{0F}わっはっはっはっはっ・・・。{10}	
08468	MAP/MAP034.BIN:0111CC	1	フィリーちゃん、こんにちは。\n今日はお友達も一緒かい。{10}	
08469	MAP/MAP034.BIN:01120A	1	ここはフュエンテ国の北の城。\nハイゼン城だよ。{0F}フュエンテ国は\n北と南が独立していて{0F}このハイゼン城は、\n兄のエネトン王が治めているんだよ。{10}	
08470	MAP/MAP034.BIN:0112A4	1	やあ、フィリーちゃん。\n今日もかわいいね。{10}	
08471	MAP/MAP034.BIN:0112D6	1	いらっしゃい。{0F}ここはフュエンテ国の北の城。\nハイゼン城です。{10}	
08472	MAP/MAP034.BIN:011324	1	やあ、フィリーちゃん。\nいつも元気そうだね。{10}	
08473	MAP/MAP034.BIN:011358	1	お目通りですか？{0F}エネトン王でしたら２階に\nおられます。{10}	
08474	MAP/MAP034.BIN:0113AA	1	あっ、フィリーちゃん・・・。{0F}べべ、別に・・・。\nサボってるわけじゃないよ。{0F}今、休憩時間なんだ。{0F}交替の時間がくるまで、\nここに控えているんだよ。{10}	
08475	MAP/MAP034.BIN:011446	1	今、休憩時間なんだ。{0F}交替の時間がくるまで、\nここに控えているんだよ。{10}	
08476	MAP/MAP034.BIN:011492	1	最近、街道に山賊が出るらしいけど。{0F}イヤだなぁ・・・。\n忙しくなるのは・・・。{10}	
08477	MAP/MAP034.BIN:0114E6	1	はぁ。見回りは疲れるよ。{0F}一休み、ひとやすみ。{10}	
08478	MAP/MAP034.BIN:011544	1	やあ、フィリーちゃん。{0F}エネトン王がまた深刻に\n悩んでるんだ。\nなぐさめてやっておくれよ。{0E}{09}	
08479	MAP/MAP034.BIN:01159E	1	{02}{05}エネトン王さまは、\nすぐ、深刻に考えすぎるのよね。{0F}そこがいいところなんだけど。{0E}{02} フィリーちゃんの顔を見たら、\n少しは落ち着くんじゃないかな。{10}	
08480	MAP/MAP034.BIN:011638	1	フィリーちゃんの顔を見たら、\n少しは落ち着くんじゃないかな。{10}	
08481	MAP/MAP034.BIN:01167C	1	やあ、フィリーちゃん。{0F}また王さまが悩んでいるんだ。\nなぐさめてあげてよ。{10}	
08482	MAP/MAP034.BIN:0116CC	1	王さまのご様子はどうだった？{0E}{09}	
08483	MAP/MAP034.BIN:0116EB	1	{02}{05}大丈夫、心配ありませんわ。{0E}{02} 王さまが悩んでいるのを\n見るのはつらいからね。{0F}とりあえず、良かった。{10}	
08484	MAP/MAP034.BIN:011756	1	ここは謁見室です。{0F}中にエネトン王がいらしゃいます。{10}	
08485	MAP/MAP034.BIN:0117A6	1	エネトン王は中で\nお考えごとをしております。{0F}あまり、\nお話しかけにならない方が\nよろしいでしょう。{10}	
08486	MAP/MAP034.BIN:011812	1	お話しかけにならない方が\nよろしいでしょう。{10}	
08487	MAP/MAP034.BIN:011864	1	エネトン王は\n南のホルクにいらっしゃる弟君の{0F}ことを思っているんだよ。{0F}１つの国に都が２つ。\nいくら弟君でも、何を考えているのかわからないからね。{10}	
08488	MAP/MAP034.BIN:0118FE	1	１つの国に都が２つ。{0F}いくら弟君でも、何を考えているのかわからないからね。{10}	
08489	MAP/MAP034.BIN:011950	1	また悩んでるんだよ。{10}	
08490	MAP/MAP034.BIN:01196C	1	王さま元気になったかな？{0E}{09}	
08491	MAP/MAP034.BIN:011987	1	{02}{05}悩みのモトは解決したから、\nきっと、もう大丈夫ですわ。{0E}{02} よかった。{10}	
08492	MAP/MAP034.BIN:0119DE	1	会食堂のお掃除は\n念入りにしないとね。{0F}みんながくつろぐ場所ですもの。\nいつも清潔にしておきたいものね。{10}	
08493	MAP/MAP034.BIN:011A4C	1	あっ、フィリーちゃん。{0F}この前、いただいたハーブ。\nハーブティーにしたら、\nとってもおいしかったわ。{0F}ごちそうさま。{10}	
08494	MAP/MAP034.BIN:011ACE	1	エネトン王はいつも悩んでいるのよ。{0F}何を悩んでいるのか知らないけれど、悩むのが王さまの趣味みたい。{10}	
08495	MAP/MAP034.BIN:011B42	1	いらっしゃい。\nフィリーちゃん。{0F}ゆっくりしてってね。{10}	
08496	MAP/MAP034.BIN:011B82	1	ゆっくりしてってね。{10}	
08497	MAP/MAP034.BIN:011BA8	1	山賊は出てくるし・・・。{0F}南のホルク邸の弟君とも\nあまり、うまく\nいってないようじゃし・・・。{0F}エネトン王も\nこれからが大変じゃな・・・。{10}	
08498	MAP/MAP034.BIN:011C40	1	やあ、フィリーちゃん。\nこんにちは。{0E}{09}	
08499	MAP/MAP034.BIN:011C66	1	{02}{05}こんにちは。レバリーさん。{0E}{02}"この前もってきてくれた\nフィリーちゃんのハーブティー。{0F}とってもおいしかったよ。{0F}また、うまいやつを\n持ってきておくれよ。{10}	
08500	MAP/MAP034.BIN:011D08	1	また、うまいやつを\n持ってきておくれよ。{10}	
08501	MAP/MAP034.BIN:011D56	1	どうすればよいものか・・・。{0F}キャラックは\n何を考えているのか・・・。{0F}うーん・・・。{0F}こちらから出向くのも\nヘンだしな・・・。{0E}	
08502	MAP/MAP034.BIN:011DDA	1	エネトン王は\n１人悩んでブツブツ言っている。{0F}ジュリオたちに気づく気配もない。{0E}{02}#ふーっ・・・。{0E}{09}	
08503	MAP/MAP034.BIN:011E3A	1	{02}{05}こんにちは。\n王さま。{0F}あら、元気ないですね。{0E}{02}#おや、フィリーちゃんじゃないか。{0F}うーん。少し考えごとをしていてね。{0E}{09}{0E}{02}{05}考えすぎは体に良くないわ。{0E}{02}#ああ、そうだな。{0F}まだ起こってもいないことを\n心配しても仕方ないか。{0F}そうだな。{0F}そうだよね。{0F}ありがとう。\nフィリーちゃんの顔を見たら、\n気持ちが楽になったよ。{10}	
08504	MAP/MAP034.BIN:011F78	1	ありがとう。{0F}フィリーちゃんの顔を見たら、\n気持ちが楽になったよ。{10}	
08505	MAP/MAP034.BIN:011FC0	1	おや、君たち。{0F}{09}	
08506	MAP/MAP034.BIN:011FD3	1	王さま、こんにちは。{0F}{02}#やあ、フィリーちゃんか。{0F}今日はお友達といっしょだね。{0E}{09}{0E}{02}{05}王さま、あまり元気がありませんね。{0E}{02}#うん。\nじつはそうなんだ。{0E}{09}	
08507	MAP/MAP034.BIN:012065	2	{02}{01}南フュエンテの\nキャラック王のことを{0F}心配してるんでしょ？{0E}{02}#えっ、どうしてわかったの？{0E}{09}	
08508	MAP/MAP034.BIN:0120C1	1	ボクたち、ホルクへ\n行ってきたんです。{0F}はい、親書だよ。{0E}ジュリオは{01}4を渡した。{0E}エネトン王はさっそく親書をひらき、何度も深くうなづきながら\nキャラック王からの伝言に{0F}目をとおした。{0E}{02}#なるほど、そうだったのか・・・。{0F}近ごろキャラックとの連絡も\nとどこおり、\n南北街道だけでなく、{0F}ホルクにつながる街道が\nすべて封鎖されたと聞き、\n心配していたのだ。{0F}白き魔女の予言もあるしな。{0F}もしや、キャラックが\nハイゼンを狙っているのかと\n考えてはならないことまで{0F}想像してしまった。{0E}{09}	
08509	MAP/MAP034.BIN:012290	1	白き魔女の予言は警告なんだよ。{0F}努力すれば悪いことなんか、\n起こらないようにもできるんだ。{0F}悪いのは、ベラートって奴さ。{0F}きっと、白き魔女の予言を利用して、南北で争いを起こそうとしてるんだ。{0E}{02}#よし、わかった。{0F}さっそくハイゼンの兵士を動員して、ルピナス湖の砦に向かわせよう。{0F}カーリー王妃を救出するんだ。{0E}{09}{13}{02}{01}ダメよ。そんなことしちゃあ！{0E}{02}#えっ？{0E}{02}{01}砦の人たちは悪い人じゃないのよ。{0F}ここから兵隊を連れて行ったら、\nきっと砦の兵隊さんと\n戦いになっちゃうわよ。{0E}{02}{05}罪もない人が血を\n流すことになりますわ。{0E}{02}	
08510	MAP/MAP034.BIN:012480	1	うん。まずいね。{0E}{02}#何か良い考えは\nないものだろうか・・・。{0E}{02}	
08511	MAP/MAP034.BIN:0124BD	1	うーん・・・。{0E}ジュリオたちは\nしばらくエネトン王とともに悩んだ。{0E}{02}{01}そうだわ！{0E}{02}	
08512	MAP/MAP034.BIN:01250D	1	び、びっくりした・・・。{0E}{02}{01}いい作戦があるわ。{0F}私とジュリオが砦に\n忍び込めばいいのよ。{0E}{02}	
08513	MAP/MAP034.BIN:012565	1	どうやって？{0E}{02}{01}そんなこと、後で考えればいいのよ。{0E}{02}	
08514	MAP/MAP034.BIN:012599	1	それがなかなか思いつかないと\n思うんだけどなぁ・・・。{0E}{02}{01}そんなのその場で何とかなるわよ。\nいいから聞きなさいよ。{0F}それで、そっとカーリー王妃を\n救け出すの。{0E}{02}	
08515	MAP/MAP034.BIN:012635	1	どうやって？{0E}{02}{01}それもその場になって\n考えればいいわ。{0E}{02}	
08516	MAP/MAP034.BIN:01266C	1	それって、\nきっと作戦じゃないよ・・・。{0E}{02}{01}いいのよ。{0F}その間にフィリーは急いで\nホルクに戻って\nキャラック王に連絡するの。{0F}砦の南側の外で\nそっと待っていてもらうようにね。{0F}エネトン王も同じように\n砦の北側で待機してるの。{0F}カーリー王妃を救い出したら\nこっちのものよ。\nベラートなんて恐くないわ。{0F}大声で合図するから、\nそこで２人の王さまの登場よ。{0E}{02}	
08517	MAP/MAP034.BIN:0127BF	1	登場してどうするのさ？{0E}{02}{01}決まってるじゃない。{0F}２人の王さまが握手するのよ。{0E}{02}	
08518	MAP/MAP034.BIN:01280C	1	あくしゅ？{0E}{02}{01}そうよ。{0F}砦の兵士たちが見ている前で\n２人の王さまが仲良く握手すれば、\n誤解なんてすぐにとけるわ。{0E}{02}	
08519	MAP/MAP034.BIN:01287B	1	うん、いい作戦かも知れない。{0E}{02}{01}そうでしょ。{0E}{02}#たしかに君たちの言うとおり、\n兵士同士がぶつかれば、{0F}戦争に発展する恐れがある。\nそうなってはベラートの思うツボだ。{0F}しかし、だからと言って、\n君たちを危ない目に\nあわせるわけにもいかん。{0E}{02}	
08520	MAP/MAP034.BIN:012962	1	他にこれといった手もないし、\nだいじょうぶだよ、王さま。{0F}ボク、なんだかうまくいくような\n気がしてきたよ。{0E}{02}#まさか、砦の兵士たちが\n君たちに剣を向けることは{0F}ないとは思うが・・・。{0F}ベラートに\nそそのかされているとすれば\n何をするか、{0F}わかったもんじゃない。\nいきなり弓で狙われるかも\n知れないぞ。{0E}{02}{01}大丈夫よ、王さま。{0F}私たち、逃げ足には自信があるの。\nかけっこ得意なんだから。{0F}それに、砦へ侵入したら\n真っ先に武器庫を探して武器を\n使えないようにしちゃうわ。{0F}弓矢なんて燃やしちゃえばいいのよ。{0E}{02}#かっ、過激な作戦だね・・・。{0E}{02}	
08521	MAP/MAP034.BIN:012B65	1	やっぱり、王さまもそう思う？{0E}エネトン王は\n困惑ぎみの表情でうなずいた。{0E}{02}	
08522	MAP/MAP034.BIN:012BAE	1	でも、安心して。\nきっと、うまくいくからさ。{0E}{02}{01}ええ、これしかないわ。{0E}{02}{05}やってみる価値はありますわ。{0F}このままではカーリー王妃を盾に、\nベラートという人が\n何を始めるかわかりませんわ。{0E}{02}#うーん、そうだな・・・。{0F}フィリーちゃんにまで\nそう言われると、\nその作戦がいいようにも{0F}思えてきたが・・・。{0F}悩むなぁ・・・。{0F}{02}$あなた。{0F}{02}#はい。{0F}{02}$あなたがそのように優柔不断ですから兄弟の問題などに付け込まれ、{0F}ベラートとかいう者に\n国を狙われるのです。{0F}だいたい、あなたはいつも\n悩んでばかり。{0F}この方々のように、\n自発的な意見というものは\nないのですか。{0E}{02}#申し訳ない・・・。{0E}{02}$ちなみに、\n私はこの方々の意見に賛成です。{0F}この作戦にも危険はあると思いますがカーリー王妃のことを考えると\n兵を連れていくのは、{0F}もっと危険です。{0E}{02}#うーん・・・わかった。{0F}今、結論を出そう。{0F}・・・・・・・・。{0F}・・・・・・・・・・・・・・・・。{0E}{02}#よし、決めた。{0F}その作戦に決めよう。\n私も全面的に協力する。{0F}この問題はすべて君たちに\nゆだねよう。{0E}{02}{01}決定ね。{0E}{02}	
08523	MAP/MAP034.BIN:012F3B	1	そうと決まったら、\nさっそくルピナス湖の砦に{0F}向かおうよ。{0E}{02}{05}そうですわね。{0F}では、私はホルクへ行って\nキャラック王に\n知らせてまいりますわ。{10}	
08524	MAP/MAP034.BIN:012FD4	1	私も砦の北側で待機しているよ。{0F}合図があったら\nすぐに駆け込むからね。{0F}くれぐれも無茶はしないでおくれよ。君たちにもしものことがあったら、\nそれこそ大変だからね。{10}	
08525	MAP/MAP034.BIN:013084	1	王さまは\nあれこれと考えることも{0F}大切な仕事なのよ。{0F}好きなだけ考えさせて\nおけばいいのよ。{10}	
08526	MAP/MAP034.BIN:0130F8	1	あら、フィリーちゃん。{0F}この前はおいしいハーブティーを\nありがとうね。{0F}王さまは相変わらず心配性でね。\nひまさえあれば、\nあれこれと悩んでいるのよ。{0F}王さまの悩みは、\nいつものことだから、\nあまり気にしなくていいわよ。{10}	
08527	MAP/MAP034.BIN:0131D6	1	王さまの悩みは、\nいつものことだから、{0F}あまり気にしなくていいわよ。{10}	
08528	MAP/MAP034.BIN:01322A	1	その、ベラートという男。{0F}カーリー王妃を人質にし、\nキャラック王をいいなりにさせて、\n南部を自由に{0F}操るつもりなのですね。{0E}{02}#そして南部を操って北部に手を伸ばしゆくゆくはフュエンテ国全土を{0F}奪うつもりだろう。\nなんと卑劣な男だ。{10}	
08529	MAP/MAP034.BIN:013314	1	砦に捕まっている\nカーリー王妃のことを思うと{0F}胸が痛みます。\n早く救けて差し上げたいものですね。{10}	
08530	MAP/MAP034.BIN:013398	1	こりゃ、フィリーちゃん。\n今日もかわいいのう。{0F}おんや？\n今日はベッピンさんの\nお姉さんも一緒かい。{0F}どこのベッピンさんだね？{0F}まさか、本当の姉で\nリズの隠し子なんてんじゃ\nないだろうな。{0E}{09}{0A}{02}{05}シャーラさんっていうのよ。{0F}綺麗な人でしょ。{0E}{09}{0B}{02}{02}あんたたち、\nなかなか見る目があるじゃないか。{0E}{02}%うーむ。ベッピンじゃが・・・。\n言葉使いが悪いな。{0F}もっと、本を読んで\n勉強した方がええぞ。{0E}{09}{08}{02}{02}大きなお世話だよ。{0E}{02}%シャーラさん。{0F}でも、あんた美人じゃから\nワシは好きだ。{10}	
08531	MAP/MAP034.BIN:013566	1	シャーラさん。{0F}でも、あんた美人じゃから\nワシは好きだ。{10}	
08532	MAP/MAP034.BIN:0135A4	1	エネトン王も\nあれこれと悩む前に{0F}本を読めばよいのにのう・・・。{10}	
08533	MAP/MAP034.BIN:0135EA	1	たしか、そこの本棚に、\n魔女の予言が載っている本があったが{0F}読んでみたかね？{0F}白き魔女は\n何でも御見通しだったようじゃな。{10}	
08534	MAP/MAP034.BIN:013668	1	まあ、フィリーちゃん。\nいらっしゃい。{0F}今日の服も似合ってるわね。\nフィリーちゃんったら、\n何を着ても似合うんだから。{0E}{09}{0A}{02}{05}ありがとう。\nこの服、お母さんに\n作ってもらったの。{0E}{02}!ゆっくりしてってね。{10}	
08535	MAP/MAP034.BIN:013730	1	やあ、フィリーちゃんたち！{0F}このごろ、町から少し離れたあたりで山賊が出没するらしいんだ。{0F}気を付けなきゃだめだよ。{10}	
08536	MAP/MAP034.BIN:013910	1	あれ？\n兵隊さんが、走ってくるよ。{0E}	
08537	MAP/MAP034.BIN:013B52	1	どうしたの？{0E}{02} 街道で山賊が出るってんで{0F}偵察に行っていたヤツが\n帰ってきたのさ。{0F}幸い、ここから５００ミロまでは\n山賊は出没していないようだ。{0F}この街道を使うなら、今のうちだよ。{10}	
08538	MAP/MAP034.BIN:013D3A	1	フィリーちゃんたち！{0E}	
08539	MAP/MAP034.BIN:013D6A	1	このごろ、町から少し離れたあたりで山賊が出没するらしいんだ。{0F}もうすぐ、\n見回りの兵士が帰ってくるから\n安全が確認できるまで、{0F}もう少し町の中で\n待っていてくれないかい。{10}	
08540	MAP/MAP034.BIN:013E6E	1	もうすぐ、\n	
08541	MAP/MAP034.BIN:013E94	1	見回りの兵士が帰ってくるから{0F}安全が確認できるまで、\nもう少し町の中で\n待っていてくれないかい。{10}	
08542	MAP/MAP034.BIN:013F44	1	{02}{05}ジュリオさん。\n早く、親書を届けましょう。{10}	
08543	MAP/MAP034.BIN:013FC6	1	{02}{05}こちらの道からでは、\n遠回りですわ。{0F}早く、砦に向かいましょう。{10}	
08544	MAP/MAP034.BIN:0140EA	1	背表紙に\n《ルピナス湖のほとりで》と\n書かれた本がある。{0E}《ルピナス湖のほとりで》を\n読みますか？{0E}	
08545	MAP/MAP034.BIN:014194	1	難しすぎて、よくわからないや。{10}	
08546	MAP/MAP034.BIN:0141CA	1	背表紙に\n《怪傑ワイルドキャット》と\n書かれた本がある。{0F}子供向けの物語のようだ。{0E}《怪傑ワイルドキャット》を\n読みますか？{0E}	
08547	MAP/MAP034.BIN:01428E	1	ちょっと子供向けすぎるなぁ。{0F}でも、ワイルドキャットって名前、\nかっこいいね。{0E}	
08548	MAP/MAP034.BIN:0142E8	1	{09}\n{02}{02}そうかねえ・・・。{10}	
08549	MAP/MAP034.BIN:014304	1	{09}\n{02}{01}そうかしら。{10}	
08550	MAP/MAP034.BIN:01434A	1	{02}{05}こちらの道からでは、\n遠回りですわ。{0F}早く、ウドル国へ向かいましょう。{10}	
08551	MAP/MAP034.BIN:0143E6	1	{02}{05}早く、ご用を済ませて、\nキャラック王に\nご報告をいたしましょう。{10}	
08552	MAP/MAP034.BIN:014498	1	フュエンテ国　ハイゼン	
08553	MAP/MAP034.BIN:014518	1	どうすればよいものか・・・。{0E}	
08554	MAP/MAP034.BIN:014544	1	キャラックは\n何を考えているのか・・・。{0E}	
08555	MAP/MAP034.BIN:0145D8	1	うーん・・・。{0F}こちらから出向くのも\nヘンだしな・・・。{0E}	
08556	MAP/MAP034.BIN:014642	1	エネトン王は\n１人悩んでブツブツ言っている。{0E}	
08557	MAP/MAP034.BIN:0146AA	1	ジュリオたちに気づく気配もない。{0E}	
08558	MAP/MAP034.BIN:0146F3	1	{02}{05}こんにちは。\n王さま。{0E}	
08559	MAP/MAP034.BIN:014726	1	あら、元気ないですね。{0E}{02}#おや、フィリーちゃんじゃないか。{0F}うーん。少し考えごとをしていてね。{0E}{09}	
08560	MAP/MAP034.BIN:014785	1	{02}{05}考えすぎは体に良くないわ。{0E}{02}#ああ、そうだな。{0F}まだ起こってもいないことを\n心配しても仕方ないか。{0F}そうだな。{0F}そうだよね。{0F}ありがとう。\nフィリーちゃんの顔を見たら、\n気持ちが楽になったよ。{10}	
08561	MAP/MAP034.BIN:014902	1	{02}{05}こんにちは、王さま。{0E}{02}#やあ、フィリーちゃんか。{0F}今日はお友達といっしょだね。{0E}	
08562	MAP/MAP034.BIN:01495C	1	おや、君たち。{0E}{09}	
08563	MAP/MAP034.BIN:01496F	1	王さま、こんにちは。{0E}	
08564	MAP/MAP034.BIN:014988	1	{09}{0E}{02}{05}王さま、\nあまり元気がありませんね。{0E}{02}#うん。\nじつはそうなんだ。{0E}	
08565	MAP/MAP034.BIN:014A3E	1	ボクたち、ホルクへ\n行ってきたんです。{0E}	
08566	MAP/MAP034.BIN:014AD4	1	はい、親書だよ。{0E}	
08567	MAP/MAP034.BIN:014AEC	1	ジュリオは\n{01}4を渡した。{0E}	
08568	MAP/MAP034.BIN:014B40	1	エネトン王はさっそく親書をひらき、何度も深くうなづきながら\nキャラック王からの伝言に{0F}目をとおした。{0E}	
08569	MAP/MAP034.BIN:014BAC	1	なるほど、そうだったのか・・・。{0F}近ごろキャラックとの連絡も\nとどこおり、\n南北街道だけでなく、{0F}ホルクにつながる街道が\nすべて封鎖されたと聞き、\n心配していたのだ。{0F}白き魔女の予言もあるしな。{0F}もしや、キャラックが\nハイゼンを狙っているのかと\n考えてはならないことまで{0F}想像してしまった。{0E}{09}	
08570	MAP/MAP034.BIN:014CC8	1	白き魔女の予言は警告なんだよ。{0F}努力すれば悪いことなんか、\n起こらないようにもできるんだ。{0F}悪いのは、ベラートって奴さ。{0F}きっと、白き魔女の予言を利用して、南北で争いを起こそうとしてるんだ。{0E}{02}#よし、わかった。{0F}さっそくハイゼンの兵士を動員して、ルピナス湖の砦に向かわせよう。{0F}カーリー王妃を救出するんだ。{0E}{09}{08}{02}{01}ダメよ。そんなことしちゃあ！{0E}	
08571	MAP/MAP034.BIN:014E3E	1	えっ？{0E}{09}\n{02}{01}砦の人たちは悪い人じゃないのよ。{0E}	
08572	MAP/MAP034.BIN:014E86	1	ここから兵隊を連れて行ったら、\nきっと砦の兵隊さんと\n戦いになっちゃうわよ。{0E}{09}{0E}{02}{05}罪もない人が血を\n流すことになりますわ。{0E}{09}\n{02}	
08573	MAP/MAP034.BIN:014F01	1	うん。まずいね。{0E}	
08574	MAP/MAP034.BIN:014F5C	1	何か良い考えは\nないものだろうか・・・。{0E}{09}\n{02}	
08575	MAP/MAP034.BIN:014F88	1	うーん・・・。{0E}	
08576	MAP/MAP034.BIN:014F9E	1	ジュリオたちは\nしばらくエネトン王とともに悩んだ。{0E}	
08577	MAP/MAP034.BIN:014FDC	1	{09}{0F}{02}{01}そうだわ！\n	
08578	MAP/MAP034.BIN:015062	1	び、びっくりした・・・。{0E}{09}	
08579	MAP/MAP034.BIN:01507D	1	{02}{01}いい作戦があるわ。{0F}私とジュリオが砦に\n忍び込めばいいのよ。{0E}{09}\n{02}	
08580	MAP/MAP034.BIN:0150BE	2	どうやって？{0E}	
08581	MAP/MAP034.BIN:0150E6	1	{09}{08}{02}{01}そんなこと、\n後で考えればいいのよ。{0E}{09}\n{02}	
08582	MAP/MAP034.BIN:015112	1	それがなかなか思いつかないと\n思うんだけどなぁ・・・。{0E}{09}	
08583	MAP/MAP034.BIN:01514A	1	{02}{01}そんなのその場で何とかなるわよ。\nいいから聞きなさいよ。{0E}	
08584	MAP/MAP034.BIN:0151A0	1	それで、そっとカーリー王妃を\n救け出すの。{0E}{09}\n{02}	
08585	MAP/MAP034.BIN:0151F8	1	{02}{01}それもその場になって\n考えればいいわ。{0E}{09}\n{02}	
08586	MAP/MAP034.BIN:015224	1	それって、\nきっと作戦じゃないよ・・・。{0E}{09}{08}{02}{01}いいのよ。{0F}	
08587	MAP/MAP034.BIN:01526E	1	{02}{01}その間にフィリーは急いで\nホルクに戻って\nキャラック王に連絡するの。{0F}砦の南側の外で\nそっと待っていてもらうようにね。{0E}	
08588	MAP/MAP034.BIN:015308	1	エネトン王も同じように\n砦の北側で待機してるの。{0F}カーリー王妃を救い出したら\nこっちのものよ。\nベラートなんて恐くないわ。{0F}大声で合図するから、\nそこで２人の王さまの登場よ。{0E}{09}\n{02}	
08589	MAP/MAP034.BIN:0153B5	1	登場してどうするのさ？{0E}	
08590	MAP/MAP034.BIN:0153EA	1	{02}{01}決まってるじゃない。{0F}２人の王さまが握手するのよ。{0E}{09}\n{02}	
08591	MAP/MAP034.BIN:015422	1	あくしゅ？{0E}{09}	
08592	MAP/MAP034.BIN:01542F	1	{02}{01}そうよ。{0F}砦の兵士たちが見ている前で\n２人の王さまが仲良く握手すれば、{0F}誤解なんてすぐにとけるわ。{0E}{09}	
08593	MAP/MAP034.BIN:015495	1	うん、いい作戦かも知れない。{0E}{09}{0A}{02}{01}そうでしょ。{0E}	
08594	MAP/MAP034.BIN:015500	1	たしかに君たちの言うとおり、\n兵士同士がぶつかれば、{0F}戦争に発展する恐れがある。\nそうなってはベラートの思うツボだ。{0F}しかし、だからと言って、\n君たちを危ない目に\nあわせるわけにもいかん。{0E}{09}	
08595	MAP/MAP034.BIN:0155BB	1	他にこれといった手もないし、\nだいじょうぶだよ、王さま。{0F}ボク、なんだかうまくいくような\n気がしてきたよ。{0E}{02}#まさか、砦の兵士たちが{0F}君たちに剣を向けることは\nないとは思うが・・・。{0F}ベラートに、\nそそのかされているとすれば{0F}何をするか、\nわかったもんじゃない。{0F}いきなり弓で狙われるかも\n知れないぞ。{0E}{09}	
08596	MAP/MAP034.BIN:0156E0	1	{02}{01}大丈夫よ、王さま。{0F}私たち、逃げ足には自信があるの。\nかけっこ得意なんだから。{0F}それに、砦へ侵入したら\n真っ先に武器庫を探して武器を\n使えないようにしちゃうわ。{0F}弓矢なんて燃やしちゃえばいいのよ。{0E}	
08597	MAP/MAP034.BIN:0157FA	1	かっ、過激な作戦だね・・・。{0E}	
08598	MAP/MAP034.BIN:015836	1	やっぱり、王さまもそう思う？{0E}	
08599	MAP/MAP034.BIN:01588A	1	エネトン王は\n困惑ぎみの表情でうなずいた。{0E}{09}	
08600	MAP/MAP034.BIN:0158B8	1	でも、安心して。\nきっと、うまくいくからさ。{0E}{09}	
08601	MAP/MAP034.BIN:0158E6	1	{02}{01}ええ、これしかないわ。{0E}{09}	
08602	MAP/MAP034.BIN:015901	1	{02}{05}やってみる価値はありますわ。{0E}	
08603	MAP/MAP034.BIN:015930	1	このままではカーリー王妃を盾に、\nベラートという人が\n何を始めるかわかりませんわ。{0E}	
08604	MAP/MAP034.BIN:01598A	1	うーん、そうだな・・・。{0F}フィリーちゃんにまで\nそう言われると、{0F}その作戦がいいようにも\n思えてきたが・・・。{0F}	
08605	MAP/MAP034.BIN:015A0C	1	悩むなぁ・・・。{0F}	
08606	MAP/MAP034.BIN:015A26	1	あなた。\n	
08607	MAP/MAP034.BIN:015A60	1	はい。{0E}	
08608	MAP/MAP034.BIN:015B86	1	あなたがそのように優柔不断ですから兄弟の問題などに付け込まれ、{0F}ベラートとかいう者に\n国を狙われるのです。{0E}	
08609	MAP/MAP034.BIN:015C42	1	だいたい、あなたはいつも\n悩んでばかり。{0E}	
08610	MAP/MAP034.BIN:015C96	1	この方々のように、\n自発的な意見というものは\nないのですか。{0E}{02}#申し訳ない・・・。{0E}{02}$ちなみに、\n私はこの方々の意見に賛成です。{0E}	
08611	MAP/MAP034.BIN:015D48	1	この作戦にも危険はあると思いますがカーリー王妃のことを考えると\n兵を連れていくのは、{0F}もっと危険です。{0E}	
08612	MAP/MAP034.BIN:015DB6	1	うーん・・・わかった。{0E}	
08613	MAP/MAP034.BIN:015DE0	1	今、結論を出そう。{0F}・・・・・・・・。{0F}・・・・・・・・・・・・・・・・。{0E}{02}#よし、決めた。{0E}	
08614	MAP/MAP034.BIN:015E4C	1	その作戦に決めよう。\n私も全面的に協力する。{0E}	
08615	MAP/MAP034.BIN:015E9A	1	この問題はすべて君たちに\nゆだねよう。{0E}	
08616	MAP/MAP034.BIN:015EDE	1	{02}{01}決定ね。{0E}	
08617	MAP/MAP034.BIN:015F08	1	そうと決まったら、{0F}さっそくルピナス湖の砦に\n向かおうよ。{0E}	
08618	MAP/MAP034.BIN:015F74	1	{02}{05}そうですわね。{0F}では、私はホルクへ行って\nキャラック王に\n知らせてまいりますわ。{10}	
08619	MAP/MAP035.BIN:0000A4	1	迷いの森	
08620	MAP/MAP035.BIN:00FA9A	1	アルグレス	
08621	MAP/MAP035.BIN:00FABA	1	森は生きている。表と裏。	
08622	MAP/MAP035.BIN:00FADA	1	守られし森は裏の世界。	
08623	MAP/MAP035.BIN:00FAFA	1	森は姿を変える。	
08624	MAP/MAP035.BIN:00FB1A	1	そして今は、裏の森が生きている。そして今は、表の森が生きている。	
08625	MAP/MAP035.BIN:00FF1C	1	石碑に何か書いてある。{0E}森は生きている。表と裏。{0F}守られし森は裏の世界。\n森は姿を変える。{0F}そして今は、裏の森が生きている。{10}	
08626	MAP/MAP035.BIN:00FFCE	1	石碑に何か書いてある。{0E}森は生きている。表と裏。{0F}守られし森は裏の世界。\n森は姿を変える。{0F}そして今は、表の森が生きている。{10}	
08627	MAP/MAP035.BIN:0100ED	1	あっ・・・。{0E}{02}{05}アルグレス・・・？{0E}{02}{02}あれが・・・。{10}	
08628	MAP/MAP035.BIN:010172	1	{09}{0F}\n{02}{05}待って、アルグレス。{0F}私たちは森にも、\nあなたにも、{0F}けっして危害はくわえないわ。{0F}お願いがあるの。{10}	
08629	MAP/MAP035.BIN:0101F5	1	頼むよ、アルグレス。{0F}話を聞いてくれよ。{0E}{02}	
08630	MAP/MAP035.BIN:01021F	1	ボクの友達が\n呪いをかけられてしまって・・・。{0F}呪いを解く薬を作るのに、{0F}キミの角を少しだけ、\nわけてもらいたいんだ。{10}	
08631	MAP/MAP035.BIN:0102B0	1	{02}{05}ほんの少し、粉ほどあれば作れるの。{0F}お願いアルグレス。{0F}少しだけ、あなたの大切な角を\nわけてください。{10}	
08632	MAP/MAP035.BIN:010322	1	アルグレスは角をさしだすように、\n頭をさげて動きを止めた。{10}	
08633	MAP/MAP035.BIN:010374	1	{02}{05}ありがとう、アルグレス。{10}	
08634	MAP/MAP035.BIN:0103AA	1	フィリーは\nアルグレスをおびえさせないよう{0F}気をくばりながら、\n少しだけ角を削った。{10}	
08635	MAP/MAP035.BIN:010414	1	{09}{0A}\n{02}{05}ありがとう、\nこれでじゅうぶんよ。{10}	
08636	MAP/MAP035.BIN:01045D	1	アルグレス、ありがとう。{10}	
08637	MAP/MAP035.BIN:01047A	1	{09}{0A}\n{02}{02}恩に着るよ。{10}	
08638	MAP/MAP035.BIN:010495	1	さよなら、アルグレス。{10}	
08639	MAP/MAP035.BIN:0104C6	1	\n{02}{05}これでお薬は作れます。{0F}オルドスへまいりましょう。{10}	
08640	MAP/MAP035.BIN:010608	1	ウドル国　迷いの森	
08641	MAP/MAP036.BIN:0000A3	1	諠泣Cズの関所	
08642	MAP/MAP036.BIN:00CF64	1	{11}{18}フュエンテの兵士	
08643	MAP/MAP036.BIN:00CF86	1	案内係ダニイ	
08644	MAP/MAP036.BIN:00CFC6	1	アドレイ	
08645	MAP/MAP036.BIN:00CFF2	1	{02}{14}これからの世界は\n国家間の助け合いが必要だと{0F}思うんだ。\n私もここの国境を守ることができて\n誇りに思っているよ。{10}	
08646	MAP/MAP036.BIN:00D07A	1	{02}{14}ちゃんと手続きをしてから\nフュエンテ国入りしてくれよ。{10}	
08647	MAP/MAP036.BIN:00D0BC	1	{02}{14}手続きは済んだようだね。{0F}さぁ、お通りください。{10}	
08648	MAP/MAP036.BIN:00D0FE	1	{02}{14}昔は、ここに牢屋があったんだよ。{0F}でも今は、\nこの辺りで悪いことをする人が\nあまりいないから、なくなったんだ。{0F}北フュエンテの方には\n今、山賊が出てるって話だけど、{0F}こちらの方はいたって平和だよ。{10}	
08649	MAP/MAP036.BIN:00D1C8	1	{02}{14}北フュエンテの方には\n今、山賊が出てるって話だけど、{0F}こちらの方はいたって平和だよ。{10}	
08650	MAP/MAP036.BIN:00D22C	1	{02}{15}はい、お疲れさま。{0F}隣のカウンターで\n入国の手続きをしてくださいね。{10}	
08651	MAP/MAP036.BIN:00D276	1	{02}{15}ええ、どうぞ。{0F}１度手続きを済ませたら\nフリーパスです。{10}	
08652	MAP/MAP036.BIN:00D322	1	{02}{16}入国の手続きでしたら、\nカウンターの前でお願いします。{10}	
08653	MAP/MAP036.BIN:00D360	1	{02}{16}はい、どうぞ。{0E}	
08654	MAP/MAP036.BIN:00D4B8	1	オルドス国からの帰りです。{0E}	
08655	MAP/MAP036.BIN:00D512	1	ジュリオは銀の短剣を見せた。{0E}{02}{16}ほほう、巡礼のお帰りですか。\nそれはご苦労様でございます。{0F}はい、結構ですよ。{0F}３名様ですね。\nお通りください。{0E}{02}{01}ありがとう。{0F}{02}{16}若いのに頼もしいことだ。{0F}立派な大人になってくださいね。{10}	
08656	MAP/MAP036.BIN:00D606	1	{02}{16}若いのに頼もしいことだ。{0F}立派な大人になってくださいね。{10}	
08657	MAP/MAP036.BIN:00D65A	1	{02}{14}君たち。{0F}まだ、入国手続きが\n済んでないみたいだね。{0F}きちんと、\n済ませてから通ってくれよ。{10}	
08658	MAP/MAP036.BIN:00D736	2	{02}{16}はい、巡礼帰りの方ですね。\nお顔を見ればわかりますよ。{0F}私もプロですからね。{0E}	
08659	MAP/MAP036.BIN:00D7AE	2	ジュリオは銀の短剣を見せた。{0E}{02}{16}おっ、銀の短剣ですね。\nふーっ・・・。{0F}・・・当たってよかった。{0E}{09}\n{02}	
08660	MAP/MAP036.BIN:00D810	1	なんだ・・・自信なかったんだ。{0E}{02}{16}どうぞ、お通りください。{0F}お気をつけてね。{0E}	
08661	MAP/MAP036.BIN:00D87A	1	{02}{16}どうぞ、お通りください。{0F}お気をつけてね。{0E}	
08662	MAP/MAP036.BIN:00D8B6	1	{02}{17}やあ、こんちは。{0E}{09}	
08663	MAP/MAP036.BIN:00D8CD	1	こんにちは。{0E}{02}{17}いいなぁ、\n女の子２人と旅かい。{0F}うらまやしいね。{0E}{09}\n{02}{01}ねぇ、それを言うなら\nうらやましい、でしょ。{10}	
08664	MAP/MAP036.BIN:00D946	1	{02}{17}いいなぁ、\n女の子２人と旅かい。{0F}うらまやしいね。{0E}{09}\n{02}{01}ねぇ、それを言うなら\nうらやましい、でしょ。{10}	
08665	MAP/MAP036.BIN:00D9E6	1	{02}{14}君たち。\n	
08666	MAP/MAP036.BIN:00DA0C	1	まだ、入国手続きが\n済んでないみたいだね。{0F}きちんと、\n済ませてから通ってくれよ。{10}	
08667	MAP/MAP036.BIN:00DC04	1	なんだ・・・自信なかったんだ。{0E}{02}{16}どうぞ、お通りください。{0F}お気をつけてね。{10}	
08668	MAP/MAP036.BIN:00DCB0	3	{02}{14}おや、キミたち。\n	
08669	MAP/MAP036.BIN:00DCF4	2	確か巡礼の旅人だよね。{0F}まさか\nオルドス国へ戻るつもりかい？{0F}フォルティア国に向かうなら\n南フュエンテを越えて、\nギドナ国を北に上るのが１番早いよ。{10}	
08670	MAP/MAP036.BIN:00DEAC	1	確か巡礼の旅人だよね。{0F}国境を越えたいのかい？{0F}悪いけど、南北問題が\n持ち上がってしまってね。{0F}今、ここの国境は\n封鎖されているんだよ。{10}	
08671	MAP/MAP036.BIN:00E102	1	{02}{14}やあ、お疲れさん。{0F}南フュエンテ国境の関所に到着だよ。{0E}{09}	
08672	MAP/MAP036.BIN:00E13E	1	あれ？{0F}おじさん\nフュエンテ国の兵隊さんなの？{0E}{02}{14}そうだよ。{0E}{09}	
08673	MAP/MAP036.BIN:00E17C	1	だって、\nここはアンビッシュ国側だよね。{0F}本当だったらアンビッシュ国の人が\n守ってなきゃいけないんじゃないの？{0E}{02}{14}本当ならそうなんだけどね。\nアンビッシュ国からだと遠いだろ。{0F}アンビッシュ国から人を送ると\n三都橋やウドル国を通って\n大回りして来ないとならないからね。{0E}{09}	
08674	MAP/MAP036.BIN:00E281	1	{02}{01}ずいぶん大変なのね。{0E}{02}{14}ああ、そうなんだ。{0F}そこで話し合いをして\nこの関所は南フュエンテが\n受け持つことになったんだよ。{0E}{09}	
08675	MAP/MAP036.BIN:00E2FA	1	{02}{01}ふーん、そうなの。{0F}フュエンテ国とアンビッシュ国って\n仲がいいのね。{0F}{02}{14}そうとも。お隣の国だからね。{0E}{02}{14}これからの世界は{0F}国家間の助け合いが\n必要だと思うんだ。{0F}私もここの国境を守ることができて\n誇りに思っているよ。{10}	
08676	MAP/MAP036.BIN:00E3E8	1	アンビッシュ国－フュエンテ国　ルイズの関所	
08677	MAP/MAP036.BIN:00E446	1	ルイズの関所{10}	
08678	MAP/MAP036.BIN:00E458	1	北西　トリフの関所　　　９０８ミロ南　　ルイズの関所　　　１０８ミロ{10}	
08679	MAP/MAP036.BIN:00E4A2	1	北西　トリフの関所　　　５５２ミロ南　　ルイズの関所　　　４６４ミロ{10}	
08680	MAP/MAP036.BIN:00E5A6	1	\n{02}{01}ちょっと、\nオオカミがいるわ。{0E}{09}\n\n{02}	
08681	MAP/MAP036.BIN:00E5CC	1	え～・・・。\nまた～・・・。{0E}{09}{0E}\n{02}{05}この辺りには、\nオオカミが本当にたくさん\nいるのですわね。{10}	
08682	MAP/MAP036.BIN:00E70A	1	{09}{0E}\n{02}{05}しかも、挟まれましたわ。{0E}{09}\n\n{02}	
08683	MAP/MAP036.BIN:00E72D	1	ま～た～・・・。{0E}{09}	
08684	MAP/MAP036.BIN:00E740	1	\n{02}{01}それほど何回も何回も\nオオカミに襲われたのね。{10}	
08685	MAP/MAP036.BIN:00E856	1	{09}{0E}\n{02}{05}気色悪いヘビがいますわ。{0E}{09}{08}\n{02}{01}普通のヘビにしては、\n様子が変よ。{0E}	
08686	MAP/MAP036.BIN:00F29D	2	さすが、フィリーだね。\nじゃあ、よろしく～。{10}	
08687	MAP/MAP036.BIN:00F80C	2	{02}＜tィリー、ありがとう。{10}	
08688	MAP/MAP036.BIN:00F8C6	2	クリスさん、\nありがとうございます。{10}	
08689	MAP/MAP037.BIN:0000A4	1	ホルク	
08690	MAP/MAP037.BIN:00FF26	1	宿屋のモンセス	
08691	MAP/MAP037.BIN:00FF46	1	チャッペルのパニア	
08692	MAP/MAP037.BIN:00FF66	1	シオーネ	
08693	MAP/MAP037.BIN:00FF86	1	道具屋のシーア	
08694	MAP/MAP037.BIN:00FFA6	1	武器屋のグラッド	
08695	MAP/MAP037.BIN:00FFC6	1	酒場のベルド	
08696	MAP/MAP037.BIN:00FFE6	1	ラーク	
08697	MAP/MAP037.BIN:010006	1	ユニオ	
08698	MAP/MAP037.BIN:010026	1	リティカ	
08699	MAP/MAP037.BIN:010046	1	ルコネ	
08700	MAP/MAP037.BIN:010066	1	エニーばあさん	
08701	MAP/MAP037.BIN:010086	1	マジオ長老	
08702	MAP/MAP037.BIN:0100A6	1	カンドのジャン	
08703	MAP/MAP037.BIN:0100C6	1	シュノ	
08704	MAP/MAP037.BIN:0100E6	1	サーナ	
08705	MAP/MAP037.BIN:010106	1	アッティ	
08706	MAP/MAP037.BIN:010146	2	キャラック王	
08707	MAP/MAP037.BIN:010166	3	カーリー王妃	
08708	MAP/MAP037.BIN:010186	1	執事のオッペル	
08709	MAP/MAP037.BIN:0101EC	1	{02}{14}君たち。{0F}{02}{14}ギドナ国に抜ける街道は、\nキャラック王のご命令で{0F}封鎖してます。{0E}{09}\n{02}	
08710	MAP/MAP037.BIN:01023C	2	えっ、なんで？{0E}{09}\n{02}{01}それじゃあ、私たち\nフォルティア国に{0F}帰れないじゃない。{0E}{02}{14}キャラック王のご命令が解かれるまでこの街道はお通しできません。{10}	
08711	MAP/MAP037.BIN:0102CC	2	{02}{14}キャラック王から\nあなた方の、通行を妨げるなと{0F}命令が伝わっています。{0F}あなた方だけが頼りです。\nよろしくお願いいたします。{10}	
08712	MAP/MAP037.BIN:010356	2	{02}{14}もう、旅人が来ないのなら{0F}町から出ようとする人の\nチェックだけだ。{0F}東の入口は\n私１人で見張れば足りるな。{10}	
08713	MAP/MAP037.BIN:0103C4	1	{02}{14}私も前々からベラートは\n変だと思ってたんだ。{0F}本当だぞ。{10}	
08714	MAP/MAP037.BIN:01040C	1	{02}{14}ここは封鎖されています。{0F}封鎖が解かれるまで、\nホルクからお出しすることは\nできません。{0E}{09}{0E}{02}{05}そんな・・・。{0F}これではジュリオさんたちは\nフォルティア国に\n戻れないではありませんか・・・。{0E}{09}	
08715	MAP/MAP037.BIN:0104C8	1	フィリーさんのケモノ道ってのは？{0E}{09}{0E}{02}{05}それも、この先なの。{0E}{09}\n{02}{01}じゃあ、フィリーさんも\nお家に帰れないのね。{0E}{09}{0E}{02}{05}これでは、\n私もジュリオさんたちも{0F}このホルクから動けませんわ。{0E}{09}\n{02}{01}ここの偉い人に\n話をつけるしかなさそうね。{10}	
08716	MAP/MAP037.BIN:010632	1	{02}{14}ここは通行止めだ。{0F}ルピナス湖のほとりが\nぬかるんでいるから\n道を直しているんだ。{0F}あきらめて他の道を行きなさい。{0E}{09}{09}{02}{01}そんなこと言ったって、{0F}他の道だって\n通れないじゃないのよ！{0E}{02}{14}そっ、そんなに・・\n怒らないでくれよ・・・。{10}	
08717	MAP/MAP037.BIN:010716	1	{02}{14}話は聞きましたよ。{0F}我々のために、真実を\n見つけてください！{10}	
08718	MAP/MAP037.BIN:01076C	1	{02}{14}何のようだね？\nここはキャラック王の屋敷だ。{0F}普通の者が入っても\nかまわない場所じゃないぞ。{0E}{09}{08}{02}{01}ずいぶん冷たい言い方ね。{0E}{02}{14}ふん。\n俺は優しい方だ。{0F}きっと入口の兵士は\n俺よりも\nもっとキツイことを言うぞ。{0E}{09}	
08719	MAP/MAP037.BIN:010838	1	{02}{01}そう、おもしろいじゃない。{0E}{02}{14}もし、入口の兵士が\nお前たちを屋敷へ通してくれたら、{0F}俺はここで逆立ちして\n３ベン回ってやるよ。{0E}{09}{10}{02}	
08720	MAP/MAP037.BIN:0108B9	2	ぜったいだよ。{0E}{02}{14}ああ、絶対でいいよーだ。{10}	
08721	MAP/MAP037.BIN:0108EC	1	{02}{14}もし、入口の兵士が\nお前たちを屋敷へ通してくれたら、{0F}俺はここで逆立ちして\n３ベン回ってやるよ。{0E}{09}{10}{02}	
08722	MAP/MAP037.BIN:01099E	1	{02}{14}王さまに\nハイゼンへの使者を頼まれたって？{0F}すごいじゃないか。\n俺からも頼むよ。{0F}どうもフュエンテ国の雲行きが\n怪しくってな。{0F}ホルクは俺たちが\nしっかり守っているから、\nひとつ頼むよ。{10}	
08723	MAP/MAP037.BIN:010A5C	1	{02}{14}ホルクは俺たちが\nしっかり守っているから、{0F}ひとつ頼むよ。{10}	
08724	MAP/MAP037.BIN:010AA6	1	{02}{14}君たちは、ほんとにすごいな！{0F}おかげでフュエンテ国は、\nまた１つになった。{0F}これからは、俺たちが\nフュエンテ国の平和を守るよ！{10}	
08725	MAP/MAP037.BIN:010B2C	1	{02}{14}これからは、\n俺たちがフュエンテ国の\n平和を守るよ！{10}	
08726	MAP/MAP037.BIN:010C30	1	{02}{14}まっ、まさか\nアンビッシュ国の使者の方だとは{0F}知らなかったものですから・・・\nそのう・・・。{0E}{09}	
08727	MAP/MAP037.BIN:010C8E	1	{02}{05}約束がありましたわよね。{0E}{09}{10}{02}{01}たしか、逆立ちで\n３ベン回るって言ったわよね。{0E}{09}{0A}{02}	
08728	MAP/MAP037.BIN:010CDF	1	ぜったいだって、言ったよね。{0E}{09}	
08729	MAP/MAP037.BIN:010CFE	1	\n{02}{0B}バンバーン！{0E}{02}{14}わかりましたよ～。{0F}ちょっとさがって見ててよ。{0E}	
08730	MAP/MAP037.BIN:010F2A	1	{02}{14}もう、かんべんしてくれよ。{0E}{09}\n{02}	
08731	MAP/MAP037.BIN:010F4B	1	３ベン回るって言った。{0E}	
08732	MAP/MAP037.BIN:010F74	2	{02}{14}かんべんしてよ。{0F}ヨロイを着たままで、さかだちなんてふつう、できないよ。{10}	
08733	MAP/MAP037.BIN:01112E	1	{02}{14}また、やれってのか？{0F}もうヤケだ。\n何度だって、やってみせるぞ。{0E}	
08734	MAP/MAP037.BIN:01135E	1	３ベンはムリみたいだね。{0E}	
08735	MAP/MAP037.BIN:011388	1	{02}{14}もう、かんべんしてよ。\nヨロイを着て、さかだちするのだって{0F}ふつう、できないよ。{10}	
08736	MAP/MAP037.BIN:01145C	2	{02}{14}ここからは、\nお通しすることはできません。{10}	
08737	MAP/MAP037.BIN:01150C	2	{09}\n{02}{01}ダメだわ。\nぜんぜん相手にしてもらえないわ。{0E}	
08738	MAP/MAP037.BIN:011540	1	{09}{0E}{02}{05}たしか国境で、\nアンビッシュ国とは{0F}仲がよろしいって\n言っておりましたよね。{0F}アンビッシュ国の使者でもないかぎり通していただけそうも\nありませんわね。{0E}{09}	
08739	MAP/MAP037.BIN:0115DA	3	あっ。{0E}	
08740	MAP/MAP037.BIN:011604	2	{02}{01}どうしたの、ジュリオ？{0E}{09}	
08741	MAP/MAP037.BIN:011621	2	それだよ。{0F}アルフにもらった指輪が\nあるじゃないか。{0E}{09}	
08742	MAP/MAP037.BIN:011656	2	{02}{01}あっ、そうだわ。\nあの指輪があるじゃない。{0F}私たち、\n立派なアンビッシュ国の使者よ。{0E}{09}	
08743	MAP/MAP037.BIN:0116AC	2	{02}{05}そのアルフというお方は？{0E}	
08744	MAP/MAP037.BIN:0116EC	2	ああ、アルフはね、\nアンビッシュ国の王さまなんだ。{0F}とってもいい人なんだよ。{0E}{09}	
08745	MAP/MAP037.BIN:011739	2	{02}{01}ちょっとヘンだけどね。{0E}{09}	
08746	MAP/MAP037.BIN:011756	2	国民思いで、気さくで{0E}{09}{0A}{02}{01}誰かと一緒で方向音痴なのよ。{0E}{09}	
08747	MAP/MAP037.BIN:011790	2	強くて、立派で{0E}{09}{0A}{02}{01}くいしんぼうなのよ。{0E}	
08748	MAP/MAP037.BIN:0117E2	2	あのねぇ・・・。\nボクがほめてるのに。{0E}{09}	
08749	MAP/MAP037.BIN:01180A	2	{02}{05}あの・・・。{0E}	
08750	MAP/MAP037.BIN:01183A	2	アンビッシュ国の王さまと\n親しいのですか。{0F}ジュリオさん、すごいのですね。{0F}でも、王さまを呼びつけにするなんてあまり、よろしくありませんわ。{0E}{09}{07}{02}	
08751	MAP/MAP037.BIN:0118C8	2	うん、そうだね。{0F}いけないとは思ってるんだけど\nなれちゃって・・・。{0E}{09}	
08752	MAP/MAP037.BIN:01190D	2	{02}{01}そんなこと、\n今はどうでもいいのよ。{0F}作戦は決まったわね。{0E}	
08753	MAP/MAP037.BIN:011964	1	さあ、ジュリオ。\nアルフの指輪を用意して。{0E}{09}	
08754	MAP/MAP037.BIN:0119A0	1	ジュリオはアルフの指輪を確かめた。{0E}	
08755	MAP/MAP037.BIN:0119E4	2	{02}{01}それを入口の兵士に見せて、{0F}アンビッシュ国の使いの者ってことで王さまに会わせてもらうのよ。{0E}{09}\n{02}	
08756	MAP/MAP037.BIN:011A44	2	でもさぁ、前にボルトで見せたとき、かえって怪しまれて{0F}捕まっちゃったじゃないか。{0F}今度はだいじょうぶかなぁ・・・。{0E}{09}\n{02}{01}そんなこと、言ってられないでしょ。{0F}早くフォルティア国の様子を\n見にいかなきゃならないんだから。{0E}{09}	
08757	MAP/MAP037.BIN:011B1C	2	よし、行こう。{0E}	
08758	MAP/MAP037.BIN:011BD4	2	{02}{14}あなた方を、通すわけには\nいかないのです。{0E}	
08759	MAP/MAP037.BIN:011C30	2	さっきは言うの忘れたけど。{0E}{09}	
08760	MAP/MAP037.BIN:011C4D	2	{02}{01}そうよ、忘れたけど。{0E}	
08761	MAP/MAP037.BIN:011CB6	2	ボクたちアンビッシュ国の\n使いの者なんだけど。{0E}{09}	
08762	MAP/MAP037.BIN:011CE6	2	{02}{01}そうなのよ。{0E}	
08763	MAP/MAP037.BIN:011D20	2	{02}{14}ほーう、そうでしたか。{0F}では、アンビッシュ国の使者を\n証明する物をお持ちでしょう。{0F}拝見いたしましょう。{0E}{09}{0A}{02}{01}もちろんよ。\nジュリオ、出しなさい。{0E}	
08764	MAP/MAP037.BIN:011E48	2	ジュリオはアルフの指輪を見せた。{0E}{02}{14}う～む。{0F}これは確かに\nアンビッシュ国の紋章・・・。{0E}	
08765	MAP/MAP037.BIN:011EB0	2	{09}{0A}{02}{01}ねっ、どうよ？{0F}正真正銘の\nアンビッシュ国の紋章でしょ？{0E}{02}{14}ああ、本物のようだね。{0E}	
08766	MAP/MAP037.BIN:011F16	2	ところで・・・。{0E}{09}	
08767	MAP/MAP037.BIN:011F29	2	{02}{01}なによ？{0E}{02}{14}これをどこで手に入れたんだね？{0E}{09}\n{02}	
08768	MAP/MAP037.BIN:011F59	2	えーっ？{0E}{09}\n{02}{01}しっ、信じてないの？{0E}	
08769	MAP/MAP037.BIN:011FC0	2	{02}{14}君たちのような子供だけの旅人が{0F}アンビッシュ国の\n使者であるわけがない。{0E}{09}{09}{02}{01}失礼ね。{0F}成人の儀式である\n巡礼の旅を終えたんだから、\nもう、私たち立派な大人なのよ。{0E}	
08770	MAP/MAP037.BIN:012072	2	{02}{14}巡礼の旅？{0E}	
08771	MAP/MAP037.BIN:0120CA	2	おや？\nアンビッシュ国の使者じゃ\nなかったのかね。{0E}兵士は疑いのまなざしで\nジュリオたちを見た。{0E}	
08772	MAP/MAP037.BIN:01213E	2	{09}\n{02}{01}おじさん、イヤな性格ね。{0E}	
08773	MAP/MAP037.BIN:012186	2	{02}{14}大方そのアンビッシュ国の指輪は{0F}どこかの泥棒市場で\n安く手に入れたのだろう！{0E}{09}{0E}{02}{05}ひどいですわ。{0E}{02}{14}キャラック王にお目通りを望むとは、何をもくろんでいるんだ。{0E}	
08774	MAP/MAP037.BIN:012244	2	怪しいな。調べさせてもらう。{0E}{09}\n{02}{01}ウソでしょう・・・。{0E}{09}\n{02}	
08775	MAP/MAP037.BIN:01227E	2	やっぱり・・そうなるわけ・・・。{10}	
08776	MAP/MAP037.BIN:0122B4	2	{02}{14}ごくろうさまです。{0F}どうぞ、お通り下さい。{10}	
08777	MAP/MAP037.BIN:0122E6	1	{02}{14}やあ、お疲れさん。\n大活躍だったね。{0F}フィリーちゃん。\nまた、遊びにきてくれよ。{10}	
08778	MAP/MAP037.BIN:01235A	2	{02}{14}一般の方の訪問は\n許されておりません。{0F}どうか、お引き取りを。{10}	
08779	MAP/MAP037.BIN:012462	1	{09}{0E}{02}{05}たしか国境で、{0F}アンビッシュ国とは仲がよろしいって言っておりましたよね。{0F}アンビッシュ国の使者でもないかぎり通していただけそうも\nありませんわね。{0E}{09}	
08780	MAP/MAP037.BIN:012884	1	さあ、ジュリオ。\nアルフの指輪を用意して。{0E}	
08781	MAP/MAP037.BIN:01291C	1	ジュリオはアルフの指輪を確かめた。{0E}{09}	
08782	MAP/MAP037.BIN:013244	1	{02}{14}お疲れさまでした。{0F}街道の封鎖はすべて解かれました。\nご迷惑をお掛けしました。{0F}フュエンテ国の兵士を代表して、\nお詫び申し上げます。{10}	
08783	MAP/MAP037.BIN:0132D6	1	{02}{14}砦にほとんどの兵士が\n連れて行かれました。{0F}ベラートという奴、\nいったい何を\n考えていることか・・・。{0F}底知れぬ大悪人かも知れませんな。{10}	
08784	MAP/MAP037.BIN:013362	1	{02}{14}俺も砦を作るのを少し手伝ったんだ。{0F}ベラートの片棒を\n担がされていたとはな。{0F}ちょっと悔しいぜ。{10}	
08785	MAP/MAP037.BIN:0133D2	1	{02}{14}考えれば考えるほど、\nベラートは怪しいですよね。{0F}私も臭いと思っていたんですよ。{10}	
08786	MAP/MAP037.BIN:013428	1	{02}{14}私はホルクの兵士ですが\nこれからは、{0F}フュエンテ国のために働きます。{0F}せまく、かたよった考えが\nベラートのような男を\n呼び寄せるのですね。{10}	
08787	MAP/MAP037.BIN:0134CA	1	{02}{15}いらっしゃい。{0E}{09}	
08788	MAP/MAP037.BIN:0134DF	1	こんにちは。{0E}{02}{15}うちの王さまにも困ったもんだよ。{0F}怪しげな流れ者のいうことをきいて\n街道を封鎖してしまったらしい。{0F}これじゃあ、旅人も来やしない。\n商売あがったりだよ。{10}	
08789	MAP/MAP037.BIN:01358C	1	{02}{15}うちの王さまにも困ったもんだよ。{0F}怪しげな流れ者のいうことをきいて\n街道を封鎖してしまったらしい。{0F}これじゃあ、旅人も来やしない。\n商売あがったりだよ。{10}	
08790	MAP/MAP037.BIN:013628	1	{02}{15}街道の封鎖が解かれたみたいだね。{0F}よし、これで客がまた大勢くるぞ。{10}	
08791	MAP/MAP037.BIN:013672	1	{02}{16}ようこそ、いらっしゃいました。{0F}ここではチャッペル魔法を\nお教えしております。{10}	
08792	MAP/MAP037.BIN:0136CA	1	{02}{16}魔法を授かりし者に祝福あれ。{10}	
08793	MAP/MAP037.BIN:01370C	1	{02}{16}どなたに、お教えしましょう？{10}	
08794	MAP/MAP037.BIN:013762	1	{02}{16}ようこそホルクのチャッペルへ。\nどうぞ、ゆっくりなさって下さい。{10}	
08795	MAP/MAP037.BIN:0137B4	1	{02}{17}少し前に怪しげな旅人が\nあらわれたの。{0F}ちょっとハンサムな若者なんだけど、目がなんとなく冷たいのよ。{0F}王さまのお屋敷に入っていったわ。{0F}なんだか、\nそれからホルクの様子が\n変わったみたい。{10}	
08796	MAP/MAP037.BIN:013872	1	{02}{17}キャラック王が正式にエネトン王と\n仲直りしたそうね。{0F}よかったわ。{10}	
08797	MAP/MAP037.BIN:0138BA	1	{02}{18}いらっしゃいませ。{0F}こちらは道具屋です。\nどうぞ品物をご覧になってください。{10}	
08798	MAP/MAP037.BIN:013910	1	{02}{18}ありがとうございました。{0F}また、お越しください。{10}	
08799	MAP/MAP037.BIN:013978	1	{02}{18}買って、ソンのないもの\nばかりですよ。{10}	
08800	MAP/MAP037.BIN:0139A6	1	{02}{18}{08}ですね。{0F}それなら{06}で\nお売りいたします。{10}	
08801	MAP/MAP037.BIN:0139D6	1	{02}{18}ご不用なものは、なんなりと。{10}	
08802	MAP/MAP037.BIN:0139FA	1	{02}{18}{08}ですか。{0F}それなら、{06}で\n引き取らせていただきます。{10}	
08803	MAP/MAP037.BIN:013A38	1	{02}{18}１ゴアあたり\n{06}になっております。{10}	
08804	MAP/MAP037.BIN:013A60	1	{02}{18}全部で{06}ですね。{10}	
08805	MAP/MAP037.BIN:013A78	1	{02}{18}また、ご利用ください。{10}	
08806	MAP/MAP037.BIN:013A96	1	{02}{18}残念ですね。ラピカがありませんよ。{10}	
08807	MAP/MAP037.BIN:013AC0	1	{02}{18}他に、ご用はありませんか？{10}	
08808	MAP/MAP037.BIN:013AE2	1	{02}{19}はいよ。{0F}いい武器がそろってるぜ。\nまあ、見ていってくれ。{10}	
08809	MAP/MAP037.BIN:013B26	1	{02}{19}ちょくちょく来てくんな！{10}	
08810	MAP/MAP037.BIN:013B78	1	{02}{19}どれが、ほしいんだ？\n迷ってるなら、買っちまえよ！{10}	
08811	MAP/MAP037.BIN:013BB2	1	{02}{19}まいど、{08}か。\nそいつはいい品だぜ。{0F}なんてったって\nたったの{06}ときた。\nあんたたち、お目が高いね。{10}	
08812	MAP/MAP037.BIN:013C18	1	{02}{19}ほらほら、何でも引き取るぜ！{10}	
08813	MAP/MAP037.BIN:013C3C	1	{02}{19}{08}か。\nそんなら、{06}で買うぜ。{10}	
08814	MAP/MAP037.BIN:013C64	1	{02}{19}１ゴアあたり{06}だ。{10}	
08815	MAP/MAP037.BIN:013C7E	1	{02}{19}{06}払うぜ！{10}	
08816	MAP/MAP037.BIN:013C90	1	{02}{19}気が向いたらいつでも言ってくれ。{10}	
08817	MAP/MAP037.BIN:013CB8	1	{02}{19}おいおい、ラピカがないぜ。{0F}しっかりしてくれよ！{10}	
08818	MAP/MAP037.BIN:013CF0	1	{02}{19}他に用はないのか？{10}	
08819	MAP/MAP037.BIN:013D0A	1	{02}{19}若い連中ばかりで、よく旅してるな。{0F}がんばれよ！{10}	
08820	MAP/MAP037.BIN:013D4C	1	{02}{1A}キャラック王は\n何を考えとるんじゃろうなぁ。{0F}南北街道だけでなく、\n他の街道まで封鎖して\nしまうとは・・・。{10}	
08821	MAP/MAP037.BIN:013DBC	1	{02}{1A}昔から、血は水よりも\n濃いという言葉がある。{0F}兄弟の絆は、\nけっこう強いものなんじゃよ。{10}	
08822	MAP/MAP037.BIN:013E1A	1	{02}{1B}フュエンテ国は北部と南部に\n別れているんだよ。{0F}北部は兄のエネトン王が\nハイゼンで治め、\n南部は弟のキャラック王が{0F}このホルクの屋敷で治めているんだ。２人は双子の兄弟でね。{0F}生まれたときにケンカしないように、亡くなられた女王さまが\n土地を分けたんだそうだ。{10}	
08823	MAP/MAP037.BIN:013F26	1	{02}{1C}北のエネトン王も南のキャラック王も根はとても気が小さいんだ。{0F}でも、どちらかというと、\nキャラック王の方は追い詰められると何をするかわからないタイプだな。{0F}あぶない、あぶない。{10}	
08824	MAP/MAP037.BIN:013FDC	1	{02}{1C}北のハイゼン王も南のキャラック王も根はとても気が小さいんだ。{0F}だから、２人そろって\nちょうどいいのさ。{0F}まぁ、もめごとが済んで\nよかった、よかった。{10}	
08825	MAP/MAP037.BIN:01407E	1	{02}{1D}このごろカーリー王妃さまを\nぜんぜん見てないの。{0F}ずっとお屋敷にいるのかしら・・・。あたし、王妃さまが大好きなのにな。{10}	
08826	MAP/MAP037.BIN:0140FA	1	{02}{1D}カーリー王妃さまって砦に\n行ってたのね。{0F}あたし王妃さま大好きなの。{0F}戻ってきてくれて\n本当によかったわ。{10}	
08827	MAP/MAP037.BIN:014172	1	{02}{1E}怪しげな旅人が\n屋敷から出て行くのを見たよ。{0F}兵士を従えて南北街道を\n上がって行ったみたいだ。{10}	
08828	MAP/MAP037.BIN:0141D6	1	{02}{1E}街道への出口を\n見張っていた兵士たちは{0F}さっそくルピナス湖の砦を取り壊しに行ったそうだね。{0F}作ったり、壊したり。\n兵隊さんもたいへんだ。{10}	
08829	MAP/MAP037.BIN:01426C	1	{02}{1F}女王さまが生きていた頃は、\nキャラック王もエネトン王も{0F}仲が良かったのだがね。{0F}南北で張り合わずに、\n兄弟２人で仲良くフュエンテ国を\n治めてもらいたいものだねえ。{10}	
08830	MAP/MAP037.BIN:014312	1	{02}{1F}ようやく、２人の王も\n今は亡き女王の遺志をくんで、{0F}仲よくする気になったようだね。{10}	
08831	MAP/MAP037.BIN:01436C	1	あの娘の言ったとおりじゃ・・・。{0E}{09}	
08832	MAP/MAP037.BIN:01438F	1	{02}{01}言ったとおりって？{0E}{02} 以前・・・。{0F}もう20年ほど前になるかのう・・・。\n白き魔女がここを訪れたときに\n言っておったのじゃ。{0F}『母が血を分かつのは、\n国を別つためではない。』{0F}白き魔女はそう言ったのじゃよ。{0E}	
08833	MAP/MAP037.BIN:01445E	1	扱える方がいれば、\nカンド魔法をお教えしますよ。{10}	
08834	MAP/MAP037.BIN:01449A	1	私が必要になったら\nいつでも、お寄りください。{10}	
08835	MAP/MAP037.BIN:0144EA	1	どなたに、お教えしましょう。{10}	
08836	MAP/MAP037.BIN:01450E	1	どの魔法を、習得しますか？{10}	
08837	MAP/MAP037.BIN:014542	1	魔法は身を守るために\n使ってくださいね。{0F}森の動物を\nいじめたりしてはいけませんよ。{10}	
08838	MAP/MAP037.BIN:0145A6	1	王さまは街道を封鎖して、\nいったい何を{0F}するつもりなんだろう。{0F}まさか、\n北部と戦争する気じゃないだろうな。{10}	
08839	MAP/MAP037.BIN:014616	1	いちじは本当に\n南北で戦争になるかと思ったよ。{0F}何事もなく、無事にすんで\n良かったなぁ。{10}	
08840	MAP/MAP037.BIN:01467E	1	王さまは、\nあの怪しげな旅人に{0F}そそのかされて\nいるのじゃないかしら。{0F}心配だわ、\nフュエンテ国はどうなって\nしまうのかしら。{10}	
08841	MAP/MAP037.BIN:0146FE	1	あの怪しげな旅人、\nベラートっていうのですってね。{0F}そうですか、逃げたのですか。{0F}また、どこかで\n悪さをするつもりなのかしら。{0F}まったく、ああいう旅人って\n迷惑よね。{10}	
08842	MAP/MAP037.BIN:0147B0	1	えっ、街道が封鎖されたって？\n３本ともダメなのかなぁ・・・。{0F}南北街道は道路工事のために\n止めたって聞いてたけど、\n他も工事でも始めたのかなぁ。{10}	
08843	MAP/MAP037.BIN:014844	1	あの、ベラートって奴は\n南北の交流を止めて、{0F}互いの不安をつのらせようと\nしていたのか・・・。{0F}悪賢い奴だなぁ。{10}	
08844	MAP/MAP037.BIN:0148CC	1	ここの兵隊さんたちは\nみんなガンコなの。{0F}でも、根は悪い人たちじゃないから\n怒らないでね。{10}	
08845	MAP/MAP037.BIN:01492C	1	ベラートさまは、\nいろいろ王さまに告げ口して{0F}王さまを不安に\nさせているみたい・・・。{0F}王さまも良い方なのですが、\n他人のウワサを心配しすぎるから、\nとても悩んでいるみたいなの。{10}	
08846	MAP/MAP037.BIN:0149E0	1	やっぱり、ベラートって\n悪い人だったのね。{0F}私も怪しいと思っていたのよ。{10}	
08847	MAP/MAP037.BIN:014A38	1	あなた方が、お屋敷に入った時から\n悪い人のはずがないと{0F}思っていたわ。\nあの兵隊さんって、\n見る目ないわね。{10}	
08848	MAP/MAP037.BIN:014AA8	1	さすがはアンビッシュ国の王さまの\nお知り合いね。{0F}若いのに大胆で、\nあなたたち、とってもカッコイイわ。{10}	
08849	MAP/MAP037.BIN:014B1E	1	本当にすまない。\n今は君たちだけが頼りだ。{0F}このままでは誤解がひろがり、\n血を分けた兄弟で\n戦うことになってしまう。{0F}どうか兄に親書を渡し、\nホルクの方も戦いに向かぬよう、\n伝えてほしい。{10}	
08850	MAP/MAP037.BIN:014BDC	1	じゃあ、ジュリオくん、\nクリスさん。{0E}君たちの旅はまだまだ長そうだ。{0F}くれぐれも無茶をせず、\n気をつけて旅を続けるんだよ。{0F}元気でね。{10}	
08851	MAP/MAP037.BIN:014C66	1	お世話になりました。{0F}また、いつか、\n怪傑ワイルドキャット団に\n会いたいですわね。{10}	
08852	MAP/MAP037.BIN:014CC8	1	我がホルクのキャラック王は\n戦いを好みません。{0F}カーリー王妃のことさえなければ、\n即刻作戦を{0F}中止するおつもりなのですが・・・。{0F}ベラートという男。\nとんだ食わせ者だったようで\nございます。{10}	
08853	MAP/MAP037.BIN:014D88	1	ありがとうございました。{0F}あなた様方はこのフュエンテ国を\n窮地から救って下さった。{0F}まさに英雄そのものでございます。{10}	
08854	MAP/MAP037.BIN:014E00	1	{02}{14}逆立ちで、ござい。{10}	
08855	MAP/MAP037.BIN:014F6C	1	フュエンテ国　ホルク	
08856	MAP/MAP037.BIN:014FCE	1	{02}{05}着きました。\nここがホルクです。{0E}	
08857	MAP/MAP037.BIN:015004	1	{02}{14}君たち。\n今、ホルクに着いたばかりだね？{0E}	
08858	MAP/MAP037.BIN:015080	1	うん。そうだけど。{0E}{02}{14}街道で他の旅人に出会ったかい？{0E}{09}	
08859	MAP/MAP037.BIN:0150B6	1	{02}{01}いいえ、誰にも会わなかったわ。{0E}{02}{14}そうか。{0F}では東の国境の封鎖は\n終わったようだな。{0E}{09}	
08860	MAP/MAP037.BIN:01510C	1	{02}{01}封鎖って？{0E}{02}{14}いや、いいんだ。{0F}君たちには関係ない。{0E}	
08861	MAP/MAP037.BIN:01522A	5	{02}{14}君たち。{0E}	
08862	MAP/MAP037.BIN:015250	1	{02}{14}命令が出てね。{0F}東の国境は封鎖されているはずだ。\n行っても通してもらえないよ。{0F}おじさんの言うことを\n信用しないなら\n行ってもかまわないけど{0F}本当に通してもらえないぞ。{10}	
08863	MAP/MAP037.BIN:0153D2	1	{02}{14}ギドナ国に抜ける街道は、{0F}キャラック王のご命令で\n封鎖してます。{0E}{09}\n{02}	
08864	MAP/MAP037.BIN:0155AA	1	{02}{14}キャラック王のご命令により\nここは、通行止めだ。{0F}あきらめて他の道を行きなさい。{0E}{09}{09}{02}{01}そんなこと言ったって、\n他の道だって通れないじゃないのよ！{0E}{02}{14}そっ、そんなに・・\n怒らないでくれよ・・・。{10}	
08865	MAP/MAP037.BIN:015720	2	{02}{14}ここからは、\nお通しすることはできません。{0E}	
08866	MAP/MAP037.BIN:015786	2	{02}{14}一般の方の訪問は\n許されておりませんので、{0F}どうか、お引き取りを。{10}	
08867	MAP/MAP037.BIN:015A06	1	夕暮れに　染まる空の下\n	
08868	MAP/MAP037.BIN:015A6A	1	影だけが　俺の軌跡(あと)を追う\n	
08869	MAP/MAP037.BIN:015AE0	1	つらく哀しい思い　泪(なみだ)堪え\n	
08870	MAP/MAP037.BIN:015B44	1	今日も俺は　ひとり旅立つのさ\n	
08871	MAP/MAP037.BIN:015BD2	1	明日は　きっと幸せつかもう\n	
08872	MAP/MAP037.BIN:015C1E	1	誓おう　赤く燃える太陽に\n	
08873	MAP/MAP037.BIN:015C8E	1	叶わぬ夢を\n永遠(とわ)に追い続ける\n	
08874	MAP/MAP037.BIN:015CB8	1	嗚呼　男のひとり旅\n	
08875	MAP/MAP037.BIN:015E32	1	{09}{0F}\n{02}{01}変ね・・・。{10}	
08876	MAP/MAP037.BIN:015E71	1	えっ？何が？{0E}{09}	
08877	MAP/MAP037.BIN:015E80	1	\n{02}{01}街道の割には\n寂しすぎると思わない？{10}	
08878	MAP/MAP037.BIN:015EBC	1	\n{02}{05}確かにそうですわ。\nいつもでしたら\nもっと人通りも多いのに。{0E}{09}	
08879	MAP/MAP037.BIN:015EFC	1	\n{02}{0B}バンバーン！{10}	
08880	MAP/MAP037.BIN:015F75	1	あ、大ワシが来るよ！{0E}{09}	
08881	MAP/MAP037.BIN:015F8C	1	\n{02}{01}魔獣が出るから\nあまり人が通らないのかしら。{10}	
08882	MAP/MAP037.BIN:016010	1	\n{02}{01}とにかく、\nホルクまで急ぎましょう。{10}	
08883	MAP/MAP037.BIN:0160C2	1	で\nば\nっ\nく\nも\n│\nど\n	
08884	MAP/MAP037.BIN:0160F8	1	ホルク城	
08885	MAP/MAP037.BIN:01620A	1	{02}{14}アンビッシュ国の使者だと言ったり、巡礼の旅人だと言ったり・・・。{0E}	
08886	MAP/MAP037.BIN:01626E	1	まったく怪しい奴らだ。{0E}{09}\n{02}	
08887	MAP/MAP037.BIN:016289	1	巡礼の旅の途中で{0F}アンビッシュ国の王さまと\n親しくなったんだよ。{0F}早く、ホルクの王さまに会わせてよ。話があるんだからさぁ。{0E}	
08888	MAP/MAP037.BIN:016314	1	{02}{14}正直に答えた方が身のためだぞ。{0F}お前たちが本当に\nアンビッシュ国から来た使者なのか\nすぐにわかることだ。{0E}	
08889	MAP/MAP037.BIN:0163C2	1	{09}\n{02}{01}このおじさん、{0F}人の言うこと\nぜんぜん聞いてないみたい。{0E}	
08890	MAP/MAP037.BIN:01641E	1	あきれちゃうわね、ジュリオ。{0E}{02}	
08891	MAP/MAP037.BIN:01646A	1	{02}{14}では、２、３質問させてもらおう。{0E}	
08892	MAP/MAP037.BIN:0164C2	1	{02}{14}まずは、あんたからだ。{0E}兵士はクリスから質問を始めた。{0E}	
08893	MAP/MAP037.BIN:016516	1	{02}{14}本当にアンビッシュ国の使者なら{0F}このくらいの質問には\n簡単に答えられるはずだ。{0E}第１問\nアンビッシュ国、{0F}アンデラ城の料理長は\n何という名前だ？{0E}{09}	
08894	MAP/MAP037.BIN:0165A5	1	{02}{01}ジョルノさんでしょ。{0E}{02}{14}うっ、正解だ・・・。{0E}	
08895	MAP/MAP037.BIN:016612	1	{02}{14}次は坊主だ。{0E}兵士はジュリオに質問を始めた。{0E}{02}{14}第２問\nアンビッシュ国のカンド魔法博士で{0F}王さまの顧問をしている方の\nお名前は？{0E}{09}{0A}{02}	
08896	MAP/MAP037.BIN:016694	1	モリスン。{0E}{02}{14}呼びつけにするんじゃない！{0F}さん、とか。さま、とか。殿とかを\n付けなさい。\n偉い方なんだから。{0E}{09}	
08897	MAP/MAP037.BIN:016701	1	だって友達なんだもん。{0E}{02}{14}また、そういうことを言う・・・。{0E}{09}\n{02}	
08898	MAP/MAP037.BIN:01673F	1	本当だってば。{0E}{09}{10}{02}{01}ねえ、今の正解でしょ。{0F}ちゃんと当たってたら、\n当たりって言ってよ。{0E}	
08899	MAP/MAP037.BIN:0167E6	1	{02}{14}第３問！{0E}兵士はフィリーに質問を始めた。{0E}{02}{14}次はあんただ。{0E}	
08900	MAP/MAP037.BIN:016836	1	{02}{01}兵隊さん、ちょっと。{0E}	
08901	MAP/MAP037.BIN:01685E	1	{02}{14}なんだ？{0E}{02}{01}言っとくけど。{0F}その娘とはアンビッシュ国を出てから一緒になったんだから、{0F}アンビッシュ国のことを聞いても\n意味ないわよ。{0E}{02}{14}ふん、ますます怪しいな。{0E}	
08902	MAP/MAP037.BIN:01690E	1	国はどこだ？{0E}{09}	
08903	MAP/MAP037.BIN:01691D	1	{02}{05}フュエンテ国です。{0F}ちょうど南北の中間辺りよ。\n一軒家に住んでるの。{0E}{02}{14}名前は？{0E}{09}	
08904	MAP/MAP037.BIN:01696F	1	{02}{05}フィリーです。{0E}{02}{14}フィリー？{0F}はて、\nどこかで聞いた名前だな・・・。{0F}うーん・・フィリー・・・。\nフィリーか・・・。{0E}・・・・・・・・。\nあっ！？{0F}調薬師のリズの娘の・・・。{0F}ああ、そうか。\nリズの娘のフィリーちゃん！{0E}{09}	
08905	MAP/MAP037.BIN:016A44	1	{02}{05}ええ、そうですけど。{0E}{02}{14}うちのばあさんの神経痛の薬を\n以前もらいに行ったことがあるよ。{0F}あの薬は本当によく効いた。\nおかげで、ばあさん\n今もピンピンしてるよ。{0F}そうか、\nあのフィリーちゃんだったか。\n大きくなったねえ。{0F}で、今日はどんな用だい？{0E}	
08906	MAP/MAP037.BIN:016B36	1	{09}{08}{02}{01}ずいぶん、様子が違うじゃない。{0E}	
08907	MAP/MAP037.BIN:016B70	1	助かったみたい・・・。{0E}	
08908	MAP/MAP037.BIN:016BA4	1	{02}{05}こちらの２人は{0F}ジュリオさんと\nクリスさんっていうの。{0F}巡礼の旅の帰りなんですけど、\n街道が封鎖されていて{0F}自分の国に戻れないで\n困っているのよ。{0E}	
08909	MAP/MAP037.BIN:016C4E	1	ホルクの王さまに\n街道を通してもらえないか{0F}お願いしようと思って、\nお屋敷にきたの。{0F}それにこのままじゃ、\n私もお家へ帰れないわ。{0E}{02}{14}なるほど、そうだったのか。\nそれは困ったね。{0F}キャラック王のご命令で\n街道は封鎖されているんだよ。{0E}{09}\n{02}	
08910	MAP/MAP037.BIN:016D32	1	どうして封鎖なんかしたの？{0E}	
08911	MAP/MAP037.BIN:016D5E	1	{02}{14}そっ、それは・・・。{0F}俺からは何とも言えないなぁ。{0E}{09}	
08912	MAP/MAP037.BIN:016D94	1	{02}{01}怪しいわね。{0E}{02}{14}俺にもよくはわからないが、\nベラートという旅人が{0F}この屋敷を訪れてから\n王さまの御様子がおかしいのだよ。{0F}そういえば、君たちは\nアンビッシュ国の\n使者だと言ってたね。{0F}質問の答えも当たっていたし、\nアンビッシュ国と親しいと言うのも、まんざらウソでもなさそうだ。{0F}アンビッシュ国の力を借りれば、\nキャラック王の悩みも\n解決できるかも知れない。{0F}もし、良かったら\nキャラック王に会って\n話を聞いては、もらえないか？{0E}{09}	
08913	MAP/MAP037.BIN:016F34	1	{02}{01}もちろんよ。{0E}{09}	
08914	MAP/MAP037.BIN:016F47	1	うん。{0E}{02}{14}キャラック王にお目通りを\nお願いしてくるよ。{0F}少しここで待っていてくれ。{0E}	
08915	MAP/MAP037.BIN:01702A	1	{02}{01}ホルクの王さまの悩みって何かしら？{0E}{09}	
08916	MAP/MAP037.BIN:017053	1	ボクたちで解決できることなら\nいいんだけどね。{0E}	
08917	MAP/MAP037.BIN:0170F6	1	{02}{14}キャラック王が\nぜひともお会いしたいそうだ。{10}	
08918	MAP/MAP037.BIN:017168	1	{02}{14}キャラック王は\nこの部屋にいらっしゃる。{0F}ひとつ、よろしく頼むよ。{10}	
08919	MAP/MAP037.BIN:0172AE	1	はじめまして、王さま。{0E}	
08920	MAP/MAP037.BIN:0172E2	1	おっ。{0E}	
08921	MAP/MAP037.BIN:0172FE	1	君たちが\nアンビッシュ国の使者かね？{0E}{09}	
08922	MAP/MAP037.BIN:017326	1	本当はね、\n使者ってほどじゃないんだけど。{0F}アルフ王の\n知り合いってのは本当だよ。{0E}{02}&そうか。\n実は困ったことがあってな。{0E}{09}	
08923	MAP/MAP037.BIN:01739E	1	{02}{01}困ったことって？{0E}{02}&まぁ、遠慮せずとも\n側に寄ってくれ。{0E}	
08924	MAP/MAP037.BIN:017418	1	ひと月ほど前のことだ。{0F}ベラートという旅人が\nこの屋敷を訪れてな。{0F}その者の言うには、\n北のハイゼンの兄が\n自分の領土を拡大するために{0F}このホルクを狙っていると言うのだ。{0E}{09}{0E}{02}{05}そんなわけありませんわ。{0F}だって、私もジュリオさんも、\n北部を通ってきましたけど、{0F}そんな様子は\n少しもありませんでしたもの。{0E}{02}&そうは思うんだがね。{0F}どうもそんなことを聞かされると\nつい、気になってしまって。{0F}ベラートに言われるまま\nもし、攻め込まれたときのために、\n準備を始めてしまったんだ。{0E}{09}\n{02}	
08925	MAP/MAP037.BIN:0175E4	1	準備って、\nもしかしたら戦争の準備？{0E}{02}&そこまではいかないが、\n南北街道のルピナス湖のほとりに{0F}砦を造っているんだ。{0E}{09}\n{02}	
08926	MAP/MAP037.BIN:017659	1	砦を造るなんて良くないと思うよ。{0F}そんなことしたら、\n戦争するつもりじゃなくても\n戦争になっちゃうよ。{0E}	
08927	MAP/MAP037.BIN:0176E0	1	{02}{01}どうして？{0E}	
08928	MAP/MAP037.BIN:01770C	1	だってさぁ、\nもし、ベラートって人の言うことが\n真っ赤なウソだったらどうするの。{0F}北側のハイゼンの王さまにしてみれば悪いことを何も考えてないのに{0F}いきなり街道に\n砦を建てられるわけだろ。{0F}反対にホルクの王さまのことを\n怪しいと思わないわけがないよ。{0E}{09}{0E}{02}{01}きっと、ハイゼンの王さまも\nあわてて戦争の準備を\n始めるでしょうね。{0E}{09}\n{02}	
08929	MAP/MAP037.BIN:017849	1	そうすれば、\nどちらにもその気がなくても{0F}戦争になっちゃうよ。{0E}{09}{0E}{02}{05}ええ、ジュリオさん。{0F}これは危険ですわ。{0E}	
08930	MAP/MAP037.BIN:0178CE	1	{09}{08}{02}{01}王さま。{0F}そのベラートって人、怪しいわね。{0E}	
08931	MAP/MAP037.BIN:017920	1	実は私もこれは怪しいのではないかと最近になって感じてな。{0F}砦の建築を中止させようと\nもちかけたのだが・・・。{0F}ベラートの奴、すっかり軍師きどりで私が臆病風に吹かれて\n気が変わらないようにと、{0F}王妃を人質同様に\n砦へ連れていってしまったのだ。{0E}	
08932	MAP/MAP037.BIN:017A0E	1	{09}{0E}{02}{05}王妃さまを。{0E}{02}&そうなんだ・・・。{0F}カーリー王妃は砦でベラートに\n監禁されているのだよ。{0F}もし、私が作戦を中止したら、\nベラートの奴、\n王妃に何をするかわからん。{0E}{09}\n{02}{01}問題が山づみだわ。{0E}{09}	
08933	MAP/MAP037.BIN:017ACA	1	まず、ハイゼンの王さまに、\nホルク側に戦う気持ちがないことを{0F}ちゃんと伝えておかないと\nいけないね。{0E}{09}\n{02}{01}もちろん、\nそんなことはないと思うけど、{0F}ハイゼンの王さまがホルクに\n攻め込むつもりなのかも\n確かめないと。{0F}それに、王妃さまも\n救けなきゃいけないわ。{0E}{09}	
08934	MAP/MAP037.BIN:017BC5	1	{02}{05}ベラートという方の素性も\n確かめておいた方がよろしいですね。{0E}{02}&私は兄のいる北側と戦う気など\nもうとうないんだ。{0F}何か良い手はないだろうか？{0E}{09}\n{02}	
08935	MAP/MAP037.BIN:017C54	1	王さまが動いたら\nベラートに怪しまれて{0F}王妃さまが危ないかもね。{0E}	
08936	MAP/MAP037.BIN:017CAE	1	{02}{01}おどかさないでよ。{0E}	
08937	MAP/MAP037.BIN:017CE2	1	アンビッシュ国に応援を頼んだら{0F}それこそ大げさになって\n戦いになっちゃうし。{0E}	
08938	MAP/MAP037.BIN:017D6A	1	よし、北フュエンテに行ってみよう。{0E}	
08939	MAP/MAP037.BIN:017DBE	1	王さまは、このままここにいてよ。{0F}ボクたちがハイゼンに行って\n北側がどういうふうになってるのか\n確かめてくるから。{0F}もし、戦争の準備を始めていたら\nわけを話して誤解だって伝えるよ。{0E}{09}	
08940	MAP/MAP037.BIN:017E70	1	{02}{05}そうしましょう。{0E}	
08941	MAP/MAP037.BIN:017EBE	1	エネトン王なら私たちの言うことを\n信じてくれるはずですわ。{0E}キャラック王さま。{0E}	
08942	MAP/MAP037.BIN:017F46	1	西側の街道を通していただければ\n薬草を採るケモノ道を抜けて、{0F}ルピナス湖の砦を通らずに\nハイゼンに行けます。{0F}ベラートには悟られないはずですわ。{0E}{02}&わかった。{0F}君たちが西の街道から出られるよう\n出口の兵士たちに話しておくよ。{0F}どうかお願いだ。{0F}エネトンに\nこちらが戦う気のないことを\n伝えてきておくれ。{0F}ベラートの暴走は何とか食い止める。{0F}カーリー王妃の救出は\nハイゼンの状況が\nわかってからでいい。{0E}{09}	
08943	MAP/MAP037.BIN:0180CC	1	ぜったい、\n戦いを起こしちゃダメだよ。{0E}{02}&ああ、食い止めてみせるよ。{0F}そうだ。\n君たちが正式なホルクの使者である\nことを証明する親書を書こう。{0F}少し待ってくれ。{0E}	
08944	MAP/MAP037.BIN:0181DC	1	これを兄のエネトンに渡してくれ。{0F}私の本当の気持ちが\nわかってもらえるはずだ。{0E}	
08945	MAP/MAP037.BIN:018240	1	ジュリオたちは\n{01}4を受け取った。{0E}	
08946	MAP/MAP037.BIN:0182A6	1	それと、兵士にも君たちの行路を\n妨げないよう言っておこう。{0E}{02}&おい。{0E}	
08947	MAP/MAP037.BIN:018388	1	{02}{14}お呼びでしょうか。{0E}{02}&彼らが西の街道から、\nハイゼンへ行けるよう{0F}手配してくれないか。{0E}{02}{14}はい。\nかしこまりました。{0E}	
08948	MAP/MAP037.BIN:0184B6	1	それじゃ、王さま。\n行ってくるよ。{10}	
08949	MAP/MAP037.BIN:018566	1	本当に君たちには世話になった。{0F}ありがとう。{0E}{02}'楽しかったわ。{0E}	
08950	MAP/MAP037.BIN:0185C0	1	今回のことは\n本当にいい勉強になった。{0F}これからは兄弟で力を合わせ、\nフュエンテ国のために、\nいっそう努力するよ。{0F}君たちがいなければ、\nこの国はどうなっていたか\nわからない。{0F}ジュリオくん、クリスさん、\nフィリーさん。{0F}本当にありがとう。{0E}{09}{0A}{02}{01}本当によかったわ。{0E}{09}{0A}{02}	
08951	MAP/MAP037.BIN:0186C2	1	もう、\nベラートみたいなのが現れたって{0F}へっちゃらだね。{0E}{02}&そうだとも。\n今や兄弟の信頼は鉄よりも固い。{0F}かどわかしになんか、のるものか。{0E}{09}	
08952	MAP/MAP037.BIN:01874A	1	{02}{05}王さま、\n私もご協力いたしますわ。{0F}これからはホルクとハイゼンに\nひんぱんにお邪魔して、{0F}南北交流の、\nお手伝いをさせていただきます。{0E}{02}&ああ。ありがとう。{0F}フィリーさんにそう言ってもらえれば鬼に金棒だよ。{0E}	
08953	MAP/MAP037.BIN:018832	1	{02}{01}さて、ジュリオ。\n	
08954	MAP/MAP037.BIN:018866	1	私たちは旅に戻らなきゃ。{0F}ゆっくりしていたいけど、\nフォルティア国の様子が心配だわ。{0E}{09}	
08955	MAP/MAP037.BIN:0188BD	1	そうだね。{0E}{02}'あら、フォルティア国も\nどうかしたのですか？{0E}	
08956	MAP/MAP037.BIN:018922	1	{09}{0E}{02}{01}まだ、何かあったってわけじゃ\nないんだけど、{0F}少し胸騒ぎがするの・・・。{0E}{09}	
08957	MAP/MAP037.BIN:018971	1	自分の目で確かめないと\n心配だから・・・。{0E}{02}&そうか。{0F}では、残念だが\n引き止めることもできないな。{0F}道中、気をつけて帰るんだよ。{0E}{02})はい。{0E}{02}'フィリーちゃんはどうするの？{0E}	
08958	MAP/MAP037.BIN:018A6A	1	{02}{05}それでは私、\n西の街道の別れ道まで{0F}ジュリオさんたちを\nお送りしてまいりますわ。{0F}お母さんも心配していると\n思いますので{0F}そこで、お２人をお見送りして\n１度、お家に帰ろうと思います。{0E}{02}'それがいいわね。{0F}フィリーちゃん、\nまたすぐに遊びにきて下さいね。{0E}{09}{0A}{02}{05}はい。ありがとうございます。{10}	
08959	MAP/MAP038.BIN:00DE12	5	ギドナの兵士	
08960	MAP/MAP038.BIN:00DE52	1	行商人グラン	
08961	MAP/MAP038.BIN:00DE72	1	案内係コムン	
08962	MAP/MAP038.BIN:00DE92	1	パーセ	
08963	MAP/MAP038.BIN:00DEB2	1	ファル	
08964	MAP/MAP038.BIN:00DED2	1	ルコ	
08965	MAP/MAP038.BIN:00DF42	1	{02}{14}ああ、手続きは済んでるの。{0F}じゃあ、遠慮なさらずに\n堂々と建物の中を通ってくださいよ。{10}	
08966	MAP/MAP038.BIN:00DF9E	1	{02}{14}ここを抜ければギドナ国だよ。{0F}ギドナは砂漠の国だ。\n暑いよ。{10}	
08967	MAP/MAP038.BIN:00DFE0	1	{02}{14}この国境を抜けたら、\nもう、砂漠地帯だよ。{0F}北上してバラカに着くまでは\n町がないから\n気をつけてお行きなさい。{10}	
08968	MAP/MAP038.BIN:00E08E	1	{02}{15}手続きでしたら\n正面にお回りください。{10}	
08969	MAP/MAP038.BIN:00E0BC	1	{02}{15}はい、どうぞ。{0E}	
08970	MAP/MAP038.BIN:00E0EE	1	こんにちは。{0E}{02}{15}はい、こんにちは。{0E}{09}	
08971	MAP/MAP038.BIN:00E114	1	ボクたちオルドス国へ\n巡礼に行った帰りの者です。{0F}フォルティア国へ\n西回りで帰るとこです。{0E}	
08972	MAP/MAP038.BIN:00E200	1	ジュリオは銀の短剣を見せた。{0E}{02}{15}おお、銀の短剣。\nこれはご苦労さま。{0F}じゃあ、反対側の出口の管理員にも\n銀の短剣を見せてください。{10}	
08973	MAP/MAP038.BIN:00E29E	1	{02}{15}反対側の出口の管理員にも\n銀の短剣を見せてください。{10}	
08974	MAP/MAP038.BIN:00E2DA	1	{02}{15}手続きは済んだようですね。{0F}もう、いつでもギドナ国に向かって\n結構ですよ。{10}	
08975	MAP/MAP038.BIN:00E33E	1	{02}{15}面倒かも知れないけど、{0F}向かいのカウンターで\n手続きを終えてから来てくれないか。{0F}これが決まりだからね、\nしようがないんだよ。{10}	
08976	MAP/MAP038.BIN:00E3E8	1	{02}{15}あ、手続きですか。{0F}面倒だけど、\nカウンターでお願いします。{10}	
08977	MAP/MAP038.BIN:00E42A	1	{02}{15}どうぞ、こちらです。{0E}	
08978	MAP/MAP038.BIN:00E462	1	ボクたち巡礼の帰りで、\n故郷のフォルティア国に{0F}戻るところなんです。{0E}{02}{15}フォルティア国ですか・・・。{0E}	
08979	MAP/MAP038.BIN:00E4D8	1	{09}{0E}{02}{01}なにか、フォルティア国の{0F}悪いウワサでも\n聞いてるんですか？{0E}{02}{15}ああ、ウワサだけどね。{0F}フォルティア国のルドルフ王が\nどうも、武力により{0F}ティラスイール全土の\n統一を図ろうとしているらしい。{0E}	
08980	MAP/MAP038.BIN:00E5B4	1	それって、{0F}戦争を仕掛けようと\nしてるってことだよね。{0E}	
08981	MAP/MAP038.BIN:00E5FA	1	{09}{0E}{02}{01}うん・・・。{0E}{02}{15}ウワサだからね。{0E}	
08982	MAP/MAP038.BIN:00E640	1	真実は根も葉もないことかも\n知れないけれどな。{0E}えーと、巡礼の帰りだったね。\n銀の短剣を見せて。{0E}{09}	
08983	MAP/MAP038.BIN:00E6A2	1	あっ、うん。{0E}	
08984	MAP/MAP038.BIN:00E6E2	1	ジュリオは銀の短剣を見せた。{0E}{02}{15}はい、確かに。{0F}ご苦労さま。\n自由に通ってかまわないよ。{0F}故郷のことだから\n気になるかも知れないが、\nまだ、ウワサだけだからね。{0F}あまり気に病まない方がいいよ。{10}	
08985	MAP/MAP038.BIN:00E7BC	1	{02}{15}ご苦労さま。\n自由に通ってかまわないよ。{0F}故郷のことだから気に\nなるかも知れないが\nまだ、ウワサだけだからね。{0F}あまり気に病まない方がいいよ。{10}	
08986	MAP/MAP038.BIN:00E858	1	{02}{15}さっき、ギドナ国の\n北の方からやってきた旅人に{0F}聞いたんだが・・・。{0F}フォルティア国境の様子が\nおかしいんだそうだ。{0E}{09}{0E}{02}{01}フォルティア国の国境が\nおかしいですって？{0E}{02}{15}前から守りの兵士が多いとは\n聞いていたんだが、{0F}近頃、戦場の砦みたいに増築して、\nフォルティア国の兵士が\nうようよいるそうだ。{0F}あっ、入国の手続きなら俺じゃなく、隣のカウンターと、\n出口のところの管理員に頼む。{0F}フォルティア国境は、\nなんだかキナ臭い雰囲気らしいよ。{10}	
08987	MAP/MAP038.BIN:00EA08	1	{02}{15}フォルティア国境は、\nなんだかキナ臭い雰囲気らしいよ。{10}	
08988	MAP/MAP038.BIN:00EA46	1	{02}{16}私は武器の行商をやっているんだ。\nよかったら、品物を見てみるかい？{10}	
08989	MAP/MAP038.BIN:00EA94	1	{02}{16}どうもありがとさん。{10}	
08990	MAP/MAP038.BIN:00EAE4	1	{02}{16}どれもこれも、\nおすすめの物ばかりだよ。{10}	
08991	MAP/MAP038.BIN:00EB14	1	{02}{16}{08}かい。\nそれなら{06}で売るよ。{10}	
08992	MAP/MAP038.BIN:00EB38	1	{02}{16}不用なものは売った方がいいよ。{0F}暑さで、体が\nバテやすくなるからね。{10}	
08993	MAP/MAP038.BIN:00EB82	1	{02}{16}{08}かい。{0F}それなら、{06}で\n買わせてもらうよ。{10}	
08994	MAP/MAP038.BIN:00EBB6	1	{02}{16}そうだなぁ。{0F}この辺の土地だと、\n１ゴアあたり{06}ぐらいが\n相場だな。{10}	
08995	MAP/MAP038.BIN:00EBFE	1	{02}{16}全部で{06}だね。\nはい、落さないようにね。{10}	
08996	MAP/MAP038.BIN:00EC2C	1	{02}{16}えっ？\n換金しないのかい？{0F}そいつは残念だなぁ。{10}	
08997	MAP/MAP038.BIN:00EC62	1	{02}{16}ラピカがないねえ。\nたまったら、またおいで。{10}	
08998	MAP/MAP038.BIN:00EC96	2	{02}{16}他には、用はないかい？{10}	
08999	MAP/MAP038.BIN:00ECBE	1	{02}{17}はい、ギドナ国側に行くのですね。{0F}建物の中をグイっと奥に行って、\n入国の手続きをしてください。{10}	
09000	MAP/MAP038.BIN:00ED22	1	{02}{17}ああ、君たちは手続きが\n済んでますね。{0F}どうぞ、どうぞ。{10}	
09001	MAP/MAP038.BIN:00ED6A	1	{02}{18}ここでお弁当を食べていたのよ。\nこの中庭、ステキな休憩所だわ。{0F}私たち、\nこれからウドル国に向かうの。\n早く森林浴がしたいわ。{10}	
09002	MAP/MAP038.BIN:00EDF0	1	{02}{18}これからウドル国に向かうの。\n早く森林浴がしたいわ。{10}	
09003	MAP/MAP038.BIN:00EE36	1	{02}{19}ギドナ国は気候が厳しいからね。{0F}森のあるウドル国へでも行って、\n新しい生活を始めようと思って\nやってきたんだ。{0F}子供も喜んでいるみたいだし、\n思いきってギドナ国から出て\nよかったな。{0E}{09}{0A}{02}{01}ウドル国はとってもいいところよ。{0F}新しい生活、頑張ってくださいね。{0E}{02}{19}ああ、ありがとう。頑張るよ。{0F}ウドル国での生活が楽しみだなぁ。{10}	
09004	MAP/MAP038.BIN:00EF78	1	{02}{19}ウドル国での生活が楽しみだなぁ。{10}	
09005	MAP/MAP038.BIN:00EFA0	1	{02}{1A}ボクたちウドル国へ行くんだ。{0F}ウドル国には\nいっぱい森があるんだってさ。{0F}うわーい！{0E}	
09006	MAP/MAP038.BIN:00F054	1	{02}{15}ちゃんと手続きしてから\nもう１度ここに来てくれないか？{0F}でないと、ギドナ国への通行を\n許すわけにはいかないんだ。{10}	
09007	MAP/MAP038.BIN:00F13C	1	{02}{01}ジュリオ。\nいよいよ、ギドナ国よ。{0E}	
09008	MAP/MAP038.BIN:00F194	1	その先は\nフォルティア国だね！{0E}	
09009	MAP/MAP038.BIN:00F206	1	\n\n\n　　フュエンテ国を狙ったベラートのたくらみは、\nジュリオたちの活躍により未然に防ぐことができた。\n　　　白き魔女の警告に応え、立ち向かうことで\n　　ゲルドの予言を無駄にせずに済んだのだった。\n　　　　予言は変えられない未来ではなく、\n　　ゲルドの残してくれた道しるべなんだ・・・。\n　　ジュリオたちは今度のフュエンテ国の事件で\n　　　　　いっそう、そのことを強く感じた。\n	
09010	MAP/MAP038.BIN:00F38E	1	\n\n\n　　　フォルティア国の悪い噂が広がっている。\n　　　　　　そして、大神官デンケンが\n　　　　会えと伝えてくれたデュルゼルは、\n　　　　　　何を知っているのか・・・。\n　　　　　　　　フォルティア国で\n　　　　何が起きようとしているのか・・・。\n　　　　ジュリオとクリスは焦る気を抑え、\n　ギドナ国の国境を抜けてフュエンテ国を後にした。\n	
09011	MAP/MAP038.BIN:00F4F2	1	\n\n\n\n\n\n　　　　　　第５章　わかたれた湖　完\n	
09012	MAP/MAP038.BIN:00F5C0	2	{02}{1B}ジュリオさ～ん！\nクリスさ～ん！{0E}	
09013	MAP/MAP038.BIN:00F622	2	あれ？　あの声は・・・。{0F}オルドス国の門のところにいた\nリュネルさんだ。{0E}	
09014	MAP/MAP038.BIN:00F68C	2	{02}{1B}あっ、いたいた。{0F}やっと、見つけた。\n捕まってよかった。{0E}{09}	
09015	MAP/MAP038.BIN:00F6C9	1	リュネルさん、どうしたの？{0E}{02}{1B}大神官さまから\nお伝えするように言われてね。{0F}オルドス国の僧兵を総動員して\n君たちのことを探していたんだよ。{0F}途中国境が\n封鎖されていたりしていて{0F}追いつかないかと思って\nハラハラしたよ。{0F}君たちも\n足止めさせられていたんだね。{0E}{09}	
09016	MAP/MAP038.BIN:00F7C6	2	大神官さまが？{0E}{09}	
09017	MAP/MAP038.BIN:00F7D7	1	{02}{01}何か新しい情報がわかったの？{0E}{02}{1B}ああ、そうなんだよ。{0E}あー、おっほん。{0E}大神官デンケンさまの\nご伝言をお伝えする。{0E}	
09018	MAP/MAP038.BIN:00F866	1	{02}{1C}はい。{0E}{02}{1B}フォルティア国を\n取り巻く暗雲の元凶は、{0F}どうやら、\nルード城の中にあるらしい。{0F}だが、城の中は何者かの手により\n結界が張られており、{0F}オルドス国の力をもってしても\nうかがい知ることは困難である。{0F}かつて、ルード城の宮廷剣士であったデュルゼルという者が\nドルフェスに幽閉されていると聞く。{0F}ルード城に向かう前に\nデュルゼル殿に会い{0F}あらかじめ、城の内部の様子を\n探ることがよいであろう。{0E}・・・とのことです。{0E}{09}	
09019	MAP/MAP038.BIN:00F9FE	2	{02}{01}デュルゼル殿？{0F}どこかで聞いた名前だわ。{0E}{09}	
09020	MAP/MAP038.BIN:00FA2C	3	あっ？！{0E}	
09021	MAP/MAP038.BIN:00FA64	2	ローディが言ってた人だよ。{0F}たしか、師匠と呼べるのは、\nフォルティア国の宮廷剣士、{0F}デュルゼル殿くらいとか\nなんとか・・・。{0F}そんなこと言ってたよ。{0E}{09}	
09022	MAP/MAP038.BIN:00FAF6	2	{02}{01}ああ、あのときローディが言ってた。{0E}{02}{1B}それともう１つ。{0E}	
09023	MAP/MAP038.BIN:00FB5A	2	デュルゼル殿は、\n白き魔女と\n交流があったそうです。{0E}{09}	
09024	MAP/MAP038.BIN:00FB91	2	ほんと？！{0E}{02}{1B}ええ。{0F}おそらく、白き魔女については{0F}もっとも詳しい方だろうと、\n大神官さまは言っておりました。{0E}{09}{10}{02}	
09025	MAP/MAP038.BIN:00FC00	2	ぜったい、会わなきゃ。{0E}	
09026	MAP/MAP038.BIN:00FC32	2	{09}\n{02}{01}でも、ドルフェスとかいうところに\n幽閉されているんでしょ？{0F}どうやって会うのよ。{0E}	
09027	MAP/MAP038.BIN:00FCA4	2	頼めば、面会させて\nもらえるんじゃないのかなぁ。{0E}	
09028	MAP/MAP038.BIN:00FCF0	2	{09}{0E}{02}{01}幽閉って、\n捕まってるってことでしょ。{0E}	
09029	MAP/MAP038.BIN:00FD36	2	何か悪いことでもしたのかしら？{0E}{02}{1B}さあ、そこらへんは\n私にもわかりません。{0E}	
09030	MAP/MAP038.BIN:00FD9E	1	とにかく、{0F}デュルゼルって人に会いに\nドルフェスに行こうよ。{0E}	
09031	MAP/MAP038.BIN:00FDF6	2	{02}{01}ええ、そうしましょう。\nきっと何か聞けるわね。{0E}{02}{1B}じゃあ、私は失礼します。{0E}	
09032	MAP/MAP038.BIN:00FE98	2	えっ、もう行くの？{0E}	
09033	MAP/MAP038.BIN:00FEC6	2	{02}{1B}早くオルドス国に戻って{0F}君たちに、ちゃんと伝えたことを\n御報告しないと{0F}大神官さまが心配するからね。{0F}じゃあ、さよなら。\n気をつけてね。{0E}	
09034	MAP/MAP038.BIN:00FF78	2	リュネルさん、ありがとう。{0E}{09}{0A}{02}{01}さようなら。{0E}{02}{1B}じゃあね。{0E}	
09035	MAP/MAP038.BIN:00FFC6	2	{02}{01}デュルゼルって人は、\nいったい何を知ってるのかしら。{0E}	
09036	MAP/MAP038.BIN:010018	2	さあ、ジュリオ。\nとにかく先を急ぎましょう。{10}	
09037	MAP/MAP038.BIN:0100BE	1	{02}{01}早くハイゼンに行って\nエネトン王に会わなきゃ。{0E}{09}	
09038	MAP/MAP038.BIN:0100F0	1	{02}{05}北の道ですわ。{10}	
09039	MAP/MAP038.BIN:010172	1	{09}{09}{02}{01}そっちは\nフィリーの家でしょ？{0E}{09}{07}{02}	
09040	MAP/MAP038.BIN:010218	1	{02}{01}ホルクに戻ってる場合じゃないわね。急ぎましょう。フォルティア国へ。{10}	
09041	MAP/MAP038.BIN:0102BC	2	{09}{0F}{02}{01}フォルティア国に急がなくっちゃ！\nなんだか、胸騒ぎがするわ。{10}	
09042	MAP/MAP038.BIN:010342	1	望砂の関所\n北　ホルク　　　　１０８１ミロ{10}	
09043	MAP/MAP038.BIN:010372	1	フュエンテ国の副都・ホルク\n西　望砂の関所　　１０８１ミロ{10}	
09044	MAP/MAP038.BIN:01064F	1	リュネルさん、どうしたの？{0E}{02}{1B}大神官さまから\nお伝えするように言われてね。{0F}オルドス国の僧兵を総動員して\n君たちのことを探していたんだよ。{0F}とちゅう国境が\n封鎖されていたりしていて{0F}追いつかないかと思って\nハラハラしたよ。{0F}君たちも\n足止めさせられていたんだね。{0E}{09}	
09045	MAP/MAP038.BIN:010761	1	{02}{01}何か新しい情報がわかったの？{0E}{02}{1B}ああ、そうなんだよ。{0E}大神官デンケンさまの\nご伝言をお伝えする。{0E}	
09046	MAP/MAP038.BIN:0107DE	1	{02}{1C}はい。{0E}{02}{1B}フォルティア国を\n取り巻く暗雲の元凶は、{0F}どうやら、\nルード城の中にあるらしい。{0F}だが、城の中は何者かの手により\n結界が張られており、{0F}オルドス国の力をもってしても\nうかがい知ることは困難である。{0F}かつて、ルード城の宮廷剣士であったデュルゼルという者が\nドルフェスに幽閉されていると聞く。{0F}ルード城に向かう前に\nデュルゼル殿に会い{0F}あらかじめ、城の内部の様子を\n探ることがよいであろう、\nとのことです。{0E}{09}	
09047	MAP/MAP038.BIN:010D10	1	とにかく、\nデュルゼルって人に会いに行こうよ。{0F}ドルフェスに行こうよ。{0E}	
09048	MAP/MAP038.BIN:010FEE	1	フュエンテ国－ギドナ国　望砂の関所	
09049	MAP/MAP038.BIN:011054	1	{02}{05}ジュリオさん。{0E}	
09050	MAP/MAP038.BIN:0110B8	1	この少し先に、\n北に向かう道があります。{0F}私の家の南側に通じている道です。{0F}ケモノ道ですが、\nそこを通ればハイゼンに行けます。{0E}{09}	
09051	MAP/MAP038.BIN:011137	1	けっこう近くにあったんだね。{0E}{09}\n{02}{01}あれ・・・？　ひょっとすると。{0F}だったら初めから、\nその道を通ってくれば\n良かったんじゃない。{0F}ねぇ、フィリー。\nこっちの方が\n近道だったんじゃないの？{0E}{09}	
09052	MAP/MAP038.BIN:0111ED	1	{02}{05}ケモノ道ですから・・・。{0F}ご案内するには\nあまり道がよろしくないかと\n思いましたの・・・。{0E}{09}\n{02}{01}それだけ？{0E}	
09053	MAP/MAP038.BIN:01127C	1	{09}{07}{02}{05}だって、私・・・。{0F}少しでも、長く・・・。{0F}ジュリオさんと\n一緒にいたかったのですもの。{0E}{09}{07}{02}	
09054	MAP/MAP038.BIN:01132C	1	{09}{09}{02}{01}ジュリオ、\nなに照れてんのよ。{0E}	
09055	MAP/MAP038.BIN:011356	1	えっ、えっ、えっ・・・。{0E}	
09056	MAP/MAP038.BIN:011398	1	{09}{07}{02}{05}あの、時間がありませんわ。\nまいりましょう。{10}	
09057	MAP/MAP039.BIN:0000A3	1	{06}バラカ	
09058	MAP/MAP039.BIN:001BA4	2	｝〈～∥	
09059	MAP/MAP039.BIN:001C44	2	￣＿　、	
09060	MAP/MAP039.BIN:001C4E	2	ヽヾ。，	
09061	MAP/MAP039.BIN:009E65	1	焜iジェ	
09062	MAP/MAP039.BIN:009E86	2	マーレ	
09063	MAP/MAP039.BIN:009EA6	2	ミルト	
09064	MAP/MAP039.BIN:009EC6	2	ロガル	
09065	MAP/MAP039.BIN:009EE6	2	ドマチ	
09066	MAP/MAP039.BIN:009F06	2	プリカ	
09067	MAP/MAP039.BIN:009F26	2	マルシェ	
09068	MAP/MAP039.BIN:009F46	2	カピレ	
09069	MAP/MAP039.BIN:009F66	2	武器屋のレルゴ	
09070	MAP/MAP039.BIN:009F86	2	ニモス	
09071	MAP/MAP039.BIN:009FA6	2	タルサ	
09072	MAP/MAP039.BIN:00A01A	2	{02}{14}私は何もしてあげられませんが、\nクリスさんが無事であることを{0F}心から願っています。{10}	
09073	MAP/MAP039.BIN:00A0D6	1	{02}{15}まったく、\n失礼な客だねぇ！{0F}用があるなら、\n正面にまわりなよ！{10}	
09074	MAP/MAP039.BIN:00A11C	1	{02}{15}後ろから話かけるなんて、\n失礼な客だねぇ！{0F}道具を買いにきたんなら、{0F}正面にまわりなよ！{10}	
09075	MAP/MAP039.BIN:00A17A	1	{02}{15}ずいぶんと、\n貧乏くさいお客さんだね。{0F}悪いが帰っておくれ。{0F}あんたたちには、\n買える物はないよ。{10}	
09076	MAP/MAP039.BIN:00A1E0	1	{02}{16}ん？{0F}あんたら、\nこの辺の者じゃないね。{0F}そんな格好してると、\n服の中に砂が入っちゃうゾ。{10}	
09077	MAP/MAP039.BIN:00A23E	1	{02}{17}よう、お若いの。\n砂に足をとられて、転ぶなよ。{0F}体中砂だらけになるぞ。\nホォーッホッホッホ。{10}	
09078	MAP/MAP039.BIN:00A2A0	1	{02}{18}大きな声じゃ言えないけど、{0F}カンダタは、ウルギットに\n頭が上がらないのよ。{0F}この町の中じゃ、いばっているけど、結局、『井の中のカワズ』なのよね。{0F}	
09079	MAP/MAP039.BIN:00A336	1	{02}{19}わたしの飼っているペットは、\n砂遊びが大好きなの。{0F}今日も砂だらけで\n帰ってくるかと思うと・・・。{0F}・・・はぁ。{10}	
09080	MAP/MAP039.BIN:00A3B4	1	{02}{1A}この頃、\n砂漠の黒豹という民衆の味方が{0F}この辺りに出没するのよ。{0F}どうも、その正体は\n女の人らしいのだけど\n顔を見た人はいないの。{0F}カッコイイわね。\nどんどん活躍してもらいたいわ。{0E}	
09081	MAP/MAP039.BIN:00A46C	1	{02}{1A}あたし？{0F}あたしは\n砂漠の黒豹じゃないわよ。{10}	
09082	MAP/MAP039.BIN:00A4A8	1	{02}{1B}コブラを漬けた酒を\n飲んだことある？{0F}強い動物でつくる酒は、\nやっぱり・・・強くなるよ。{0E}{09}\n{02}	
09083	MAP/MAP039.BIN:00A504	1	強くなるって、何が？{0E}{02}{1B}ふふ、子供には内緒さ。{10}	
09084	MAP/MAP039.BIN:00A53C	1	{02}{1B}ふふ、子供には内緒さ。{10}	
09085	MAP/MAP039.BIN:00A55A	2	{02}{1C}ここは武器屋だ。\n武器を売って欲しいのか？{10}	
09086	MAP/MAP039.BIN:00A590	2	{02}{1C}また来いよ。まってるぜ。{10}	
09087	MAP/MAP039.BIN:00A5E4	2	{02}{1C}どれが欲しいんだ？{10}	
09088	MAP/MAP039.BIN:00A5FE	2	{02}{1C}{08}か？\nそれなら{06}だな。{10}	
09089	MAP/MAP039.BIN:00A61C	2	{02}{1C}何を売ってくれるんだ？{10}	
09090	MAP/MAP039.BIN:00A63A	2	{02}{1C}なんだ、{08}か。\n仕方ねーな、{06}で引き取ってやる。{10}	
09091	MAP/MAP039.BIN:00A674	2	{02}{1C}そうだなぁ・・・。{0F}１ゴアあたり{06}で\nいいよな？{10}	
09092	MAP/MAP039.BIN:00A6AA	2	{02}{1C}全部で{06}だ。{10}	
09093	MAP/MAP039.BIN:00A6BE	2	{02}{1C}おいおい、\nひやかしなら帰ってくれよ！{10}	
09094	MAP/MAP039.BIN:00A6EC	2	{02}{1C}おいっ、ラピカがないぞ。\nしっかり、ためてから来い。{10}	
09095	MAP/MAP039.BIN:00A728	2	{02}{1C}まだ、用はあるか？{10}	
09096	MAP/MAP039.BIN:00A74C	1	{02}{1D}この町からギドネルへ行くには\n２つの道があるよ。{0F}ひとつは北に抜け、\n遺跡を通っていく道。{0F}もう、ひとつは西に抜け、\n西回りにいく道。{0F}道はどっちもどっちだよ。{0F}どちらがおすすめとは言えないね。{10}	
09097	MAP/MAP039.BIN:00A812	2	{02}{1D}北の遺跡を通る道は\n迷うかも知れないが、{0F}魔獣は少ないし、\n何か財宝でも\n見つけられるかも知れない。{0F}西の街道は魔獣は\n出るかも知れないが、\n道に迷うことはない。{0F}どちらがおすすめとは言えないね。{10}	
09098	MAP/MAP039.BIN:00A8D6	1	{02}{1E}砂漠の花って知ってるかい？\nこの地域でしか見られないんだ。{0F}どんなのかって？{0F}それは内緒だよ。{10}	
09099	MAP/MAP039.BIN:00A93A	1	{02}{1F}最近、闘技場での試合がないから\nつまんないよ。{0F}ろくに娯楽のないこの町で\n唯一のギャンブルなのにさ。{10}	
09100	MAP/MAP039.BIN:00A9CC	1	{02}{1F}素性のわからない旅人は\n出入り禁止だ。{0F}この町にしばらくいてもらおう。{10}	
09101	MAP/MAP039.BIN:00AA32	1	{02}{1F}カンダタさまのご命令により、\n旅人の出入りは禁止になった。{0F}この町にしばらく滞在してもらう。{10}	
09102	MAP/MAP039.BIN:00AADC	1	{02}{1F}ここはバラカの町だ。{0F}最近、『砂漠の黒豹』とかいう輩が\n出没していて困っているのだ。{0F}旅の人には悪いが、\n街道は封鎖している。{10}	
09103	MAP/MAP039.BIN:00AC76	1	ギドナ国　バラカ	
09104	MAP/MAP039.BIN:00AEEE	1	\n\n\n\n\n\n　　　　　　　第６章　動きだす予言	
09105	MAP/MAP040.BIN:00813A	1	ゴンロ	
09106	MAP/MAP040.BIN:00815A	1	レンジ	
09107	MAP/MAP040.BIN:00817A	1	グリル	
09108	MAP/MAP040.BIN:0081BA	1	ゴンロ＆レンジ	
09109	MAP/MAP040.BIN:0081E6	2	{02}{14}声はするんだけどなー。{10}	
09110	MAP/MAP040.BIN:008204	2	{02}{15}どこに行ったんだろうなー。{10}	
09111	MAP/MAP040.BIN:008226	2	{02}{16}まったく、方向オンチな奴らだ。{10}	
09112	MAP/MAP040.BIN:008251	1	あわわわ・・・。{0F}こっ、これって、\nし・・死体・・・。\n・・死体だよにぇ？{0F}{09}	
09113	MAP/MAP040.BIN:00829B	1	\n{02}{0A}こんなのが恐いのか？\n死体といっても何百年も前の\nガイコツじゃねえか。{0F}{09}{02}\n{02}	
09114	MAP/MAP040.BIN:0082E8	1	こっ、恐くなんか・・な、ない\nけど・・・。{0F}{09}	
09115	MAP/MAP040.BIN:008314	1	\n{02}{0A}ガイコツくらい転がってるさ。\n遺跡なんだからな。{10}	
09116	MAP/MAP040.BIN:00835F	1	あわわわわ・・・。\nガイコツ・・・。{0E}	
09117	MAP/MAP040.BIN:008391	1	あわわわわ・・・。\nま、また、ガイコツ・・・。{0E}	
09118	MAP/MAP040.BIN:0083C4	1	\n{02}{0A}本当は恐いんだろ？{0F}{09}{02}\n{02}	
09119	MAP/MAP040.BIN:0083DF	1	こ、恐くないよ。{0F}が、ガイコツなんか・・・。\n	
09120	MAP/MAP040.BIN:008418	1	もう、へっちゃら・・\nゴクッ・・だよ。{0F}	
09121	MAP/MAP040.BIN:008442	1	ゴクリッ・・・。{10}	
09122	MAP/MAP040.BIN:00845D	1	いっぱいガイコツがあるなぁ・・・。誰かお墓に入れてあげれば\nいいのに・・・。{0F}{09}	
09123	MAP/MAP040.BIN:0084AB	1	\n{02}{0A}だったら、お前が入れてやるか？{0F}{09}\n\n{02}	
09124	MAP/MAP040.BIN:0084D2	1	えっ、ボクが・・・？\n自分が迷いそうなのに・・・？{0F}{09}	
09125	MAP/MAP040.BIN:008506	1	\n{02}{0A}だろ。\nみんな同じ理由なんだろうさ。{0F}先を急ごうぜ。{0F}うかうかしてると\n俺たちまで、\nガイコツになっちまうぜ。{10}	
09126	MAP/MAP040.BIN:00857D	1	もう、\nガイコツは見なれたから\n恐くないぞ。{0F}{09}	
09127	MAP/MAP040.BIN:0085AA	1	\n{02}{0A}やっぱり、恐かったんだ。{0F}{09}{08}\n{02}	
09128	MAP/MAP040.BIN:0085CB	1	こ、恐くなんかないって。{10}	
09129	MAP/MAP040.BIN:0085EF	1	へいき、へいき。{0F}早くクリスのいる\nギドネルへ行くことだけを\n考えよーっと・・・。{10}	
09130	MAP/MAP040.BIN:00876B	1	うわー、\nそれにしてもスゴイなー。\nこのドラゴンの彫像。{0F}{09}	
09131	MAP/MAP040.BIN:0087A4	1	{02}{0A}この遺跡を造ったヤツらは、\nドラゴンでも信仰していたのかな。{10}	
09132	MAP/MAP040.BIN:0087FA	1	バダットはこの辺りの歴史に\nくわしくないの？{0F}{09}	
09133	MAP/MAP040.BIN:008828	1	{02}{0A}俺は根っからの流れ者だから、\nわかんねえよ。{0F}でも、ちらっとこの辺りの土地の者に聞いたことがあるが、{0F}なんでもガガーブの西側と\nその昔、関係があったそうだ。{0F}{09}\n{02}	
09134	MAP/MAP040.BIN:0088C7	1	ガガーブ？{0F}{09}	
09135	MAP/MAP040.BIN:0088D4	1	{02}{0A}このギドナ国の西にある、{0F}北から南を分断する\n大地の裂目だよ。{0F}{09}	
09136	MAP/MAP040.BIN:008917	1	あ、なんか聞いたことあるよ。{0F}{09}	
09137	MAP/MAP040.BIN:008936	1	{02}{0A}今はまったく交流がないけど、\nこの遺跡はガガーブの向こう側と\n関わりがあるのかも知れないな。{10}	
09138	MAP/MAP040.BIN:0089A2	1	ギドナ国　ギドナの遺跡	
09139	MAP/MAP040.BIN:008A06	1	{02}{14}しく・・しく・・ひっく・・・。{0F}{09}	
09140	MAP/MAP040.BIN:008A2B	1	あれ、誰か泣いてるよ。{10}	
09141	MAP/MAP040.BIN:008A88	1	{02}{14}あれ？\nあんたたち、誰？{0F}{09}	
09142	MAP/MAP040.BIN:008AA7	1	ボクたちは、\nここを抜けてギドネルへ行こうと\n思っている者だけど・・・。{0F}{09}{0A}{02}{0A}あんた、何で泣いてんだよ？{0F}{02}{14}オレ、ゴンロ。\n兄貴たちと一緒に宝を探そうと、\nギドネルから遺跡に入ったんだ。{0F}でも、迷子になって・・・。\nオレ１人、\nここに残されちゃったんだ。{0F}{09}\n\n{02}	
09143	MAP/MAP040.BIN:008BA2	1	迷子・・・？{0F}	
09144	MAP/MAP040.BIN:008BC2	1	{02}{14}ビェ～ン、ビェ～ン。{0F}{09}	
09145	MAP/MAP040.BIN:008BDB	1	\n{02}{0A}泣いてても始まらないだろ。{0F}{09}\n{02}	
09146	MAP/MAP040.BIN:008BFD	1	ねえ、一緒に入ったって\nその兄貴が、\nまだ、側にいるんじゃないの？{0F}	
09147	MAP/MAP040.BIN:008C52	1	{02}{14}そ、そうだ。{0F}{09}	
09148	MAP/MAP040.BIN:008C63	1	{02}{0A}大声で呼んだら、\n応えてくれるんじゃないか？{0F}{02}{14}うん、呼んでみる。{10}	
09149	MAP/MAP040.BIN:008CBE	1	{02}{14}ア～ニキィ～ッ！{10}	
09150	MAP/MAP040.BIN:008CDC	1	{02}{15}おーい、ゴンロかぁ～っ！{0F}{02}{14}あっ、レンジ兄貴の声だ。\nア～ニキィ～ッ！{10}	
09151	MAP/MAP040.BIN:008D3A	1	{02}{15}ゴンロー！\nどこにいるんだぁーっ！{0F}{02}{14}アーニキィーっ！\nさっき一緒だったとこだよーっ！{0F}どっち行けばいいのか、\n道を教えてくれよーっ！{0F}{02}{15}よーし、よく聞けよーっ！{0F}オレのいる場所は\nお前が今いる所から\n南西の位置だーっ！{0F}{02}{14}南西だねーっ！{0F}わかったよ、アニキー！\n今、行くよーっ！{10}	
09152	MAP/MAP040.BIN:008E6D	1	行っちゃった。{0F}{09}	
09153	MAP/MAP040.BIN:008E7E	1	{02}{0A}忙しいヤツだ。{10}	
09154	MAP/MAP040.BIN:008EF5	1	あっ、あの人たち。\nさっきのゴンロさんだ。{10}	
09155	MAP/MAP040.BIN:008F40	1	{02}{14}しく・・しく・・ひっく・・・。{0F}{02}{15}ひっく・・ひっく・・グスン・・・。{0F}{09}\n{02}	
09156	MAP/MAP040.BIN:008F8A	1	あれ、また泣いてるよ。{0F}{09}	
09157	MAP/MAP040.BIN:008FA3	1	{02}{0A}今度は２人かよ。{10}	
09158	MAP/MAP040.BIN:008FCA	1	{02}{14}あ、あんたたち・・・。\nまた、会ったな・・グスン・・・。{0F}{09}\n{02}	
09159	MAP/MAP040.BIN:009008	1	この人が兄貴のレンジさん？{0F}	
09160	MAP/MAP040.BIN:009036	1	{02}{15}うん、そう。\nオレがレンジ・・ひっく・・・。{0F}{09}\n{02}	
09161	MAP/MAP040.BIN:009068	1	どうして、\nレンジさんまで泣いてるの？{0F}{02}{15}めんもくねえっち。\nオレも迷子になっちまったんだ。{0F}{09}	
09162	MAP/MAP040.BIN:0090C4	1	{02}{0A}どうしようもなく、\nドジな奴らだな。{0F}{02}{15}あーあ。なんてオレたちは\nドジなんだぁーっ。\nうっ、うっ、うっ・・・。{0F}{02}{14}オレたち・・・？{0F}あっそうか。\nもう１人、グリル兄貴がいるんだ！{0F}{09}	
09163	MAP/MAP040.BIN:009174	1	{02}{0A}じゃあ、\nまた、大声で叫んだら、\n応えてくれるんじゃないのか？{0F}{02}{14}うん、そうだ。呼んでみる。{10}	
09164	MAP/MAP040.BIN:0091E4	1	{02}{18}ア～ニキィ～ッ！{10}	
09165	MAP/MAP040.BIN:009202	1	{02}{16}おーい、ゴンロとレンジかぁ～っ！{0F}{02}{14}あっ、グリル兄貴の声だ。{0F}{02}{18}ア～ニキィ～ッ！{0F}{02}{16}お前たちーっ！\nどこにいるんだぁーっ！{0F}{02}{15}ア～ニキィ～っ！{0F}さっき兄貴と一緒だった\nとこだよーっ！{0F}どっち行けばいいのか、\n道を教えてくれよーっ！{0F}{02}{16}よーし、よく聞けよーっ！{0F}オレのいる場所は\nお前たちが今いる所から\n北東の位置だーっ！{0F}{02}{15}北東だねーっ！{0F}わかったよ、アニキー！\n今、行くよーっ！{10}	
09166	MAP/MAP040.BIN:0093CC	1	また、行っちゃった。{0F}{09}	
09167	MAP/MAP040.BIN:0093E3	1	{02}{0A}まったく、忙しいヤツだ。{10}	
09168	MAP/MAP040.BIN:009467	1	やった。\n地上に出たよ。{0F}{09}	
09169	MAP/MAP040.BIN:009481	1	\n{02}{0A}さっきの奴らじゃないけれど、\n迷子になって出られないかと思って\nハラハラしたぜ。{0F}{09}\n{02}	
09170	MAP/MAP040.BIN:0094D7	1	うん。\nややこしい遺跡だったね。{10}	
09171	MAP/MAP040.BIN:00951C	1	あれ、あの後ろ姿。\nゴンロだよ。{10}	
09172	MAP/MAP040.BIN:00954A	1	{02}{14}おーい、アニキィーっ！\nどこにいるんだよーっ！{10}	
09173	MAP/MAP040.BIN:00959C	1	{02}{15}声はすれども姿は見えず・・・？{0F}ゴンローっ！\nどこだぁーっ！{0F}{09}	
09174	MAP/MAP040.BIN:0095DB	1	{02}{0A}こいつら、\n地上に出ても迷ってるぜ。{10}	
09175	MAP/MAP040.BIN:009618	1	{02}{14}あっ、やあ。{0F}	
09176	MAP/MAP040.BIN:009648	1	やあ。\nまだ、迷ってるの？{0F}{02}{14}さっきまで一緒だったん\nだけどなぁ。{10}	
09177	MAP/MAP040.BIN:009694	1	{02}{16}おーい！{0F}ゴンローっ！\nレンジーっ！\nまったく、どこに行ったんだ？{10}	
09178	MAP/MAP040.BIN:0096E0	1	{02}{14}兄貴たちの声は近いん\nだけどなぁ。{0F}{02}{14}ア～ニキィ～！{10}	
09179	MAP/MAP040.BIN:009720	1	{02}{15}オトォ～トォ～ッ！{10}	
09180	MAP/MAP040.BIN:009750	1	{02}{16}オトォ～トォたちよ～っ！{10}	
09181	MAP/MAP040.BIN:009788	1	{02}{0A}ダメだ。\nつきあっていられねえや。{0F}行こうぜ。{0F}	
09182	MAP/MAP040.BIN:00988A	2	{02}{0A}ん、どうした？{0E}{09}\n\n{02}	
09183	MAP/MAP040.BIN:0098A0	2	バ、バダット、\nあ、あれって・・・。{0E}{09}	
09184	MAP/MAP040.BIN:0098C6	2	{02}{0A}おい、どうした？{0E}{09}\n{02}	
09185	MAP/MAP040.BIN:0098DD	2	ま、まさかね・・・。{0E}{09}{10}\n{02}{0A}かーっ、もったいぶるなよ！{0E}{09}\n\n{02}	
09186	MAP/MAP040.BIN:009917	2	ド、ドラゴンが・・・。{0E}{09}	
09187	MAP/MAP040.BIN:009930	2	{02}{0A}おい、マジかよ！{10}	
09188	MAP/MAP040.BIN:00999C	2	{02}{0A}まだ子供のようだが\n確かにドラゴンだぜ。{0E}	
09189	MAP/MAP040.BIN:0099DF	2	や、やっぱり\nド、ド、ドラゴン・・・。{0E}	
09190	MAP/MAP040.BIN:009A1A	2	\n{02}{0A}オイオイ、落ち着けよ。\n狂暴な気配はしないぞ。{0F}どうする？\n戦うしかないか？{0E}	
09191	MAP/MAP040.BIN:009A7F	2	このままじゃあ、\n先に進めないよ・・・。{0E}	
09192	MAP/MAP040.BIN:009ABC	2	\n{02}{0A}あまり、気乗りがしねえが、\n仕方ない、戦うしかないな。{10}	
09193	MAP/MAP040.BIN:009B47	2	きっと、あの子供ドラゴンも\n迷子になったんだろうね。{0E}{09}	
09194	MAP/MAP040.BIN:009B7D	2	{02}{0A}まったくだ。\n俺も見るのは初めてだぜ。{0E}	
09195	MAP/MAP040.BIN:009BB3	2	ボクたちも\n迷子にならないうちに\n早くこの遺跡から出ないと。{0E}{09}	
09196	MAP/MAP040.BIN:009BF0	2	\n{02}{0A}おい、ジュリオ。\nまさか迷子になったんじゃ\nないだろうな。{0E}{09}{0A}\n{02}	
09197	MAP/MAP040.BIN:009C31	2	・・・。{0E}{09}	
09198	MAP/MAP040.BIN:009C3C	2	\n{02}{0A}おいおい、頼むぜ・・・。{10}	
09199	MAP/MAP040.BIN:00A4AD	2	そんなあ～。\n（みんな同じこと）\n（言うんだから・・・）{10}	
09200	MAP/MAP041.BIN:0000A4	1	乾きの砂漠	
09201	MAP/MAP041.BIN:0071E2	2	橋番ラング	
09202	MAP/MAP041.BIN:007202	4	ベラート	
09203	MAP/MAP041.BIN:007222	2	ウコス隊長	
09204	MAP/MAP041.BIN:007262	2	プールス	
09205	MAP/MAP041.BIN:007282	2	アオフ	
09206	MAP/MAP041.BIN:0077B0	1	{02}{0A}おい、ジュリオ。\nなにか変な音がしないか？{10}	
09207	MAP/MAP041.BIN:007819	1	え？そうかなあ・・・。{10}どんな音？{10}{09}	
09208	MAP/MAP041.BIN:00783D	1	\n{02}{0A}なんかよ、こう、\n砂のこすれるような、\n流れるような・・・。{0E}{02}	
09209	MAP/MAP041.BIN:00787D	1	あ、本当だ。\n	
09210	MAP/MAP041.BIN:0078C8	1	向こうから聞こえてくるね。{0E}{02}{0A}様子を見にいこうぜ。{10}	
09211	MAP/MAP041.BIN:007992	1	{02}{0A}おい、ジュリオ。\nまた変な音がするぞ。{0E}{02}	
09212	MAP/MAP041.BIN:0079BC	1	ねえ、\nこの音って・・・。{10}	
09213	MAP/MAP041.BIN:007A66	1	{02}{0A}ぬう・・・。\n囲まれたか・・・。{10}	
09214	MAP/MAP041.BIN:007AF2	1	{02}{0A}おい、ジュリオ。\nまたまた変な音がしねえか？{10}	
09215	MAP/MAP041.BIN:007B4A	1	また砂の中から魔獣が\n出てくるのかなあ・・・。{0E}{02}{0A}そうかも知れないぜ。\n気をつけろ。{10}	
09216	MAP/MAP041.BIN:007CC0	1	{02}{0A}また、囲まれたか！{10}	
09217	MAP/MAP041.BIN:007D30	1	\n{02}{0A}まったく、どこまで行っても砂漠だな。俺はちょっと先を見てくるぜ。{0F}{09}{0E}\n{02}	
09218	MAP/MAP041.BIN:007D79	1	あ、待ってよ。{10}	
09219	MAP/MAP041.BIN:007DC6	1	\n{02}{0A}うわあ！{10}	
09220	MAP/MAP041.BIN:007E25	1	どうしよう。どうしよう。{10}	
09221	MAP/MAP041.BIN:007E94	1	\n{02}{0A}ジュリオ、なんとかしてくれ！{0F}{09}\n\n{02}	
09222	MAP/MAP041.BIN:007EB9	1	なんとかしなくちゃ。{0F}{09}	
09223	MAP/MAP041.BIN:007ED0	1	\n{02}{0A}ほら、あれ持ってただろ。{0F}{09}\n\n{02}	
09224	MAP/MAP041.BIN:007EF1	1	え？{0F}{09}	
09225	MAP/MAP041.BIN:007EF8	1	\n{02}{0A}あれだよ、あれ！{0F}ああ、ど忘れしちまった。\nほら、あれだよ。{0F}	
09226	MAP/MAP041.BIN:007F4B	1	{01}ベール	
09227	MAP/MAP041.BIN:007F69	1	ええっと・・・。\nどれだったけ？？{10}	
09228	MAP/MAP041.BIN:007FB6	1	\n{02}{0A}俺を見捨てるなぁ！！{10}	
09229	MAP/MAP041.BIN:007FF4	1	\n{02}{0A}ちがうよ。ちがう。{0F}そんな物使ってどうする\nつもりなんだよ。{10}	
09230	MAP/MAP041.BIN:008058	1	\n{02}{0A}そうだよジュリオ。それそれ。\nこっちに投げてくれ。{10}	
09231	MAP/MAP041.BIN:0080C4	1	{02}{0A}ふう助かった…。\nありがとよ、ジュリオ。{10}	
09232	MAP/MAP041.BIN:008146	1	{02}{0A}ジュリオ！{0F}そっちはバラカだぞ！{10}	
09233	MAP/MAP041.BIN:00818D	1	バダットを置いて、バラカには\nいけないなぁ。{10}	
09234	MAP/MAP041.BIN:00820F	1	ギドネルってどんな町なんだろう？{0F}{02}{0A}俺も行ったことはないが、\nバラカでさえ、\nああだったんだ。{0F}きっと、輪をかけてヒドイ町\nだろうな。{0F}{02}	
09235	MAP/MAP041.BIN:008293	1	急いでギドネルに行かなきゃ。\nクリスが心配だよ。{10}	
09236	MAP/MAP041.BIN:00830A	1	ギドナ国　乾きの砂漠	
09237	MAP/MAP042.BIN:0000A4	1	ディルトの関所	
09238	MAP/MAP042.BIN:00FE5A	1	ジュリオ＆クリス＆バダット	
09239	MAP/MAP042.BIN:00FE7A	1	男のいびき	
09240	MAP/MAP042.BIN:00FEFA	1	バダット＆ステラ	
09241	MAP/MAP042.BIN:00FF1A	1	ジュリオ＆クリス＆ステラ	
09242	MAP/MAP042.BIN:00FF8E	1	{02}{14}今日も暑いね！{0F}ギドネルへ商売に行く前に\nここで涼んでるんだよ。{0F}町に入ったら、忙しくって\n休むヒマもないからね。{0F}さぁ、こんな所で会ったのも\n何かの縁。\n用があるなら、言っとくれ！{10}	
09243	MAP/MAP042.BIN:01004A	2	{02}{14}ありがとさん。また、おいで。{10}	
09244	MAP/MAP042.BIN:010074	1	{02}{14}いらっしゃい！\n剣は役に立ってるかい？{0F}さぁ、用なら遠慮しないで、\n言っとくれ！{10}	
09245	MAP/MAP042.BIN:010124	1	{02}{14}何か欲しいものはあるかい？{10}	
09246	MAP/MAP042.BIN:010146	1	{02}{14}{08}だね。\nおっしゃ！　{06}でいいよ。{10}	
09247	MAP/MAP042.BIN:01016E	1	{02}{14}何を売ってくれるんだい？{10}	
09248	MAP/MAP042.BIN:01018E	1	{02}{14}{08}だね。{0F}おっしゃ！\n{06}で買おうじゃないか。{10}	
09249	MAP/MAP042.BIN:0101C2	1	{02}{14}１ゴアあたり{06}で\nどうだい？{10}	
09250	MAP/MAP042.BIN:0101E4	1	{02}{14}おっしゃ！　全部で{06}だね。{10}	
09251	MAP/MAP042.BIN:010206	1	{02}{14}おろ？{0F}気が向いたら、\nいつでも言ってね。{10}	
09252	MAP/MAP042.BIN:010236	1	{02}{14}おろろ。ラピカがないよ。{10}	
09253	MAP/MAP042.BIN:010256	1	{02}{14}他には、用はないかい？{10}	
09254	MAP/MAP042.BIN:010274	1	{02}{14}ああ、そうそう。{0F}ところで、あんたたち。\nサフィー全９巻を持ってないかな？{0F}なかなか揃わないから貴重なんだよ。{10}	
09255	MAP/MAP042.BIN:010381	1	ごめんね。\n持ってないや。{10}	
09256	MAP/MAP042.BIN:0103A9	1	それなら、ぜんぶ持ってるよ。{0E}{02}{14}おおっ！\nそいつはすごい！{0F}ぜひとも、全９巻を\nゆずってくれないか？{0F}いいものと、交換するからさ。{10}	
09257	MAP/MAP042.BIN:01043A	1	{02}{14}そうかい？\n残念だなぁ。{0F}いいものと交換できるのになぁ。{10}	
09258	MAP/MAP042.BIN:01047C	1	{02}{14}やったぁ！\nありがとう！{0F}約束通り、いいものと交換しよう。{0F}ところで、君は\nこの物語のサフィーとブラッド、\nどっちが好きだい？{10}	
09259	MAP/MAP042.BIN:010500	1	サフィー	
09260	MAP/MAP042.BIN:01050D	1	{01}ブラッド	
09261	MAP/MAP042.BIN:01052E	1	{02}{14}そうか。\nじゃあ、この剣と交換しよう。{0E}ジュリオはサフィー全９巻と\n{01}aを交換しました。{10}	
09262	MAP/MAP042.BIN:010592	1	{02}{14}そうか。\nじゃあ、この剣と交換しよう。{0E}ジュリオはサフィー全９巻と\n{01}kを交換しました。{10}	
09263	MAP/MAP042.BIN:010622	1	\n{02}{09}あなたってステキね。{0E}{02}{15}そ、そうかなぁ。{0F}えへへ。えへへ。{10}	
09264	MAP/MAP042.BIN:01066E	1	{02}{15}旅人か。{0F}フォルティア国に行くのか？{0E}{09}	
09265	MAP/MAP042.BIN:010699	1	行くんじゃなくて戻るんだよ。{0F}ボクたち、フォルティア国の者だよ。旅の帰りなんだ。{0E}{02}{15}そうか、それは失礼。{0F}田舎に戻るだけなら問題は\nないだろう。\n通っていいぞ。{10}	
09266	MAP/MAP042.BIN:01073E	1	{02}{15}田舎に戻るだけなら問題は\nないだろう。{0F}通っていいぞ。{10}	
09267	MAP/MAP042.BIN:010784	1	{02}{15}なんだ？{0F}この国境はギドナ国との\n話し合いの上で{0F}フォルティア国の兵士が\n守っているんだ。{0F}別に問題はない。{0F}フォルティア国軍が\nこの国境を守っているのは\nあくまで慈善事業なのだ。{10}	
09268	MAP/MAP042.BIN:01083C	1	{02}{15}フォルティア国軍が\nこの国境を守っているのは{0F}あくまで慈善事業なのだ。{10}	
09269	MAP/MAP042.BIN:010892	1	{02}{15}ほう、一般の旅人とは珍しい。{0F}今、この砦の中は、\nフォルティア国から国境警備に\n飛ばされた気の荒い兵士たちで{0F}いっぱいだからな。\nせいぜい気をつけなよ。{0E}{09}{08}\n{02}{01}気の荒い兵士なんて恐くないわよ。{0E}{02}{15}ぬわんだと！！{0F}誰のおかげで国境の平和が\n守られていると思ってんだ！！{0E}{09}{02}\n{02}{01}あわわわ・・・。{0E}{02}{15}口のきき方には気をつけることだ。\nここの兵士は皆、気が荒いからな。{0E}{09}	
09270	MAP/MAP042.BIN:0109F4	1	本当だ。気の荒い兵士だ。{10}	
09271	MAP/MAP042.BIN:010A16	1	{02}{15}口のきき方には気をつけることだ。\nここの兵士は皆、気が荒いからな。{10}	
09272	MAP/MAP042.BIN:010A60	1	{02}{15}やあ、こんにちは。{0E}{09}	
09273	MAP/MAP042.BIN:010A77	1	\n{02}{01}こんにちは。{0E}{02}{15}この国境に駐屯している兵士たちは、俺も含めてどちらかと言うと、{0F}あまりパッと\nしない奴らばかりなんだ。{0F}わけもわからずに\nここの警備を命じられて\nどいつもこいつも{0F}気持ちがたかぶってんだ。{0F}失礼があるかも知れないが、\nまあ、大目に見てやってくれ。{10}	
09274	MAP/MAP042.BIN:010B8E	1	{02}{15}なんで俺たちが{0F}ギドナ国の国境警備まで\nやらなきゃならねえんだ。{0F}ふん、やってられねえぜ。{0E}{09}\n\n{02}	
09275	MAP/MAP042.BIN:010BED	1	あ、あの。{0E}	
09276	MAP/MAP042.BIN:010C14	1	{02}{15}なんだよ。{0E}{02}	
09277	MAP/MAP042.BIN:010C23	1	ここの国境警備を命令したのは\n誰なの？{0E}{02}{15}当たり前のことを聞くんじゃねえよ。{0F}ルドルフ王に決まってるだろうが！{0E}{09}	
09278	MAP/MAP042.BIN:010C94	1	ルドルフ王？{0F}レバスじゃないの？{0E}{02}{15}誰だそいつ。{0F}そんな奴は知らねえなあ。{0F}俺に言い掛かりでもつけようって\nいうのか。{0F}なめんなよ。べらぼーめ。{10}	
09279	MAP/MAP042.BIN:010D40	1	{02}{15}俺に言い掛りでもつけようって\nいうのか。{0F}なめんなよ。べらぼーめ。{10}	
09280	MAP/MAP042.BIN:010D88	1	{02}{15}橋がつながったら呼びに行って\nあげるよ。{0F}おとなしく待合所で待っていてくれ。{0F}くれぐれも、\nフラフラと出歩かないようにな。{10}	
09281	MAP/MAP042.BIN:010E06	1	{02}{15}橋がつながるまで\nのんびりしてるんだな。{0F}これ以上、わたしの仕事を\n増やすなよ。{10}	
09282	MAP/MAP042.BIN:010E66	1	{02}{15}囚人たちの言うことは\n真に受けなくていいからな。{0F}奴らは罪を犯したから\n牢に入れられているんだ。{0F}そんな奴らの言うことを\nいちいち聞いていたらきりがない。{0F}まあ、\n囚人などとは関わりにならないのが\n身のためというものだ。{10}	
09283	MAP/MAP042.BIN:010F46	1	{02}{15}まあ、\n囚人などとは関わりにならないのが{0F}身のためというものだ。{10}	
09284	MAP/MAP042.BIN:010F8C	1	{02}{15}旅人か。{0F}うろちょろするんじゃないぞ。\n待合室で、おとなしくしていろ。{10}	
09285	MAP/MAP042.BIN:010FD8	1	{02}{15}まあ、城からの命令じゃあ仕方ない。こっちはのんびりとやるさ。{0F}内緒だけどね。{0F}なにやらこの国境は、\nきな臭くなってきているよ。\n早く田舎に帰るのが１番だ。{10}	
09286	MAP/MAP042.BIN:011080	1	{02}{16}おや、橋を渡ってきたのかい。\n珍しいね。{0F}このところ、\nここを通る旅人はいなかったからな。{0F}ルード城から来ることになっている\n兵団が到着するまで、\nこの国境はガラ空きなんだ。{0F}橋番の私としては、\nさびしいかぎりだよ。{10}	
09287	MAP/MAP042.BIN:01115C	1	{02}{16}ルード城から来ることになっている\n兵団が到着するまで、{0F}この国境はガラ空きなんだ。{0F}橋番の私としては、\nさびしいかぎりだよ。{10}	
09288	MAP/MAP042.BIN:0111E0	1	{02}{17}ふふふふふ・・・。\nお前たちを待っていたぞ。{0F}フュエンテ国では、\nよくも私の崇高な作戦の\n邪魔をしてくれたな。{0E}	
09289	MAP/MAP042.BIN:01125D	1	ベラートだ・・・。{0E}{02}{17}私は決して屈辱を忘れない男なのだ。{0E}{09}{08}\n{02}{01}単に、\n根に持つタイプってことじゃないの？{0E}	
09290	MAP/MAP042.BIN:0112F0	1	{02}{17}ぐきっ・・・。{0E}{09}	
09291	MAP/MAP042.BIN:011318	1	{02}{0A}ジュリオ。{0F}お前たち、フュエンテ国でも\n騒ぎを起こしてたのか？{0E}	
09292	MAP/MAP042.BIN:01136F	1	う、うん。まぁ・・・。{0E}	
09293	MAP/MAP042.BIN:0113C4	1	{02}{17}旅の道連れがいるようだな。{0F}気の毒だが、\n悪い奴と道連れになったと\nあきらめてもらおうか。{0E}{09}	
09294	MAP/MAP042.BIN:011420	1	\n{02}{0A}悪い奴はそっちだろ。{0E}{02}{09}フュエンテ国で何があったかは\n知らないけどつまり、{0F}ジュリオくんとクリスさんが\nあなたの悪事を粉砕したってわけね。{0E}{02}{17}まあ、そんなところだ。{0F}だが、悪事とは人聞きが悪いな。\n崇高な計画、と言って\nもらいたいものだ。{0E}{02}{0A}寝呆けたことを言ってんじゃねえよ。{0E}{02}{17}ふん、\n時代の流れもわからん低能どもめ。{0F}なんとでも言え。{0F}とにかく私は、\nそこの２人と片をつけるために、\nここで待っていたのだ。{0F}そのために、\n今度はレバス様に知能だけでなく、\n戦闘能力までいただいた。{0E}{09}{0F}\n{02}	
09295	MAP/MAP042.BIN:0115FB	1	また、レバスだ・・・。{0E}{02}{17}おっと、\nこれ以上は話しても無駄か・・・。{0F}どうせお前たちは\nここで死ぬのだからな。{0F}いくぞ！{10}	
09296	MAP/MAP042.BIN:01169C	2	{02}{18}連中どこまで来ている？{0E}{09}	
09297	MAP/MAP042.BIN:0116BA	1	ん？{0E}{02}{15}ルード城から出た兵団は、\nまもなく北側のフォルティア国境に{0F}到着する予定です。{0E}{02}{18}ふん、辺境担当の我々とは違い、\n城から来るエリート兵団か・・・。{0F}来る必要などないのに、\nルドルフ王は何をお考えなのだろう。{0F}これ以上兵力などいらんのに・・・。{0E}{02}{15}その兵団は城からの指令があるまで\n北側で待機するとのことですね。{0F}いったい、どんな指令が\nあるのでしょう？{0E}{02}{18}さあな、わからん。{0F}わかりたくもない。{0E}{02}{15}まさか、\n世界を相手に戦争でも{0F}始めるつもりでは・・・。{0E}{02}{18}やはり、お前もそう思うか・・・。{0E}{02}{15}そこで何をしている！{0E}{02}{15}我々の話を聞いていたな！{0E}{02}{15}隊長！{0E}{02}{18}・・・連れてこい。{0E}以下、ハックのイベントへ続く{10}	
09298	MAP/MAP042.BIN:01190E	1	{02}{19}・・・・・・・。{0E}兵団長の表情は、\nまるで土人形のようだ。{10}	
09299	MAP/MAP042.BIN:01194E	1	{02}{1A}ようよう、ようよう。{0F}まったく、ここはヒドイとこだな。{0F}間違って兵士の足を踏んだだけで、\n捕まっちゃったぜ。{0F}あんまり大きな声じゃ言えないけど\nここの奴らは\n気が立っているみたいだから{0F}あんたたちも気をつけた方がいいぞ。{10}	
09300	MAP/MAP042.BIN:011A2C	1	{02}{1B}なあなあ、なあなあ。{0F}聞いてくれよ。{0F}信じられないだろうけど、\nときどき、この牢の床の下から\n何か音がするんだ。{0F}でっかいモグラでも、\nいるんだろうかなぁ。{0F}きっといるぞ。\nでっかいモグラが。{10}	
09301	MAP/MAP042.BIN:011AEC	1	{02}{15}（ぎゅるるるる・・・。）\nう・・・お、お腹の調子が・・・。{0F}そういえば、頭もクラクラするし、\nこりゃ、もしかすると『Ｏ－１５７』にかかったかもしれないな。{0E}{09}	
09302	MAP/MAP042.BIN:011B8B	1	だったら、ぼくがフィリーを\n呼んできてあげるよ。{0F}ちょっと待っててね。{0E}{02}{01}何いってるのよ、ジュリオ！\nアロザは、すぐ目の前なのよ。{0F}『Ｏ－１５７』なんて\nお茶でも飲んどきゃ\nかってに治るわよ。{10}	
09303	MAP/MAP042.BIN:011C4A	1	{02}{15}うー、骨折した足が\nまだ痛いよー。{0F}こんな足じゃ\nダンパもいけないよ。{0E}{02}{01}あら、だったらわたしが\nチャッペル魔法で治してあげるわ。{0E}{02}{15}ほ、本当かい？{0F}それじゃあ、お言葉に甘えて\nお願いしようかな。{0E}{02}	
09304	MAP/MAP042.BIN:011D0B	1	（あーあ。かわいそうに。）{0F}（クリスの魔法じゃ、治るものも、）（治らないよ。）{10}	
09305	MAP/MAP042.BIN:011D5E	10	{02}{1C}・・・・・・・。{0E}兵士の表情は、まるで土人形のようだ。{10}	
09306	MAP/MAP042.BIN:012074	1	{02}{09}さあ、アロザへ急ぎましょう。{0F}ジュリオくんたちが銀の短剣を持ってジョアンナさんに会えば・・・。{0F}きっと、\nラウアールの波に対する対抗策が\n見つかるような気がするのよ。{0E}	
09307	MAP/MAP042.BIN:01212E	1	うん。{0F}ハックおじさんとバダットのことも\n心配だけど、２人のことだから、\n大丈夫だよね？{0E}	
09308	MAP/MAP042.BIN:012198	1	{02}{01}ええ、心配だけど・・・。\nきっと、大丈夫よね。{0F}今はおじさんやバダットを信じて、\n私たちのやらなければならない\nことを急がなきゃ・・・。{0E}{02}	
09309	MAP/MAP042.BIN:012221	1	クリス、元気を出しなよ。{0F}あの２人のことだもの、\nきっとまた元気な顔をして\n出てくるさ。また会えるよ。{0E}{02}{01}うん。{0E}	
09310	MAP/MAP042.BIN:0122A5	1	\n\n　　　　　　　砂漠の国ギドナでも\n　　　　白き魔女の足跡を確認することが\n　　　　　できた。欲望の種を持つ者は、\n　　　　　やがて心を見失う。邪悪な瞳を\n　　　　持つ者が災いを呼び寄せるだろう。\n　　　　　邪悪な瞳を持つ者が現れしとき、\n　　　　　悪しき計画は動き始める・・・。\n	
09311	MAP/MAP042.BIN:0123D2	1	\n　　　豪商ウルギットの統治するギドナ国は、\n　　　　邪悪な瞳を持つフォルティア国の\n　　　　　　占星術師、レバスの標的と\n　　　　　　　　なっていたのだ。\n　　　その策謀はギドナ国を狙うだけではなく、\n　　　全世界に対する混乱と災いの準備として、\n　　　　　　仕組まれていたものだった。\n　　　　さらに、フォルティア国の国境で\n　　　　ジュリオたちを待っていたハックは、\n　　　白き魔女ゲルドの最後の予言とも言える\n　　　　　　不吉な言葉を彼らに伝えた。\n	
09312	MAP/MAP042.BIN:0125AA	1	\n\n　　『表情のない兵士たちが国境を越えるとき、\n　　　呪縛に囚われた王はもはや力を失い、\n　　　　海も山も、やがてはすべて死に絶える。\n　　　　　異界の女と、星を操る男に、\n　　　災いの波は引き寄せられるだろう・・・』\n　　　　　そして、その予言のとおり、\n　　　今、まさに、国境に表情のない兵団が\n　　　　　　　　　到着したのだ。\n	
09313	MAP/MAP042.BIN:01270A	1	\n\n\n\n　　　　ジュリオたちはわずかな希望を求め、\n　　　　　アロザに住むデュルゼルの孫娘\n　　　　　　　ジョアンナに会うべく、\n　　　　　　国境の道を急ぐのだった。\n	
09314	MAP/MAP042.BIN:0127C4	1	\n\n\n\n\n\n　　　　　　第６章　動きだす予言　完	
09315	MAP/MAP042.BIN:01287E	3	\n{02}{09}急ぎましょう。\nフォルティア国境が気になるわ。{10}	
09316	MAP/MAP042.BIN:012964	1	{02}{15}ルード城から出た兵団は、\nまもなく北側のフォルティア国境に{0F}到着する予定です。{0E}{02}{18}ふん、辺境担当の我々とは違い、\n城から来るエリート兵団か・・・。{0F}来る必要などないのに、\nルドルフ王は何をお考えなのだろう。{0F}これ以上兵力などいらんのに・・・。{0E}{02}{15}その兵団は城からの指令があるまで\n北側で待機するとのことですね。{0F}いったい、\nどんな指令があるのでしょう？{0E}{02}{18}さあな、わからん。{0F}わかりたくもない。{0E}{02}{15}まさか、\n世界を相手に戦争でも{0F}始めるつもりでは・・・。{0E}{02}{18}やはり、お前もそう思うか・・・。{0E}	
09317	MAP/MAP042.BIN:012B50	1	{02}{15}そこで何をしている！{0E}	
09318	MAP/MAP042.BIN:012B76	1	{02}{15}我々の話を聞いていたな！{0E}	
09319	MAP/MAP042.BIN:012BA4	1	{02}{15}隊長！{0E}{02}{18}・・・連れてこい。{0E}	
09320	MAP/MAP042.BIN:012BD6	1	{02}{15}入れ。{0E}	
09321	MAP/MAP042.BIN:012C0A	1	{02}{15}ほら、早くしろ！{10}	
09322	MAP/MAP042.BIN:012C52	1	あっ・・・・・？{0E}	
09323	MAP/MAP042.BIN:012E08	1	{02}{19}指示があるまでこの国境で待機する。{0E}	
09324	MAP/MAP042.BIN:012E45	1	ついに来ちゃったね。{0E}	
09325	MAP/MAP042.BIN:012E6B	1	なんだか怪しいよね・・・。{0E}{02}{09}まるで生きた人間じゃ\nないみたい・・・。{0E}{02}	
09326	MAP/MAP042.BIN:012EB2	1	ほんとだ・・・。{0E}{02}{01}予言のとおり、\nまったく表情がないわ・・・。{0E}	
09327	MAP/MAP042.BIN:013008	1	\n{02}{0A}結局、たいしたことなかったな。\nただ、問題なのは・・・。{0E}{09}{0F}\n{02}	
09328	MAP/MAP042.BIN:013048	1	レバス・・・。{0E}{02}{01}レバスの策略の魔の手は\nすでにフュエンテ国にまで\n伸びていたのね。{0E}{02}{09}フュエンテ国でも、\nなにかあったのですね。{0E}{02}{0A}こりゃ、うかうかして\nいられないぜ。{0E}{02}	
09329	MAP/MAP042.BIN:0130EE	1	うん、そうだね・・・。\n急いでフォルティア国に\n戻らなくちゃ。{10}	
09330	MAP/MAP042.BIN:0131A8	1	１巻{10}	
09331	MAP/MAP042.BIN:0131C4	1	２巻{10}	
09332	MAP/MAP042.BIN:0131E0	1	３巻{10}	
09333	MAP/MAP042.BIN:0131FC	1	４巻{10}	
09334	MAP/MAP042.BIN:013218	1	５巻{10}	
09335	MAP/MAP042.BIN:013234	1	６巻{10}	
09336	MAP/MAP042.BIN:013250	1	７巻{10}	
09337	MAP/MAP042.BIN:01326C	1	８巻{10}	
09338	MAP/MAP042.BIN:013288	1	９巻{10}	
09339	MAP/MAP042.BIN:0132A6	2	章間イベントへ{10}	
09340	MAP/MAP042.BIN:0132C2	1	{02}{05}用意はよくって？{10}	
09341	MAP/MAP042.BIN:0132F6	1	ギドナ国－フォルティア国　ディルトの関所	
09342	MAP/MAP042.BIN:013358	1	{02}{15}ん？　何だ、お前たちは。{0E}{09}	
09343	MAP/MAP042.BIN:013377	1	ぼくたち、巡礼の旅を終えて\nラグピック村へ戻るところなんだ。{0E}{02}{15}そうか。{0E}だが、残念だったな。\n今は橋を上げている時間だ。{0E}旅人の都合で勝手には\n下ろすことはできん。{0F}さあ、戻った。戻った。{0E}	
09344	MAP/MAP042.BIN:013462	1	{02}{09}ねえ、兵隊さん。{0E}	
09345	MAP/MAP042.BIN:0134A0	1	わたしたちどうしても\nフォルティア国へ行きたいの。{0F}橋が下りるまで、\n中で待っていてはダメかしら。{0E}{02}{15}そ、そうだなあ。{0E}しかし、勝手に旅人を入れると\nウコス隊長に怒られるからな。{0E}{09}	
09346	MAP/MAP042.BIN:01354F	1	{02}{09}ねぇ、お願い。{0E}{02}{15}え？　う～ん。{0F}中で待っているだけなら\n何とか・・・。{0E}{09}	
09347	MAP/MAP042.BIN:013599	1	{02}{09}ありがとう。\nあなたってステキね。{0E}	
09348	MAP/MAP042.BIN:0135EC	1	{02}{15}そ、そうかなぁ。{0E}	
09349	MAP/MAP042.BIN:01362E	1	えへへ。えへへ。{10}	
09350	MAP/MAP042.BIN:01373E	1	{02}{18}可哀相だが、会議の内容を聞かれては、このまま済ますわけにはいかん。{0E}{09}{07}\n{02}{01}な、なにも聞いていないわよ。\n私たち。\nルード城から兵団が来るなんて。{0E}{09}	
09351	MAP/MAP042.BIN:0137CF	1	\n{02}{0A}あらら・・・。{0E}{09}\n\n{02}	
09352	MAP/MAP042.BIN:0137E6	1	いつも一言多いんだよね。{0E}{09}{08}\n{02}{01}なによ・・・。{0E}{02}{18}この者たちの処分は後で決める。\nとりあえず、牢に入れておけ。{0E}{02}{1D}えーっ、また牢に入るの？{0E}{09}	
09353	MAP/MAP042.BIN:01386E	1	\n{02}{09}私は初めてです。{0E}	
09354	MAP/MAP042.BIN:0138E6	1	{02}{15}独房はふさがっているから\nお前たちは雑居房だ。\n相部屋だが、ケンカするなよ。{0E}{09}{08}\n{02}	
09355	MAP/MAP042.BIN:013938	1	ボクたち以外\n誰もいないじゃないか。{0E}{02}{15}それがいるんだな。\n変わり者の牢名主さまが・・・。{0E}いつも、そこの樽の裏で\n寝ているんだ。よほどあの場所が\n気に入ってるんだな。{0E}まあ、話しかけなきゃ安全だろう。\n悪く思うなよ。{0E}	
09356	MAP/MAP042.BIN:013A38	1	\n{02}{01}牢名主って、なに？{0E}	
09357	MAP/MAP042.BIN:013A62	1	{02}{0A}牢に長く入っていて\n囚人のくせして兵士に顔のきく奴だ。{0E}兵士に一目置かれるような奴だから\n大抵は物凄い大悪党だ。{0E}	
09358	MAP/MAP042.BIN:013AEB	1	ボクたち運が悪いのかなぁ・・・。\nちょっと見てこよう。{0E}	
09359	MAP/MAP042.BIN:013B58	1	へいきさ。{0E}	
09360	MAP/MAP042.BIN:013BD0	1	（ほんとだ・・・。）\n（樽の向こうに足が見える・・・。）{0E}{02}{1E}むにゃ・・・。\nすー・・・ふわぅ・・・\nむにゃ・・・。{0E}{02}	
09361	MAP/MAP042.BIN:013C41	1	（うわっ、寝てるよ・・・。）{0E}	
09362	MAP/MAP042.BIN:013C96	1	{02}{01}どうだった？{0E}{02}	
09363	MAP/MAP042.BIN:013CA7	1	寝てた。{0E}{02}{01}どんな奴だった？{0E}{02}	
09364	MAP/MAP042.BIN:013CC5	1	足しか見えなかった。{0E}{02}{01}そう。{0E}{02}{0A}牢の中で悠然と寝てるなんて\nたいした度胸だぞ。\nこれは近よらない方がいいかもな。{0E}{02}{09}そのようね。{0E}{02}	
09365	MAP/MAP042.BIN:013D45	1	こっちの方にいて、なるたけ\n話しかけられないようにしようか。{0E}{02}{0A}それがいいな。\nで、どうするんだよ。これから。{0E}{02}	
09366	MAP/MAP042.BIN:013DB3	1	どうしようか。{0E}{02}{01}とにかく、ここから抜け出さなきゃ。{0E}{02}{09}ここから出ても橋がかかっていなきゃすぐに捕まってしまうわよ。{0E}{02}	
09367	MAP/MAP042.BIN:013E28	1	橋はいつも決まった時間に\nかかるんだよね。{0E}{02}{0A}ああ、兵士がそんなこと\n言ってたな。{0E}{02}{01}橋がかかるのは、いつなのかしら？{0E}{02}{09}その時間さえわかれば\nタイミングをみて{0F}私の爆弾で強行突破も\nできるのだけど・・・。{0E}{02}{0A}いや、それはやめた方がいい。{0F}橋の向こうがどうなってるか\nわからねえからな。{0E}向こうに何百も兵士がいたら\nどうすんだ。{0E}あんまりハデにやり過ぎたら\n無事に橋を渡れても、\nあっちで捕まるぜ。{0E}{02}	
09368	MAP/MAP042.BIN:013FA9	1	そうか・・・。そうだね。{0E}{02}{01}どうするにしても\n橋のかかる時間じゃないとダメね。{0E}{02}	
09369	MAP/MAP042.BIN:013FF8	1	うん。{0E}あっ。{0E}橋がかかる時って、音が\n聞こえるんじゃないの？{0E}{02}{0A}たぶん、国境の橋が下がる時には\n音が聞こえるはずだ。{0E}{02}	
09370	MAP/MAP042.BIN:01406C	1	壁のそばで、聞いてみようか。{0E}でも、牢名主の側だよ。{0E}{02}{0A}大丈夫だ。寝てるから。\nそっと行けば大丈夫だって。\n行け、行け。{0E}{09}\n\n{02}	
09371	MAP/MAP042.BIN:0140E6	1	他人事だと思って・・・。{0E}{09}	
09372	MAP/MAP042.BIN:014101	1	\n{02}{0A}こういうのは\n言い出しっぺが行くもんだ。{0E}{09}\n\n{02}	
09373	MAP/MAP042.BIN:014131	2	わかったよ。{0E}	
09374	MAP/MAP042.BIN:014180	1	{02}{1E}むにゃにゃ・・・。{0E}{09}{07}\n{02}	
09375	MAP/MAP042.BIN:01419A	1	（ドキッ・・・？）{0E}{02}{1E}ふぁぁぁ・・・。{0E}{09}\n\n{02}	
09376	MAP/MAP042.BIN:0141C5	1	（起きたかな・・・。）{0E}	
09377	MAP/MAP042.BIN:01421B	1	起きたみたいだよ。{0E}{02}{0A}いちいち戻ってこなくていい。{0E}{02}{1F}うあーぁぁぁ・・・。{0F}よく寝たなぁ。\n快眠、快眠。{0E}{02}	
09378	MAP/MAP042.BIN:014282	1	（機嫌は良さそうだね。）{0E}{02}{01}（まだ、わからないわよ。）{0E}{02}{1F}はふぅぅぅ・・・。{0E}	
09379	MAP/MAP042.BIN:0142F4	1	動いてるよ！{0E}{02}{01}しっ。{0E}	
09380	MAP/MAP042.BIN:014314	1	（なにかゴソゴソやってるよ。）{0E}{02}{0A}（気づかないフリしてようぜ。）{0E}	
09381	MAP/MAP042.BIN:0143DE	1	{02}{01}・・・・・。{0E}	
09382	MAP/MAP042.BIN:014446	1	静かになったね。{0E}{02}{09}また寝てしまったのかしら。{0E}{02}{01}ほんと。足が見えた。{0E}	
09383	MAP/MAP042.BIN:0144B4	1	{02}{15}おいおい。{0E}	
09384	MAP/MAP042.BIN:014518	1	{02}{15}そんなに警戒しなくても大丈夫だ。{0E}いくらなんでも\nいきなり襲ったりはしない。\nちょっと変わっているけどな。{0E}{09}\n\n{02}{01}ちょっと変わってる？\nそういうのが１番危ないのよ。{0E}{02}	
09385	MAP/MAP042.BIN:014610	1	\n{02}{01}でも、ジュリオ。{0E}	
09386	MAP/MAP042.BIN:014648	1	{02}{01}樽があって\n変わっている人と言えば・・・。{0E}{02}	
09387	MAP/MAP042.BIN:014676	1	やっぱり\nハックおじさんを思い出すよね。{0E}{02}{0A}誰だぁ。ハックおじさんって？{0E}{02}	
09388	MAP/MAP042.BIN:0146BF	1	クリスのおじさんだよ。{0E}前に会ったとき\nいきなり樽の裏から出てきたんだ。\nすっごく変わってんだ。{0E}{09}{08}\n{02}{01}すっごくは、言い過ぎよ。{0E}{09}\n\n{02}	
09389	MAP/MAP042.BIN:014740	1	そうかなぁ・・・。{0E}{09}	
09390	MAP/MAP042.BIN:014755	1	\n{02}{0A}ふーん。{0E}変わった親戚がいるんだな。\nまあ、それはいいや。{0E}	
09391	MAP/MAP042.BIN:0147B4	1	とにかくジュリオ。\nもう１回、見てこいよ。\n今度は顔もバッチリとさ。{0E}{09}\n\n{02}	
09392	MAP/MAP042.BIN:0147FC	1	えっ、またボクが・・・。{0E}{09}	
09393	MAP/MAP042.BIN:014817	1	\n{02}{0A}このままじゃ\nなんだか不安で落ち着かない。\n俺たちの脱走作戦も始められないぜ。{0E}{09}\n\n{02}	
09394	MAP/MAP042.BIN:01486C	1	そりゃ、そうだけど・・・。{0E}{09}	
09395	MAP/MAP042.BIN:014889	1	\n{02}{01}大丈夫よ。\nジュリオにもしものことがあったら\n私たち３人でなんとかするから。{0E}{02}	
09396	MAP/MAP042.BIN:0148D9	1	ボクに、もしものことって？{0E}{02}{01}いいから、いいから。{0E}{09}\n\n{02}	
09397	MAP/MAP042.BIN:014910	1	もう・・・。{0E}	
09398	MAP/MAP042.BIN:014970	1	\n{02}{01}どうしたの？{0E}{02}	
09399	MAP/MAP042.BIN:014982	1	消えた。{0E}{02}{01}だって、足がそこに見えるじゃない？{0E}{02}	
09400	MAP/MAP042.BIN:0149B2	1	でも・・・いないんだ。{0E}{02}{01}え、どういうことよ？{0E}{02}{0A}どれどれ。{0E}	
09401	MAP/MAP042.BIN:014A54	1	{02}\n・・・あれ。{0E}{02}!・・・・・・？！{0E}{09}{0B}\n{02}\nまさしく、これこそ、\n避けられない運命のいたずら。{0E}{09}	
09402	MAP/MAP042.BIN:014AB2	1	ハ、ハ・・・。{0E}{02}{01}ハックおじさん。{0E}	
09403	MAP/MAP042.BIN:014B00	1	{02}\nやあ。{0E}	
09404	MAP/MAP042.BIN:014B26	1	{02}{01}おじさん、どうしてここに？{0E}{09}\n\n{02}	
09405	MAP/MAP042.BIN:014B48	1	やあ、じゃないよ。{0E}{09}	
09406	MAP/MAP042.BIN:014B5D	1	\n{02}{0A}おいおい。\n本当にクリスのおじさんなのか？{0E}{02}{09}どうも、そうみたいね。{0E}{02}{01}どうしておじさんが\nここに捕まってるの？{0E}{02}	
09407	MAP/MAP042.BIN:014BCF	1	おじさん\n何か悪いことでもしたの？{0E}{02}\nまあ、待ちたまえ。\n落ち着いて。落ち着いて。{0E}いろいろと質問もあるだろうが\nちょっとその前に・・・。\nジュリオくん、頼みがある。{0E}{02}	
09408	MAP/MAP042.BIN:014C82	1	{02}\nジュリオくん。\nそこのズボンを取ってくれたまえ。{0E}{02}	
09409	MAP/MAP042.BIN:014CB6	1	あ、ズボンと靴だね。{0E}	
09410	MAP/MAP042.BIN:014CE8	1	{02}\nああ、そうだ。{0E}	
09411	MAP/MAP042.BIN:014D02	1	ちなみに\nどうして私がズボンと靴を{0F}樽にくっつけておいたか、\nわかるかね。{0E}聞きたいだろう？{0E}{02}{0A}別に。{0E}{02}\nいや、本当は聞きたいはずだ。\n仕方ない。教えてあげよう。{0E}{02}{0A}おいおい・・・。{0E}{02}\n樽から足が見えてれば{0F}兵士たちは私が樽の裏で\n寝ていると思うからね。{0E}その間にトンネルを\n掘っていたのだよ。{0E}名付けて\n『ちょっと足が\n　見えていているかと思った作戦』{0E}なかなかいい作戦だろ。{0E}{09}\n\n{02}	
09412	MAP/MAP042.BIN:014E71	1	そのままじゃないか。{0E}	
09413	MAP/MAP042.BIN:014E95	1	はい。\nズボンと靴。{0E}{02}\nやあ、すまない。\n今、ズボンをはくから{0F}ちょっと待っていてくれないか。{0E}	
09414	MAP/MAP042.BIN:014F1C	1	{02}\nやあ。{0E}ジュリオくんにクリス。\n元気そうだね。{0E}ああ、それに旅のお友達かい。\n私はクリスのおじさんに\nあたるところのハックという者です。{0E}以後よろしく頼むよ。{0E}{02}"・・・・・・・・。{0E}	
09415	MAP/MAP042.BIN:014FE4	1	{02}\nこれでよし。{0E}	
09416	MAP/MAP042.BIN:014FF6	1	{02}{01}ハックおじさん。\nどうしてここに捕まってるの？{0E}{02}\n別に悪いことを\nやったわけじゃないよ。{0F}いわゆる今回も、\n避けられない運命のいたずら\nとでも言ったものなんだよ。{0E}	
09417	MAP/MAP042.BIN:0150B6	1	{02}\nあれはそう、枯葉の舞い散る\nメナート国でのことだった。{0E}{02}{01}おじさん。{0E}	
09418	MAP/MAP042.BIN:01510E	1	{02}\nはい。{0E}{09}{08}\n{02}{01}それって捕まった理由に\n直接関係があるの？{0E}	
09419	MAP/MAP042.BIN:01515A	1	{02}\nいや、ない。{0E}{02}{01}そんなことだと思ったわ。{0E}	
09420	MAP/MAP042.BIN:015198	1	{02}\nクリス。\nしばらく会わないうちに、\nツッコミが鋭くなったね。{0E}{09}	
09421	MAP/MAP042.BIN:0151D7	1	\n{02}{01}そ、そうかしら・・・。{0E}{02}	
09422	MAP/MAP042.BIN:0151F3	1	それで、ハックおじさんが\nここにいるのは、どうしてなの？{0E}{02}\nああ、\nメナート国に鷹の爪号が到着して\nキミたちと別れてからね。{0E}さっそく、街道を歩きだしたのだが\nふと、忘れ物をしたことを\n思いだしてね。{0E}{02}{01}忘れ物？{0E}	
09423	MAP/MAP042.BIN:0152D8	1	{02}\n私が白き魔女について\nこれまでに調べたことを{0F}書き留めた手帳だよ。{0E}手帳がないとせっかくの調査も\nはかどらないからね。{0E}仕方なく、ニーリに引きかえし、\nまた鷹の爪号にタダで乗せてもらってラグーナに戻ったんだ。{0E}{09}\n\n{02}{01}おじさん、\nたまにはお金払ったら。{0E}	
09424	MAP/MAP042.BIN:0153D6	1	{02}\nまあ、いいじゃないか。{0F}せっかくのジルバ船長の\n好意なんだから。{0E}とまあ、そこまでは\n順調だったのだが{0E}家に戻ったところを\n借金取りに見つかってしまってね。{0E}ちょっと逃げ回っているうちに、\n今年最後の定期船が\n出てしまったんだ。{0E}定期船には血も涙もなかったのだよ。{0E}{09}	
09425	MAP/MAP042.BIN:0154DC	1	もう、流氷の季節だからね。{0E}	
09426	MAP/MAP042.BIN:01550E	1	{02}\nで、東回りの旅をあきらめ、\nルデラの境門から王都街道を抜けて、{0F}西回りの旅に\n切り替えたというわけなのだ。{0E}{02}{01}ハックおじさんが、\n西回りで旅をしてきたのは{0F}わかったけど・・・。\nどうして捕まってるのよ？{0E}	
09427	MAP/MAP042.BIN:0155DE	1	{02}\n捕まってる？{0E}いやいや、\nそう見えるかも知れないけど、\nこれは作戦なのだよ。{0E}{02}	
09428	MAP/MAP042.BIN:01562C	1	作戦？{0E}{02}\nおじさんはね、{0F}ここでクリスとジュリオくんを\n待っていたのだよ。{0E}{02}{01}私たちを？{0E}{02}\nそう、ここなら必ず通るから\nすれ違うことはない。{0E}しかも、宿代もタダだし食事付きだ。長期の滞在には\nもってこいの場所だ。{0E}	
09429	MAP/MAP042.BIN:01570C	1	{02}\n幸いにもラグーナの高利貸しが\n未返済者リストに私の名前を{0F}のせておいてくれていたので、\nすんなりと、この牢に\nチェック・インできたよ。{0E}{09}{0B}\n{02}\nはっはっはっ・・・。{0E}{02}!・・・・・・・・？{0E}{02}"・・・・・・・・？{0E}	
09430	MAP/MAP042.BIN:0157EA	1	\n{02}\nそれでクリスたちこそ、\nどうして捕まったのだね？{0E}{02}{01}兵隊さんたちが会議をしている\nところを聞いてしまったのよ。{0E}	
09431	MAP/MAP042.BIN:015870	1	{02}{0A}なんだか、聞いたら\nヤバイことだったみたいだぜ。{0E}	
09432	MAP/MAP042.BIN:0158AC	1	{02}\nえっ、どんなこと？{0E}{02}	
09433	MAP/MAP042.BIN:0158C3	1	それを聞いたら、\nきっと、おじさんも捕まっちゃうよ。{0E}	
09434	MAP/MAP042.BIN:015900	1	{02}{01}もう、捕まってるじゃない。{0E}	
09435	MAP/MAP042.BIN:01592B	1	あっ、そうだね。\nじゃあ、いいか。ははは・・・。{0E}	
09436	MAP/MAP042.BIN:015964	1	{09}{0B}\n{02}\nははははは・・・。{0E}{09}	
09437	MAP/MAP042.BIN:01597E	1	\n{02}{01}・・・・・・・・。{0E}	
09438	MAP/MAP042.BIN:0159A0	1	ルード城から新しい兵団が\nここに来るって話をしていたんだよ。{0E}	
09439	MAP/MAP042.BIN:0159E6	1	{02}{01}それで、ハックおじさん。\n私たちを待ってたってどんな用なの？{0E}{02}\nああ、それだがね。{0F}私は白き魔女の伝説を追って\n方々を歩き回っていたわけだが、{0F}偶然にも、この先のアロザで、\n彼女の消息に関する有力な手がかりを得ることができたのだよ。{0E}{02}{0A}有力な手掛かり？{0E}{02}{01}ハックおじさんは\n白き魔女の研究をしているのよ。{0E}{02}{09}ふーん、そうなの。{0E}{02}{0A}それで有力な手掛かりって？{0E}	
09440	MAP/MAP042.BIN:015B4C	1	{02}\nそれが、なんとだね。{0F}白き魔女はティラスイールを\nぐるりと１周して、{0F}最終的にフォルティア国へ\n来ていたのさ。{0E}{02}	
09441	MAP/MAP042.BIN:015BBB	1	ルード城へ向かったんだね。{0E}	
09442	MAP/MAP042.BIN:015BE0	1	{02}\nえっ？\nどうして知ってるの・・・？{0E}{02}	
09443	MAP/MAP042.BIN:015C06	1	そんな気がしてたのさ。{0E}	
09444	MAP/MAP042.BIN:015C34	1	{02}\nじゃ、じゃあ、\nこれは、まだ知らないだろう。{0F}そのアロザには、かつて\nルード城の宮廷剣士だっだ\nとある人の孫娘が住んでいてね。{0F}その娘さんに聞いたのだが、\n宮廷剣士だったおじいさんは、\n白き魔女と親しかったらしいのだよ。{0E}{02}{01}宮廷剣士って、\nデュルゼルって人でしょ。{0E}	
09445	MAP/MAP042.BIN:015D52	1	{02}\nガーン。{0F}な、なんでそこまで\n知ってるんだい？{0E}{02}{01}オルドスの大神官さまが、\nデュルゼルって人に{0F}会ってみなさいって\n教えてくれたのよ。{0E}{02}	
09446	MAP/MAP042.BIN:015DD7	1	うん、今はドルフェスという所に\n捕まってるそうだね。{0E}	
09447	MAP/MAP042.BIN:015E1E	1	{02}\nなんでも知ってるんだな・・・。\nつまんないなぁ。{0E}{09}{0A}\n{02}	
09448	MAP/MAP042.BIN:015E55	1	だってボクたち、\n巡礼の旅でオルドスに行く途中、{0F}白き魔女の話をいっぱい聞いたんだ。{0E}{09}	
09449	MAP/MAP042.BIN:015EAA	1	\n{02}{01}オルドスからここに来るまでの間も、{0F}フュエンテ国やギドネルでも\n聞いたわよ。{0E}	
09450	MAP/MAP042.BIN:015F00	1	ジュリオたちは巡礼の旅で体験した\n白き魔女に関係することがらを\nひとつひとつハックに説明した。{0F}ハックは目を輝かせ、\nときおりメモを取りながら、\nジュリオたちの体験を聞いた。{0F}ジュリオたちはこの機会に\nハック、ステラ、バダットにも{0F}ラウアールの波についてのことを\n話しておくべきだと思い、{0F}オルドスのシャリネで大神官から\n聞かされたことも、すべて話した。{0F}ぜんぶ、話をするのに、\nかなりの時間がかかった。{0E}	
09451	MAP/MAP042.BIN:01609C	1	{02}\nそうだったのか・・・。{0E}	
09452	MAP/MAP042.BIN:0160CE	1	\n{02}{09}ラウアールの波・・・。{0E}{02}{0A}驚いたな。\n俺にはスケールがでかすぎる話だ。{0E}{02}\nうーん。\nなんと有意義な旅をしてきたのだ。{0E}私の調査より、\nよっぽど詳しいではないか。{0E}	
09453	MAP/MAP042.BIN:016184	1	{02}{0A}この２人にはかなわないよ。{0F}ハックさん、\nまあ、気を落とすなよ。{0E}	
09454	MAP/MAP042.BIN:0161CE	1	{02}\n気を落とす？\nこの私が？{0E}{09}{0B}\n{02}\nはっはっはっ・・・。{0F}まだ、とっておきの情報が\nあるのだよ。{0E}	
09455	MAP/MAP042.BIN:016242	1	\n{02}{09}とっておきの情報？{0E}{02}\nそれこそが、{0F}私がここでキミたちを\n待っていた理由なのだよ。{0F}だが、これは笑ってはいられないな。{0E}	
09456	MAP/MAP042.BIN:0162C2	1	{02}\nアロザに住むその娘さん、\nジョアンナさんというのだけどね。{0F}そのジョアンナさんが\nデュルゼル殿から口伝えに、\n白き魔女の予言を聞いていたのだよ。{0F}最後の予言をね。{0E}{09}{0F}\n{02}{01}白き魔女の・・・最後の予言？{0E}{02}\nそう。{0F}それ以来の白き魔女に関する\n言い伝えはなく、{0F}白き魔女は死んでしまったのか、\nそれとも生きているのか、\nそれはわからない。{0F}ただ、デュルゼル殿が聞いたのが、\n最後の予言であることは\nたぶん、間違いないだろう。{0F}最後の予言はこうだ。{0E}『表情のない兵士たちが\n　国境を越えるとき、{0F}　呪縛に囚われた王は\n　もはや力を失い、{0F}　海も山も、やがては\n　すべて死に絶える。{0F}　異界の女と、星を操る男に、\n　災いの波は\n　引き寄せられるだろう』{0E}{02}{09}災いの波・・・\nラウアールの波のことね。{0E}	
09457	MAP/MAP042.BIN:016560	1	{02}{01}異界の女って？{0F}そんなの、今までの\n予言にはなかったわ。{0E}	
09458	MAP/MAP042.BIN:0165AE	1	うん。{0F}白き魔女が\nフォルティア国に来てから、\n初めてわかったことなんだろうか。{0F}星を操る男というのは、\nきっとレバスだよね。{0E}	
09459	MAP/MAP042.BIN:01664A	1	\n{02}{0A}王様がどうのってのもあったが、{0F}当然、それはルード城の\nルドルフ王ってことになるな。{0E}	
09460	MAP/MAP042.BIN:0166E0	1	{02}\n最後の予言にある\n表情のない兵士たちというのは、{0F}どうやらキミたちが聞いた、\nここに向かっているという\n兵団のことのようだね。{0F}このままでは、\nラウアールの波が来るというのも\n避けられない運命のようだ。{0F}こうしてはいられないな。\nジュリオくん。\n銀の短剣を持っているね。{0E}{02}	
09461	MAP/MAP042.BIN:0167E9	1	うん、もちろん持ってるよ。\nでも、どうして？{0E}	
09462	MAP/MAP042.BIN:01682C	1	{02}\nアロザに住むジョアンナさんが、\n教えてくれたのだが。{0F}今はドルフェスの塔に\n幽閉されているデュルゼル殿が\n捕まる前に、{0F}「古式どおり、銀の短剣を持ち、\n　５つのシャリネを巡礼をする者\n　さえいれば・・・。」{0F}・・・と、\nよく、口走っていたそうなのだ。{0E}{02}{01}それ、私たちがそうじゃない。{0E}{02}	
09463	MAP/MAP042.BIN:016941	1	うん。条件にぴったりだ。{0E}	
09464	MAP/MAP042.BIN:016964	1	{02}\nああ。だからここで\n待っていたのだよ。{0E}{02}{09}それに、ここで待っていれば\n最後の予言にある{0F}表情のない兵団が現れれば、\nすぐに予言を確認することが\nできるからですね？{0E}{02}\nそのとおりだ。{0E}{09}{0A}\n{02}{01}さすが、ハックおじさん。\n本当は天才なんじゃないの・・・。{0E}	
09465	MAP/MAP042.BIN:016A66	1	{02}\nおっほん。{0F}まあ、デュルゼル殿に話を聞けば、\nもっとハッキリするだろうがね。{0F}どうも私には、銀の短剣が\n５つのシャリネと白き魔女。\nそして、ラウアールの波。{0F}この３つをむすびつける鍵に\n思えてならないんだ。{0F}	
09466	MAP/MAP042.BIN:016B48	1	{02}\nキミたちも知っていると思うが、{0F}成人の儀式である巡礼の旅は、\nかつての魔女や魔法使いの巡礼を\n真似て今に残るものだ。{0F}以前は多くの村に\nその習慣があったが、{0F}今では数えるほどしか、\nその習慣を残している村はない。{0F}むろん、時代が流れるにつれ、\n人々の習慣や生活が\n変化していくのは当然だ。{0F}	
09467	MAP/MAP042.BIN:016C6A	1	でも、考えてもみたまえ。{0F}いったい誰が、どのような理由で\n巡礼をはじめ、我々に銀の短剣を\n与えたのだろう・・・？{0F}シャリネや魔法の存在にしても、\n未だに誰も説明ができないのだよ。{0E}{09}	
09468	MAP/MAP042.BIN:016D1A	1	\n{02}{09}最後の予言に、異界の女\nというところがありましたね。{0E}	
09469	MAP/MAP042.BIN:016D5A	1	{02}\nそう、そこなのだよ。{0F}ひょっとすると、これらの謎は\n我々の知っている\nこの世界だけでなく、{0F}もともと異界の影響を受けて\n存在しているのかも知れない・・・。{0F}じつは、そう私には\n思えてきたのだよ。{0F}ラウアールの波のことは\n異界とのつながりがある者しか\n知らないはずだと、{0F}大神官デンケン様は\n言っていたのだろ？{0E}{02}{01}ええ。そうよ。{0E}	
09470	MAP/MAP042.BIN:016EA0	1	{02}\nよし。ともかくアロザへ行こう。{0F}銀の短剣を持って\n巡礼をしてきたキミたちを{0F}ジョアンナさんの元へ\n連れていけば、きっと、なにか\n新しい情報をつかめるだろう。{0F}それからドルフェスに行って\nデュルゼル殿に会うんだ。{0F}最後の予言が動き出したとすれば、\n残された時間は少ないぞ。{0E}{02}{0A}それにしても・・・。{0F}	
09471	MAP/MAP042.BIN:016FEE	1	俺も風のウワサに\n聞いたことがあるが、{0F}デュルゼルっていやあ、\n伝説に近いほどの剣の達人だぜ。{0F}しかも、王に忠誠を尽くす\n剣士の鑑とまで聞いている。{0E}{02}{01}バダットもデュルゼルって人のこと、知ってたのね。{0E}	
09472	MAP/MAP042.BIN:0170C6	1	そういえば、ローディも言ってたね。{0E}{02}{0A}ローディって？{0E}	
09473	MAP/MAP042.BIN:01710E	1	{02}{01}巡礼の途中で一緒に旅した剣士なの。{0F}ローディもデュルゼルは\n唯一自分が尊敬する\nすごい剣士だって言ってたわ。{0E}{02}{0A}だろ？やっぱりそうだよな。\nだから不思議なんだ。{0F}そんな人が\nなんで幽閉されてんだよ？{0E}{02}	
09474	MAP/MAP042.BIN:0171D2	1	うん、おかしいよね。{0E}	
09475	MAP/MAP042.BIN:017226	1	{02}{01}でも、おじさん。\nここからどうやって抜け出すの。{0F}やっぱり、そこの穴？{0E}{02}\n安心したまえ。{0F}この日のために、\n私が正確に測量して\n掘った抜け穴だ。{0F}寸分の狂いもなく橋の側に\n通じているとも。{0F}地表に一枚土を残しただけで、\nすぐに崩れるようにしてある。{0E}{02}{0A}でも、心配なのは橋のかかる時間が\nわからないことだな。{0F}せっかく外に出ても、\n橋が下りてなければ向こうへ\n渡れないからな。{0E}{02}\nそれも心配ない。{0F}私の腹時計の具合によれば、\nそろそろ兵士が見回りに来る頃だ。{0F}その兵士が戻れば\nちょうど橋がかかる時間なのだよ。{0F}なーに、大丈夫さ。{0F}私の掘った穴を通れば、\n橋が下りてからでも\nじゅうぶん間に合う。{0F}ほら、そろそろ兵士が来るぞ。{0E}	
09476	MAP/MAP042.BIN:0174FA	1	{02}{15}あれ。あんたたち、気の毒にな。{0F}ハック先生の話に\nつき合わされてるんだろ。{0F}先生は寝てると静かなんだが、\n１度話しだすと止まらないからな。{0F}俺たちも手をやいてたんだ。{0F}ハック先生、\nあんまり新入りを\nいじめないでくれよ。{0E}{09}{0B}\n{02}\nキミもどうだい？{0F}今、面白い話を\n始めていたとこなのだよ。{0E}{02}{15}い、いや、俺はご遠慮しますよ。\nごゆっくり。{0E}	
09477	MAP/MAP042.BIN:017736	1	\n{02}\nよし、今だ。{0E}	
09478	MAP/MAP042.BIN:0177A2	1	{02}\nさあ、ついてきたまえ。\n自由への脱出だ。{0E}	
09479	MAP/MAP042.BIN:0177FD	1	大丈夫かなぁ。{0E}{09}	
09480	MAP/MAP042.BIN:01780E	1	\n{02}{01}ジュリオ、時間がないわよ。{0E}{02}	
09481	MAP/MAP042.BIN:0178F2	1	{02}\n（こっちだっけ・・・。）{0E}{09}{08}\n{02}	
09482	MAP/MAP042.BIN:017912	1	（自信ないの？）{0E}{09}\n\n{02}{01}（正確に測量したんじゃないの？）{0E}{02}\n（掘るときは）\n（正確だったのだが・・・。）{0F}（つい、面白くなってね。）\n（関係のないトンネルまで）\n（掘ってしまって・・・。）{0F}（本物はどれだったっけ？）{0E}{09}\n\n{02}	
09483	MAP/MAP042.BIN:0179E8	1	（ボクに聞かれたって、）\n（わかんないよ。）{0E}{09}	
09484	MAP/MAP042.BIN:017A16	1	\n{02}{01}（少し土をけずってみれば？）{0E}	
09485	MAP/MAP042.BIN:017A3E	1	ハックは少し土をけずってみた。{0E}{02}\n（む・・・なんだか）\n（違うみたいだな。）{0E}{02}{01}（今度は大丈夫？）{0E}{02}\n（たぶん。）{0E}{02}	
09486	MAP/MAP042.BIN:017AAF	1	（ちょっと待って。）{0F}（バダットたち、）\n（ついて来てるかな？）{0E}{02}{0A}（ああ、大丈夫だぞ。）{0E}{02}{09}（安心して。）{0E}{02}	
09487	MAP/MAP042.BIN:017B1A	1	（オッケー。）{0E}{02}{01}（ハックおじさん。着いたの？）{0E}{02}\n（バッチリ。ここが）\n（橋のすぐ側のはずだよ。）{0E}{09}\n\n{02}	
09488	MAP/MAP042.BIN:017B81	1	（本当かなぁ。）{0F}（ずいぶん進んだような）\n（気がするけど。）{0E}{02}\n（やあ、すまない。）\n（少し北にずれていたようだよ。）{0E}{09}{08}\n{02}{01}（もう、時間がないわよ。）{0F}（ぼやぼやしてたら、）\n（橋が上がっちゃうわ。）{0E}{09}	
09489	MAP/MAP042.BIN:017C48	1	\n{02}{0A}（こうなったら、一か八かだ。）{0F}（ここから上がって）\n（橋まで強行突破だ。）{0E}{02}{09}（いざとなったら私の爆弾を）\n（使うまでだわ。）{0E}	
09490	MAP/MAP042.BIN:017D6B	1	うっわ～。おっきな犬だね！{0E}	
09491	MAP/MAP042.BIN:017D9A	1	{09}{09}\n{02}{01}もう！　これは馬よ、ウマ。{0E}	
09492	MAP/MAP042.BIN:017E04	1	{02}\nあんなところに兵士がいるとは。{0F}これは困ったね。{0E}{09}	
09493	MAP/MAP042.BIN:017E38	1	\n{02}{09}爆弾を使いましょうか？{0E}	
09494	MAP/MAP042.BIN:017E66	1	{02}\nいや、ここの兵士は\n予言とは無関係だ。{0F}誰も傷つけたくはない。{0E}こっちへ。{0E}	
09495	MAP/MAP042.BIN:017F08	1	{02}\n私がこの馬に乗って\nあの兵士の上を飛び越える。{0F}兵士が動揺しているあいだに\nキミたちは橋を渡るのだ。{0F}いいね。{0E}{02}{01}おじさん、\n乗馬が得意だったの？{0E}{02}\nおじさんはこう見えても{0F}白き魔女の研究に身を捧げる\nさすらいの学者なのだよ。{0F}馬の１頭や２頭\n眠っていても操れるとも。{0E}	
09496	MAP/MAP042.BIN:018020	1	{09}{08}\n{02}{01}ジュリオが寝ててもベッドまで\n行けるのと同じようなものね。{0E}{02}\nえ、なに？{0E}{09}\n\n{02}	
09497	MAP/MAP042.BIN:018071	1	いいよ。{0E}{02}\nでは、作戦開始だ。{0E}	
09498	MAP/MAP042.BIN:0180DC	1	{09}{0B}\n{02}\nはは、おかしいなぁ。{0E}{09}\n\n{02}	
09499	MAP/MAP042.BIN:0180FB	1	早くしないと橋が上がっちゃうよ。{0E}{09}	
09500	MAP/MAP042.BIN:01811E	1	\n{02}\nこのところ\n馬に乗ってなかったからなぁ。{0E}	
09501	MAP/MAP042.BIN:01815A	1	{02}\nそうだ。こっちの馬にしよう。{0E}	
09502	MAP/MAP042.BIN:018206	1	{02}\n後ろから飛び乗れば、まちがいない。{10}	
09503	MAP/MAP042.BIN:0182DE	1	{02}{15}な、なんだ！？\n	
09504	MAP/MAP042.BIN:01832C	1	{09}{0F}\n{02}{09}今しかチャンスはないわ！{0E}	
09505	MAP/MAP042.BIN:01846A	1	{09}\n\n{02}{01}ハックおじさんが・・・。{0E}{09}{10}\n{02}{0A}ここは俺に任せろ。{0F}お前らは橋を渡るんだ！{0E}{09}	
09506	MAP/MAP042.BIN:0184BC	1	う、うん！{0E}	
09507	MAP/MAP042.BIN:0185A2	1	{02}\nいかん！\n	
09508	MAP/MAP042.BIN:0185EA	1	{02}{0A}飛び移るぞ！\n	
09509	MAP/MAP042.BIN:0186CE	1	{09}{0B}\n{02}\nだめだったあぁぁぁ～。\n	
09510	MAP/MAP042.BIN:018720	1	{02}{0A}後で落ち合おうぜ！\n心配するな！\n	
09511	MAP/MAP042.BIN:018762	1	{02}\nジュリオ君！\nこれを！！\n	
09512	MAP/MAP042.BIN:0187CE	1	{02}\n必ず追い掛けていくから\n安心したまえ！\n	
09513	MAP/MAP042.BIN:018800	1	わかった。\nきっとだよ！\n	
09514	MAP/MAP042.BIN:018820	1	{02}{0A}おう！\n	
09515	MAP/MAP042.BIN:018830	1	{02}\n先を急ぐのだよ。\n	
09516	MAP/MAP042.BIN:01884A	1	{02}{15}なんて、やつらだ・・・。{0E}{09}\n\n{02}{01}大丈夫かしら・・・。{0E}{09}{0A}\n{02}	
09517	MAP/MAP042.BIN:018884	1	ハックおじさんや\nバダットのことだから{0F}きっと、大丈夫だよ。{0E}{09}	
09518	MAP/MAP042.BIN:0188C1	1	\n{02}{09}とにかく、\n私たちはアロザに向かいましょう。{0E}{09}{0F}\n{02}{09}まずは、ジョアンナさんに\n会ってみるのが先決のようね。{0E}	
09519	MAP/MAP042.BIN:01897C	1	これを忘れちゃいけないよね。{0E}	
09520	MAP/MAP042.BIN:0189A0	1	ジュリオたちは{01}&を\n手に入れた。{0E}	
09521	MAP/MAP042.BIN:019A9E	9	{02}宴Nリスちゃん、\nありがとう。{10}	
09522	MAP/MAP042.BIN:019BC6	9	ステラさん、\nありがとう～。{10}	
09523	MAP/MAP042.BIN:019CEA	9	{02}＜Xテラさん、\nありがとう。{10}	
09524	MAP/MAP043.BIN:0000A3	1	潟hルフェス	
09525	MAP/MAP043.BIN:0000B0	1	縛り、キュア、ヒール	
09526	MAP/MAP043.BIN:0120E9	1	{04}チーカ	
09527	MAP/MAP043.BIN:01212A	1	武器屋のロイド	
09528	MAP/MAP043.BIN:01214A	1	サペレ	
09529	MAP/MAP043.BIN:01216A	1	道具屋のメレンダ	
09530	MAP/MAP043.BIN:01218A	1	レペルト	
09531	MAP/MAP043.BIN:0121AA	1	カンドのメッケン	
09532	MAP/MAP043.BIN:0121CA	1	セノン	
09533	MAP/MAP043.BIN:0121EA	1	アリス	
09534	MAP/MAP043.BIN:01220A	1	デルポ	
09535	MAP/MAP043.BIN:01222A	1	チャッペルのドミナ	
09536	MAP/MAP043.BIN:01224A	1	イコレ	
09537	MAP/MAP043.BIN:01226A	1	ボルノ	
09538	MAP/MAP043.BIN:01228A	1	ピヅ	
09539	MAP/MAP043.BIN:0122AA	1	スパッチ	
09540	MAP/MAP043.BIN:0122CA	1	オニール	
09541	MAP/MAP043.BIN:0122EA	1	酒場のライセン	
09542	MAP/MAP043.BIN:01232A	1	ボーフィ	
09543	MAP/MAP043.BIN:01234A	1	レアノ	
09544	MAP/MAP043.BIN:0123BE	1	{02}{14}知っていますか。{0F}この頃、税金とか徴兵とかが\nずいぶん、きびしくなって\nきているの。{0F}このドルフェスは、\nもともと王の離宮として\n発達した町だから{0F}それほどでもないけど・・・。{0F}小さな村なんかでは\nフォルティア国を捨てて、{0F}別の国へ逃げだす\n村人たちもいるそうよ。{10}	
09545	MAP/MAP043.BIN:0124CE	1	{02}{15}城の方は、何だか\n慌ただしそうなんだが・・・。{0F}それに引き替え\nドルフェスは静かなもんだ。{0F}やっぱり、\n俺が見回りをしているからかな。{0F}何も起こらないのが何よりだよね。\nこの頃、俺はよくそう思うんだよ。{10}	
09546	MAP/MAP043.BIN:01259E	1	{02}{15}やっぱり、\n俺が見回りをしているからかな。{0F}何も起こらないのが何よりだよね。\nこの頃、俺はよくそう思うんだよ。{10}	
09547	MAP/MAP043.BIN:012612	1	{02}{15}さてと、\n次の見張りは俺の番だな。{0F}着替えは済ませたし、顔も洗った。{0F}よし、準備はいいぞ。\n交替の時間が来るまでここで待機だ。{10}	
09548	MAP/MAP043.BIN:012694	1	{02}{16}いらっしゃい。{0F}うちはドルフェス警備隊に\n武器をおろしてるんだ。\nいい武器がそろってるぜ。{10}	
09549	MAP/MAP043.BIN:0126F8	1	{02}{16}ありがとさん。\n武器や防具はこまめに点検だよ。{10}	
09550	MAP/MAP043.BIN:012760	1	{02}{16}何が入り用かな？{10}	
09551	MAP/MAP043.BIN:012778	1	{02}{16}{08}か。\nそれなら{06}もらうよ。{0F}これで魔獣もこわくないな！{10}	
09552	MAP/MAP043.BIN:0127B4	1	{02}{16}どれが、いらないんだい？{10}	
09553	MAP/MAP043.BIN:0127D4	1	{02}{16}{08}か。\nそれなら、{06}払うよ。{10}	
09554	MAP/MAP043.BIN:0127FA	1	{02}{16}１ゴアあたり{06}だよ。{10}	
09555	MAP/MAP043.BIN:012816	1	{02}{16}全部で{06}になるね。\n若いのに頑張ってるじゃないか！{10}	
09556	MAP/MAP043.BIN:01284E	1	{02}{16}そうか・・・。\nまあ、いやならしょうがねえか。{10}	
09557	MAP/MAP043.BIN:012884	1	{02}{16}ラピカがないね。\nほら、頑張って稼いできなよ！{10}	
09558	MAP/MAP043.BIN:0128D8	1	{02}{17}このドルフェスの町はね。{0F}海岸が避暑地に向いていることから、ルード城の離宮として造られたんだ。{0F}もっとも、\nもう、20年も前から\n王さまはここに来ないけどね。{0F}なんでも兵士たちの話じゃ、\n今は王妃さまのために建てた\nドルフェスの塔も{0F}牢獄に使われてるそうだ。{10}	
09559	MAP/MAP043.BIN:0129D8	1	{02}{18}あら、いらっしゃいませ。\n何をさしあげましょうか？{10}	
09560	MAP/MAP043.BIN:012A16	1	{02}{18}ありがとうございました。{10}	
09561	MAP/MAP043.BIN:012A68	1	{02}{18}何をお求めでしょう？{10}	
09562	MAP/MAP043.BIN:012A84	1	{08}ですね。\nそれなら{06}になります。{10}	
09563	MAP/MAP043.BIN:012AAA	1	{02}{18}何を売ってくれますか？{10}	
09564	MAP/MAP043.BIN:012AC8	1	{02}{18}{08}ですか。\nそれなら、{06}で引き取りましょう。{10}	
09565	MAP/MAP043.BIN:012AFE	1	{02}{18}１ゴアあたり{06}で\n換金しております。{10}	
09566	MAP/MAP043.BIN:012B28	1	{02}{18}全部で{06}になります。{10}	
09567	MAP/MAP043.BIN:012B44	1	{02}{18}いつでも\n気軽にご利用ください。{10}	
09568	MAP/MAP043.BIN:012B6C	1	{02}{18}ラピカがありませんね。\nたまりましたら、いつでもどうぞ。{10}	
09569	MAP/MAP043.BIN:012BAC	1	{02}{18}他には、ご用はありませんか？{10}	
09570	MAP/MAP043.BIN:012BDA	1	{02}{19}やあ、交替の兵士は\nこの兵舎で着替えるんだよ。{0F}やっぱり鎧を脱ぐと体が\n軽くていいや。{0F}さて、これから酒場にでも行くかな。ここは平和だからね。\n警備隊が駐屯する必要なんて{0F}ないんだけど。\nルドルフ王のゆかりの離宮だから\n一応、兵士の俺たちが{0F}守っているんだよ。{10}	
09571	MAP/MAP043.BIN:012CE2	1	{02}{19}ここは平和だからね。{0F}警備隊が駐屯する必要なんて\nないんだけど。{0F}ルドルフ王のゆかりの離宮だから\n一応、兵士の俺たちが守って\nいるんだよ。{10}	
09572	MAP/MAP043.BIN:012D70	1	{02}{1A}ごきげんよう。{0F}こちらではカンド魔法を\nお授けしております。{0F}カンド魔法を扱える方で\n必要とする人があれば、\nお授けいたしましょう。{10}	
09573	MAP/MAP043.BIN:012DFC	1	{02}{1A}また、お寄りください。{10}	
09574	MAP/MAP043.BIN:012E34	1	{02}{1A}どなたが、ご希望でしょう？{10}	
09575	MAP/MAP043.BIN:012E56	1	{02}{1A}魔法は、どれを望みますか？{10}	
09576	MAP/MAP043.BIN:012E78	1	{02}{1A}{08}ですね？\n分かりました。{0F}お教えしましょう。{10}	
09577	MAP/MAP043.BIN:012EB6	1	{02}{1B}フォルティア国の王妃さまの\nお名前知ってる？{0F}イザベル王妃さまって\nいうのよ。{0F}王妃さまって、\nとてもキレイな人なんだって。{0F}１度でいいから、\n会ってみたいなぁ。{10}	
09578	MAP/MAP043.BIN:012F5E	1	{02}{1B}王妃さまって、\nとてもキレイな人なんだって。{0F}１度でいいから、\n会ってみたいなぁ。{10}	
09579	MAP/MAP043.BIN:012FD2	1	{02}{1C}１人でカクレンボしてても\nつまんないの。{0F}早くヘエタイさん。\n遊んでくれないかな。{10}	
09580	MAP/MAP043.BIN:01311C	1	{09}{0A}\n{02}{01}もしかしたら、アリスちゃんでしょ？{0E}{02}{1C}うん。{0E}{09}	
09581	MAP/MAP043.BIN:01314F	1	\n{02}{01}ジュリオ。\nまさかとは思うけど、{0F}アリスちゃんに頼んでみましょう。{0E}{02}	
09582	MAP/MAP043.BIN:013195	1	うん、そうだね。{0E}{02}{01}アリスちゃん。{0F}お姉ちゃんたちドルフェスの\n塔の方へ行きたいの。{0F}でも、兵隊さんに通して\nもらえないのよ。{0F}通してもらえるように、\n言ってもらえないかなぁ？{0E}{02}{1C}いいよ。{0E}	
09583	MAP/MAP043.BIN:0132A8	1	{02}{1C}おじちゃん。{0F}早くカクレンボしよう。{0E}{02}{15}まだ、仕事中だからダメだよ。{0E}	
09584	MAP/MAP043.BIN:0132F4	1	{09}\n\n{02}{01}（アリスちゃん。）{0F}（ちゃんと頼んで）\n（くれるかしら・・・。）{0E}{02}	
09585	MAP/MAP043.BIN:01333A	1	（違うこと、頼んでるみたいだよ。）{0F}	
09586	MAP/MAP043.BIN:013368	1	{02}{1C}ねえ、しよう。{0F}カクレンボ。\nちょっとだけ。ちょっとだけ。{0E}{02}{15}もう、しかたないなぁ・・・。\nちょっとだけだよ。{0E}	
09587	MAP/MAP043.BIN:01350E	1	{02}{15}俺、かくれんぼの鬼って\n苦手なんだよなぁ・・・。{0E}{09}	
09588	MAP/MAP043.BIN:013542	1	\n{02}{09}今よ。\n行きましょう。{10}	
09589	MAP/MAP043.BIN:013576	1	{02}{1C}へへへ。\nみちゅかんないもんねーだ。{10}	
09590	MAP/MAP043.BIN:0135B6	1	{02}{15}この先はドルフェスの塔だよ。{0F}以前はルード城の離宮として\n使われていたんだが、{0F}今は幽閉のための\n牢に使っているんだ。{0F}悪いけど、一般の人は\nここから先は通れないよ。{0E}{09}\n\n{02}{01}え、そうなの・・・。{10}	
09591	MAP/MAP043.BIN:013686	2	{02}{15}この先はドルフェスの塔だよ。{0F}以前はルード城の離宮として\n使われていたんだが、\n今は幽閉のための牢に{0F}使っているんだ。{0F}悪いけど、一般の人は\nここから先は通れないよ。{10}	
09592	MAP/MAP043.BIN:013738	2	{02}{15}さっきも言ったように{0F}悪いけど一般の人は\nここから先は通れないよ。{0E}{09}	
09593	MAP/MAP043.BIN:013780	2	（通してもらえないと）\n（塔へ行けないよ。）{0E}{02}{01}（ジョアンナさんのこと。）{0F}（デュルゼルさんの）\n（孫だって言ったら）\n（通してくれるかもね。）{0E}{02}{09}（それは危険だわ。）{0F}（かえって、）\n（怪しまれてしまうかも・・・。）{0E}{02}{08}（ええ。そうでしょうね・・・。）{10}	
09594	MAP/MAP043.BIN:013880	2	{02}{15}さっきも言ったように{0F}悪いけど一般の人は\nここから先は通れないよ。{10}	
09595	MAP/MAP043.BIN:0138C8	1	{02}{15}俺、かくれんぼの鬼って\n苦手なんだよなぁ・・・。{10}	
09596	MAP/MAP043.BIN:01390A	1	{02}{1D}チャッペル魔法を扱える人が\nおるのかね？{0F}だったら奥の部屋で\nドミナが授けてくれるじゃろう。{0F}行ってみなされ。{10}	
09597	MAP/MAP043.BIN:01398A	1	年前、{0F}それは優秀な魔法の使い手が\nこの町を訪れたことがある。{0F}あの娘・・・。{0F}たしか、ゲルドとか\n言ったかのう・・・。{0F}白き魔女と呼ぶ者もおった。\nどうしておるんじゃろうなぁ・・・。{0E}{09}	
09598	MAP/MAP043.BIN:013A3E	1	\n{02}{01}白き魔女は、\nここにも現れていたの？{0E}{02}{1D}ほう、あんたも知ってなさるか。{0F}白き魔女はデュルゼル殿と\nここに来たのじゃよ。{0F}ルード城の\n宮廷剣士であったデュルゼル殿とな。{0F}その後、何があったのかは知らんが、しばらくしてデュルゼル殿は\nドルフェスの塔に{0F}囚われの身となってしまった。{0F}白き魔女の方は\nどうなったのかはわからん。{0F}いくら聞かれても\nデュルゼル殿は何も語らないそうだ。{10}	
09599	MAP/MAP043.BIN:013BB4	1	{02}{1D}白き魔女はデュルゼル殿と\nここに来たのじゃよ。{0F}ルード城の\n宮廷剣士であったデュルゼル殿とな。{0F}その後、何があったのかは知らんが、しばらくしてデュルゼル殿は\nドルフェスの塔に{0F}囚われの身となってしまった。{0F}白き魔女の方は\nどうなったのかはわからん。{0F}いくら聞かれても\nデュルゼル殿は何も語らないそうだ。{10}	
09600	MAP/MAP043.BIN:013CE0	1	{02}{1E}チャッペル魔法を習得できる方が\nいらっしゃいますか？{0F}よろしければ、\nチャッペル魔法を\nお授けいたしましょう。{10}	
09601	MAP/MAP043.BIN:013D56	1	{02}{1E}また、お寄りください。{10}	
09602	MAP/MAP043.BIN:013D94	1	{02}{1E}どなたがお求めでしょうか？{10}	
09603	MAP/MAP043.BIN:013DB6	2	{02}{1E}どの魔法をお望みでしょう？{10}	
09604	MAP/MAP043.BIN:013DD8	2	{02}{1E}{08}ですね？{10}	
09605	MAP/MAP043.BIN:013DEA	1	{02}{1F}アリスがまだ子供だからいいけど、{0F}大人になって兵隊さんにでも\n惚れてしまったら\nちょっと心配だわ。{0F}だって兵隊さんは仕事で\nここに来ているだけですもの・・・。{0F}勤めが終わったら自分の町に\n帰ってしまいますからね。{0F}あら、私って心配症ね・・・。{10}	
09606	MAP/MAP043.BIN:013EE2	1	娘のアリスは\nかくれんぼが好きでね。{0F}ときどき非番の兵士に\n相手をしてもらっているんだよ。{0F}ここの兵士は子供には優しいからね。いい子守になってくれて\n助かってるんだ。{10}	
09607	MAP/MAP043.BIN:013F90	1	なぜか兵士や剣士って女の子に\nモテるんだよな。{0F}ちょっと、うらやましいよ。{0F}オレもルード城に行って\n志願しようかなぁ・・・。{10}	
09608	MAP/MAP043.BIN:014010	1	塔の警備を命じられている者の方が\n俺たちより大変そうだよ。{0F}だって、番犬がわりに\n魔獣を放し飼いに\nしているんだぜ。{0E}{09}\n\n{02}{01}魔獣を放し飼いに？{0E}{02}"ああ。魔獣を放し飼いだよ。{0F}おっかないだろ。\nでも、塔に入らなきゃ安心だよ。{10}	
09609	MAP/MAP043.BIN:0140EE	1	真面目な兵隊さんって素敵よね。\n私、鎧姿に憧れちゃうわ。{10}	
09610	MAP/MAP043.BIN:014138	1	おや、珍しい。\n旅の人かい。{0F}その歳じゃ、まだ酒は出せないけど、まあ、くつろいでいってくれ。{0F}うちの客は非番の兵士ばかりだが、\n気のいい奴らばかりだ。{0F}ケンカを売られることはないから\n安心しな。{10}	
09611	MAP/MAP043.BIN:014200	1	うちの客は非番の兵士ばかりだが、\n気のいい奴らばかりだ。{0F}ケンカを売られることはないから\n安心しな。{10}	
09612	MAP/MAP043.BIN:01426A	1	俺たちはドルフェスの町と塔の間を\n見張るのが役目なんだ。{0F}城の方じゃ、いろいろと\n動きがあるようだが、{0F}ここは退屈すぎるほど\nのんびりとやらせてもらっているよ。{10}	
09613	MAP/MAP043.BIN:01430E	1	ふん、ここがルード城の離宮として\n栄えたなんて自慢するのは、{0F}ロマンチックなことが\n好きな女くらいさ。{0F}城と関係があろうが、なかろうが、\n俺たちの食いぶちには\n関係ないこった。{10}	
09614	MAP/MAP043.BIN:0143C0	1	このドルフェスが\nルード城の離宮として造られたのは{0F}ずいぶん古いお話ですけどね。{0F}この町とルード城の関係は\nそれだけじゃないのよ。{0F}なんと言ってもルドルフ王と\nイザベル王妃が\n初めて出会った場所なのよ。{0F}やっぱり、女の私としては、\nそっちの方が興味深いわ。{10}	
09615	MAP/MAP043.BIN:014608	1	{02}{15}この先はドルフェスの塔だよ。{0F}以前はルード城の離宮として\n使われていたんだが、\n今は幽閉のための牢に{0F}使っているんだ。{0F}悪いけど、一般の人は\nここから先は通れないよ。{0E}{09}\n\n{02}{01}え、そうなの・・・。{10}	
09616	MAP/MAP043.BIN:014978	1	{02}{0C}おいおい、\n塔に戻っている暇はないぞ。{0F}町を抜けて\nひとまずルード城方面に向かうぞ。{10}	
09617	MAP/MAP043.BIN:014A0E	1	{02}{09}あと少しで町を抜けられるわ。{0E}{02}{0C}よし、駆け抜けるぞ。{10}	
09618	MAP/MAP043.BIN:014A7E	1	{02}{15}町から逃がすな！{10}	
09619	MAP/MAP043.BIN:014ACA	1	{02}{15}うわあああ・・・。{0E}	
09620	MAP/MAP043.BIN:014B6C	1	\n{02}{01}早く町を出ましょう。{0E}	
09621	MAP/MAP043.BIN:014BDE	1	{02}{01}ジュリオ、\n町の出口はすぐそこよ。{10}	
09622	MAP/MAP043.BIN:014C4A	1	\n{02}{09}すぐに町を出ましょう。{10}	
09623	MAP/MAP043.BIN:014C80	1	{02}{15}あっ、いたぞ！\n脱走者だー！{0E}	
09624	MAP/MAP043.BIN:014CB4	1	うわ、まずいよ・・・。{10}	
09625	MAP/MAP043.BIN:014D4E	1	{02}{01}だめよ。\nはさまれたわ。{10}	
09626	MAP/MAP043.BIN:014D8A	1	{02}{09}一気に駆け抜けましょう。{10}	
09627	MAP/MAP043.BIN:014DCC	2	鍵がかかっている。{10}	
09628	MAP/MAP043.BIN:014DE8	1	{02}{0C}塔に戻っている暇はない。\nルードへ急ぐんだ。{10}	
09629	MAP/MAP043.BIN:014E4A	1	{02}{0C}寄り道している暇はない。\n急ごう。{10}	
09630	MAP/MAP043.BIN:014EB2	2	{02}{09}今は急いで\n町から出ないと・・・。{10}	
09631	MAP/MAP043.BIN:014F82	1	{02}{0C}町の出口はこっちではない。\n急ぐぞ！{10}	
09632	MAP/MAP043.BIN:015040	1	フォルティア国　ドルフェス	
09633	MAP/MAP043.BIN:0150CA	1	{02}{15}あれ？{0F}こっちから人が\n来るということは・・・。{0E}{09}{0A}\n{02}	
09634	MAP/MAP043.BIN:015100	1	（ギクッ・・・）{0E}	
09635	MAP/MAP043.BIN:015148	1	{02}{15}脱走者だー、捕まえてくれー{0E}	
09636	MAP/MAP043.BIN:015182	1	{02}{15}や、やっぱり・・・。{0F}こ、ここは他の人にまかせよう・・・。{10}	
09637	MAP/MAP043.BIN:0151F8	1	\n{02}{01}今のうちに私たちも逃げましょう。{0E}	
09638	MAP/MAP043.BIN:015230	1	{02}{09}だめよ。\n前からも兵士がやってきたわ。{10}	
09639	MAP/MAP043.BIN:0152EA	1	{02}{09}一気に駆け抜けましょう。{0E}	
09640	MAP/MAP044.BIN:0000A4	1	ギドネル	
09641	MAP/MAP044.BIN:00CF86	1	パニマ	
09642	MAP/MAP044.BIN:00CFA6	1	ペルタ	
09643	MAP/MAP044.BIN:00CFC6	1	テネル	
09644	MAP/MAP044.BIN:00CFE6	1	トニス	
09645	MAP/MAP044.BIN:00D006	1	ラチカ	
09646	MAP/MAP044.BIN:00D026	1	バリー	
09647	MAP/MAP044.BIN:00D046	1	ラズム	
09648	MAP/MAP044.BIN:00D066	1	オッフル	
09649	MAP/MAP044.BIN:00D086	1	ペルス	
09650	MAP/MAP044.BIN:00D0A6	1	チャッペルのエバル	
09651	MAP/MAP044.BIN:00D0C6	1	武器屋のブーレ	
09652	MAP/MAP044.BIN:00D0E6	1	道具屋のイスリ	
09653	MAP/MAP044.BIN:00D106	1	ジュマン	
09654	MAP/MAP044.BIN:00D126	1	ファレン	
09655	MAP/MAP044.BIN:00D146	1	道具問屋のセルジオ	
09656	MAP/MAP044.BIN:00D166	1	サルティ	
09657	MAP/MAP044.BIN:00D186	1	パシア	
09658	MAP/MAP044.BIN:00D1A6	1	エルガ	
09659	MAP/MAP044.BIN:00D1C6	1	ランバ	
09660	MAP/MAP044.BIN:00D1E6	1	タンドル	
09661	MAP/MAP044.BIN:00D206	1	ウルギット	
09662	MAP/MAP044.BIN:00D226	2	カンダタ	
09663	MAP/MAP044.BIN:00D246	1	ビビアン	
09664	MAP/MAP044.BIN:00D266	1	イゾルデ	
09665	MAP/MAP044.BIN:00D286	2	ナジェ	
09666	MAP/MAP044.BIN:00D2A6	1	女の声	
09667	MAP/MAP044.BIN:00D2C6	1	ジュリオ＆バダット	
09668	MAP/MAP044.BIN:00D2E6	1	カンダタの声	
09669	MAP/MAP044.BIN:00D378	1	{02}{14}ここは自由貿易の町ギドネルだ。{0F}まあ、ゆっくりしていってくれ。{10}	
09670	MAP/MAP044.BIN:00D3BE	1	{02}{14}ここを南に下ると\n遺跡を抜けてバラカの町だ。{0E}{09}	
09671	MAP/MAP044.BIN:00D3F1	1	あ、そうか。{0F}遺跡の方から抜けると\nここに出たんだ。{10}	
09672	MAP/MAP044.BIN:00D434	1	{02}{14}ここから出ると西回りの街道を抜けてバラカに通じている。{0E}{02}{0A}西回りの街道は\nここに通じていたのか。{10}	
09673	MAP/MAP044.BIN:00D49A	1	{02}{14}まあ、ゆっくりとしていきたまえ。{10}	
09674	MAP/MAP044.BIN:00D4D6	1	{02}{14}私はウルギット様の邸宅を守る、\n誇り高き見張りの門衛である。{10}	
09675	MAP/MAP044.BIN:00D524	2	{02}{14}おや、それは・・・。{0F}イチジクの実じゃないか！{0F}よく、手に入ったな。\nそれならウルギット様も\nお喜びになるだろう。{0F}よし、通行を許可しよう。{0F}君たちは通ってよろしい。{10}	
09676	MAP/MAP044.BIN:00D5D0	1	{02}{14}君たちは通ってよろしい。{10}	
09677	MAP/MAP044.BIN:00D5FA	1	{02}{14}ああ、君たちか。{0F}もう、ここは自由に通っても\nかまわないんだよ。{0F}どうぞ、どうぞ。\n自由に通っていいよ。{10}	
09678	MAP/MAP044.BIN:00D66A	1	{02}{14}どうぞ、どうぞ。\n自由に通っていいよ。{10}	
09679	MAP/MAP044.BIN:00D698	1	{02}{14}通りたければ通ってもいいぞ。{0F}この国は自由貿易の国だ。\n人の往来はすべて自由である。{10}	
09680	MAP/MAP044.BIN:00D706	1	{02}{14}なんだ？{0F}こっちへ来ちゃいかん！{0E}{02}{0A}なっ、なんだよ。\nエラそうに。{0E}{02}{14}ここにはバラカのカンダタ様が\n連れてきた娘を閉じ込めてあるんだ。{0F}近よってはならん。{10}	
09681	MAP/MAP044.BIN:00D7A6	1	{02}{14}ここにはバラカのカンダタ様が\n連れてきた娘を閉じ込めてあるんだ。{0F}近よってはならん。{10}	
09682	MAP/MAP044.BIN:00D800	1	{02}{14}悪気はなかったんだ。{0F}それに、お嬢さんには\n踊り子は似合わないよね。{0E}{09}{09}\n{02}{01}なによ。\n私が踊れないとでも思ってるの。{0E}{02}{14}い、いや。\nそういうわけでは・・・。{0F}とにかく許してね。{0F}許してくださいよー。{10}	
09683	MAP/MAP044.BIN:00D8CA	1	{02}{14}そういうわけでは・・・。{0F}とにかく許してね。{0F}許してくださいよー。{10}	
09684	MAP/MAP044.BIN:00D91C	1	{02}{14}ここはウルギット様のお部屋です。{10}	
09685	MAP/MAP044.BIN:00D944	1	{02}{14}すまなかったね。{0F}最近ウルギット様が\nすごくわがままだからおかしいと\n思ってたんだ。{0F}おっと今の話は内緒だぜ。{10}	
09686	MAP/MAP044.BIN:00D9C0	1	{02}{14}この奥は、\nウルギット様のお部屋だ。{0F}くれぐれも\n無礼なことなど、せぬようにな。{10}	
09687	MAP/MAP044.BIN:00DA20	1	{02}{14}俺たちまで\n魔法にかかっていたみたいだよ。{0F}でも、安心してくれ。もう大丈夫だ。{0F}万が一、ウルギット様が\nまた、悪い魔法にかかったら、\n今度は俺たちが正気に{0F}戻してやるよ。{10}	
09688	MAP/MAP044.BIN:00DAD0	1	{02}{14}万が一、ウルギット様が\nまた、悪い魔法にかかったら、{0F}今度は俺たちが正気に戻してやるよ。{10}	
09689	MAP/MAP044.BIN:00DB38	1	{02}{14}おまえたち。{0F}いくら貢ぎ物を\n持っているからといっても\n勝手な振るまいは、ゆるさんぞ。{10}	
09690	MAP/MAP044.BIN:00DBA2	1	{02}{14}頭の中が\nすっきりしたような感じだよ。{0F}きっと、レバスとかいう奴の魔法が\nウルギット様に効いて、\nそれがさらに俺たちまで{0F}おかしくさせていたんだな。{0F}それにしても、\nフォルティア国のレバスって\n何者だったんだろうな・・・。{10}	
09691	MAP/MAP044.BIN:00DC84	1	{02}{14}それにしても、\nフォルティア国のレバスって{0F}何者だったんだろうな・・・。{10}	
09692	MAP/MAP044.BIN:00DCD2	1	{02}{15}この町は、いつも露店に\nいっぱい商品が並んでいて{0F}本当に目移りしてしまうわ。\n夕食のおかず、\n何にしようかしら・・・。{10}	
09693	MAP/MAP044.BIN:00DD4C	1	{02}{16}すごいよね。{0F}ギドネルは砂漠の真ん中に\nある町なのに、いつもこんなに\n物があふれてるんだ。{0F}ウルギットの力は大したもんだなあ。{0F}ここを歩けば\nひととおりの物は何でもそろう。{0F}さすがは自由貿易の町だ。{10}	
09694	MAP/MAP044.BIN:00DE14	1	{02}{17}うまそうな物は\n売ってないかなぁ・・・。{0F}まさか、イチジクなんて\n露店には、\n並んでないだろうなぁ・・・。{0F}物はいっぱい売ってるけど、\nここのところ、イチジクだけは\n並んでないんだよな。{0F}よっぽど不作なんだな。{0F}あ～あ、イチジクが食べたいなー。{10}	
09695	MAP/MAP044.BIN:00DF26	1	{02}{18}やあ、君たちも買い付けに\n来たのかい。{0E}	
09696	MAP/MAP044.BIN:00DF52	1	{02}{18}ギドネルは市場が\n発達しているからね。{0F}商品の買い付けが楽で\n本当にありがたいよ。{0F}買い付けの相談ならのってあげるよ。こう見えても、私は目が効くんだ。{10}	
09697	MAP/MAP044.BIN:00DFF0	1	{02}{18}買い付けの相談ならのってあげるよ。{0F}こう見えても、私は目が効くんだ。{10}	
09698	MAP/MAP044.BIN:00E03C	1	{02}{18}今、イチジクが\nいっぱい手に入れば、{0F}大金持ちになれるんだけどね。{0F}いや、待てよ・・・。\nいっぱいあれば値段が下がるか？{0F}うーん。\nここが買い付けの難しいところだな。{10}	
09699	MAP/MAP044.BIN:00E0EE	1	{02}{19}私は道具の買い付けに来たのよ。{0F}この町には問屋があるから本当に\n助かるわ。{0F}ここの問屋さん、\nもう少し値引きしてくれれば\n言うことないのにね。{10}	
09700	MAP/MAP044.BIN:00E184	1	{02}{19}ここの問屋さん、\nもう少し値引きしてくれれば{0F}言うことないのにね。{10}	
09701	MAP/MAP044.BIN:00E1E0	1	{02}{1A}えっ、なんだ？{0E}{09}	
09702	MAP/MAP044.BIN:00E1F6	1	うわわっ・・・！{0E}{02}{1A}なんだよ。{0E}{02}	
09703	MAP/MAP044.BIN:00E216	1	今、すわったまま、\nくるっと、こっちを向いたでしょ。{0E}{02}{1A}ああ、これか。{0E}{02}	
09704	MAP/MAP044.BIN:00E25D	1	すごい・・・。{0E}{02}{1A}この辺りではあまり椅子を\n使わないのさ。{0F}それで子供の頃から、\nよくこんな遊びをするのさ。{10}	
09705	MAP/MAP044.BIN:00E2D0	1	{02}{1A}んんんっ・・・。{0F}急に回転したら気持ちが\n悪くなってきた。\n悪い、少しほっといてくれ。{10}	
09706	MAP/MAP044.BIN:00E32C	1	{02}{1A}うん？{0F}ああ、この辺りで\n今、１番珍重なものと言えば、\nもちろん、イチジクだよ。{0F}イチジクがあれば、\n誰だって大喜びさ。{10}	
09707	MAP/MAP044.BIN:00E3B2	1	{02}{1B}いらっしゃい、いらっしゃい！{0F}よってらっしゃい、見てらっしゃい。掘り出し物がいっぱいだ！{10}	
09708	MAP/MAP044.BIN:00E421	1	ねえ、イチジクってある？{0E}{02}{1B}イチジク？{0F}そりゃダメだよ。{0F}イチジクは今年は不作でね。{0F}ここんとこ、\nめったに手に入らないよ。{0E}{02}{1B}お客さん。\nリンゴうまいよ。{10}	
09709	MAP/MAP044.BIN:00E4C0	1	{02}{1B}お客さん。\nリンゴうまいよ。{10}	
09710	MAP/MAP044.BIN:00E4EE	1	{02}{1C}は～い、は～い、いらっしゃーい！{0F}新鮮な野菜や果物から陶器まで、\n何でもそろってるよーっ！{10}	
09711	MAP/MAP044.BIN:00E558	1	{02}{1C}は～い、は～い、いらっしゃーい！{0F}新鮮な野菜や果物から陶器まで、\n何でもそろってるよーっ！{0E}{02}{0A}何でもそろってるんだってなー。\nイチジクは売ってないのか？{0E}{02}{1C}ギョ。{0E}{02}{0A}何でもそろってるって\n言ってたよなー？{0E}{02}{1C}それを言われるとつらいんだよな。{0E}{09}\n\n{02}	
09712	MAP/MAP044.BIN:00E648	1	売ってないの？{0E}{02}{1C}イチジクは不作なんだよ。{0F}今年は商売をやってる俺たちでさえ\n口にできそうもないんだ。{10}	
09713	MAP/MAP044.BIN:00E6B6	1	{02}{1C}イチジクは不作なんだよ。{0F}今年は商売をやってる俺たちでさえ\n口にできそうもないんだ。{10}	
09714	MAP/MAP044.BIN:00E71A	1	{02}{1D}さあ、さあ、さあ、さあ！{0F}御用とお急ぎでない方は、\nよってらっしゃい、見てらっしゃい！{0F}南国生まれのマンゴから、\nボイン、ボインのパパイヤまで、{0F}世界のフルーツそろいぶみ！{0F}そこの兄さん、見てらっしゃい！\n見たい、見たいは女湯だ！{0F}登ってみたいよフロ屋の煙突、\nと、きたもんだ！{0E}{02}{0A}やけに威勢がいいなぁ。{10}	
09715	MAP/MAP044.BIN:00E857	1	ねえねえ、\nイチジクは売ってないの？{0E}{02}{1D}イチジク？\nあんちゃん、そりゃームリだよ。{0F}今年はイチジクが不作でねー。{0F}月に２、３個でも、\nこの町に届けばいい方だ。{10}	
09716	MAP/MAP044.BIN:00E8FA	1	{02}{1D}イチジクかい。{0E}露店師のおいちゃんには、\nちょっと荷が重いねー。{10}	
09717	MAP/MAP044.BIN:00E940	1	{02}{1E}ここはチャッペルです。{0F}チャッペル魔法を\n扱える方がいらっしゃれば、\nお授けいたしましょう。{10}	
09718	MAP/MAP044.BIN:00E9A6	1	{02}{1E}あなた方にチャッペル魔法の\nご加護がありますように。{10}	
09719	MAP/MAP044.BIN:00EA00	1	{02}{1E}どなたにお授けしましょうか？{10}	
09720	MAP/MAP044.BIN:00EA58	1	{02}{1F}はい、いらっしゃい。{0F}うちの武器は一級品ばかりだよ。{0F}どんな砂漠の魔獣に襲われたって、\nうちで買った武器を持っていれば\nへっちゃらだ。{10}	
09721	MAP/MAP044.BIN:00EAE6	1	{02}{1F}また来てくれよ。{10}	
09722	MAP/MAP044.BIN:00EB30	1	{02}{1F}何がほしいんだい？{10}	
09723	MAP/MAP044.BIN:00EB4A	1	{02}{1F}{08}だね。{0F}それなら\n{06}だよ。{10}	
09724	MAP/MAP044.BIN:00EB6A	1	{02}{1F}何を引き取ろうかい？{10}	
09725	MAP/MAP044.BIN:00EB86	1	{02}{1F}{08}ですか。{0F}それなら、\n{06}だな。{10}	
09726	MAP/MAP044.BIN:00EBAE	1	{02}{1F}１ゴアあたり{06}だ。{10}	
09727	MAP/MAP044.BIN:00EBC8	1	{02}{1F}全部で{06}だよ。{10}	
09728	MAP/MAP044.BIN:00EBDE	1	{02}{1F}そうか・・・。{0F}気が変わったら\nいつでも換金するぜ。{10}	
09729	MAP/MAP044.BIN:00EC18	1	{02}{1F}ラピカを持ってきてくれよー。{10}	
09730	MAP/MAP044.BIN:00EC3C	1	{02}{1F}他には、ご用はありませんか？{10}	
09731	MAP/MAP044.BIN:00EC62	1	いらっしゃいませ。{0F}こちらは一般の方のための\n道具小売り店です。{10}	
09732	MAP/MAP044.BIN:00ECAC	1	ありがとうございました。{10}	
09733	MAP/MAP044.BIN:00ECFE	1	何をお求めでしょうか？{10}	
09734	MAP/MAP044.BIN:00ED1C	1	{08}ですね。{0F}それなら\n{06}になります。{10}	
09735	MAP/MAP044.BIN:00ED44	1	何をお引き取りいたしましょうか？{10}	
09736	MAP/MAP044.BIN:00ED6C	1	{08}ですか。{0F}それなら、{06}で\nお引き取りいたします。{10}	
09737	MAP/MAP044.BIN:00EDA6	1	１ゴアあたり{06}で\n換金いたしております。{10}	
09738	MAP/MAP044.BIN:00EDF0	1	また、ご利用ください。{10}	
09739	MAP/MAP044.BIN:00EE86	1	バラカからカンダタとかいう奴が\nウルギットの邸宅に{0F}来ているそうだ。{0F}どうせ悪事の打ち合せでも\nしているんだろうな・・・。{0F}金持ちでいい奴はそういないからな。あんたたちも気をつけなよ。{10}	
09740	MAP/MAP044.BIN:00EF46	1	金持ちでいい奴はそういないからな。あんたたちも気をつけなよ。{10}	
09741	MAP/MAP044.BIN:00EF8A	1	え？\nウルギットに会ったのかい？{0F}心を入れ替えたって？\n僕はちょっと信じられないなー。{0F}それが本当なら\nバンバンザイなんだけどなあ。{0F}ウルギットが\n心を入れ替えたのかどうか\n少し様子を見ることにするよ。{10}	
09742	MAP/MAP044.BIN:00F068	1	ウルギットの邸宅に入るためには、\n何か貢ぎ物を持っていかないと{0F}ダメなのよ。{0F}欲の皮がつっぱった、イヤな奴よね。{0F}私が悪口を言っていたのは\n内緒にしておいてね。{0F}兵隊にでも知られたら大変だわ。{10}	
09743	MAP/MAP044.BIN:00F12E	1	私が悪口を言っていたのは\n内緒にしておいてね。{0F}兵隊にでも知られたら大変だわ。{10}	
09744	MAP/MAP044.BIN:00F182	1	ウルギット様も\nもう少し私たちのことを{0F}考えてくれたら\nいいのにね。{10}	
09745	MAP/MAP044.BIN:00F1D6	1	いらっしゃい。{0F}豪商ウルギット直営の\n道具問屋でございます。{0F}どちらのお店の方でしょうか？{0E}{09}	
09746	MAP/MAP044.BIN:00F233	1	えっ、お店・・・？{0E}{02}#おや、お店の方ではないのですか？{0F}ここは、お店同士が\n取り引きする問屋ですから\n小売りはしておりませんよ。{0F}ほっ、ほっ、ほっ、間違えましたな。{0E}{02}{0A}だったら、表に書いとけよ。{0E}{02}#おお、こわい、こわい・・・。{0F}ここは小売店の方以外とは\n取り引きをいたしません。{0F}一般の方のための道具屋なら、\n町の北西にありますよ。{0F}あしからず。{10}	
09747	MAP/MAP044.BIN:00F38E	1	一般の方のための道具屋なら、\n町の北西にありますよ。{0F}あしからず。{10}	
09748	MAP/MAP044.BIN:00F3D6	1	ここは小売店の方以外とは\n取り引きをいたしません。{0F}一般の方のための道具屋なら、\n町の北西にありますよ。{0F}あしからず。{10}	
09749	MAP/MAP044.BIN:00F464	1	やあ、いらっしゃい。{0F}あんたらも買い付けにきたのかい。{0F}宿なら１部屋空いているから\n勝手に使ってくれ。{0E}	
09750	MAP/MAP044.BIN:00F4D4	1	やあ、いらっしゃい。{0F}あんたらも買い付けにきたのかい。{0F}宿なら１部屋空いているから\n勝手に使ってくれ。{0E}{09}	
09751	MAP/MAP044.BIN:00F53A	1	\n{02}{0A}えっ、タダでいいのか？{0E}{02}$ここの宿酒場は商人の買い付けように用意したものだからな。{0F}タダで泊まってもらっても、\nワシの腹は痛まん。かまわんよ。{0F}宿なら１部屋空いているから\n勝手に使ってくれ。{0E}{09}	
09752	MAP/MAP044.BIN:00F5FC	1	でも、早くクリスを助けなきゃ。{0E}{02}{0A}しかし、中に入るには\n貢ぎ物がいるからなあ。{0F}とりあえず、部屋でゆっくり\n貢ぎ物を何にするか考えるか。{0E}{02}	
09753	MAP/MAP044.BIN:00F683	1	そうだね。{0E}{02}{0A}じゃあ、遠慮なく使わせてもらうよ。{0E}	
09754	MAP/MAP044.BIN:00F6C8	1	まあ、ゆっくりしてってくれ。{10}	
09755	MAP/MAP044.BIN:00F6F6	1	私はウルギット様の\nお世話をしている者ですが、{0F}あなたたちは？{0E}{02}{0A}俺たちはウルギットのところへ\nあいさつにきた、旅のもんだ。{0E}{02}%そうですか。{0E}{02}{0A}ちょっと、聞いていいか？{0E}{02}%なんでしょう？{0E}{02}{0A}バラカのカンダタが\n連れてきた娘がいるだろう。{0F}まだ、無事にしているか？{0E}{02}%クリスさんとかいう方ですね。{0E}{09}	
09756	MAP/MAP044.BIN:00F817	1	うん。{0E}{02}%この廊下の一番西側の部屋に\n閉じ込められています。{0F}無事でいると思いますが。\nクリスさんを救けにきたのですか？{0E}{02}	
09757	MAP/MAP044.BIN:00F88E	1	うん。{0E}{02}{0A}あ・・・？！{0F}ジュリオ・・・口が軽いぞ。{0E}{02}	
09758	MAP/MAP044.BIN:00F8C1	1	大丈夫だよ。\nこの人、いい人だよ。{0E}{02}%まあ、ありがとう。{0F}だまっていますから\n安心してください。{0F}ぜひ、クリスさんを\n救けてあげてくださいね。{10}	
09759	MAP/MAP044.BIN:00F956	1	だまっていますから\n安心してください。{0F}ぜひ、クリスさんを\n救けてあげてくださいね。{10}	
09760	MAP/MAP044.BIN:00F9C4	1	ウルギット様が\nいくらひどいと言っても、{0F}以前は今ほど悪くなかったわ。{0F}ギドナ国が\nこんなになってしまったのは\n半年ほど前からなの。{0F}いったい、どうしてこんなに\nなってしまったのかしら。{10}	
09761	MAP/MAP044.BIN:00FA84	1	ギドナ国が\nこんなになってしまったのは\n半年ほど前からなの。{0F}いったい、どうしてこんなに\nなってしまったのかしら。{10}	
09762	MAP/MAP044.BIN:00FAFA	1	すぐには\n良くならないかも知れないけれど、{0F}これでこのギドナ国も\nきっと、住みやすくなるわね。{10}	
09763	MAP/MAP044.BIN:00FB72	1	ウルギット様の悪口は言えねーが、\nなんでも、バラカのカンダタが{0F}連れてきた娘を北西の部屋に\n監禁してるらしいぞ。{0F}良くないよなぁ。\nきっと、芸を仕込んで\n踊り子にするつもりだぜ。{0F}北西の部屋は頑丈だぜ。\n奥の壁はすべて石造りだからな。{0F}今、流行の砂漠の黒豹の爆弾だって\n吹き飛ばせやしないさ。{10}	
09764	MAP/MAP044.BIN:00FC98	1	北西の部屋は頑丈だぜ。\n奥の壁はすべて石造りだからな。{0F}今、流行の砂漠の黒豹の爆弾だって\n吹き飛ばせやしないさ。{10}	
09765	MAP/MAP044.BIN:00FD18	1	ウルギット様が心を\n入れ替えたみたいだよ。{0F}商魂も行き着くと\n危険だってことがよくわかった。{0F}これからは、\nお客思いの地道な商売を心掛けて\nもらいたいもんだね。{10}	
09766	MAP/MAP044.BIN:00FDBE	1	商魂も行き着くと\n危険だってことがよくわかった。{0F}これからは、\nお客思いの地道な商売を心掛けて\nもらいたいもんだね。{10}	
09767	MAP/MAP044.BIN:00FE4A	1	バラカの町のカンダタが、\nウルギット様の屋敷に{0F}ずっと入り浸ってるそうだ。{0F}どうせ、また、\n悪いことでもたくらんで\nいるんだろうな。{0F}自分が商人の元締めだから、\n暇さえあれば商人が儲かる新しい税を考えているんだ。{0F}いい加減にしてほしいね。{10}	
09768	MAP/MAP044.BIN:00FF3C	1	自分が商人の元締めだから、\n暇さえあれば商人が{0F}儲かる新しい税を考えているんだ。\nいい加減にしてほしいね。{10}	
09769	MAP/MAP044.BIN:00FFB6	1	それがね。{0F}ウルギット様もカンダタも、\nすっかり心を入れ替えたみたいだよ。{0F}どういう風の吹き回しか知らないが、ギドナ国に住む\n俺たちにとっちゃ、いいことだ。{0F}夢なら覚めないでほしいね。{10}	
09770	MAP/MAP044.BIN:010076	1	どういう風の吹き回しか知らないが、ギドナ国に住む\n俺たちにとっちゃ、いいことだ。{0F}夢なら覚めないでほしいね。{10}	
09771	MAP/MAP044.BIN:0100F2	2	商売には、それなりに\n励みとなる欲が必要だ。{0F}だが、それが原因となり\nレバスにつけ込まれ、\n意識を乗っ取られていたみたいだ。{0F}商魂も強すぎると良くないな。\nそれがよくわかったよ。{0F}これからは\n国民の暮らし向けを考えながら\n商売に励むことにするよ。{0F}だからどうか、\nフォルティア国の脅威から\nこの国を守って欲しい。{0F}いや、世界の人々のためにもな。{10}	
09772	MAP/MAP044.BIN:01024A	2	これからは\n国民の暮らし向けを考えながら{0F}商売に励むことにするよ。{0F}だからどうか、\nフォルティア国の脅威から\nこの国を守って欲しい。{0F}いや、世界の人々のためにもな。{10}	
09773	MAP/MAP044.BIN:0102F0	1	レバスにバレないように、\n少しずつギドナが暮らしやすい国に{0F}なるよう俺も手伝うつもりだ。{0F}もちろん、{0F}バラカの闘技場も廃止する。\nだから頼むよ。{0F}商売が安心して続けられるように\nフォルティア国の方は\nひとつ頼んだよ。{10}	
09774	MAP/MAP044.BIN:0103D2	1	ここだけの話だけど、{0F}ウルギット様って\n商売のことになると\nすっごく、こわいのよ。{10}	
09775	MAP/MAP044.BIN:01042A	1	これでウルギット様も\n少しは優しくなるわね。{10}	
09776	MAP/MAP044.BIN:01045E	1	砂漠の男の人って\n適当にわがままな方が私は好きよ。{10}	
09777	MAP/MAP044.BIN:0104B9	1	どこかに出口ないのかな？{0E}{02}{0A}とりあえず扉を調べてみようぜ。{10}	
09778	MAP/MAP044.BIN:0104FD	1	壁を調べてみようか。{0F}崩れやすい壁が\nあるかもしれないよ。{0E}{02}{0A}よし、調べてみるか。{10}	
09779	MAP/MAP044.BIN:010558	1	\n{02}{0A}こういうのを\nなんて言うか知ってるか。{0F}『ミイラとりがミイラになった』って言うんだぜ。{0E}{02}	
09780	MAP/MAP044.BIN:0105B2	1	ふーん。ミイラになったんだ。{0F}たいへんだね。{0E}{02}{0A}おまえ、わかってないだろう。{0E}{02}	
09781	MAP/MAP044.BIN:0105FF	1	うん。{0E}{02}{0A}いいから壁を調べようぜ。{10}	
09782	MAP/MAP044.BIN:01062A	1	{02}{0A}いいから壁を調べようぜ。{10}	
09783	MAP/MAP044.BIN:01064C	1	ウルギットは筋金入りの悪党です。\n気をつけて下さいね。{0E}	
09784	MAP/MAP044.BIN:0106AA	1	本当に良かったですね。{0F}それにギドナ国も、\nこれで、きっと良くなります。{0F}心を入れ替えたウルギッド様になら\nお仕えし甲斐もあります。{0F}私もこれからのギドナ国のために\n頑張りますわ。{10}	
09785	MAP/MAP044.BIN:010764	1	心を入れ替えたウルギッド様になら\nお仕えし甲斐もあります。{0F}私もこれからのギドナ国のために\n頑張りますわ。{10}	
09786	MAP/MAP044.BIN:0108F7	2	こっちからバラカに戻っても\nバラカには入れてもらえないね。{0E}	
09787	MAP/MAP044.BIN:010AA9	1	クリスを救け出すまで\nギドネルから出るわけには\nいかないよ。{0E}	
09788	MAP/MAP044.BIN:010B6A	1	{02}{14}なんだ？{0F}この先はウルギット様の邸宅だ。\n一般の者の立ち入りは\n禁止されている。{0F}珍しい貢ぎ物でもあれば\n通してもかまわないが、{0F}ウルギット様は\nめったな物では喜ばないぞ。{0F}	
09789	MAP/MAP044.BIN:010C16	1	{02}{14}特にウルギット様が\nお喜びになりそうな物は\nないようだな。{0F}それではここを通す許可は\nできない。{10}	
09790	MAP/MAP044.BIN:010DFE	1	\n{02}{0A}ふうーっ。\nうめーっ。{0E}{09}{08}\n{02}	
09791	MAP/MAP044.BIN:010E1C	1	でも、水なんか飲んでる場合\nじゃないよ。{0F}はやくイチジクを探して\nウルギットの屋敷に入ってクリスを\n救けに行かなくちゃ。{0E}	
09792	MAP/MAP044.BIN:010EA6	1	\n{02}{0A}だけどよう、\nイチジクなんて、いくら探しても\nないかも知れないぜ。{0F}他の、何か珍しい物でも探した方が\nいいんじゃないか？{0E}{09}\n\n{02}	
09793	MAP/MAP044.BIN:010F23	1	そりゃあ、\n他に何か珍しい物があれば、\nそれでもいいけど・・・。{0E}{02}.ジュリオくん。{0E}	
09794	MAP/MAP044.BIN:010FD2	1	と、\n思わず取ってしまったけど・・・？{0F}もしかして・・・？\nま、また・・・ば、爆弾？！{0E}{09}{02}\n{02}	
09795	MAP/MAP044.BIN:01102B	1	どうしょう、どうしょう・・・。\n	
09796	MAP/MAP044.BIN:0110CE	1	\n{02}{0A}井戸に捨てっちまえよ。{0E}{02}	
09797	MAP/MAP044.BIN:0110EA	1	そうだね。{0E}	
09798	MAP/MAP044.BIN:011120	1	待ちなさい。\nそれは爆弾じゃないわよ。{0E}{02}	
09799	MAP/MAP044.BIN:01116A	1	ナジェさん。\nナジェさんが、なじぇここに？{0E}{02}{0A}シャレか、それ？{0E}{02}-考えることは同じね。\nそれをよく見てみなさい。{0E}	
09800	MAP/MAP044.BIN:01120E	1	爆弾かと思った物は\nイチジクの実だった。{0E}{02}{0A}やった。イチジクだぜ。{0E}{02}	
09801	MAP/MAP044.BIN:011251	1	捨てなくて・・・よかった。{0E}	
09802	MAP/MAP044.BIN:01129A	1	{02}{0A}どうして、\nあんたがここに？{0E}{02}-ここは人目があるわ。\nどこか場所を移しましょう。{0E}{02}	
09803	MAP/MAP044.BIN:0112EC	1	うん。\nじゃあ、宿の部屋へ行こうよ。{0E}	
09804	MAP/MAP044.BIN:0113A2	1	\n{02}{0A}（嫌な趣味・・・。）{0E}{02}	
09805	MAP/MAP044.BIN:0113BC	1	（ま、まずはクリスが無事で）\n（いるかどうか。）\n（聞き出さなきゃ・・・。）{0E}こ、こんにちは。{0E}	
09806	MAP/MAP044.BIN:011424	1	ウルギットは何やらムシャムシャ\n食べている。{0E}	
09807	MAP/MAP044.BIN:01145A	1	なんじゃい？\n俺は忙しいんだ。{0F}とっとと貢ぎ物を置いて\n用件をいいなさい。{0E}{09}\n\n{02}	
09808	MAP/MAP044.BIN:0114A7	1	ああ、あのう・・・。{0E}	
09809	MAP/MAP044.BIN:0114D2	1	\n{02}{0A}（ジュリオ・・・。）\n（あいつの前にある皿を）{0F}（見てみろよ。）\n（あいつが食ってるの・・・。）{0E}	
09810	MAP/MAP044.BIN:01153A	1	ウルギットの前にある皿の上には、\nイチジクの実が山になって\n積まれてある。{0E}{09}\n\n{02}	
09811	MAP/MAP044.BIN:011588	1	イチジクだぁ・・・。{0E}{02})あん？\nイチジクがどうかしたか？{0E}	
09812	MAP/MAP044.BIN:0115D4	1	\n{02}{0A}これじゃ、\nイチジクの実が１個くらいあったってしようがねえじゃないか・・・。{0E}{02})ははーん。{0F}なんでイチジクの実があるのか\n驚いているんだな。\n見られたら仕方ない。{0F}内緒だけど教えてやろう。\nイチジクが不作なんてのは\n真っ赤なウソだ。{0F}俺が買い占めて隠してるんだ。\n隠せば値段が天井知らずに\n上がるからな。{0F}ひっひっひっ・・・。\n俺って商売の天才だねえ。{0E}{02}{0A}けっ、そうだったのか。{0E}{02})で、お前たちは\n何を貢ぎ物に持ってきたんだ？\n早く出せよ。{0E}{02}{0A}（くーっ・・・。）\n（いまさらイチジクを）\n（出せるかよ・・・。）{0E}{02}	
09813	MAP/MAP044.BIN:0117C4	1	ウルギットさま。\nボクたち、何を持ってきたと\n思いますか？{0E}{02})そうだなあ・・・。\nそこまでじらすところをみると、{0F}かなり珍しい物のようだな。\nいいから、早く見せてくれ。{0E}{02}	
09814	MAP/MAP044.BIN:011869	1	それです。{0E}{02})なんじゃ、冗談じゃろ？{0E}	
09815	MAP/MAP044.BIN:0118EC	1	ウルギットは\nジュリオの置いたイチジクを\n手に取った。{0E}{02})ただのイチジクの実じゃないか。{0E}{09}\n\n{02}	
09816	MAP/MAP044.BIN:011947	1	違いますよ。\nそれは・・{0F}	
09817	MAP/MAP044.BIN:011968	1	えーと・・・\nんーと・・・えーと・・・。{0F}	
09818	MAP/MAP044.BIN:01199A	1	そっ、そうだ。\n１個食べれば10年若返るという\n幻のイチジクの実です。{0E}{02})なに？！\n本当か・・・？{0E}	
09819	MAP/MAP044.BIN:011A0C	1	\n{02}{0A}（そうだっけ？）{0E}	
09820	MAP/MAP044.BIN:011A36	1	（そういうことにしようよ。）{0E}{02}{0A}（そうだな。）{0E}{02})では、さっそくいただくとしよう。{0F}ペロ～リ。{0E}うーん、味はいい。\n効いてきた。効いてきた。\n効いてきた。{0E}	
09821	MAP/MAP044.BIN:011AEA	1	{02}{0A}（おいおい、本当かよ・・・。）{0E}{02})効いてきたぞ！{0E}{02}	
09822	MAP/MAP044.BIN:011B1E	1	・・・・・・・・。{0E}{02})ふう・・・。\nそんなワケ、ないじゃろう。{0F}冗談はさておき、\n早く本当の貢ぎ物を出しなさい。{0E}{02}/ガクッ・・・。{0E}{02})まさか、イチジクの他には\nなーんにも用意してない、{0F}なんてんじゃないだろうなあ？{0F}もし、そうだとしたら、\nお前たちのその首は、\nここでチョンパということになるぞ。{0E}	
09823	MAP/MAP044.BIN:011C5E	1	ゾ～ッ・・・。{0E}	
09824	MAP/MAP044.BIN:011C8C	1	{02}{0A}や、や、やだなぁ。\n冗談だぜ。ははは・・・。{0E}{09}{07}\n{02}	
09825	MAP/MAP044.BIN:011CBF	1	そうだよ。\nわかってたでしょ。\nあははははは・・・。{0E}{09}	
09826	MAP/MAP044.BIN:011CF4	1	\n{02}{0A}とっ、ところで、\nあんたが今、\n１番欲しい物ってなんだい？{0E}{02})そうだなあ・・・。{0F}お前たちに言ったところで\n無理だと思うが、{0F}メナート国には真紅の炎と\n呼ばれる宝石があるらしいな。{0F}なんでも、\nテグラの泥炭でしか作れない、\n非常に珍しい宝石らしい。{0E}{02}	
09827	MAP/MAP044.BIN:011DE8	1	あっ・・・。{0E}{02})どうしたんだ？{0E}{02}	
09828	MAP/MAP044.BIN:011E08	1	持ってる。\nそれ、持ってるよ。{0E}	
09829	MAP/MAP044.BIN:011E56	1	これは・・・。{0E}ウルギットは真紅の炎を\n手に取った。{0E}{02})これは・・・これは本物だ・・・。\nすごい・・・美しい・・・。{0E}{02}{0A}（よく、そんなもの持ってたな。）{0E}	
09830	MAP/MAP044.BIN:011F0C	1	旅の途中でメナート国によったんだ。そこでもらったんだよ。{0E}{02}{0A}ふーん。{0E}	
09831	MAP/MAP044.BIN:011F72	1	これは素晴らしい。{0F}本物を見るのは初めてだが、\nこの輝きを見れば、\n間違いなく本物だとわかるぞ・・・。{0F}噂以上の輝きだ。{0E}{02}{0A}じゃあ、\n俺たちの頼みもきいてくれるんだな。{0E}{02})言ってみろ。{0E}{02}{0A}バラカのカンダタが\nクリスっていう女の子を\n連れてきたろう。{0F}あの娘は俺たちの知り合いなんだ。\n返してくれよ。{0E}{02})クリス？\nああ。{0F}踊り子にしようと、\nカンダタが連れてきた娘のことか。{0E}{09}{0B}\n{02}	
09832	MAP/MAP044.BIN:0120DC	1	踊り子に・・・。\nぷっ。\n似合わないよ。{0E}{02})実は俺もそう思う。{0F}なかなか強情で\n言うことを全然きかないから、\n部屋に閉じ込めたままだ。{0E}{09}	
09833	MAP/MAP044.BIN:01215F	1	\n{02}{0A}じゃあ、返してくれるんだな。{0E}{02})ふむーん・・・。{0E}	
09834	MAP/MAP044.BIN:0121A0	1	ウルギット様、お待ちください！{0E}	
09835	MAP/MAP044.BIN:01221A	1	お待ちください！{0F}あの娘を追って\nやってくるとは・・・。\nもしや。{0E}	
09836	MAP/MAP044.BIN:012288	1	{02}{0A}（げっ、カンダタだ・・・。）{0E}	
09837	MAP/MAP044.BIN:0122D8	1	正体を見せろ！{0E}	
09838	MAP/MAP044.BIN:012360	1	あっ、お前たち？！{0E}	
09839	MAP/MAP044.BIN:012386	1	こいつらは\nきっと、砂漠の黒豹の\n手先ですぜ。{0E}俺の家がやられたとき\n側にいた奴らです。{0E}{02})なんじゃと・・・。{0E}{09}\n\n{02}	
09840	MAP/MAP044.BIN:0123F5	1	誤解だよ。{0E}{09}	
09841	MAP/MAP044.BIN:012402	1	\n{02}{0A}俺たちゃ、\n砂漠の黒豹なんて知らねえよ。{0E}	
09842	MAP/MAP044.BIN:012442	1	シラを切るところが、また怪しいな。{0F}それにしても、闘技場で\n戦わせるようしておいたのに、\n何でこんなところにまで・・・。{0E}{02})そんなこと、どうでもいい。{0F}俺にたてつく、\n憎っくき砂漠の黒豹の手先だと！{0F}絶対ゆるさん！\n兵士ども、ひっ捕らえろっ！{0E}	
09843	MAP/MAP044.BIN:01258E	1	見張りをつけて、納屋にでも\nブチ込んでおけ！{0E}	
09844	MAP/MAP044.BIN:0125DA	1	{02}{0A}あ～あ。{0E}{09}\n\n{02}	
09845	MAP/MAP044.BIN:0125EA	1	もう少しだったのに。{0E}	
09846	MAP/MAP044.BIN:012756	1	こんなことだろうと思ったぞ。{0E}{09}	
09847	MAP/MAP044.BIN:012778	1	あっ・・・？{0E}{02}{0A}くそう、ウルギットだ。{0E}{02})兵士たちは砂漠の黒豹を探しに\n行ったが、俺はお前たちが\n現れると睨んでいたんだ。{0F}わっはっはっはっ・・。\nまんまと罠にかかったな。{0E}{02}{0A}いやな奴。{0E}{09}{0F}\n{02}{01}やっつけちゃいましょうか。{0E}{02}	
09848	MAP/MAP044.BIN:01284E	1	そうだ、真紅の炎も返して\nもらわなきゃ。{0E}{09}{09}\n{02}{01}えっ、真紅の炎を渡したの？{0E}{09}	
09849	MAP/MAP044.BIN:01289B	1	だって、\n珍しい物を渡さないと、\n頼みをきいてくれないって。{0E}{02})ふっふっふっ・・・。{0F}取り戻せるものならやってみろ。\n俺はレバスと契約したんだ。\nこの体は並みの者には倒せんぞ。{0E}{02}{01}レバス・・・？{0E}{02}	
09850	MAP/MAP044.BIN:012959	1	どこかで聞いたことのある名前だ。{0E}{02})見ろっ！\nこの力あふれる俺の体を！{0E}{02})うおおおおおーっ！\n	
09851	MAP/MAP044.BIN:012A20	1	{02}{0A}うおっ・・・。強そう。{0E}{02})かんねんしろよーっ！{0E}{09}{02}\n{02}	
09852	MAP/MAP044.BIN:012A55	1	あわわわ・・・。{0E}	
09853	MAP/MAP044.BIN:012B04	1	{02}{0A}カンダタだ・・・。{0E}{09}{08}\n{02}	
09854	MAP/MAP044.BIN:012B1E	1	うわっ、はさまれちゃったよ。{0E}	
09855	MAP/MAP044.BIN:012CAA	1	\n{02}{0A}なっ・・・なんだよ、こいつら？{0E}{09}{0F}\n{02}{09}ウルギットもカンダタも、\nどうやら普通の人間では\nないようです。{0E}{09}	
09856	MAP/MAP044.BIN:012D12	1	\n{02}{0A}さっき、レバスと契約したとか\n言ってたな。{0E}{09}{0F}\n{02}{09}レバス？\nフォルティア国の占星術師の\nレバスですか？{0E}{02}	
09857	MAP/MAP044.BIN:012D79	1	そうか、それでどっかで\n聞いたことがある名前だと\n思ったんだ。{0E}{09}	
09858	MAP/MAP044.BIN:012DB8	1	\n{02}{0A}なんにしても、\n戦うしかなさそうだな。{0E}	
09859	MAP/MAP044.BIN:012E16	1	{02}{0A}ジュリオ、そっちは頼んだぞ。{0E}{09}{0F}\n{02}	
09860	MAP/MAP044.BIN:0130AA	1	カンダタ乱入	
09861	MAP/MAP044.BIN:0130BB	1	{01}ステラ助けに来る	
09862	MAP/MAP044.BIN:0130D1	1	{02}パシアにかくまわれる	
09863	MAP/MAP044.BIN:0130EB	1	{03}牢屋のクリス	
09864	MAP/MAP044.BIN:0130FD	1	{04}ナジェの正体	
09865	MAP/MAP044.BIN:01310F	1	{05}忍び込むジュリオ	
09866	MAP/MAP044.BIN:013135	1	{07}クリス救助	
09867	MAP/MAP044.BIN:013145	1	{08}寝ているウルギット	
09868	MAP/MAP044.BIN:01315D	1	{09}つかまったジュリオ	
09869	MAP/MAP044.BIN:0132AC	1	ギドナ国　ギドネル	
09870	MAP/MAP044.BIN:01340B	1	そうだ、ここの泊り客は\n商品の買い付けに{0F}きた人ばかりなんだよね。{0F}だったら、\nウルギットのところの門番が\n認めるくらいの{0F}珍しい物を知っているかもね。{0E}{02}{0A}そうだな。{0F}ちょっくら、\nお隣さんに聞いてみるか。{0E}	
09871	MAP/MAP044.BIN:013532	1	{02}{18}やあ、なんだい？{0E}{09}	
09872	MAP/MAP044.BIN:01354A	1	ちょっと教えてもらいたいんだけど。{0F}今、ここの国の人たちが\n誰でも絶対珍しいと思うような\n貴重な物ってナニかなぁ？{0E}{02}{18}ああ、買い付けの相談だね。{0F}そうだなあ、\n世の中に貴重な物は\nたくさんあるけれど、{0F}今は、何と言ってもイチジクだね。{0E}{02}{0A}イチジク？{0F}そんなものがかい？{0E}{02}{18}ああ。\nバカにしたもんじゃないよ。{0F}今年はなぜかイチジクだけ不作でね。まったく、市場に出回らないんだ。{0F}イチジクの味を知っている\nギドナ国の人々にしてみれば\nどんなにピアをつんでも、{0F}ノドから手が出るほど欲しい物だよ。{0E}{02}{18}イチジクがあれば\n誰だって大喜びだよ。{0E}{02}{0A}イチジクを手土産にいけば、\nウルギットだって{0F}屋敷に通してくれるかな。{0E}{02}{18}ああ、もちろんさ。{0F}金持ちは舌がこえているからね。\n手放しで喜ぶだろう。{10}	
09873	MAP/MAP044.BIN:013810	1	あなたたちの後を追ってきたのよ。{0E}{02}	
09874	MAP/MAP044.BIN:013833	1	どうして？{0E}{02}-やっぱり、\nあなたたちだけをウルギットの所へ{0F}向かわせるのは心配で・・・。\nだって、ウルギットは\n筋金入りの悪党ですからね。{0F}あなたたちのことを考えたら\nいても立っても\nいられなくなってしまって{0F}それで、追いかけてきたの。{0E}{02}{0A}なーに、俺たちだったら大丈夫さ。\nジュリオだけなら心配だろうが、{0F}このバダットがついてるんだ。\n悪党の１人や２人、\nちょちょいとノシてやるさ。{0E}{09}{0A}\n{02}	
09875	MAP/MAP044.BIN:0139A9	1	ボクだって、\nちょちょいのチョイさ。{0E}{02}-まあ、勇ましいのね。{0F}以前からウルギットは\n貢ぎ物のない客とは会わないと\n聞いていたものですから。{0F}今、ギドナ国で１番珍重な物と\nされているイチジクの実を\n探してきました。{0E}{09}	
09876	MAP/MAP044.BIN:013A7B	1	それじゃあもらっても\nいいんだね。{0E}{02}-ええ、それで早くクリスさんを\n助け出してあげてください。{0E}{02}{0A}すまないな。{0E}{01}Hを手に入れた。{0E}{02}	
09877	MAP/MAP044.BIN:013AF9	1	よく、見つかったね。{0E}{02}-商人のための菜園は不作でも、\n１つや２つなら、{0F}自然のものが見つかりますよ。\nさあ、クリスさんを救けに\n行きましょう。{0E}{02}	
09878	MAP/MAP044.BIN:013B85	1	ナジェさんも一緒に行って\nくれるの？{0E}{02}{0A}ダメだ。\nウルギットのことだ。{0F}どんな卑怯な手を使ってくるか\nわかんないぞ。{0F}ナジェさんを危険な目に\nあわせるかも知れないから\n絶対ダメだ。{0E}{02}	
09879	MAP/MAP044.BIN:013C34	1	そうだね。{0E}{02}-・・・・・・・・。\n・・・わかりました。{0F}では、私は、\nこの部屋で待っていることに\nします。{0E}{02}{0A}ああ、それがいいな。\nじゃあ、ジュリオ。\nさっそく行くとするか。{0E}{02}	
09880	MAP/MAP044.BIN:013CDD	1	うん。\nナジェさん、イチジクありがとう。\nこれでウルギットの屋敷に入れるよ。{0E}{02}-ウルギットは筋金入りの悪党です。\n気をつけて下さいね。{0E}	
09881	MAP/MAP044.BIN:013DBD	1	どこかに出口ないのかな？{0E}{09}	
09882	MAP/MAP044.BIN:013DD8	1	\n{02}{0A}とりあえず扉を調べてみようぜ。{0E}	
09883	MAP/MAP044.BIN:013E4F	1	鉄の扉だよ。\nカギがかかってる。{0E}{02}{0A}こりゃ、さすがに俺でも壊せねえな。{0E}	
09884	MAP/MAP044.BIN:013EED	1	壁を調べてみようか。\n崩れやすい壁があるかもしれないよ。{0E}{02}{0A}よし、調べてみるか。{0E}	
09885	MAP/MAP044.BIN:013F7A	1	{02}{0A}カンダタの奴さえ\n出て来なきゃーな。{0E}{09}\n\n{02}	
09886	MAP/MAP044.BIN:013FA5	1	どうしよう・・・。{0E}	
09887	MAP/MAP044.BIN:013FCE	1	\n{02}{0A}こういうのをなんて言うか\n知ってるか。{0F}ミイラとりがミイラになったって\n言うんだぜ。{0E}{02}	
09888	MAP/MAP044.BIN:014025	1	ふーん。ミイラになったんだ。\nたいへんだね。{0E}	
09889	MAP/MAP044.BIN:014064	1	{02}{0A}おまえ、わかってないだろう。{0E}{02}	
09890	MAP/MAP044.BIN:014085	1	うん。{0E}{02}{0A}いいから壁を調べようぜ。{0E}	
09891	MAP/MAP044.BIN:0140D4	1	ここらへんの壁は木だよ。{0E}体当たりしたら\n壊れるんじゃないかなぁ。{0E}{02}{0A}誰が体当たりするんだ？{0E}	
09892	MAP/MAP044.BIN:01416C	1	\n{02}{0A}その視線は何だよ？{0F}そりゃ、体当たりで壊せるかも\n知れないけど。{0F}よっぽど手際良くやんないと、\nもたもたしてちゃ、すぐに捕まるぞ。{0F}爆弾でもあればベツだが・・・。\n体当たり一発じゃ、\nちょっと破れそうもねえな。{0E}	
09893	MAP/MAP044.BIN:014272	1	{02}{0A}誰か救けにきてくれねえかなぁ。{0E}{09}{07}\n{02}	
09894	MAP/MAP044.BIN:014298	1	ほんとは、\nボクたちが救けにきた方\nなんだけどね。{0E}{02}.救けにきました。{0E}	
09895	MAP/MAP044.BIN:014309	1	えっ？{0E}{02}{0A}ほんとか？{0E}{02}.静かに。{0E}この壁を破壊します。\n破壊したら、\nすぐに私の後をついてきて。{0E}{02}	
09896	MAP/MAP044.BIN:0143AE	1	準備はいい？{0E}{02}	
09897	MAP/MAP044.BIN:0143BD	1	いいよ。{0E}{02}.それじゃあ、いくわよ。{0E}	
09898	MAP/MAP044.BIN:01449E	1	ど、どうしたんだ？\n	
09899	MAP/MAP044.BIN:0144C0	1	まさか、砂漠の黒豹が・・・？\n	
09900	MAP/MAP044.BIN:0144E6	1	捕まえろっ！\n砂漠の黒豹を捕まえるんじゃ！\n	
09901	MAP/MAP044.BIN:01462C	1	早く、この中へ。{0E}{02}1ありがとう。{0E}	
09902	MAP/MAP044.BIN:0146C6	1	{02}{14}おお、パシア。\nこちらに怪しい奴は来なかったか？{0E}{02}%いいえ、誰も。{0E}{02}{14}そうか。\n別を探してみるか。{0E}	
09903	MAP/MAP044.BIN:014770	1	{02}{01}なにがあったのかしら・・・？{0E}	
09904	MAP/MAP044.BIN:0147A2	1	{02}{01}この部屋、窓がないから\nちっとも外の様子がわからないわ。{0E}	
09905	MAP/MAP044.BIN:0147F4	1	{09}{08}\n{02}{01}ちょっと、いるんでしょ！{0E}	
09906	MAP/MAP044.BIN:014836	1	{02}{14}なんだ。\nうるさいぞ。{0E}{02}{01}なにがあったのよ？\nさっきの、ドドーンっていうの？{0E}{02}{14}ああ、あれか。{0F}なんでも、踊り子にされそうな仲間を救け出しに来た奴らがいたんだが、{0F}失敗して自分たちも\n捕まったんだそうだ。{0E}{09}	
09907	MAP/MAP044.BIN:014900	1	\n{02}{01}ふーん、ドジな人もいるのね。{0E}{02}{14}それがさ、\nそいつらを砂漠の黒豹が救けたって\nいうじゃないか。{0F}さっきの爆発の音は\n砂漠の黒豹の爆弾の音ってわけだ。{0E}	
09908	MAP/MAP044.BIN:0149B8	1	{09}{0F}\n{02}{01}（また砂漠の黒豹・・・。）{0E}{02}{14}あれ・・・？{0F}踊り子にされそうな仲間って、\nあんたのことじゃないの？{0E}	
09909	MAP/MAP044.BIN:014A32	1	\n{02}{01}えっ？\nあ、そうだ。{0E}それって、私のことよね。\nじゃあ、\n救けに来たのって{0F}	
09910	MAP/MAP044.BIN:014A94	1	{09}{09}\n{02}{01}・・・ジュリオ？\nもーっ・・・！{0F}せっかくここまで来たのに\n何で捕まるのよ。{0F}まったく・・・。{0E}ジュリオったら、\n私がいないと\nなーんにもできないんだから。{0E}	
09911	MAP/MAP044.BIN:014B46	1	{02}{14}あの、ちょっといい？{0F}それはちょっと、違うと\n思うんだけど・・・。{0E}だって、あんたが先に捕まったから\n仲間が救けに来たんだろ。{0F}あんたが捕まらなかったら、\n救けに来なくて良かったわけだ。\n仲間を責めたら可哀相だよ。{0E}	
09912	MAP/MAP044.BIN:014C30	1	{02}{01}うるさいわねぇ！\n	
09913	MAP/MAP044.BIN:014C5A	1	{02}{14}ぎょぇぇぇ・・・。\n	
09914	MAP/MAP044.BIN:014C8E	1	{09}{08}\n{02}{01}ウルギットの手先に\nお説教される覚えはないわ！{0E}	
09915	MAP/MAP044.BIN:014CD8	1	{02}{14}とほっ・・・。{0F}それを言われると\nつらいんだよな・・・。{0E}	
09916	MAP/MAP044.BIN:014D49	1	ありがとう、助かったよ。{0E}{09}	
09917	MAP/MAP044.BIN:014D64	1	\n{02}{0A}救けてもらったのはありがたいが、\n俺たちはあんたのために{0F}ひどい目に合いっぱなしだ。\nどーしてくれるんだ。{0E}{02}1ごめんなさい。{0E}	
09918	MAP/MAP044.BIN:014DF8	1	砂漠の黒豹は覆面をはずす\n仕草を見せた。{0E}	
09919	MAP/MAP044.BIN:014E40	1	{02}{0A}あ？{0E}{02}	
09920	MAP/MAP044.BIN:014E49	1	えっ？{0E}{02}{0A}な、ナジェさん・・・。{0E}{02}	
09921	MAP/MAP044.BIN:014E6B	1	ナジェさんが・・・。砂漠の黒豹？{0E}{02}-あなたたちに迷惑をかけるつもりは\nなかったのですが・・・\nごめんなさい。{0E}{02}{0A}そ、そうだったの・・・。{0F}いや、その、ナジェさんなら\nいいんだ。\nキツイこと言って悪かった。{0E}	
09922	MAP/MAP044.BIN:014F49	1	なんでナジェさんならいいのさ？{0E}	
09923	MAP/MAP044.BIN:014F7E	1	\n{02}{0A}なんでもだ、いいんだよ。{0E}	
09924	MAP/MAP044.BIN:014FBC	1	この国はウルギットの思うままです。{0F}皆、何とかしなければいけないと\n思っています。{0F}でも、思っているだけでは\n何も解決しません。{0F}豪商たちの無法に\n立ち向かわなければダメなのです。{0F}ギドナ国にも、先程の\nパシアさんのような協力者がいます。{0F}私はその人たちのためにも\n砂漠の黒豹となって\n立ち上がったのです。{0E}{02}{0A}そうだったのか・・・。\nいい話だ。俺も協力するぜ！{0E}	
09925	MAP/MAP044.BIN:015120	1	砂漠の黒豹はうれしそうに\nうなずいた。{0E}{02}-ナジェという名は\n役人をあざむくための仮の名前です。本当の名前はステラと言います。{0E}{02}{0A}ナジェ・・砂漠の黒豹・・\nステラ・・・。{0F}いったい、いくつの名前を\n持ってるんだ・・・。{0E}{02}{09}これからはステラと呼んでください。ステラが偽りのない本名ですから。{0E}{02}	
09926	MAP/MAP044.BIN:015239	1	うん、わかったよ。{0E}{02}{09}今の騒ぎでウルギットは\n動揺しています。{0F}私も協力します。{0F}今がチャンスです。さっそく、\nクリスさんの救出作戦を\n再開しましょう。{0E}{02}	
09927	MAP/MAP044.BIN:0152CE	1	でも、クリスが捕まってるとこは\n部屋の壁が石造りなんだよ。{0F}爆弾でも破れないよ。{0E}{02}{09}それなら調べをつけておきました。{0F}あの部屋の扉は木製の普通の扉です。{0F}中の見張りさえ何とかすれば、\n木の扉は吹き飛ばすことができます。{0E}{02}{0A}うーん・・・。{0F}中の見張りを引っぱり出す方法が\nあればな。{0E}	
09928	MAP/MAP044.BIN:0153E2	1	{02}{09}外でもう１度騒ぎを起こせば、\n中にいる見張りも様子を見るために\nきっと、出てきます。{0E}{09}\n\n{02}	
09929	MAP/MAP044.BIN:01543C	1	騒ぎを起こすって？{0E}{09}	
09930	MAP/MAP044.BIN:015451	1	\n{02}{09}私たちが今いる、この小屋を\n爆破します。{0E}{02}{0A}この小屋を？{0E}{02}{09}ええ、この小屋を爆破すれば、\n兵士たちはここに集まってくる\nはずです。{0E}{02}{0A}うん、そうだな。{0F}この小屋は屋敷から離れているし、\n兵士たちを呼び寄せて\n時間をかせぐにはもってこいだ。{0E}{02}{09}先程の小屋の破壊で\nウルギットたちは警戒を\n強めていますからね。{0F}必ず、ここに押し寄せてくる\nはずです。{0E}{09}{0A}\n{02}	
09931	MAP/MAP044.BIN:0155A6	1	さっすが、ステラさん。{0E}{09}	
09932	MAP/MAP044.BIN:0155BF	1	\n{02}{09}ここは私が爆破します。\nジュリオさん、これを。{0E}	
09933	MAP/MAP044.BIN:015608	1	ステラはジュリオに爆弾を渡した。{0E}	
09934	MAP/MAP044.BIN:015640	1	{02}{09}それで部屋の中の扉を\n破壊してください。{0E}{02}	
09935	MAP/MAP044.BIN:01566C	1	うん。{0E}{02}{09}兵士たちに見つからないように、\n気をつけてくださいね。{0E}{02}	
09936	MAP/MAP044.BIN:0156AD	1	うん、だいじょうぶだよ。{0E}{02}{0A}よっし、\nさっそく作戦開始だ。{0E}	
09937	MAP/MAP044.BIN:015712	1	{09}{08}\n{02}{01}ジュリオったら、何してるのよ。{0F}無事に逃げたんなら、早く私を\n救けに来てくれればいいのに。\nもう・・・。{0E}	
09938	MAP/MAP044.BIN:0157C9	1	（ふう・・・。）{0F}（なんとかここまでは）\n（無事に来たぞ・・・。）{0E}{02}{0A}（そろそろステラさんが）\n（小屋を爆破する頃だ。）{0E}	
09939	MAP/MAP044.BIN:01587E	1	{02}{09}えい！{0E}	
09940	MAP/MAP044.BIN:01599E	1	{02}{0A}（さあ、出てこい・・・。）{0E}	
09941	MAP/MAP044.BIN:015A19	1	（小屋の方へ行っちゃえよ・・・。）{0E}{02}{14}また、爆発か・・・？{0F}やっぱり砂漠の黒豹は、\nまだ、この辺りに隠れていたんだ。\nしかたない、俺たちも探しに行くか。{0F}俺たちだけ探さなかったって\n後々で知れたら、{0F}ウルギット様の大目玉を\n食らうからな。{0E}{02}{14}ああ。{0E}	
09942	MAP/MAP044.BIN:015B57	1	（やった、作戦どおり。）{0E}{02}{0A}（いくぞ。）{0E}	
09943	MAP/MAP044.BIN:015BAA	1	クリス・・・。クリス・・・。{0E}{02}	
09944	MAP/MAP044.BIN:015BC9	1	いるんだろ、クリス。{0E}{09}{08}\n{02}{01}ジュリオ・・・？\n遅かったじゃない。{0E}{09}	
09945	MAP/MAP044.BIN:015C28	1	{02}{0A}救けに来て、\n何、あやまってんだよ。{0E}	
09946	MAP/MAP044.BIN:015C64	1	うん、そうだよね。\nヘンだよね。{0E}{09}{08}\n{02}{01}なに、ゴチャゴチャ言ってるのよ。\n早くここから出してよ。{0E}	
09947	MAP/MAP044.BIN:015CE5	1	あ、うん。わかった。\nこの扉を爆破するから、\nさがってて。{0E}{02}{01}うん。{0E}	
09948	MAP/MAP044.BIN:015D32	1	{02}{01}いいわよ！{0E}ジュリオは爆弾をセットした。{0E}	
09949	MAP/MAP044.BIN:015D7E	1	これで、いいのかな。\nねえ、これでいいの？{0E}{02}{0A}聞かれてもわかんないけど・・・。{0F}おい、もう火がついてるぞ。\n俺たちも\n逃げた方がいいんじゃないか？{0E}	
09950	MAP/MAP044.BIN:015E22	1	わあ、すごい勢いで導火線が\n燃えてる。{0E}{02}{0A}あぶないぞ。\nほらっ！\nいいからさがるぞ！{0E}	
09951	MAP/MAP044.BIN:015EED	1	やったー！{0E}{09}	
09952	MAP/MAP044.BIN:015EFA	1	\n{02}{0A}急げっ、ジュリオ！\n今の音を聞きつけて、\n兵士たちが戻ってくるぞ！{0E}{02}	
09953	MAP/MAP044.BIN:015FE0	1	クリス！{0E}	
09954	MAP/MAP044.BIN:016028	1	{02}{01}ジュリオ！{0E}{02}{0A}急げ、脱出するぞ！{0E}{02}{01}あれ、この人は？{0E}{02}	
09955	MAP/MAP044.BIN:01605F	1	あとで話すよ。{0E}クリスがパーティにくわわった。{0E}{02}{0A}よし、行こうぜ！{0E}	
09956	MAP/MAP044.BIN:016297	1	はさまれちゃったよ。{0E}{02}*逃がさんぞ、お前たち。{0E}{02})ふっふっふっふっ・・・。\n追い詰めたぞ。{0E}{02}	
09957	MAP/MAP044.BIN:0162F1	1	・・・・・。{0E}{02})ん・・・？{0E}	
09958	MAP/MAP044.BIN:0163B8	1	\n{02}{09}さあ、こっちへ。{0E}{02}	
09959	MAP/MAP044.BIN:016404	1	いきなり爆弾を投げるとは、\n血も涙もない奴だな。{0F}もっとも、\nその程度では痛くもかゆくも\nないが・・・。{0E}	
09960	MAP/MAP044.BIN:016474	1	レバス様の力を身をもって知れ！{0E}	
09961	MAP/MAP044.BIN:0164B4	1	ジュリオたちとの\n激しい戦闘により、{0F}ウルギットとカンダタの意識を\n乗っ取っていた邪悪なものが\n消えた。{0F}集まってきた兵士たちも\n事情を飲み込み、{0F}ウルギットとカンダタは\nすぐに屋敷の奥へと運ばれた。{0E}	
09962	MAP/MAP044.BIN:016604	1	ふう・・・。\n落ち着いたわい。{0F}自分で言うのもヘンだが、\nどうやら、\n頭の中がマヒしていたようじゃ。{0E}{02}*ウルギット様、俺もだ。\nやっぱり、\nレバスのせいじゃねえのかな。{0E}{02})ああ、きっとそうに違いないだろう。{0E}	
09963	MAP/MAP044.BIN:0166E3	1	ねえ、そのことについて、\n教えてもらえないかなあ？{0E}	
09964	MAP/MAP044.BIN:016746	1	ああ。\n半年ほど前だったかな。{0E}ちょうど、俺がバラカから\n商品を仕入れに来たとき。{0F}ウルギット様にご挨拶をしようと\nこの屋敷へ立ち寄ったんだ。{0F}そのときに、アイツが\nちょうど来たのさ。{0F}フォルティア国の占星術師、\nレバスが。{0E}{02})そういう者がいることは\n以前から知っていたが、{0F}あのとき、奴は\n正式なフォルティア国の大使として\n俺に会談を申し込んできたんだ。{0F}内容は・・・ああ。\nあのときも一瞬、\n体に震えが走ったのを覚えている。{0F}だが、奴の目を見たとき、\n不思議なことに、\nあらがう気持ちなど失せてしまった。{0F}奴はギドナ国に\n同盟を求めてきたんじゃ。{0F}これから\nフォルティア国が始めようとする\n世界侵略の足固めとして・・・。{0E}{02}{0A}まずは、隣国を仲間にってわけだな。{0E}{09}{08}\n{02}	
09965	MAP/MAP044.BIN:0169C8	1	そ、そんな・・・？{0E}	
09966	MAP/MAP044.BIN:0169E4	1	{09}{09}\n{02}{01}世界・・侵略・・・。\n私たちの国が・・・。{0F}そんなに悪いこと\n始めるわけないわ・・・。{0E}{02})いいや、奴の邪悪に輝く瞳は、\n紛れもない現実だった。{0F}レバスは同盟に\n同意することを条件に、\nギドナ国には手を出さず、{0F}さらに世界侵略の後の\n商いに関するすべてを\n俺に任せると言った。{0E}{02}%邪悪な瞳・・・。{0F}	
09967	MAP/MAP044.BIN:016B24	1	欲望の種を持つ者は、\nやがて心を見失う。{0F}邪悪な瞳を持つ者が\n災いを呼び寄せるだろう。{0F}亡くなったおばあさんから\n聞いた言葉です。{0F}おばあさんは\n白き魔女の予言だと言っていました。{0E}{09}	
09968	MAP/MAP044.BIN:016BD7	1	白き魔女の・・・？{0E}{02}{01}そんな言い伝えが\nこの辺りに残っていたの？{0E}{02}%言い伝えと呼べるほど\n知られていることでは{0F}ないけれど・・・。{0F}２０年前に、{0F}白き魔女はここで知り合った\n私のおばあさんにだけ\n打ち明けたみたいなの・・・。{0F}白き魔女はそのとき、\n何か、とても急いでいたみたいだっておばあさんは言っていたわ。{0E}{02}	
09969	MAP/MAP044.BIN:016D03	1	急いでいた・・・？{0E}{02}{01}どこかに向かっていたのかしら？{0E}{02}%フォルティア国の方に向かったと\nおばあさんは言っていたわ。{0F}邪悪な瞳に気をつけろ。{0F}邪悪な瞳に惑わされるな。{0F}邪悪な瞳を持つ者が現れしとき、\n悪しき計画は動き始めるとも\n言ったそうです。{0F}私の聞いているのは、\nそれだけですけど。{0E}{02}2・・・・・・・・。{0E}	
09970	MAP/MAP044.BIN:016E48	1	{02}{0A}ジュリオ。{0F}お前たち、やけに白き魔女に\n興味があるみたいじゃないか？{0E}	
09971	MAP/MAP044.BIN:016E9B	1	うん、ちょっとね。{0E}{02}{0A}その顔はちょっとって顔じゃないぜ。{0F}よかったら聞かせろよ。\n話によっちゃ、力になるぜ。{0E}{09}	
09972	MAP/MAP044.BIN:016F0A	1	う、うん。{0E}	
09973	MAP/MAP044.BIN:016F1E	1	{02}{01}ジュリオ。どうする？{0F}私、ギドナ国がもう、\nそのレバスの作戦にのらないように\nしてもらうためにも{0F}聞いてもらった方がいいと\n思うの。{0E}	
09974	MAP/MAP044.BIN:016FFA	1	ウルギットさんも\nよく聞いてくださいね。{0E}{02})ああ。\n聞かせてくれ。{0E}{09}{0F}\n{02}	
09975	MAP/MAP044.BIN:01703F	1	ボクたち、\nフォルティア国の者なんです。{0F}フォルティア国の\n小さな村の習わしで、{0F}世界のシャリネをめぐる\n巡礼の旅をしてきた帰りなんです。{0E}{02})ほう、巡礼の。{0E}{09}	
09976	MAP/MAP044.BIN:0170D8	1	\n{02}{0A}へーえ。そうだったのか。{0E}{09}{0F}\n{02}	
09977	MAP/MAP044.BIN:0170F9	1	ボクたち、\n最後の目的地のオルドスの魔法の鏡でとても不吉な映像を見たんだ。{0F}知ってるかもしれないけど、\nシャリネの魔法の鏡は、{0F}これから起こることを映しだす、\n不思議な力があるんです。{0E}{02}{01}魔法の鏡が映しだしたのは、\n真っ赤な空と荒廃した\nティラスイールの様子だったの。{0E}そして、ローブをまとった\n怪しげな男の姿もみたわ・・・。{0E}{02}	
09978	MAP/MAP044.BIN:017238	1	たぶん、それがレバスなんだ。{0E}{09}	
09979	MAP/MAP044.BIN:017257	1	\n{02}{0A}つまり、ジュリオたちが\nオルドスの鏡で見たとおりの展開に、なってきちまったっていうわけだな。{0E}{09}{0F}\n{02}	
09980	MAP/MAP044.BIN:0172BB	1	うん、そうなんだ。{0E}{02}{01}それとね、私たち巡礼の途中\nあちこちで、白き魔女に\n関わる話を聞いたの。{0E}{02}	
09981	MAP/MAP044.BIN:017319	1	つなぎ合わせて考えてみると。{0F}どうも、白き魔女は２０年前から\nフォルティア国が{0F}今のようになることを\n知っていたようなんだ。{0E}{02}%まあ。{0E}	
09982	MAP/MAP044.BIN:0173A2	1	ジュリオとクリスは\nこれまで体験したことを話して、{0F}白き魔女とそれぞれの\n魔法の鏡の映像の関連について\n説明した。{0F}ジュリオたちはあえて\n『ラウアールの波』については\n黙っていたが、内容は十分に通じた。{0E}{02})そうだったのか・・・。{0F}パシアがばあさんから聞いた話を\n合わせると、俺もレバスによって、\nまんまと片棒を{0F}担がされるところだったと\nいうわけじゃな。{0E}{02}*あっ！{0E}{02})どうした？{0E}	
09983	MAP/MAP044.BIN:01751A	1	そういえば、ウルギット様。{0F}フォルティア国境の警備は\nレバスが来て以来、{0F}フォルティア国軍に\nまかせっきりです。{0E}{02})ああっ！{0F}しまった！{0F}	
09984	MAP/MAP044.BIN:0175A6	1	どうしよう。どうしよう。\nどうしよう。{0F}	
09985	MAP/MAP044.BIN:0175D6	1	こうしてはおられん。{0E}{02}*ヘ、ヘタすると・・・。{0F}フォルティア国境はもう\nフォルティア国軍で、{0F}埋め尽くされているかも\n知れませんぜ・・・。{0E}{02})いかん、\n奴の邪悪な瞳の催眠術にかかり、\n頭がボヤーッとしておったわ。{0F}	
09986	MAP/MAP044.BIN:0176AC	1	こうしてはおれん！\n兵を集めろ！{0F}全軍をあげてフォルティア国境へ\n向かうぞ！{0E}	
09987	MAP/MAP044.BIN:017700	1	{02}{09}それはダメよ。{0E}	
09988	MAP/MAP044.BIN:01771C	1	ぎっ、ぎょえ・・・。\n砂漠の黒豹・・・。{0E}{02}{09}いくら兵隊を連れていったところで、{0F}フォルティア国が本気で\n準備をしていたとすれば、\nとても勝ち目はないわ。{0E}計画を止める方法はただひとつ。\nルード城の中に入り込み、\n首謀者と直接対決をするしかないわ。{0E}	
09989	MAP/MAP044.BIN:01782D	1	うん、そうだよ。{0F}これはきっと、ボクたちの\n役目なんだ。自分たちの国が\n起こそうとしている過ちだからね。{0E}	
09990	MAP/MAP044.BIN:0178A6	1	{02}{01}ええ。{0F}世界に災いを招こうとしているなんてほうっておけないわ。{0E}	
09991	MAP/MAP044.BIN:0178F0	1	{02}{0A}俺も行くぜ。{0F}なんたって、俺はこういうときの\nために、日頃から修行を\n積んでたんだからな。{0E}	
09992	MAP/MAP044.BIN:01796A	1	ほんと？バダットありがとう。\nバダットがいてくれたら百人力だよ。{0E}{02}{09}もちろん、私も行くわよ。{0E}	
09993	MAP/MAP044.BIN:0179E4	1	ステラさん。{0E}{02}{09}ウルギットもカンダタも\n正気に戻ったから\nこのギドナ国はもう大丈夫。{0F}でも、\nフォルティア国が攻めてきたら、{0F}今まで以上にギドナ国は、\nいえ、世界はひどい事態に\nなってしまうわ。{0F}なんとしても、\nそれだけは、ふせがなければ・・・。{0E}{02}{01}ありがとう、ステラさん。{0E}	
09994	MAP/MAP044.BIN:017B0C	1	ウルギットさん。{0F}くれぐれも兵を国境に指し向けたり\nしないでくださいよ。{0E}	
09995	MAP/MAP044.BIN:017B7A	1	{02}{0A}そうだな、できるだけ\n正気に戻ったことを{0F}レバスに悟られないように\nしていた方が\nいいんじゃないかと思うぜ。{0E}	
09996	MAP/MAP044.BIN:017BEE	1	{02}{09}かと言って、これまでのように\n国民に悪政をしいることは\n許しませんよ。{0E}{02})わ、わかった・・・。{0F}すべて、あんたたちの\n言うとおりにする。{0F}何といっても、\nお客様あっての商売じゃからして、{0F}そこのところは、よーくわかっとる。だからお願いじゃ。{0F}フォルティア国の計画を止めて\n安心して商売のできる世の中に\n戻してくれ。{0E}{02}*ホントです。お願いします。{0E}{02}{01}なんだか、まだ商売のことしか\n考えてないみたいだけど・・・。{0F}本当に大丈夫かしら・・・。{0E}{02}{0A}こいつらは、根っからの商売人\nだからな。{0F}でもまあ、やばいってことは\nわかったみたいだ。{0F}今までのようなことは、\nないだろうぜ。{0E}{02})おっ、そうだ。これは返す。\n受け取ってくれ。{0E}	
09997	MAP/MAP044.BIN:017E68	1	ジュリオは{01}{1F}を取り戻した。{0E}	
09998	MAP/MAP044.BIN:017E90	1	{02}{09}では、さっそく国境に\n向かいましょう。{0F}一刻の猶予もできないわ。{0E}	
09999	MAP/MAP045.BIN:0000A3	1	{0E}アロザ	
10000	MAP/MAP045.BIN:00F82E	1	セリー	
10001	MAP/MAP045.BIN:00F84E	1	ディック	
10002	MAP/MAP045.BIN:00F86E	1	セレント	
10003	MAP/MAP045.BIN:00F88E	1	宿屋のピゲル	
10004	MAP/MAP045.BIN:00F8AE	1	宿屋のアノン	
10005	MAP/MAP045.BIN:00F8CE	1	リコ	
10006	MAP/MAP045.BIN:00F8EE	1	ベネ	
10007	MAP/MAP045.BIN:00F93C	1	{02}{14}はい、こんにちは。{0E}{02}{01}すみません。{0F}この村にジョアンナさんという人が\nいらっしゃいますよね？{0E}{02}{14}ええ、いますよ。\nジョアンナさんのお客さまですか。{0F}ジョアンナさんなら\nうちの北側のお家ですよ。{0E}{02}	
10008	MAP/MAP045.BIN:00F9FA	1	北側の家だね。ありがとう。{0F}{02}{14}北側の崖を背にした家が、\nジョアンナさんの家ですよ。{10}	
10009	MAP/MAP045.BIN:00FA54	1	{02}{14}北側の崖を背にした家が、\nジョアンナさんの家ですよ。{10}	
10010	MAP/MAP045.BIN:00FA90	1	{02}{14}デュルゼル様は\nどうしているのかしら。{0F}あれほど、城のために尽くされたのにドルフェスの塔に\n幽閉されてしまうなんて・・・。{0F}ルドルフ王は\n何をお考えなのかしら・・・。{10}	
10011	MAP/MAP045.BIN:00FB44	1	{02}{14}ああ、デュルゼル様！\nよく御無事で・・・。{0F}お体は大丈夫ですか？{0E}{02}{0C}心配をかけた。{0F}３年間の幽閉くらいでは\nビクともせんよ。{10}	
10012	MAP/MAP045.BIN:00FBC8	1	{02}{14}よく御無事で・・・。{0F}安心いたしました。{10}	
10013	MAP/MAP045.BIN:00FC0C	1	{02}{15}このアロザの村は\n国境への通り道だからね。{0F}いろいろな奴が通るんだ。\nだが、少し前に通っていった兵団は\n普通じゃないな。{0F}あの兵団の奴らは、まるで悪魔に魂を奪われてしまった者のように\n脱け殻みたいに{0F}表情がなかったなぁ・・・。{0F}俺もいろいろ危ない奴をみたけど、\nああいう奴らが１番危ないんだぜ。{10}	
10014	MAP/MAP045.BIN:00FD36	1	{02}{15}あの兵団の奴らは、まるで悪魔に魂を奪われてしまった者のように{0F}脱け殻みたいに\n表情がなかったなぁ・・・。{0F}俺もいろいろ危ない奴をみたけど、\nああいう奴らが１番危ないんだぜ。{10}	
10015	MAP/MAP045.BIN:00FDE6	1	{02}{15}あっ！　デュルゼル様！{0F}先ほど、お孫さんとお連れが\n北に向かいましたよ。{0F}なにやら、\nとても急いでいたようです。{10}	
10016	MAP/MAP045.BIN:00FE6E	1	{02}{16}ジョアンナさんの家？{0F}ああ、デュルゼル殿の\n孫娘さんだね。{0F}ジョアンナさんの家なら、\n北西の小高い崖の下にある家が\nそうだよ。{0F}そういえば、最近通る兵団は、\nなんだか不気味だなぁ・・・。{0F}まるで、\n魂を抜かれたみたいに\n表情がないんだよ。{10}	
10017	MAP/MAP045.BIN:00FF5E	1	{02}{16}そういえば、最近通る兵団は、\nなんだか不気味だなぁ・・・。{0F}まるで、\n魂を抜かれたみたいに\n表情がないんだよ。{10}	
10018	MAP/MAP045.BIN:00FFD0	1	{02}{16}デュルゼル様・・・。{0F}最近、表情のない兵団が\n多く関所の方へ\n向かっています。{0F}もう、不安で不安で・・・。{10}	
10019	MAP/MAP045.BIN:010048	1	{02}{17}最近は国境を通る旅人が少なくてね。{0F}国境に兵士たちが集まっているので、旅を控えているようなのだよ。{0F}宿屋も客がなくて、\n閑古鳥が鳴いてるよ。{10}	
10020	MAP/MAP045.BIN:0100E4	1	{02}{17}おお、デュルゼル殿！\nよく戻られましたな・・・。{0F}これでアロザも一安心です！\nデュルゼル殿が戻ったおかげで\n私も働く気力が出てきましたよ！{10}	
10021	MAP/MAP045.BIN:010176	1	{02}{17}デュルゼル殿が戻ったおかげで\n私も働く気力が出てきましたよ！{10}	
10022	MAP/MAP045.BIN:0101CE	1	{02}{18}お疲れのようね。{0F}いいわ、どうせ他のお客さまも\nいないことだし{0F}良かったら\n休んでいってくださいな。{0F}もちろん、無料でいいわよ。{0F}なんだか、あなたたちを泊めることでまた、お客さまが、\nいっぱい来るような気がするの。{10}	
10023	MAP/MAP045.BIN:0102B0	1	どう、少し休んでいかない？{0E}	
10024	MAP/MAP045.BIN:0102DE	1	{02}{18}遠慮しなくていいのよ。{0F}休みたくなったらいつでも来てね。{10}	
10025	MAP/MAP045.BIN:01031E	1	{02}{18}どうぞ。{0F}奥のベッドで\n横になって休んでください。{10}	
10026	MAP/MAP045.BIN:01037A	1	{02}{18}休みたくなったら、いつでも来てね。{10}	
10027	MAP/MAP045.BIN:0103AE	1	{02}{18}デュルゼル様！{0F}見たところ、\nとてもお疲れのごようす。{0F}どうぞ、休んでいってくださいな。{0F}{02}{0C}いや、ありがたいが{0F}一刻もはやく\n行かねばならない所があるのだ。{10}	
10028	MAP/MAP045.BIN:010450	1	{02}{18}デュルゼル様・・・。{0F}大切なお仕事なのですね。\n必ず、このアロザに帰って\n来てください。{10}	
10029	MAP/MAP045.BIN:0104B8	1	{02}{19}こやかったのよ。{0F}あたちね。\nここで、あそんれたの。{0F}そしたら、\nこやいカオちたヘエタイたんたちが\nとおってたの。{0F}ああ、こやかった。{10}	
10030	MAP/MAP045.BIN:010540	1	{02}{19}あのね、いつもはね\nじょあんなのおねいたん、{0F}あそんでくえゆのに\nあわてて、いったった。{0F}こやいおにいたんと\nおもしよいおいたんも\nいっしょらった。{10}	
10031	MAP/MAP045.BIN:0105EA	1	{02}{1A}デュルゼル殿といえば、\nそれはたいそうご立派な方じゃ。{0F}それが今や\nドルフェスの塔に\n幽閉の身とは・・・。{0F}これはきっと、\n何かの間違いに違いない。{0F}もしや・・・。{0F}あの20年前のことが原因で・・・。{0F}いや、そんなはずは・・・。{10}	
10032	MAP/MAP045.BIN:0106D0	1	{02}{1A}もしや・・・。{0F}あの20年前のことが原因で・・・。{0F}いや、そんなはずは・・・。{10}	
10033	MAP/MAP045.BIN:01072C	1	{02}{1A}デュルゼル殿！{0E}{02}{0C}ベネじいさん、元気だったか。{0E}{02}{1A}わしは元気だとも・・・。{0F}あんたが無事でよかった。\n・・・よかった。{0E}{02}{0C}ベネじいさん、\nこれから２０年前のケリを{0F}つけなければならない・・・。\nアロザのことは頼んだぞ。{0E}{02}{1A}何をいうのじゃ。{0F}わしは待っとるよ。\nデュルゼル殿が、\n無事に戻ってくるのを。{10}	
10034	MAP/MAP045.BIN:010858	1	{02}{1A}わしは待っとるよ。{0F}デュルゼル殿が、\n無事に戻ってくるのを。{10}	
10035	MAP/MAP045.BIN:0108C2	1	{02}{01}すみません、ジョアンナさんですか？{0F}	
10036	MAP/MAP045.BIN:0108FA	1	{02}{08}はい、\n私がジョアンナですが。{0E}{02}	
10037	MAP/MAP045.BIN:01091C	1	ボクたち、{0F}デュルゼルさんを\n訪ねて来たんです。{0E}{02}{08}おじいさまを・・・。{0E}{02}{09}ええ。{0E}{02}{08}おじいさまなら、\nドルフェスの塔に{0F}幽閉されていますわ。{0E}{02}{09}ええ、そのことは聞いています。{0F}これからドルフェスの塔に向かって\nお会いするつもりです。{0E}ジョアンナさん。{0F}以前、ハックさんという旅の学者が\nここに来たことを覚えていますか？{0E}{02}{08}ハックさん・・・？{0F}あの・・・。\n白き魔女のことをお調べに\nなっているという方ですね。{0E}{02}{09}ええ、そうです。{0F}このクリスの\nおじさんに当たる人なんですけど、\nそのハックさんから聞いたの。{0F}あなたのおじいさまが、{0F}よく、銀の短剣を持ち\n巡礼をしてきた者さえいれば、\nと言っていたって。{0E}{02}{08}はい、私がハックさんに\nお話ししたのです。{0F}おじいさまが、なぜそのようなことを言っていたのか、\nそこまではわかりませんが・・・。{0F}あの方のご研究に\n関係があればと思い・・・。{0F}でも、おじいさまが言っていたのは\n古式にのっとった\n巡礼の旅のことです。{0F}今でも巡礼の旅をする人はいます。{0F}しかし。{0E}銀の短剣を持って\n決まった順番のとおり{0F}５つのシャリネを巡ってくる方など\n今では、滅多におりませんわ。{0E}{02}{09}実はジョアンナさん。\nこのジュリオとクリスがそうなの。{0F}古式通りの巡礼の旅をしてきたのよ。{0E}{02}	
10038	MAP/MAP045.BIN:010D3E	1	うん、そうなんだよ。{0E}{02}{01}オルドスの大神官さまにも、{0F}ぜひ、デュルゼルさんに\n会うように言われたの。{0E}どうしてかしら？{0E}{02}{08}銀の短剣を持って、{0F}５つのシャリネを\n巡ってきたのですね？{0E}	
10039	MAP/MAP045.BIN:010DF8	1	ジュリオとクリスは\n力強くうなずいた。{0E}	
10040	MAP/MAP045.BIN:010E26	1	{02}{08}少し、待ってください。{0E}	
10041	MAP/MAP045.BIN:010E82	1	ジョアンナは\n{01}Dを携えた。{0F}	
10042	MAP/MAP045.BIN:010EB4	1	{02}{08}お待たせしました。\n私もドルフェスに参ります。{0E}	
10043	MAP/MAP045.BIN:010EE8	1	{02}{09}ジョアンナさん、その槍は？{10}	
10044	MAP/MAP045.BIN:010F08	1	{02}{08}おじいさまに・・・。{10}	
10045	MAP/MAP045.BIN:010F22	1	おじいさまが、\nなぜ、あなた方を熱望していたのか\nわかりません・・・。{0F}お役に立てないとは思いますが{0F}私には、あなた方を\n無事におじいさまの元へ届ける\n義務があるような気がするのです。{0F}私も宮廷剣士デュルゼルの孫娘です。心してお供させていただきます。{0E}ジョアンナがパーティにくわわった。{0E}{02}{08}さあ、ドルフェスへ参りましょう。{10}	
10046	MAP/MAP045.BIN:011194	1	{02}{01}ダメよ。\nいくら急いでるからって・・・。{0F}何か情報が\nわかるかも知れないじゃない。{0F}ちゃんとジョアンナさんと\n会っておいた方がいいわ。{10}	
10047	MAP/MAP045.BIN:011230	1	{02}{08}おじいさまのいるドルフェスの塔は\n反対側です。{0F}	
10048	MAP/MAP045.BIN:011264	1	{02}{09}のんびりしてられないわよ。{10}	
10049	MAP/MAP045.BIN:011310	1	フォルティア国　アロザ	
10050	MAP/MAP045.BIN:01132E	1	{02}{01}ついたわ。{0E}{02}	
10051	MAP/MAP045.BIN:01133D	1	やっぱりフォルティア国の村だね。{0F}なんだかラグピック村と似ていて\nなつかしい感じがするよ。{0E}{02}{01}はやく、ジョアンナさんを\n探しましょう。{0E}{02}{09}ええ。{0E}	
10052	MAP/MAP045.BIN:011464	1	\n{02}{08}ああ・・・。\nついに表情のない兵士が\n現れてしまった・・・。{0E}おじいさま・・・。\n私はどうすればよいのでしょうか。{0F}世界は・・・。\nどうなってしまうのでしょうか。{0E}おじいさま・・・。{10}	
10053	MAP/MAP045.BIN:0115A2	1	{02}{09}ジョアンナさんは、留守のようね。{0E}{02}{01}せっかく、ここまで来たのに・・・。{0E}{02}{09}あせってもしかたないわ。\n宿で体を休めながら、\n待つことにしましょう。{0E}{02}	
10054	MAP/MAP045.BIN:011633	1	うん。それがいいよ。{10}	
10055	MAP/MAP045.BIN:01168C	1	{02}{01}少しだけ眠りましょう。{0E}{02}	
10056	MAP/MAP045.BIN:0116A7	1	うん。そうだね。{0F}	
10057	MAP/MAP045.BIN:0116FE	1	{02}{01}ジュリオ、起きてる？{0E}{02}	
10058	MAP/MAP045.BIN:011717	1	うん。なに？{0E}{02}{01}知ってる？{0F}アロザって、案外、\nラグピック村に近いのよ。{0F}ラグピック村の西の原を抜けて、\n裏山を下ったあたりなのよね。{0F}あの山道、\n険しい道だから、\n下まで降りたことないけど・・・。{0F}ジュリオ。{0F}帰ろうか？{0E}{02}	
10059	MAP/MAP045.BIN:0117EE	1	うん、帰ろうか。{10}	
10060	MAP/MAP045.BIN:011832	1	{09}{09}\n{02}{01}ジュリオ。{0F}ねえ、ジュリオ。{0F}ジュリオ！\n起きなさいってば！{10}	
10061	MAP/MAP045.BIN:0118B2	1	{02}{01}ジュリオ。\nいったい、いつまで寝てるの？{0F}お寝坊なんだから・・・。{0E}{09}\n\n{02}	
10062	MAP/MAP045.BIN:0118FA	1	ご、ゴメン・・・。\nつい・・・。{0E}{09}	
10063	MAP/MAP045.BIN:01191C	1	\n{02}{01}さあ、頑張らなくっちゃ。{0F}いくわよ。{10}	
10064	MAP/MAP046.BIN:0000A4	1	ドルフェスの塔	
10065	MAP/MAP046.BIN:00F915	1	{14}ハック	
10066	MAP/MAP046.BIN:01084A	1	\n{02}\n今、鍵を開けるよ。{0E}	
10067	MAP/MAP046.BIN:01087E	1	ハックは最上階の鍵を使った。{0E}	
10068	MAP/MAP046.BIN:0108BC	1	扉が開いた。{0E}	
10069	MAP/MAP046.BIN:0108E6	1	{02}\nよし、開いたぞ。\n行きたまえ。{0E}	
10070	MAP/MAP046.BIN:01091A	1	{02}{15}まてーっ！\n侵入者めーっ！{0E}	
10071	MAP/MAP046.BIN:0109C0	1	{02}{0A}おっ、きた。きた。{0E}	
10072	MAP/MAP046.BIN:010A1E	1	{02}{15}うわあああ・・・。\n	
10073	MAP/MAP046.BIN:010A6A	1	\n{02}\nここは私たちに任せて。\nさあ、奥へ行きなさい。{10}	
10074	MAP/MAP046.BIN:010AA6	1	\n{02}\nさあ、はやくここから\nぬけだそう。{10}	
10075	MAP/MAP046.BIN:010ADE	1	{02}{0A}俺は追っ手が来ないか\nここで見張っている。{0E}	
10076	MAP/MAP046.BIN:010B1A	2	{02}{0A}こっちは任せろ。{0F}ジュリオたちは\n早くデュルゼルの所へ行くんだ。{0E}	
10077	MAP/MAP046.BIN:010B60	1	{02}{0A}一刻もはやく\nここから抜け出した方がいいな。{10}	
10078	MAP/MAP046.BIN:010B9E	1	{02}{15}は、はい。\nごめんなさい。{0F}命だけはお救けください。\n部屋から１歩も出てません・・・\nはい。{0F}あっ、あれ？{0F}さっきの人じゃなかったの・・・。{0E}{09}	
10079	MAP/MAP046.BIN:010C2C	1	え？{0F}さっきの人って？{0E}{02}{15}俺、ついさっきまで\n入口の見張りをしてたんだけど、{0F}悪そうな２人組がいきなり\n出てきてさ。{0F}命が欲しければ、\n当分のあいだ部屋から出るなって\n脅されたんだ。{0F}最上階の鍵を持って\nいかれちゃったよ。{0E}{09}\n\n{02}{01}悪そうな２人組・・・？{0E}{09}	
10080	MAP/MAP046.BIN:010D1F	1	\n{02}{09}ややこしくなってきたわね。{0E}{09}\n\n{02}{01}どうする？{0E}{09}	
10081	MAP/MAP046.BIN:010D4F	1	\n{02}{08}その２人組の目的は\nなんなのでしょうか？{0E}{09}\n\n{02}	
10082	MAP/MAP046.BIN:010D7F	1	うーん・・・。\n想像ができないよ。{0F}でも、鉢合わせになったら、\nその時は、その時さ。\n気にしてはいられないよ。{10}	
10083	MAP/MAP046.BIN:010DF4	1	{02}{15}気をつけなよ。{0F}きっとまだ、\nそこら辺にいるだろうから。{10}	
10084	MAP/MAP046.BIN:010E66	1	{02}{0C}ここを出るぞ。{0E}{09}\n\n{02}{01}でも、下の階は\nきっと兵士たちでいっぱいだわ。{0E}{09}	
10085	MAP/MAP046.BIN:010EAC	1	\n{02}{0C}この塔を設計させたのは俺だ。{0F}もっとも、レバスは知らんがな。{0F}抜け出そうと思えば\nいつでもここから出れたのだ。{0E}デュルゼルは壁の石を押した。{0E}	
10086	MAP/MAP046.BIN:010FBC	1	すごい、こんな仕掛けがあったんだ。{0E}	
10087	MAP/MAP046.BIN:01100E	1	{02}{0A}やばい。{0E}	
10088	MAP/MAP046.BIN:0110C4	1	{09}{10}\n{02}{0A}先に行きな。{0F}時間を稼いでおくぜ。{0E}{09}	
10089	MAP/MAP046.BIN:0110ED	1	\n{02}{08}私も手伝います。{0E}{02}\nジュリオくんたちは行きたまえ。{0F}君たちが行かなければ意味がない。{0E}{02}{0C}うむ。{0E}デュルゼルがパーティーにくわわった。{10}	
10090	MAP/MAP046.BIN:0112A5	1	あ、奥に魔獣がいるよ。{0E}{02}{01}急いで隣の部屋に逃げましょう。{0E}	
10091	MAP/MAP046.BIN:01131A	1	ゴン・・・。\n	
10092	MAP/MAP046.BIN:011409	1	いてて・・・。{0E}{09}{08}\n{02}{01}もう、何やってるのよ！{0F}	
10093	MAP/MAP046.BIN:01149D	1	あーあ、コブができちゃった・・・。{0E}{09}{09}\n{02}{01}しらないわよ！\nさっさと進むわよ！{0E}{09}	
10094	MAP/MAP046.BIN:0114E9	1	\n{02}{09}緊張感がなくなっちゃうわ・・・。{0E}	
10095	MAP/MAP046.BIN:01153C	1	鍵がかかっている。{0E}	
10096	MAP/MAP046.BIN:011572	1	\n{02}{08}はやくおじいさまを\n助けに行きましょう。{0E}	
10097	MAP/MAP046.BIN:0115D2	1	\n{02}{09}あの兵士。{0F}よほど２人組に脅されたらしく、\n私たちを怪しむ余裕もなかったわね。{0E}{09}{0A}\n{02}	
10098	MAP/MAP046.BIN:011627	1	うん、好都合だよ。{10}	
10099	MAP/MAP046.BIN:0116A0	1	{02}{15}な、なんだ。お前たち！\n侵入者か？！{0E}{09}\n\n{02}	
10100	MAP/MAP046.BIN:0116CB	1	えっ、あっ・・その・・・。{0E}{02}{01}わ、私たち使いの者なんです。{0F}下に誰もいなかったものだから\n上がってきちゃったの。{0F}それにしても不用心ね。{0F}入口に見張りの兵隊さんくらい、\nいればいいのに。{0E}{02}{15}えっ、本当か？\n見張りがいなかったのか・・・？{0E}{09}	
10101	MAP/MAP046.BIN:0117B2	1	\n{02}{01}ええ、誰もいなかったわよ。{0E}	
10102	MAP/MAP046.BIN:0117E4	1	{02}{15}おい、下の見張りが\nいなくなったそうだ。{0E}	
10103	MAP/MAP046.BIN:011826	1	{02}{15}どうする・・・。{0F}この先は魔獣たちも放してあるから\n大丈夫だろう。{0E}{02}{09}とりあえず、下の様子を\n調べておいてはどうかしら。{0E}{02}{15}そうだな。\nそうしてみるか。{0E}{02}	
10104	MAP/MAP046.BIN:011960	1	・・・と、\nついて行くフリをして{0F}上へ向かうんだよね。{0E}{09}{0A}\n{02}	
10105	MAP/MAP046.BIN:01199A	1	うまく話をそらすことができたね。\nさあ、今のうちだよ。{0F}行こうよ。{10}	
10106	MAP/MAP046.BIN:011A21	1	さあ、今のうちだよ。\n上へ向かおうよ。{10}	
10107	MAP/MAP046.BIN:011AB7	1	あれ・・・？{0E}{02}{0A}ジュリオ！{0E}{02}	
10108	MAP/MAP046.BIN:011AD3	1	バダット！{0E}{09}{0A}\n{02}{01}ハックおじさん。{0E}{09}{0B}\n{02}\nやあ、遅かったね。{0F}そろそろ、来る頃だろうと\n思っていたよ。{0E}{09}	
10109	MAP/MAP046.BIN:011B36	1	\n{02}{0A}国境の水路から流されたら、{0F}うまい具合に\nこの近くに流れ着いたんだ。{0E}{02}\nなあに、簡単な計算なのだよ。{0F}潮の流れを考えれば\n当然の成り行きだ。{0E}{02}{08}ハックさん。\nありがとうございます。{0F}おかげで\nおじいさまの願いが\nかなえられそうです。{0E}{02}\nいやいや、ジュリオくんとクリスが\n巡礼の旅をしていたおかげだ。{0F}それに、どうやらこれは・・・。{0F}デュルゼル殿だけの願いではなく、\nもっと、重要で深い意味を\n持つことのように思えるのだよ。{0F}君のおじいさんは多くを語らないが、きっと、何かを待っているのだよ。{0F}さて、私が話すと長くなるから\n今回はこれくらいにして、{0F}さっそく、\nデュルゼル殿の元へ急ごう。{0F}鍵は見張りの兵士から\n巻き上げておいたよ。{0F}バダットくんが睨んだら\n素直に出したよ。{0E}{02}{0A}ほんとは、おっさんが\n脅かしたんだぞ。{0E}{09}{0B}\n{02}\nはは。まあ、いいじゃないか。{0F}さあ、急ぐとしよう。\nついて来たまえ。{10}	
10110	MAP/MAP046.BIN:011EB8	3	\n{02}\nこっちだ。{0E}	
10111	MAP/MAP046.BIN:011F4E	1	\n{02}{0A}こっちだぞ。{0E}	
10112	MAP/MAP046.BIN:011FE6	2	\n{02}\nこっち、こっち。{0E}	
10113	MAP/MAP046.BIN:012058	1	\n{02}\nこっちだ、こっち。{0E}	
10114	MAP/MAP046.BIN:012178	1	\n{02}{0A}ジュリオ、こっちだ。{0E}	
10115	MAP/MAP046.BIN:0125F2	1	{02}{08}おじいさま。これを。{0E}ジョアンナは{01}Dを渡した。{0E}デュルゼルは{01}Dを装備した。{0E}	
10116	MAP/MAP046.BIN:012644	1	{02}{0A}ケガをさせないように殴るのは\nけっこう難しいんだぞ。{0E}	
10117	MAP/MAP046.BIN:012774	1	{02}\nやあ、デュルゼル殿。{0F}お初にお目にかかる。{0F}私がクリスのおじさんに当たる\nところのハックです。{0E}{09}{09}\n{02}{01}おじさん、\n挨拶してる場合じゃないでしょ。{0E}{09}	
10118	MAP/MAP046.BIN:012803	1	\n{02}{0C}ついてこい。{0F}ここを出るぞ。{0E}	
10119	MAP/MAP046.BIN:012922	1	{02}{0A}ジュリオ。\nそっちは兵士がうじゃうじゃいるぞ。{0E}	
10120	MAP/MAP046.BIN:0129AA	1	{02}{0C}かたじけない。{0E}	
10121	MAP/MAP046.BIN:012A9E	1	{02}{0A}相手を倒さずに食い止めるのは\n限界だぜ。{0F}ここはトンズラするにかぎる。{0E}{02}{0C}そうだな。\nだが、この人数で動いては\n人目につく。{0F}ふた手に別れ、\n後で落ち合うとするか。{0E}	
10122	MAP/MAP046.BIN:012B5A	1	{02}{0C}ジョアンナ。{0E}{02}{08}はい。{0E}{02}{0C}お前はそのお２人と先に\n向かいなさい。{0E}{02}{08}わかりました。{0E}{02}	
10123	MAP/MAP046.BIN:012BAD	1	ねえ、どこへ行くの？{0E}	
10124	MAP/MAP046.BIN:012BCE	1	ジュリオの質問に\nデュルゼルの表情がわずかに\nかげった。{0E}	
10125	MAP/MAP046.BIN:012C0C	1	{02}{0C}・・・・・・・・。{0F}行けばわかることだ。{0F}ジョアンナ。\n先に行きなさい。{0E}{02}{08}はい。おじいさま。{10}	
10126	MAP/MAP046.BIN:012D0E	1	{02}{0C}もうここに用はない。\n先へ急ごう。{10}	
10127	MAP/MAP046.BIN:012DEE	1	フォルティア国　ドルフェスの塔	
10128	MAP/MAP046.BIN:012EA4	1	\n{02}{09}部屋の見張りをしているのね。{0E}{02}	
10129	MAP/MAP046.BIN:012EC6	1	気づかれないうちに、\nそーっと・・・。{0E}	
10130	MAP/MAP046.BIN:012F08	1	ガタッ・・・。{0E}	
10131	MAP/MAP046.BIN:012F5C	1	{09}{08}\n{02}{01}んーもう！\nしっかりしてよ！{0E}	
10132	MAP/MAP046.BIN:012FE9	1	いてて、つまずいちゃったよ・・・。{0E}{09}{09}\n{02}{01}もう、知らない！{0E}{09}	
10133	MAP/MAP046.BIN:013024	1	\n{02}{09}・・・。{0E}{02}{08}この先に、おじいさまがいるはずよ。{0E}{09}{09}\n{02}{01}そうそう、さっさと行くわよ！{0E}	
10134	MAP/MAP046.BIN:0130BE	1	{02}{01}変ね？{0F}見張りの兵士がいないなんて。{0E}{02}	
10135	MAP/MAP046.BIN:0130E6	1	番犬がわりの魔獣が\nいるかも知れないから、{0F}用心しないとね。{10}{02}{01}でも、ジョアンナさん。{0F}ジョアンナさんのおじいさんって、\nどうして捕まっているの？{0E}{02}{08}それが・・・。\n城側は何の説明もしてくれないの。{0F}ただ、半年ほど前に、\nいきなり兵士が家に来て、{0F}おじいさまを\n連れていってしまったのです。{0E}{02}	
10136	MAP/MAP046.BIN:013200	1	デュルゼルさんに\n直接聞いてみればわかるさ。{0F}急ごうよ。{0E}{02}{01}ええ。そうね。{10}	
10137	MAP/MAP046.BIN:013290	1	{02}\n見たまえ、バダットくん。\n憧れの上陸地点発見だよ。{0F}海流の計算が当たっていて助かった。{0F}たぶん、きっと、ひょっとすると、\nこの辺りに着くだろうと\n思っていたんだ。{0E}	
10138	MAP/MAP046.BIN:01333A	1	{02}{0A}元気あるなぁ・・・。おっさん。{0E}	
10139	MAP/MAP046.BIN:013364	1	{02}\nおっさん？{0F}せめて、おじさんと呼んで\nくれたまえ。{0E}{02}\nさあ、バダットくん行くぞ。\nいざ、ドルフェスの塔へ！{0E}	
10140	MAP/MAP046.BIN:0133EE	1	{02}{0A}あ、待ってくれよ。\nおっさん。{10}	
10141	MAP/MAP047.BIN:0000A3	1	囑Yれじの街道	
10142	MAP/MAP047.BIN:014819	1	{1C}デュルゼル	
10143	MAP/MAP047.BIN:0148B2	1	\n{02}{0C}ここがゲルドの丘だ。{0F}諸国を放浪した白き魔女ゲルドは\n20年前、この地で眠りについた。{0E}{09}{0F}\n{02}{01}白き魔女は・・・。{0F}やっぱり・・\n死んでしまっていたの・・・。{0E}{02}	
10144	MAP/MAP047.BIN:01494C	1	ホントに死んじゃったの・・・？{0F}じゃ・・じゃあ、\nボクたちはラウアールのことを\n聞けないじゃないか・・・。{10}	
10145	MAP/MAP047.BIN:0149C0	1	\n{02}{0C}もう、あれから20年も\n経ったのか・・・。{0F}俺にはまるで、\n昨日のことのように思えてならない。{10}	
10146	MAP/MAP047.BIN:014A2E	1	\n{02}{0A}たまげたな・・・。{0F}死んじまったから、\n最後の予言だったってことかよ。{10}	
10147	MAP/MAP047.BIN:014A80	1	{02}{0A}これじゃあここで、\n足取りが消えるわけだ。{10}	
10148	MAP/MAP047.BIN:014ABE	1	\n{02}\n私はね・・・。{0F}今はとても複雑な心境なのだよ。{0F}たしかに、\nこういう事実に行き着く可能性は\n私だって考えていたさ・・・。{0F}でもね。{0F}今はただ悲しい。\n胸にあいた隙間を、\n冷たい風が吹き抜けていくようだ。{10}	
10149	MAP/MAP047.BIN:014B8E	1	{02}\n・・・・・・・・。{10}	
10150	MAP/MAP047.BIN:014BB4	1	\n{02}{08}ご無事で。\nお待ちしておりました。{0F}ハックさんたちには、\nあらかたのことをご説明して\nおきました。{0E}{02}{08}おじいさまに聞いてはいましたが、\n私も初めてここに参りました。{0F}とても、寂しいところですね・・・。{10}	
10151	MAP/MAP047.BIN:014C82	1	{02}{08}おじいさまに聞いてはいましたが、\n私も初めてここに参りました。{0F}とても、寂しいところですね・・・。{10}	
10152	MAP/MAP047.BIN:014D1A	1	ハックおじさんのことだから、\n心配ないよね。{0E}{02}{01}大丈夫よ。{0F}おじさんのことだもの、\nきっと、いつもの調子で切り抜けて、バッチリ情報をつかんでくるわ。{0E}{02}{09}ひと足先にルード城へ行き、\nできるだけ時間を稼ぎましょう。{0F}ラウアールの波が\nこの世界に来るのはいつなのか。{0F}せめて、\nそれを遅らせる方法があるのか。{0F}城に行って\n確認できればいいのだけど・・・。{0E}{02}{0C}どの道、我々に残された時間が\n少ないことには変わりない。{0E}{02}{0C}今はハック殿を信じて、城へ急ごう。{10}	
10153	MAP/MAP047.BIN:014EE8	1	{02}{0C}今はハック殿を信じて、城へ急ごう。{10}	
10154	MAP/MAP047.BIN:015056	1	\n{02}{0C}追っ手の気配はないな。{0E}	
10155	MAP/MAP047.BIN:015084	1	{02}{0C}この場所は\nジョアンナにしか教えていない。{0F}城の者に知られると厄介なのでな。{0F}さあ、ついてくるがいい。{0E}	
10156	MAP/MAP047.BIN:01512E	1	{02}{01}この先に、なにがあるのかしら？{0E}{09}{0F}{02}	
10157	MAP/MAP047.BIN:015153	1	・・・行こう！{10}	
10158	MAP/MAP047.BIN:015184	2	\n{02}{01}早く行かないと、置いてかれちゃうわ。{10}	
10159	MAP/MAP047.BIN:0152B2	1	\n{02}{09}デュルゼルさんと離れたらまずいわ。{10}	
10160	MAP/MAP047.BIN:015391	1	剣だ・・・。{0F}なんだろう？\n剣が刺さっているよ。{0E}{02}{01}ずっと夜露にさらされているのね。{0F}錆びているわ。{0E}{09}	
10161	MAP/MAP047.BIN:0153F4	1	\n{02}{0C}それは俺の剣だ。{0E}	
10162	MAP/MAP047.BIN:015432	1	{02}{0C}俺はあの娘を守れなかった。{0F}だから、あの日以来、\n宮廷剣士の象徴である剣を\nあの娘の傍に葬ったのだ。{0F}俺にはもう、\nその剣を持つ資格はない。{0E}{09}{0F}\n{02}	
10163	MAP/MAP047.BIN:0154F2	1	{02}{01}石碑に文字が刻まれているわ。{0E}	
10164	MAP/MAP047.BIN:015528	1	「ガガーブ歴　972年\n　白き魔女と呼ばれた女神\n　ここに眠る。」{0E}石碑にはそう刻まれている。{0E}{09}	
10165	MAP/MAP047.BIN:015583	1	\n{02}{0C}見ての通りだ。{0E}	
10166	MAP/MAP047.BIN:0155BE	1	{02}{0C}ゲルドはもう、この世にはいない。{0F}だが、お前たちがここへ来たことで、ゲルドの力を借りることが\nできるだろう。{0E}{09}{0F}\n{02}{01}死んでしまったのに？{0E}{09}	
10167	MAP/MAP047.BIN:015647	1	\n{02}{0C}そうだ。{0F}たとえ肉体は滅んでも、\n魂は生き続ける。{0F}それがゲルドの残した\n希望の光なのだ。{0E}{09}{0F}\n{02}{01}聞かせてよ。{0F}白き魔女が\nどうして死んだのか・・・。{0F}ゲルドの残した希望の光って・・・？{10}	
10168	MAP/MAP047.BIN:015A70	1	ジュリオは{01}{08}を\n手に入れた。{0E}{09}	
10169	MAP/MAP047.BIN:015A8E	1	\n{02}{0C}お前たちを\n巻き込んでしまったようだが{0F}どうか許してくれ。{0E}今の状況では\n５つのシャリネを巡って来た\nお前たちに望みを託すしかないのだ。{0E}	
10170	MAP/MAP047.BIN:015B3C	1	気にしないでよ。{0F}もともと城には\n行ってみるつもりだったんだ。{0E}	
10171	MAP/MAP047.BIN:015B90	1	{02}{01}そうよ。{0F}白き魔女が命まで賭けたのに\nほっとけないわよ。{0E}	
10172	MAP/MAP047.BIN:015BD2	1	{02}{09}私も一緒に行きます。{0E}	
10173	MAP/MAP047.BIN:015C02	1	{02}{0A}俺も行くぜ。{0E}{02}{08}私も御供いたします。{0E}	
10174	MAP/MAP047.BIN:015C6E	1	{02}\nちょ、ちょっと待った。{0E}	
10175	MAP/MAP047.BIN:015C9C	1	{02}\nみんなで立ち向かおうとする気持ちは大切だと思うが・・・。{0F}どうも私には\n煮えきらないものがあるんだ。{0F}本当に天球儀を破壊するだけで\n丸く収まるのだろうか・・・？{0F}それでラウアールの波を防げるのなら白き魔女のことだ。{0F}始めから天球儀を作らせない\n方法はいくらでもあったはずだ。{0E}{09}{08}\n{02}{01}おじさん\nせっかく気合いが入ったのに{0F}水を差すんだから・・・。{0E}{09}	
10176	MAP/MAP047.BIN:015DEE	1	\n{02}{0C}いや、ハック殿の言う通りだ。{0F}まだ、我々の知らない真実が\nありそうだ。{0E}{02}\n調べたいことがあるんだ。{0F}バダットくんとジョアンナさん。\nもし、良かったら\n私と一緒に行ってくれないか。{0E}{02}{0A}どこへ？{0E}{02}\nギドナ国に渡ろうと思う。{0E}{09}{08}\n{02}	
10177	MAP/MAP047.BIN:015EC9	1	でも、国境はすごい兵士だよ。{0E}{09}	
10178	MAP/MAP047.BIN:015EE8	1	\n{02}\nなあに、その気になれば\nいくらだって方法はあるさ。{0F}ギドナ国の遺跡を\n調べてみたいんだ。{0F}あそこはティラスイールで\n最も古い遺跡だ。{0F}もしかしたらラウアールの波について別の視点からの記述が\n残っているかも知れない。{0E}{02}{0C}なるほど・・・。{0F}それはぜひ、お願いしたい。{0E}{02}\nでは、そうしましょう。{0F}私とバダットくんと\nジョアンナさんはギドナ国へ。{0F}そして、デュルゼル殿と\nジュリオくんとクリス、\nステラさんの４人はルード城へ。{0F}いいですか。\n調べがつき次第\n何があっても追い掛けますから。{0F}必ず私の報告を待ってください。{0F}できるだけ時間を稼ぐ作戦で\nお願いします。{0E}{09}{08}\n{02}	
10179	MAP/MAP047.BIN:016108	1	もし、ラウアールの波が\nそこまで来ていて{0F}天球儀を破壊するしかなかったら？{0E}{09}	
10180	MAP/MAP047.BIN:016153	1	\n{02}\nそれは状況によるだろうね。{0F}キミたちの判断に任せるよ。{0E}{09}{08}\n{02}{01}その判断が間違っていたら？{0E}{09}	
10181	MAP/MAP047.BIN:0161AE	1	\n{02}\nそのときは・・・。{0F}そうだね。{0F}そのときは\nあの世に行ってから\nみんなでゲルドにあやまろう。{0E}{09}{08}\n{02}{01}あやまりたくないわ。{0E}{09}	
10182	MAP/MAP047.BIN:016226	1	\n{02}\n私もだ。{0E}{02}\nさあ、時間がないぞ。{0F}バダットくん、ジョアンナさん。\nさっそく行くとしよう。{0E}	
10183	MAP/MAP047.BIN:0162E6	1	あっ、おじさん。{0E}	
10184	MAP/MAP047.BIN:016316	1	{02}\nなんだね？{0E}	
10185	MAP/MAP047.BIN:01633C	1	おじさんの手帳を預かったままだよ。{0E}{02}\nああ、手帳か。{0F}それはキミが持っていたまえ。\n何かの役に立つかも知れない。{0F}なあに、大丈夫だ。\nそこに書いてあることは\n頭の中にちゃーんと入ってる。{0F}じゃあ、先に行くよ。\nさあ、燃えてきたぞ！{0E}	
10186	MAP/MAP047.BIN:01645E	1	{02}{01}いよいよルード城ね。{0E}{02}{09}ハックさんたち、無事に\nキドナ国へ渡れるかしら・・・。{0E}{02}{01}だいじょうぶだよ。{0E}{02}	
10187	MAP/MAP047.BIN:0164C4	1	ハックおじさんは\nすっごく運が強いんだ。{0E}{02}{0C}我々も行くとするか。{0E}{02}	
10188	MAP/MAP047.BIN:016505	1	うん。{0E}{02}{01}行きましょう。\nきっと、何とかなるわ。{0F}白き魔女が残してくれた道だもの。{0E}	
10189	MAP/MAP047.BIN:01656B	1	\n\n\n\n　　　　　　ドルフェスの塔に幽閉されていた\n　　　老剣士デュルゼルと合流したジュリオたちは、\n　　　　　白き魔女を埋葬した丘に案内された。\n	
10190	MAP/MAP047.BIN:016612	1	\n\n　　　　ゲルドはもうこの世にはいなかった。\n　　だが、その衝撃に震える余裕すら一行にはない。\n　　　　デュルゼルの語るルード城の現状は\n　　　　　　恐るべき事態を迎えていた。\n　　　　　ラウアールの波にまつわる計画は\n　　　　　　　占星術師レバスと異界の\n　　　　　王妃イザベルによって仕組まれた、\n　　　　　　　遠大な計略だったのだ。\n	
10191	MAP/MAP047.BIN:016778	1	\n\n\n　　　　ギドナ国に向かうハック、バダット、\n　　　ジョアンナにラウアールの波についての\n　　　　　さらなる調査を託し、ジュリオ、\n　　　　クリス、デュルゼル、ステラの４人は\n　　　　　　ルード城へと向かう決意を\n　　　　　　　　固めるのだった。\n	
10192	MAP/MAP047.BIN:016942	1	フォルティア国　忘れじの街道	
10193	MAP/MAP047.BIN:0169EC	1	\n\n\n\n\n\n　　　　　　　最終章　やさしき魔女	
10194	MAP/MAP048.BIN:0000A4	2	ルード	
10195	MAP/MAP048.BIN:0000AE	1	闇縛り、キュア、ヒール	
10196	MAP/MAP048.BIN:00FAF7	1	閭tォルティアの兵士	
10197	MAP/MAP048.BIN:00FB18	1	ネーラ婆さん	
10198	MAP/MAP048.BIN:00FB38	1	グーデン老人	
10199	MAP/MAP048.BIN:00FB58	1	武器屋のバンゴ	
10200	MAP/MAP048.BIN:00FB78	1	ベレッタ	
10201	MAP/MAP048.BIN:00FB98	1	レイチェ	
10202	MAP/MAP048.BIN:00FBB8	1	レイク老人	
10203	MAP/MAP048.BIN:00FBD8	1	チェリー	
10204	MAP/MAP048.BIN:00FBF8	1	ラク	
10205	MAP/MAP048.BIN:00FC18	1	エルマ婆さん	
10206	MAP/MAP048.BIN:00FC38	1	宿屋のサンペ	
10207	MAP/MAP048.BIN:00FC58	1	ビンチ老人	
10208	MAP/MAP048.BIN:00FC78	1	ドリナ	
10209	MAP/MAP048.BIN:00FC98	1	チャッペルのペリオ	
10210	MAP/MAP048.BIN:00FCB8	1	ラール老人	
10211	MAP/MAP048.BIN:00FCD8	1	モスコス	
10212	MAP/MAP048.BIN:00FCF8	1	道具屋のレリア	
10213	MAP/MAP048.BIN:00FD18	1	ボラン	
10214	MAP/MAP048.BIN:00FD38	1	酒場のシガロ	
10215	MAP/MAP048.BIN:00FD58	1	フマール	
10216	MAP/MAP048.BIN:00FD78	1	カンドのオウレム	
10217	MAP/MAP048.BIN:00FD98	1	ミアサ婆さん	
10218	MAP/MAP048.BIN:00FDB8	1	ルイ	
10219	MAP/MAP048.BIN:00FDD8	7	ブリット隊長	
10220	MAP/MAP048.BIN:010068	1	{02}{14}観光客か？{0F}それとも兵隊志願か？{0E}{02}	
10221	MAP/MAP048.BIN:01008C	1	えっ？{0F}か、観光だよ。{0E}{02}{14}今、ルード城は立て込んでいる。{0F}兵士たちの邪魔に\nならないようにしろ。{10}	
10222	MAP/MAP048.BIN:0100F2	1	{02}{14}今、ルード城は立て込んでいる。{0F}兵士たちの邪魔に\nならないようにしろ。{10}	
10223	MAP/MAP048.BIN:010148	1	{02}{14}見かけない顔だな。{0F}兵隊志願なら歓迎するが、\n年寄りと女子供ではな。{0F}せいぜい邪魔にならないように、\n道の端を歩くんだな。{10}	
10224	MAP/MAP048.BIN:0101CA	1	{02}{14}せいぜい邪魔にならないように、\n道の端を歩くんだな。{10}	
10225	MAP/MAP048.BIN:010210	2	{02}{14}城内は今、立て込んでいる。{0F}立ち入り禁止だ。{10}	
10226	MAP/MAP048.BIN:01028E	1	{02}{14}ここからは通さない。\n何度きても無駄だ。{0E}{02}{14}めざわりな奴らめ。\nひっ捕まえて、牢獄に{0F}入れてしまうぞ！{10}	
10227	MAP/MAP048.BIN:01034A	1	どうした！{0F}なんの騒ぎだ。{10}	
10228	MAP/MAP048.BIN:01038C	1	{02}{14}この者たちが、\n不審な挙動をするので・・・。{0E}{02}+ここは\nフォルティア国の王都であるぞ！{0F}城門の前で騒ぎを起こすとは\n怪しい奴らめ。{0F}中で取り調べる。ついて来い！{10}	
10229	MAP/MAP048.BIN:0104CC	1	{02}{14}あんまり、うろちょろするなよ。{10}	
10230	MAP/MAP048.BIN:0104FC	1	{02}{14}ここからは通さない。{0F}何度きても無駄だ。{10}	
10231	MAP/MAP048.BIN:010536	1	{02}{14}ブリット隊長でよかったな。\n普通なら牢獄送りだぞ。{0F}もう、あやしいそぶりを見せるなよ。{10}	
10232	MAP/MAP048.BIN:010596	1	{02}{14}もう、あやしいそぶりを見せるなよ。{10}	
10233	MAP/MAP048.BIN:0105CA	1	{02}{15}この街から出て行った\n兵士たちの顔を見たかい？{0F}まるで、魂を抜かれた者みたいに、\n青白くって表情がなかったよ。{0F}なんだか恐ろしいねえ。\nくわばら、くわばら。{0F}あの兵士たちは普通じゃないねえ。{0F}きっと、良くないことが起こるよ。\nあたしゃそう思うのさ。{10}	
10234	MAP/MAP048.BIN:0106C6	1	{02}{15}あの兵士たちは普通じゃないねえ。{0F}きっと、良くないことが起こるよ。\nあたしゃそう思うのさ。{10}	
10235	MAP/MAP048.BIN:010730	1	{02}{16}若い者は皆、\n兵士に志願して城に入ったきりだ。{0F}何人かは国境の警備の方へ\n出て行ったが、\n多くの者は城から出てこやせん。{0F}いったい、どうなって\nおるのじゃろうなぁ・・・。{0F}兵士はフォルティア国中から\n集めているそうな・・・。{0F}城の中は兵士だらけという訳じゃな。{10}	
10236	MAP/MAP048.BIN:010838	1	{02}{16}兵士はフォルティア国中から\n集めているそうな・・・。{0F}城の中は兵士だらけという訳じゃな。{10}	
10237	MAP/MAP048.BIN:010896	1	{02}{17}いらっしゃい。{0F}うちの武器は\nどれも手入れが行き届いていますぜ。{10}	
10238	MAP/MAP048.BIN:0108E0	1	{02}{17}ご用のさいは、うちをお忘れなく！{10}	
10239	MAP/MAP048.BIN:01093C	1	{02}{17}何にしますかね？{10}	
10240	MAP/MAP048.BIN:010954	1	{02}{17}{08}ですかい。{0F}そんなら{06}で\nお売りしましょう。{10}	
10241	MAP/MAP048.BIN:010986	1	{02}{17}何を売ってくれますかい？{10}	
10242	MAP/MAP048.BIN:0109A6	1	{02}{17}{08}ですか。{0F}そんなら、{06}で\n引き取りましょう。{10}	
10243	MAP/MAP048.BIN:0109DC	1	{02}{17}１ゴアあたり{06}に\nなっとります。{10}	
10244	MAP/MAP048.BIN:010A02	1	{02}{17}全部で{06}になります。{10}	
10245	MAP/MAP048.BIN:010A1E	1	{02}{17}そうですか。\nそいつは残念ですな。{10}	
10246	MAP/MAP048.BIN:010A48	1	{02}{17}ラピカがありませんぜ。\nたまったら、いつでもどうぞ。{10}	
10247	MAP/MAP048.BIN:010A84	1	{02}{17}他に用はありませんかい？{10}	
10248	MAP/MAP048.BIN:010AA4	1	{02}{17}お客さん・・・。{0F}カウンターからこっちは\n私専用の通用口ですぜ。{10}	
10249	MAP/MAP048.BIN:010AF4	1	{02}{18}若者がいない街なんて、\n味気がないでしょ。{0F}初めはお給金がいいからとか、\n国のためになるからとかいって、\nどこの家の息子も先をあらそって{0F}兵隊に志願したのだけどね。{0F}今では、このルードの街も\n若者が誰１人としていなくなって、\nなんだか淋しい街に{0F}なってしまったわ。{10}	
10250	MAP/MAP048.BIN:010C00	1	{02}{18}今では、このルードの街も\n若者が誰１人としていなくなって、{0F}なんだか淋しい街に\nなってしまったわ。{10}	
10251	MAP/MAP048.BIN:010C68	1	{02}{19}国中から集まってきた若者が、\nこの宿の前の通りを通って{0F}ルード城の中へと入っていったわ。{0F}きっと、\nもう、何千人という数になるわ。{0F}こんなに兵士を集めて\nどうするつもりなのかしらね。{10}	
10252	MAP/MAP048.BIN:010D2A	1	{02}{1A}若い者は\n皆、兵隊になっちまったわい。{0F}おかげでここは\n年寄りの街になっちまった。{0F}隣の城には、大勢若者が\nおるはずなのにのう・・・。\n顔も見せにこんわい。{0F}若い者がおらんと、\n説教する相手がなくて\nつまらんのう。{10}	
10253	MAP/MAP048.BIN:010E04	1	{02}{1A}若い者がおらんと、\n説教する相手がなくて{0F}つまらんのう。{10}	
10254	MAP/MAP048.BIN:010E42	1	{02}{1B}最近、お城から武器の注文が\nひっきりなしにあって、{0F}主人も私もホクホクなのよ。{0F}でも、どうしてこんなに\n武器がいるのかしら。\n少し心配な気もするわね。{10}	
10255	MAP/MAP048.BIN:010EE6	1	{02}{1C}オイラより年上のお兄ちゃんたちは\nみんな兵隊になるって{0F}ルード城に入っちまったよ。\nだからこの街は\n年寄りばかりが目につくんだ。{0F}まったく、つまんねーなぁ。{10}	
10256	MAP/MAP048.BIN:010F8A	1	{02}{1C}まったく、つまんねーなぁ。{10}	
10257	MAP/MAP048.BIN:010FB6	1	{02}{1D}おお、あんたは\nデュルゼル殿では御座いませんか。{0F}よくぞご無事で・・・。\n身を案じておりましたぞ。{0F}この頃、\n城の様子が変でございます。{0F}どうぞ、お調べ下され。{10}	
10258	MAP/MAP048.BIN:01105C	1	{02}{1D}この頃、\n城の様子が変でございます。{0F}どうぞ、お調べ下され。{10}	
10259	MAP/MAP048.BIN:0110B2	1	{02}{1E}いらっしゃい。{0F}あいにくだが、部屋は開いてないぜ。悪いが他を当たってくれ。{0E}{09}	
10260	MAP/MAP048.BIN:011100	1	\n{02}{0C}ブリットに老兵が\n訪ねて来たと伝えろ。{0F}すぐにだ。{0E}{02}{1E}老兵？{0E}{02}{0C}『さざなみは終わった。』\nそう伝えれば、わかるはずだ。{0E}{02}{1E}あんたは・・・？{0F}そうか・・・わかった。\nブリットから話は聞いてるぜ。{0F}上がって右の部屋が空いてる。\nそこで休んで待っていてくれ。{0F}すぐに使いを出す。{0E}{02}{0C}うむ。{10}	
10261	MAP/MAP048.BIN:01121C	1	{02}{1E}しばらく２階の部屋で\n休んでてくれよ。{0F}上がって右の部屋が空いてるから。{10}	
10262	MAP/MAP048.BIN:01126A	1	{02}{1E}モスコスの家は\n城の入口の{0F}すぐ、東側にある家だ。{0F}ブリットが\nその２階で落ち合おうとのことだ。{0E}{02}{0C}うむ。{0E}{02}{1E}おっと、それとな。{0F}この宿なら安全だ。\n２階の部屋は\nあんたたちのために空けておく。{0F}いつでも使ってくれ。{10}	
10263	MAP/MAP048.BIN:01134A	1	{02}{1F}ほう、あんたの顔には\n見覚えがあるぞ。{0F}デュルゼル殿じゃろ？{0F}安心せい。{0F}もう、この街であんたのことを\n覚えているのは\nわしらのような年寄りしかおらん。{0F}それに年寄りは皆、\nあんたが無実であることを\n知っておる。{0F}どうもルード城の中が怪しげだ。\nあんたはそれを調べにきたんじゃろ。{0F}そろそろ\nあんたのようなお人が現れる頃だと\n思っとったよ。{10}	
10264	MAP/MAP048.BIN:01149C	1	{02}{1F}どうもルード城の中が怪しげだ。{0F}あんたはそれを調べに\nきたんじゃろ。{0F}そろそろ\nあんたのようなお人が現れる頃だと\n思っとったよ。{10}	
10265	MAP/MAP048.BIN:011522	1	うちの息子も兵士になると言って\n城に入ったのだけど、{0F}それっきり、なしのつぶてなの。{0F}連絡くらいすればいいのにねえ。\n心配だわ。{0E}	
10266	MAP/MAP048.BIN:0115A6	1	こちらではチャッペル魔法を\nお授けしております。{0F}チャッペル魔法を\n扱える方がいらっしゃれば、\nお授けいたしましょう。{10}	
10267	MAP/MAP048.BIN:011624	1	チャッペルの力が必要なときは\nいつでもお寄りください。{10}	
10268	MAP/MAP048.BIN:01167E	1	どなたがお望みですか？{10}	
10269	MAP/MAP048.BIN:01169C	1	どの魔法をお授けしましょうか？{10}	
10270	MAP/MAP048.BIN:0116D4	1	カンド魔法が街から\n追放されてしまったんです。{0F}もとは１つのものなのに\nおかしな話しですよ。{10}	
10271	MAP/MAP048.BIN:011740	1	これはお久しぶりじゃ、\nデュルゼル殿。{0F}ついに腰をお上げになられたな。{0F}いつ、ドルフェスから出て\nこられるかと、千秋の思いで\n待っておりましたぞ。{0F}デュルゼル殿が戻られたからは\n安心じゃ。{0F}このところの、城の怪しき動き、\nしかと確かめて、\n官僚どもに喝を入れてくだされ。{10}	
10272	MAP/MAP048.BIN:011850	1	デュルゼル殿が戻られたからは\n安心じゃ。{0F}このところの、城の怪しき動き、\nしかと確かめて、\n官僚どもに喝を入れてくだされ。{10}	
10273	MAP/MAP048.BIN:0118E2	1	以前は、よく城の兵隊たちが来たので街の者との交流が盛んだったんだ。{0F}でも、最近は声をかけても\n振り向きさえしなくなってねぇ。\nまったく、愛想がなくなったよ。{10}	
10274	MAP/MAP048.BIN:011984	1	あ、２階へどうぞ。{0F}宿屋のサンペからお話は\nうかがってますよ。{0F}ブリットさんは\nまだ、おみえになっていませんが、\nもうすぐ来られる頃です。{10}	
10275	MAP/MAP048.BIN:011A1C	1	この街の者は\nすべてデュルゼル殿の味方です。{0F}どうか、城の内情を確かめ、\n我々から不安を取り除いてください。よろしくお願いいたします。{10}	
10276	MAP/MAP048.BIN:011AAC	1	どういうわけか、\n以前ほど街と城との交流が{0F}なくなってね。{0F}兵隊はこの街の出身の者も\n大勢いるのだが、なんだか最近\n妙によそよそしい雰囲気なんです。{0E}	
10277	MAP/MAP048.BIN:011B44	1	いらっしゃいませ。{0F}ご用ならなんなりと！{10}	
10278	MAP/MAP048.BIN:011B78	1	ありがとうございました。{0F}いつでも、\nお気軽にお寄りくださいね！{10}	
10279	MAP/MAP048.BIN:011BEE	1	はい！　何をお求めでしょう？{10}	
10280	MAP/MAP048.BIN:011C12	1	{08}ですか。{0F}それなら{06}でお売りしましょう。{10}	
10281	MAP/MAP048.BIN:011C42	1	何をお引き取りしましょうか？{10}	
10282	MAP/MAP048.BIN:011C66	1	{08}ですか。{0F}それなら、{06}で\n買わせてもらいましょう。{10}	
10283	MAP/MAP048.BIN:011CCC	1	全部で{06}お支払いします。{10}	
10284	MAP/MAP048.BIN:011CEC	1	そうですか。{0F}またのご利用を\nお待ちしております。{10}	
10285	MAP/MAP048.BIN:011D24	1	ラピカがないじゃないですか。\nたまったら又、来てくださいよ。{10}	
10286	MAP/MAP048.BIN:011D68	1	他にご用はありませんか？{10}	
10287	MAP/MAP048.BIN:011D88	1	うちも、弟が兵士になったんですよ。{0F}城に務めているのに、\nずっと帰ってきません。{0F}ちょっとくらい\n顔をみせてくれればいいのに。{10}	
10288	MAP/MAP048.BIN:011E0A	1	なんだか、不気味だよね。{0F}何がって聞かれると困るけど\n若者がいなくなって、\n妙に静かでさ・・・。{10}	
10289	MAP/MAP048.BIN:011E70	1	最近なぜか城からの命令で\n魔法の締め付けが厳しくってね。{0F}チャッペルはまだしも、\nカンドは追い出されちまったんだよ。{10}	
10290	MAP/MAP048.BIN:011EF4	1	知ってるかい。{0F}城からの命令で、\nカンドがこの街から追い出され\nちまったんだとよ。{0F}チャッペルは安らぎを\n与えるからいいが、\nカンドは物騒だから{0F}ダメなんだってさ。\nなんだか不公平な話だよな。{0F}俺はカンド魔法より、\n軍隊の方がよっぽど物騒だと\n思うけどね。{0F}まったく、ルドルフ王は\n何を考えているんだろうね。{10}	
10291	MAP/MAP048.BIN:012028	1	俺はカンド魔法より、\n軍隊の方がよっぽど物騒だと{0F}思うけどね。\nまったく、ルドルフ王は\n何を考えているんだろうね。{10}	
10292	MAP/MAP048.BIN:01209E	1	こちらではカンド魔法を\nお授けできます。{0F}カンド魔法を扱える方が\nいらっしゃれば、\nお授けいたしましょう。{10}	
10293	MAP/MAP048.BIN:012110	1	カンドの力が必要なときは\nいつでも、お寄りください。{10}	
10294	MAP/MAP048.BIN:012166	1	どなたにお授けいたしましょうか？{10}	
10295	MAP/MAP048.BIN:0121CC	1	カンドとチャッペルは\nその両方の魔法があってこそ{0F}人の役に立つものじゃ。{0F}チャッペルを残して\nカンドだけを追放しようとは・・・。{0F}その考えそのものが誤りじゃて。{10}	
10296	MAP/MAP048.BIN:012274	1	カンド魔法を追放しようとは・・・。{0F}まったく、\nけしからん考えじゃ。{10}	
10297	MAP/MAP048.BIN:0122BE	1	まあ、お客さまですか。\nどうぞ、ごゆっくり。{10}	
10298	MAP/MAP048.BIN:0122F0	1	{02}{14}本当いうとこの番兵小屋は、なかったハズなんだけどね。{0F}手違いで、建てられちゃったんで\n使わないわけにはいかないんだよ。{0F}困ったもんだよね。{10}	
10299	MAP/MAP048.BIN:012380	1	{02}{14}こら！ここは立ち入り禁止だ！！\n勝手にはいるんじゃない！{10}	
10300	MAP/MAP048.BIN:012530	1	{02}{0C}ぐずぐずしている暇はない。\n先へ急ぐんだ。{10}	
10301	MAP/MAP048.BIN:01260A	1	{09}\n\n{02}{01}ブリットって誰？{0E}{09}	
10302	MAP/MAP048.BIN:012622	1	\n{02}{0C}俺が城にいた頃に\n目をかけていた男だ。{0E}{02}{09}信用できるの？{0E}{02}{0C}こういう日のために\nあらかじめ予備知識は伝えておいた。{0F}敵の手に\n落ちているということはないだろう。{0E}	
10303	MAP/MAP048.BIN:012704	1	{02}{1E}連絡がついたぜ。{0E}モスコスの家の２階で\n落ち合おうとのことだ。{0E}{02}{0C}モスコスの家？{0E}{02}{1E}城の入口の\nすぐ、東側にある家だ。{0E}{02}{0C}そうか、ご苦労だった。{0E}{02}{1E}じゃあ、俺は店に戻るぜ。{0F}怪しまれると\nいけないからな。{0E}	
10304	MAP/MAP048.BIN:0127EE	1	{02}{0C}行ってみるか。{10}	
10305	MAP/MAP048.BIN:012875	1	ここで待っていたら、\nブリットって人がくるんだね。{0E}	
10306	MAP/MAP048.BIN:0128B0	1	{02}{01}本当に信用できるの？{0E}	
10307	MAP/MAP048.BIN:0128D0	1	{02}{0C}何かを信用しなければ、\n物事は何ひとつ進まないものだ。{0F}そういうものだ。{0E}	
10308	MAP/MAP048.BIN:012928	1	{02}{09}あ、来たわ。{0E}	
10309	MAP/MAP048.BIN:01297A	1	デュルゼル様。\nお久しゅうございます。{0E}{02}{0C}ブリット、変わりないな。{0E}{02}+はい、おかげさまで。{0E}{02}{0C}さっそくだが、城に入りたい。\n手はずをつけてもらえないだろうか。{0E}{02}+もちろんでございます。{0F}デュルゼル様が\nドルフェスに幽閉される前に\nおっしゃられたとおり、{0F}レバスと王妃には\n目を光らせておりました。{0F}もはや、異界の侵略は明白です。{0E}{02}{0C}城内の様子はどうだ？{0E}{02}+はあ・・・。{0F}	
10310	MAP/MAP048.BIN:012AE6	1	この方たちは？{0E}{02}{0C}かまわん。{0F}フォルティア国を守るために\n集まった仲間だ。{0F}隠す必要はない。{0E}	
10311	MAP/MAP048.BIN:012B4A	1	はい。{0F}せんだってから\n国境に投入を\n始めた兵士ですが・・・。{0F}彼らはレバスの怪しげな術により、\n魂を抜かれた兵士なのです。{0E}{09}\n\n{02}	
10312	MAP/MAP048.BIN:012BC7	1	魂を抜かれたって・・・？{0E}	
10313	MAP/MAP048.BIN:012BEC	1	兵士たちに意識はありません。{0F}彼らは命じられるままに\n恐怖も憐れみも感じず行動する、\n恐るべき兵団なのです。{0E}{09}{0F}\n{02}{09}なんてこと・・・。{0E}{09}	
10314	MAP/MAP048.BIN:012C70	1	\n{02}{0C}レバスが命令を下せば\n最後という訳か。{0E}{09}{0F}\n{02}{01}ねえ、その抜かれた魂は\nどうなったのかしら・・・？{0E}{02}+はっきりと断言はできませんが、{0F}レバスは天球儀を使って\n様々な術を行います。{0F}恐らく、\n兵士たちの魂は天球儀に{0F}吸い込まれているのでは\nないかと・・・。{0E}{09}	
10315	MAP/MAP048.BIN:012D67	1	\n{02}{0C}天球儀に・・・。{0F}そんなことが有り得るのか・・・。{0E}	
10316	MAP/MAP048.BIN:012DA8	1	レバスの儀式を\n見た者はいませんが、{0E}王妃と{0F}そのようなことを話しているのを\n耳にしたことがあります。{0F}たしか、\nその魂が波を招く力にもなると。{0E}{09}{0F}\n{02}{09}やはり、ラウアールの波とも\n関わりがあるのですね。{0E}{09}	
10317	MAP/MAP048.BIN:012E6C	1	\n{02}{0C}一刻も早く、天球儀を\n破壊するより、手はないか・・・。{0E}{02}+表だってには、\nまだ、知られていませんが{0F}もはや、ルドルフ王は\n執権を失っております。{0F}ルドルフ王は玉座に座ったまま、\nレバスの術のせいで\n１歩も動くことができないのです。{0F}申し訳ありません。\n私がいながら・・・。{0E}{02}{0C}ブリット、自分を責めるな。{0F}相手は異界の女王だ。\nいかにお前でも致し方あるまい。{0F}それより、\nどうやら道はハッキリと\nしてきたようだ。{0E}{02}+『さざなみは終わった』という合図を宿屋のサンペから受けましたが、{0F}やはり・・すべては・・・。{0E}{02}{0C}大いなる災いは\n避けられない事実のようだ。{0E}{02}+以前、デュルゼル様は\nさざなみが終わったのを{0F}確認したら戻ってくると\nおっしゃっていましたね。{0E}{02}{0C}ここにいるジュリオとクリスは{0F}銀の短剣を携えて、\n５つのシャリネを巡礼してきた。{0F}つまり、この２人が\nここにいるという事実が、{0F}相反する大いなる災いもまた、\n現実であるということを\n証明しているのだ。{0F}だから俺は・・・。\nドルフェスの塔から\n出る決意をしたのだ。{0E}{02}+さざなみはすでに終わり、\n大いなる災いが{0F}押し寄せているのですね。{0E}{02}{0C}我々が城へ入れるよう、\n手はずを頼む。{0E}{02}+はい、わかりました。{0F}門の内側で、\nできる限り待機しております。{0F}デュルゼル様たちが\n入口の兵士に話し掛けたら、\n折りを見て、出て行きます。{0F}不穏者の取り調べとでも言えば、\n兵士たちに怪しまれず、\n城内へ入ることができるでしょう。{0E}{02}{0C}よし、それでいこう。{0E}{02}	
10318	MAP/MAP048.BIN:013346	1	あ、ブリットさん。{0E}	
10319	MAP/MAP048.BIN:013362	1	それとね。{0F}後からボクたちを追いかけて、\n何人か仲間がくるんだ。{0E}{02}+わかった。{0F}では、その人たちも、\nなんとか城に入れるよう\n努力をしてみよう。{0E}{02}{0C}ブリット、頼んだぞ。{0E}	
10320	MAP/MAP048.BIN:013410	1	はい、\nできるだけのことはやってみます。{0F}では、私は、\nさっそく城門の方に。{0E}{02}{0C}うむ。頼んだ。{0E}	
10321	MAP/MAP048.BIN:013496	1	{02}{0C}１度城内に入ったら、\nそう簡単には戻ってこられまい。{0F}準備を整えるなら今のうちだぞ。{0E}{09}{0F}\n{02}	
10322	MAP/MAP048.BIN:0134F0	1	うん。{0E}{02}{09}はい。{0E}{02}{01}覚悟はできてるわ。{10}	
10323	MAP/MAP048.BIN:01354E	1	フォルティア国　ルード	
10324	MAP/MAP048.BIN:013598	1	\n{02}{01}ここね。\n城下町を抜けたら、すぐ城なのね。{0E}{09}\n\n{02}	
10325	MAP/MAP048.BIN:0135CA	1	兵士がいるよ。{0E}{09}	
10326	MAP/MAP048.BIN:0135DB	1	\n{02}{0C}大丈夫だ。\nあいつらは俺の顔を知らない。{0E}{02}{09}ここは、ひとまず、\n街で情報を集めましょう。{0E}城の様子が\n何かつかめるかも知れないわ。{0E}	
10327	MAP/MAP049.BIN:0000A4	3	ルード城	
10328	MAP/MAP049.BIN:0105A3	1	燭`ブリット隊長	
10329	MAP/MAP049.BIN:0105E6	7	ルドルフ王	
10330	MAP/MAP049.BIN:010626	5	グレリー	
10331	MAP/MAP049.BIN:010646	5	ワイルドキャット団	
10332	MAP/MAP049.BIN:010686	5	フードの男	
10333	MAP/MAP049.BIN:0106A6	5	山賊ども	
10334	MAP/MAP049.BIN:0106C6	7	アペゴ	
10335	MAP/MAP049.BIN:0106E6	7	グネス	
10336	MAP/MAP049.BIN:010706	7	ヌーラ	
10337	MAP/MAP049.BIN:010726	7	コンタ	
10338	MAP/MAP049.BIN:010BC2	1	{02}{15}・・・・・・・・。{0E}まったく反応がない。{10}	
10339	MAP/MAP049.BIN:010CF4	1	{02}{14}私はここでデュルゼル様たちの\nお仲間が来られたときにそなえて{0F}待機しております。{0F}	
10340	MAP/MAP049.BIN:010D4E	1	{02}{14}私がここに待機しておりますから\nご安心を。{10}	
10341	MAP/MAP049.BIN:010D80	1	ルドルフ王は\nうつろに目を開けている。{0F}反応がない。{10}	
10342	MAP/MAP049.BIN:010DC2	1	{02}{17}わ、私は何も知りません・・・。{0F}何も知りません・・・。{0E}{02}{01}おびえているんだわ。{10}	
10343	MAP/MAP049.BIN:010E1A	1	{02}{17}私は何も知りません。{0F}何も知りません・・・。{10}	
10344	MAP/MAP049.BIN:010E5E	1	{02}{17}し、知らないうちに、\n城の地下に迷宮のような{0F}地下通路ができていたの・・・。{0F}どこかに\nつながっているのかしら・・・。{0F}地の底まで\n深く続いているようで・・・。\nなんだか恐いわ。{10}	
10345	MAP/MAP049.BIN:010F26	1	{02}{18}おお、デュルゼル殿。ご無事で。{0E}{02}{0C}グレリー。\nお前も無事だったか？{0E}{02}{18}はい。\n王妃とレバスは外交のために\n一部の者だけは、{0F}洗脳せずにいたのです。{0F}もう、この城の男でまともなのは、\nブリット隊長と\n私くらいなものです。{0F}天儀室へお急ぎください。{0F}レバスは儀式を\nいよいよ完成しようとしております。{10}	
10346	MAP/MAP049.BIN:01104E	1	{02}{18}天儀室へお急ぎください。{0F}レバスは儀式を\nいよいよ完成しようとしております。{10}	
10347	MAP/MAP049.BIN:0110A0	1	{02}{18}王妃は\nこの城のどこかにいるはずです。{10}	
10348	MAP/MAP049.BIN:0111FC	1	銅の錠がかかっている。{10}	
10349	MAP/MAP049.BIN:011226	3	合う鍵を持っていないようだ。{10}	
10350	MAP/MAP049.BIN:011248	1	ジュリオたちは{01}zを使った。{0E}鍵が開いた。{10}	
10351	MAP/MAP049.BIN:0112C4	1	扉は固く閉ざされている。{0E}{02}{0C}だめだ・・・。\n内側からカンヌキが下りている。{0F}外からは開けられそうもない。{10}	
10352	MAP/MAP049.BIN:011334	1	扉は固く閉ざされている。{10}	
10353	MAP/MAP049.BIN:011408	2	またー！？{10}	
10354	MAP/MAP049.BIN:011416	2	{02}{01}どうなってるのよ？{10}	
10355	MAP/MAP049.BIN:01143A	2	え！？{10}	
10356	MAP/MAP049.BIN:011444	2	{02}{01}なに！？飾りじゃないの？{10}	
10357	MAP/MAP049.BIN:01180E	1	{02}{0C}ルドルフ王！{0E}	
10358	MAP/MAP049.BIN:011828	1	ルドルフ王はうつろに\n目を開けている。{0F}反応がない。{0E}	
10359	MAP/MAP049.BIN:011862	1	{02}{09}中庭の兵士たちと同じだわ。{0E}{02}{0C}レバスめ・・・。{0F}天球儀を破壊しなければ、\n元には戻らんか・・・。{10}	
10360	MAP/MAP049.BIN:011938	1	鋼の錠がかかっている。{10}	
10361	MAP/MAP049.BIN:011984	1	ジュリオたちは{01}yを使った。{0E}鍵が開いた。{10}	
10362	MAP/MAP049.BIN:011A14	1	鉄の錠がかかっている。{10}	
10363	MAP/MAP049.BIN:011A60	1	ジュリオたちは{01}xを使った。{0E}鍵が開いた。{10}	
10364	MAP/MAP049.BIN:011B53	1	きっと、\n玉座から左に抜ける出口の方から{0F}道が開けるかも。{10}	
10365	MAP/MAP049.BIN:011B98	1	{02}{01}ええ、行ってみましょう。{10}	
10366	MAP/MAP049.BIN:011BF4	1	{02}{01}きゃっ？！{10}	
10367	MAP/MAP049.BIN:011C88	1	{02}{03}当ったりぃー。{10}	
10368	MAP/MAP049.BIN:011CFE	1	グース！？{0F}シャーラ！{0E}{02}{03}よう、くそガキども！{0E}{02}{02}話はハックから聞いたよ。{0E}{02}{03}また、あいつかよ・・・。{10}	
10369	MAP/MAP049.BIN:011D6C	1	{02}{03}おや？\nなんか光った。{0F}さっきの魔獣の持ち物かな？{10}	
10370	MAP/MAP049.BIN:011DBA	1	{02}{02}金目のモノならいただきだよ。{0E}	
10371	MAP/MAP049.BIN:011DEC	1	{02}{03}ちぇっ。{0F}なんだ、銅の鍵だぜ。{0F}つまんねーの。{0F}やるよ。{0E}	
10372	MAP/MAP049.BIN:011E48	1	{02}{0C}この鍵は魔獣兵が持っていたもの。\n後できっと役に立つだろう。{0E}ジュリオたちは{01}zを手に入れた。{0E}	
10373	MAP/MAP049.BIN:011EAC	1	{02}{03}勘違いするなよ。{0F}俺たちは、別にお前たちを\n助けにきたワケじゃねーからな。{0F}宝でもねーかと\nギドナの遺跡に遠征して行ったら、\nハックに会ったんだ。{0F}この城の方が、\nいい宝に巡り会えそうだってんでな。{0F}ああ、そうだ。\nハックからの伝言だけ伝えてやる。{0E}{02}{03}えーと、なんだっけ？{0E}{02}{02}なんだか、\nややこしいことを言ってたわね。{0F}天球儀の表面には成長した表皮が\nついているはずだ。{0F}破壊する前に\n表皮をすべて取り除かなければ\nダメだとか何とかって。{0F}わかったかい？{0F}ハックもすぐに追いつくって\n言ってたよ。{0E}{02}{03}そういうワケだ。{0F}じゃあな。{0E}	
10374	MAP/MAP049.BIN:0120C8	1	{02}{03}野郎ども、行くぜ！{0E}{02}{1C}うおーっ！{10}	
10375	MAP/MAP049.BIN:01213E	1	{09}\n\n{02}{01}な・・なんなの・・・。{10}	
10376	MAP/MAP049.BIN:012226	1	{09}\n\n{02}{01}また魔獣鎧だわ！{0E}{09}\n\n{02}	
10377	MAP/MAP049.BIN:012241	1	今度は突然現れたよ。{0E}{09}	
10378	MAP/MAP049.BIN:012258	1	\n{02}{09}レバスの術によって\n召喚されたのかしら。{10}	
10379	MAP/MAP049.BIN:012510	1	{02}{14}失礼しました。{0E}{02}{0C}いや、手はずどおりだ。\n助かった。{0E}{02}{14}中庭には大勢の兵士がいますが、\n皆、レバスの術により、{0F}意識を封じられています。{0F}レバスは小隊ごとに術をかけ、\n最後にその隊のリーダーとなる者に\n術を施して国境へ送るのです。{0E}{02}{01}その人たちと戦わなきゃいけないの？{0E}{02}{14}今、中庭にいる兵士たちは\nレバスが命令を下すまでは{0F}１歩も動きません。{0F}戦わずとも大丈夫。\n気にせず奥へと進んでください。{0F}私はここでデュルゼル様たちの\nお仲間が来られたときにそなえて\n待機しております。{0E}{02}{0C}すまんな。{0E}{02}{14}どうか、お気をつけて。{10}	
10380	MAP/MAP049.BIN:012826	2	ジュリオ、勝負よ。負けないわよ。{0E}	
10381	MAP/MAP049.BIN:01284C	3	うん。ボクだって負けないよ。{0E}	
10382	MAP/MAP049.BIN:01286E	1	望むところよ。{0E}	
10383	MAP/MAP049.BIN:012882	1	ジャンケン、ポイっ！{0E}あいこで、しょっ！{0E}	
10384	MAP/MAP049.BIN:0128B0	1	私の勝ち。{10}	
10385	MAP/MAP049.BIN:0128C0	3	ジャンケン、ポイっ！{0E}	
10386	MAP/MAP049.BIN:0128DA	1	また、私の勝ち。{10}	
10387	MAP/MAP049.BIN:0128F0	1	ジャンケン、ポイっ！{0E}あいこで、しょっ！{0E}あいこで、しょっ！{0E}あいこで、しょっ！{0E}	
10388	MAP/MAP049.BIN:012944	3	ボクの勝ちだ。{10}	
10389	MAP/MAP049.BIN:012972	3	やった、ボクの勝ちだ。{10}	
10390	MAP/MAP049.BIN:01298E	2	ちょっと悔しいわね。{0E}	
10391	MAP/MAP049.BIN:0129C2	3	やった、また勝った。{10}	
10392	MAP/MAP049.BIN:0129DA	1	{02}{03}わざわざ城の中を\nもう１度調べ直したのに、\nなんで宝がねーんだ。{0E}	
10393	MAP/MAP049.BIN:012A1E	2	{02}{02}まったく、シケた城だね。{0E}	
10394	MAP/MAP049.BIN:012A3C	1	{02}{1D}帰ろ、帰ろ。{0E}	
10395	MAP/MAP049.BIN:012A4E	1	{02}{1E}うん。帰ろ、帰ろ。{0E}	
10396	MAP/MAP049.BIN:012A66	3	{02}{03}あ。{0E}	
10397	MAP/MAP049.BIN:012A70	1	{02}{03}ガキどもは\nいつも元気だな。{0E}	
10398	MAP/MAP049.BIN:012A92	1	{02}{02}村に帰るんだってね。{0F}気をつけて帰るんだよ。{0E}あんたたちとの旅は\n最高に面白かったよ。{0E}	
10399	MAP/MAP049.BIN:012AEC	2	{02}{03}悪いけど見送りはしないぜ。{0E}オレたちは\nこう見えても忙しい身なんでな。{0E}	
10400	MAP/MAP049.BIN:012B36	3	{02}{02}本当は涙もろいんだよ。{0E}	
10401	MAP/MAP049.BIN:012B52	2	{02}{03}うるせーやい。{0E}	
10402	MAP/MAP049.BIN:012B66	2	{02}{02}じゃあ、そういう訳だから。{0E}元気でね、お２人さん。{0E}	
10403	MAP/MAP049.BIN:012B9E	2	{02}{03}あばよ。{0E}	
10404	MAP/MAP049.BIN:012BAC	2	{02}{02}また、どっかで会えればいいネ。{0E}	
10405	MAP/MAP049.BIN:012BD2	3	さよなら！{0E}ボクたちも楽しかったよ。{10}	
10406	MAP/MAP049.BIN:012BFC	3	グース！{0E}	
10407	MAP/MAP049.BIN:012C08	1	{02}{03}なんだよ？{0E}	
10408	MAP/MAP049.BIN:012C1A	3	ウドル国境で\n女の人を口説いてたことは\n話してないからね！{0E}	
10409	MAP/MAP049.BIN:012C56	1	{02}{03}げっ・・・。{0E}やべっ、逃げよ。{10}	
10410	MAP/MAP049.BIN:012C7A	1	{02}{02}いいこと聞いた。{0E}これでまた当分のあいだ\nグースはあたしに頭が上がらないわね。{10}	
10411	MAP/MAP049.BIN:012CCC	1	{02}{1D}あばよ。{10}	
10412	MAP/MAP049.BIN:012CDA	1	{02}{1F}あばよ。{10}	
10413	MAP/MAP049.BIN:012CEA	1	あばよ。{10}	
10414	MAP/MAP049.BIN:012CF6	1	{02}{1E}あべよ。{10}	
10415	MAP/MAP049.BIN:012D06	1	行っちゃった。{0E}	
10416	MAP/MAP049.BIN:012D1A	2	またきっと、いつか会えるよ。{0E}	
10417	MAP/MAP049.BIN:012D3C	1	うん。{0E}じゃあ、ジュリオ。{0E}勝負の続きよ。{0E}	
10418	MAP/MAP049.BIN:012D76	1	ジャンケン、ポイっ！{0E}あいこで、しょっ！{10}	
10419	MAP/MAP050.BIN:0000A4	2	イザベルの塔	
10420	MAP/MAP050.BIN:00D2EE	2	グースの声	
10421	MAP/MAP050.BIN:00D30E	1	アルフレッドの声	
10422	MAP/MAP050.BIN:00D32E	2	ハックの声	
10423	MAP/MAP050.BIN:00D36E	1	ローディの声	
10424	MAP/MAP050.BIN:00D38E	1	バダットの声	
10425	MAP/MAP050.BIN:00D3AE	2	山賊たち	
10426	MAP/MAP050.BIN:00D3FE	1	{02}{02}こうなったら乗り掛かった船だ。\nここは、あたしたちにお任せ。{10}	
10427	MAP/MAP050.BIN:00D442	1	{02}{02}安心しな。{0F}天儀室には\n奴らを１歩も入れやしないよ。{10}	
10428	MAP/MAP050.BIN:00D47C	1	{02}{02}これだけの人数でかかりゃすぐだよ。{0F}ここはあたしたちに任せて、\n早く王妃とやらを探しに行きな。{10}	
10429	MAP/MAP050.BIN:00D4EA	1	{02}{03}ここは俺たちにまかせて{0F}早く天球儀とやらを\nぶっ壊してこいよ。{10}	
10430	MAP/MAP050.BIN:00D532	1	{02}{03}魔獣が入ってきたら\n袋叩きにしてやるぜ！{0E}	
10431	MAP/MAP050.BIN:00D56C	1	{02}{1F}安心しろっち。{0F}ここの固めはカンペキだっち。{10}	
10432	MAP/MAP050.BIN:00D5A0	1	{02}{1F}えっこらしょ、よっこらせ。{10}	
10433	MAP/MAP050.BIN:00D5CE	1	もう、ドジは踏まねーぞ。{0F}魔獣が登ってきたら、\nここからケリ落としてやるっち。{10}	
10434	MAP/MAP050.BIN:00D622	1	お頭ーっ。\nでえーじょーぶか！{0F}掘るっち、掘るっち。{10}	
10435	MAP/MAP050.BIN:00D664	1	{02}{1D}また、一文にもならない仕事を\nしてるんだよな。{10}	
10436	MAP/MAP050.BIN:00D69A	1	{02}{1D}そらよ、どっこいしよ。{10}	
10437	MAP/MAP050.BIN:00D6C2	1	{02}{1E}いいから早く、\n天球儀とかいうのを壊してこいよ。{10}	
10438	MAP/MAP050.BIN:00D6FA	1	{02}{1E}おいっさ、おいっさ。{10}	
10439	MAP/MAP050.BIN:00D768	1	カンヌキが下りている。{0E}ジュリオはカンヌキを外した。{10}	
10440	MAP/MAP050.BIN:00D83E	1	{02}{0C}ん・・・？\nこの本は・・・。{0E}	
10441	MAP/MAP050.BIN:00D868	1	背表紙に《黒き波を召喚する法》と\n書かれた本がある。{0E}読んでみますか？{0E}	
10442	MAP/MAP050.BIN:00D8C0	1	デュルゼルは手にとって\n本を開いてみた。{0E}	
10443	MAP/MAP050.BIN:00D906	1	怪しげな本がたくさん並んでいる。{10}	
10444	MAP/MAP050.BIN:00D986	1	待ち伏せだよ！{10}	
10445	MAP/MAP050.BIN:00D998	1	{02}{0C}こしゃくな。{10}	
10446	MAP/MAP050.BIN:00DA64	1	ん・・・？{10}	
10447	MAP/MAP050.BIN:00DB40	1	グース！{0E}{02}{03}急げよ！{0F}なんだか知らねーが、\n魔獣兵士どもが押し寄せてきてるぜ！{0E}{02}{01}助けに来てくれたの？{0E}{02}{02}逃げてきたんだよ。{0E}{02}{03}ほら、きた。{0E}{02}{01}私たち、{0F}この奥にある天球儀を\n壊さなければならないの。{0E}{02}{02}そのことならハックから聞いたよ。{0F}天球儀を壊せば、\nあの魔獣たちもなんとかなるかも\n知れないしね。{0F}こうなったら乗り掛かった船だ。\nここは、あたしたちにお任せ。{0E}{02}{03}けっ、安請け合いしやがって。{0E}{02}{02}行くよ！{0E}{02}'うおーっ！{0E}{02}{03}しょうがねぇなあ。\nここはオレたちが見ててやる。{0F}早く天球儀とやらを\nぶっ壊してこいよ。{10}	
10448	MAP/MAP050.BIN:00DD9C	1	{02}{0C}この奥が天儀室だ。{0F}レバスがいるはずだ。{0F}ぬかるなよ。{0E}	
10449	MAP/MAP050.BIN:00DEDE	1	{02}{03}こりゃ、キツイぜ。{0E}	
10450	MAP/MAP050.BIN:00DEFC	1	{02}{02}あの上なら場所がいい。{0E}{02}{03}よーし、\nアペゴとグネスは\n階段の踊り場を守れ！{0F}ヌーラとコンタは階段の上だ！{0E}{02}'うおーっ！{0E}	
10451	MAP/MAP050.BIN:00E01E	1	{02}{02}あんたたちは白き魔女が残した\n希望の道なんだろ。{0F}ハックがそんなこと言ってたよ。{0F}さあ、行きな。{0F}天儀室には\n奴らを１歩も入れやしないよ。{0E}{02}{03}こっからは１歩も退けねーぜ。\nわかってんな！{0E}{02}'うおーっ！{0E}{02}{03}来るぞ！{10}	
10452	MAP/MAP050.BIN:00E142	1	{09}{09}\n{02}{02}ジュリオ、クリス！{0E}	
10453	MAP/MAP050.BIN:00E16E	1	あんた達、どこに行く気なんだい？\n天球儀とやらはこの中だよ。{10}	
10454	MAP/MAP050.BIN:00E7B8	1	\n{02}{02}よかった・・・。\n無事だったんだね！{10}	
10455	MAP/MAP050.BIN:00E7EA	1	{02}{0C}いかん・・・。\n天球儀が落ちたショックで\n建物全体がもろくなっているようだ。{10}	
10456	MAP/MAP050.BIN:00E8B2	1	\n{02}{01}ねぇ、大丈夫！{10}	
10457	MAP/MAP050.BIN:00E8CA	1	だいじょうぶ！{10}	
10458	MAP/MAP050.BIN:00E8DC	1	{02}{02}詰まっちまったのかい？{10}	
10459	MAP/MAP050.BIN:00E8FE	1	おう、シャーラ。\n大丈夫だ。{10}	
10460	MAP/MAP050.BIN:00E920	1	中の者はすべて無事だ。{0F}ひと足先に君たちは\n王妃を探しに行ってくれ。{0F}私たちもすぐに追いつく。{10}	
10461	MAP/MAP050.BIN:00E982	1	王妃を探すんだ。{0F}ラウアールの波を食い止める\n最後のチャンスだ。{10}	
10462	MAP/MAP050.BIN:00E9C6	1	ジュリオ様たちは、\nどうぞ、先をお急ぎください。{0F}一刻の猶予もなりません。{10}	
10463	MAP/MAP050.BIN:00EA14	1	こっちに構うな。\nラウアールの波のことが心配だ。{0F}先に行ってくれ。{10}	
10464	MAP/MAP050.BIN:00EA5A	1	このくらいの石なら\n俺たちだけでも、すぐにどけられる。{0F}心配ねーよ。{10}	
10465	MAP/MAP050.BIN:00EAA8	1	{02}{02}集合ーっ！{10}	
10466	MAP/MAP050.BIN:00EB0A	1	\n{02}{02}早く、通れるようにするんだよ。{10}	
10467	MAP/MAP050.BIN:00EB30	1	{02}{02}はじめ！{10}	
10468	MAP/MAP050.BIN:00EB40	1	おーっ！{10}	
10469	MAP/MAP050.BIN:00EBA4	1	\n{02}{02}さぁ。{0E}{02}{02}ここはあたしたちに任せて、\n早く王妃とやらを探しに行きな。{10}	
10470	MAP/MAP051.BIN:0000A2	1	禹ラグーナ船着場	
10471	MAP/MAP051.BIN:00E0F7	1	辱買gンジャ	
10472	MAP/MAP051.BIN:00EE1A	1	{02}{14}マストを自在に操れるようになりゃ\n１人前の船乗りと言えるだろうな。{10}	
10473	MAP/MAP051.BIN:00EE86	1	{02}{1E}俺は船で航海している時も\n大好きだけど、{0F}桟橋につながれた船を見ながら\nのんびりするのも好きなんだ。{10}	
10474	MAP/MAP051.BIN:00EEF0	1	{02}{1E}今年最後のニーリ行きだ。{0F}鷹の爪号の準備も終わったし\n後は出港を待つばかり。{10}	
10475	MAP/MAP051.BIN:00EF42	1	{02}{1E}おう、巡礼の少年少女。{0F}いよいよフォルティア国を出て\nメナート国入りだな。\nさぁ、早いとこ乗っちまってくれ。{10}	
10476	MAP/MAP051.BIN:00F12F	1	おっかしいな～。{0F}クリスったら\nどこに行っちゃったんだろう？{10}	
10477	MAP/MAP051.BIN:00F17D	1	あ、いけね！\n急がなくっちゃ。{10}	
10478	MAP/MAP051.BIN:00F1AA	1	\n{02}{01}まだ、出港には時間があるわ。{0F}ハックおじさんに\n会いに行ってみましょうよ。{10}	
10479	MAP/MAP051.BIN:00F206	1	\n{02}{01}ジュリオ！\n早くしないと船が出ちゃうわよ。{10}	
10480	MAP/MAP051.BIN:00F2B4	2	{02}{14}へい！{0F}	
10481	MAP/MAP051.BIN:00F2C6	2	船内はいろんな準備で\n大わらわなんだ。{0F}いい子だから上甲板だけで\nガマンしてくんな。{10}	
10482	MAP/MAP051.BIN:00F4AC	1	{02}{17}ほらほら。\n見物なら後でゆっくりやりな。{0F}俺だってヒマじゃないんだからよ。{0E}	
10483	MAP/MAP051.BIN:00F590	1	{02}{17}だからよ\n後でいくらでも見物させてやるから{0F}ついてこいって。{0E}	
10484	MAP/MAP051.BIN:00F6B5	1	ね、\nこの船メナート国に行くんでしょ？{0E}	
10485	MAP/MAP051.BIN:00F6EC	1	{02}{17}ああ、そうとも。{0F}メナート国の\nニーリまでの直航便だ。{0E}	
10486	MAP/MAP051.BIN:00F72E	1	{09}{0A}\n{02}{01}よかった、まにあって。\n私たち巡礼の旅なんです。{0E}	
10487	MAP/MAP051.BIN:00F7D2	1	{02}{17}おっ！　銀の短剣じゃないか。\n久しぶりに見たなぁ。{0F}それがあるなら\n船賃はタダだったろ？{0F}{19}{0F}ただし、{19}	
10488	MAP/MAP051.BIN:00F86E	1	{02}{1D}ただし・・・？{0E}	
10489	MAP/MAP051.BIN:00F88A	1	{02}{17}男は船内の掃除、女は料理と洗濯。\nさぼったらサメのエサだ。{0E}	
10490	MAP/MAP051.BIN:00F8CE	1	{02}{1D}え～っ！{0E}	
10491	MAP/MAP051.BIN:00F8F4	1	{02}{17}ははは。冗談、冗談。\n船長に紹介するから来いよ。{0E}	
10492	MAP/MAP051.BIN:00F9BC	1	{02}{1E}ちょっと待った！{0E}	
10493	MAP/MAP051.BIN:00F9F0	1	{02}{1E}鷹の爪号に乗るのなら、\nキップを見せてくれ。{0F}	
10494	MAP/MAP051.BIN:00FA60	1	おっ、銀の短剣か！\n巡礼の旅人なら\nキップなんていらねぇや。{0F}そろそろニーリに向けて出港するぜ。急いで乗船してくれ。{10}	
10495	MAP/MAP051.BIN:00FB2A	2	{02}{17}ジルバ船長、ちょっといいですか？\n珍しいお客さんですぜ。{0F}巡礼の旅人っすよ。{0E}	
10496	MAP/MAP051.BIN:00FB82	2	{02}{1C}なに？　巡礼の旅人だって。{0F}そりゃあ縁起がいい。\nさっそく入ってもらえ。{0E}	
10497	MAP/MAP051.BIN:00FD8E	1	{02}{19}さぁ、テス。\n先に上がって。{0E}	
10498	MAP/MAP051.BIN:00FDB4	1	{02}{1A}ふふ、やさしいのね。{0E}	
10499	MAP/MAP051.BIN:00FE16	1	{02}{1B}ごくろうさん。\nこれは少ないが、とっておきたまえ。{0E}	
10500	MAP/MAP051.BIN:00FE56	1	{02}{1E}い、いいんですか？{0E}	
10501	MAP/MAP051.BIN:00FE72	1	{02}{1B}ニーリまで私を運んでくれる\n君たちに対してせめてもの敬意だよ。{0F}遠慮する必要はない。{0E}	
10502	MAP/MAP051.BIN:00FED2	1	{02}{1E}それじゃ、ありがたく。{0E}	
10503	MAP/MAP051.BIN:00FF36	1	{09}{08}\n{02}{02}あんたのせいで\nせっかくのお宝は取り損なうわ{0F}道に迷うわ、さんざんだよ！！{0E}	
10504	MAP/MAP051.BIN:00FF90	1	{09}{0A}\n{02}{03}天は二物を与えずって言うだろ？{0F}俺は色男だから、ちょっとくらい\n抜けててちょうどいいのさ。{0E}	
10505	MAP/MAP051.BIN:00FFFA	1	{09}{09}\n{02}{02}お宝を落とすのが\nちょっと抜けてるだけだって！？{0E}	
10506	MAP/MAP051.BIN:010032	1	目の前に美貌と賢さを\n備えた女がいるのよ。\n口のきき方には気をつけるのね。{0E}	
10507	MAP/MAP051.BIN:0100BA	1	{09}\n\n{02}{03}どこ？{0E}	
10508	MAP/MAP051.BIN:0100D2	1	{09}{09}\n{02}{02}もういい！\nさっさと船に乗り込むよ！{0E}	
10509	MAP/MAP051.BIN:0101F0	1	{02}{1C}ジュリオ君、クリス君。\n君たちは本当によく働いてくれた。{0F}それに、盗まれた品が戻ったのも\n本船が無事にニーリに到着したのも\nすべて君たちのおかげだ。{0F}本当に感謝している。\nこれは少ないが、感謝の気持ちだ。\n取っておいてくれ。{0E}ジルバ船長は、\n航海をともにした仲間として\n１００ピアを２人に渡しました。{10}	
10510	MAP/MAP051.BIN:010327	1	ありがとう、ジルバ船長。{10}	
10511	MAP/MAP051.BIN:010344	1	{09}{0A}\n{02}{01}ありがとうございます。{10}	
10512	MAP/MAP051.BIN:010369	1	そうだ、酔い止めの薬を\n返しておかなきゃ。{10}	
10513	MAP/MAP051.BIN:0103BE	1	{02}{1C}あの薬ならいいよ、\n持っていたまえ。{0F}長い旅だ。\nまた必要になる時もあるだろう。{0F}無事にオルドスに\n着くことを祈っているよ。{0F}がんばりたまえ！{10}	
10514	MAP/MAP051.BIN:010450	1	{02}{1D}はい！{10}	
10515	MAP/MAP051.BIN:010474	1	{02}{14}ジュリオは船乗りの才能があるぜ。{0F}もし、巡礼の旅が終わって\nその気があったら、鷹の爪号に来いよ！{10}	
10516	MAP/MAP051.BIN:0104F1	1	うん！{0F}・・・でも、まだ何になるか\nわかんないや。{10}	
10517	MAP/MAP051.BIN:01052E	1	{02}{15}はははっ！\n確かにそうだ。{0F}俺なんか18になるまで、\nぶらぶらしてたからな。{10}	
10518	MAP/MAP051.BIN:0105AE	1	{02}{15}さぁ、別れが辛くならぁ。{0F}下でハックさんと、\nロジャー夫婦が待ってるぜ。\n元気でな！{10}	
10519	MAP/MAP051.BIN:010614	1	{09}{0E}\n{02}{01}コック長\nお料理を教えてくれてありがとう。{10}	
10520	MAP/MAP051.BIN:01064E	1	{02}{16}なになに。\n料理は愛情じゃ。{0F}心をこめて作る料理が\n１番おいしいんじゃよ。{10}	
10521	MAP/MAP051.BIN:0106AA	1	{02}{18}しっかし、あの２人組は\n本当に変わってるよな。{0F}接岸と同時に、\nさっさと降りちまったよ。\n船長が礼をしようとしたのにさ。{10}	
10522	MAP/MAP051.BIN:010724	1	{02}{16}さぁ、クリス嬢ちゃん。\nジュリオ君が待っとるよ。{0F}うう、\nこの歳になると涙もろくていかん。{10}	
10523	MAP/MAP051.BIN:010786	1	{09}{0E}\n{02}{01}・・・コック長、体に気をつけて。{10}	
10524	MAP/MAP051.BIN:0107DF	1	じゃあ、またね！{10}	
10525	MAP/MAP051.BIN:0107F8	1	{09}{0A}\n{02}{01}巡礼の旅が終わったら\nまた、いつか乗せてね。{10}	
10526	MAP/MAP051.BIN:01086A	1	{02}{17}今だから言うけど{0F}船長は巡礼の旅人が来るたびに{0F}仕事を与えて\n世の中の厳しさを教えているんだ。{0E}	
10527	MAP/MAP051.BIN:0108DC	1	{02}{17}でも本当は、お金だけ渡すのが\n照れ臭いからだろうな。{10}	
10528	MAP/MAP051.BIN:010916	1	{02}{17}しっかし、\nこの航海はハプニング続きだったが{0F}ジュリオと、クリスちゃんのおかげで楽しかったぜ。{10}	
10529	MAP/MAP051.BIN:010978	1	{02}{17}巡礼の旅が終わったら、\n飲み明かしたいな！{10}	
10530	MAP/MAP051.BIN:0109DC	1	{02}{19}僕らも、君たちのおかげで\n時計とコートが戻ったし。{0F}本当に助かったよ。{10}	
10531	MAP/MAP051.BIN:010A2C	1	{02}{1A}でも、まだヘストンさんが\n犯人だったなんて、信じられないわ。{10}	
10532	MAP/MAP051.BIN:010A74	1	{02}{19}いい勉強になったじゃないか。{0F}何よりも、\nジュリオ君たちと知り合えたのが\nこの旅行の収穫さ。{10}	
10533	MAP/MAP051.BIN:010ADE	1	それじゃ、ジュリオ君、\nクリスちゃん。{0F}僕たちは行くね。{10}	
10534	MAP/MAP051.BIN:010B1C	1	{09}{0A}\n{02}{01}お幸せに。{10}	
10535	MAP/MAP051.BIN:010B35	1	元気でね。{10}	
10536	MAP/MAP051.BIN:010B4C	1	{02}{19}ありがとう。\n２人の旅の成功を祈ってるよ。{10}	
10537	MAP/MAP051.BIN:010BDC	1	{02}\n気分はどうかね？{0F}無事に入港できてなによりだった。{0F}なかなか有意義な旅だったな。{10}	
10538	MAP/MAP051.BIN:010C54	1	{09}{0A}\n{02}{01}ハックおじさんが\nあんなに頼りになるなんて、\n思わなかったわ。{10}	
10539	MAP/MAP051.BIN:010C9E	1	{02}\nまぁ、私の知識を応用すれば\nあれくらい造作もないことだ。{10}	
10540	MAP/MAP051.BIN:010CE2	1	おじさんは、これからどうするの？{10}	
10541	MAP/MAP051.BIN:010D0A	1	{02}\nおお、よくぞ聞いてくれた。{0F}わが研究の永遠のテーマ、\n白き魔女は{0F}このメナート国にも、\n数々の予言を残している！{0E}それらの言葉から、\n彼女が何を言わんとし{0F}何を導こうとしていたのか・・・。{10}	
10542	MAP/MAP051.BIN:010DD3	1	ちがうよ。{0F}借りたお金のことだよ。{10}	
10543	MAP/MAP051.BIN:010DFC	1	{02}\nああ、そのことかね。{0F}幸い船長から\nまとまったお金がもらえたし{0F}これでしばらくは\n研究資金には困らない。{10}	
10544	MAP/MAP051.BIN:010E7E	1	{09}{09}\n{02}{01}おじさん！{0F}まじめに返さないとダメなんだから！{10}	
10545	MAP/MAP051.BIN:010EBE	1	{09}{0B}\n{02}\nおっ！\n神秘と知識が私を呼んでいる！{10}	
10546	MAP/MAP051.BIN:010EF0	1	{09}{0B}\n{02}\nまた会うこともあるだろう。{0F}さらばだ！{10}	
10547	MAP/MAP051.BIN:010F52	1	{02}{1D}・・・行っちゃった。{10}	
10548	MAP/MAP051.BIN:010FBC	1	{02}{17}ほら、お前たちも行きな。{0F}別れが辛くなっちまう。{0E}メナート国は寒いところだが{0F}その分ハートが\nあったかい人たちばかりだ。{0F}無事に巡礼の旅が終わるといいな。{10}	
10549	MAP/MAP051.BIN:011061	1	うん。いろいろありがとう。{10}	
10550	MAP/MAP051.BIN:011080	1	{09}{0A}\n{02}{01}今度会うときには\nもっとお料理うまくなってるからね。{10}	
10551	MAP/MAP051.BIN:0110C4	1	{02}{17}ははっ！　期待してるぜ。{10}	
10552	MAP/MAP051.BIN:0110FB	1	行こ、クリス。{10}	
10553	MAP/MAP052.BIN:0000A4	3	ラグピック村	
10554	MAP/MAP052.BIN:01349D	1	{14}ジュリオの父	
10555	MAP/MAP052.BIN:01365E	2	トロバ	
10556	MAP/MAP052.BIN:0137BC	1	{02}{01}お母さんのオルゴールが聞きたいの？いいわよ。{0E}	
10557	MAP/MAP052.BIN:0137F0	1	いつ聞いても、きれいな曲だね。{0E}{02}{01}そうでしょ。\nわたしもこの曲大好きなの。{10}	
10558	MAP/MAP052.BIN:013872	1	\n{02}{01}ジュリオ、もうすぐね。{0E}みんな元気にしているかしら。{0E}	
10559	MAP/MAP052.BIN:0138C5	1	なんだか、わくわくするね。{10}	
10560	MAP/MAP052.BIN:013901	1	ラップじいさんいるかなぁ。{0E}	
10561	MAP/MAP052.BIN:01394A	1	{02}{01}ラップじーさーん！{10}	
10562	MAP/MAP052.BIN:01397A	1	{02}{01}いないわね。{0E}村の方に行っているのかしら。{0E}	
10563	MAP/MAP052.BIN:0139D4	1	うん。きっと、そうだよ。{0E}行こう、行こう。{10}	
10564	MAP/MAP052.BIN:013A60	1	{02}{01}へんね、誰もいないじゃない。{0E}	
10565	MAP/MAP052.BIN:013AAA	1	{09}{0E}\n{02}{01}みんな、どこ行っちゃったのかしら？{0E}	
10566	MAP/MAP052.BIN:013ADC	1	まさか・・・。{0E}	
10567	MAP/MAP052.BIN:013AF6	1	{09}{0F}\n{02}{01}え？{0E}まさかって・・・何よ？{0E}	
10568	MAP/MAP052.BIN:013B20	1	アロザの宿屋でね、夢を見たんだ。{0E}	
10569	MAP/MAP052.BIN:013B4C	1	{02}{01}夢って、どんな？{0E}	
10570	MAP/MAP052.BIN:013B6B	1	・・・・・・・・。{0E}あんまりいい夢じゃないよ。{0E}	
10571	MAP/MAP052.BIN:013BA4	1	{09}{08}\n{02}{01}もったいつけないで、教えてよ。{0E}よけい心配になっちゃうじゃない。{0E}	
10572	MAP/MAP052.BIN:013BF5	1	う、うん。{0E}村に帰ってきた夢だったんだけど、\nその夢と同じなんだ。{0E}ラップじいさんも家にいなかったし、村にも誰も・・・{0F}ログ以外は誰もいなかったんだ。{0E}	
10573	MAP/MAP052.BIN:013C94	1	{09}{08}\n{02}{01}ログはいたのね？{0E}	
10574	MAP/MAP052.BIN:013CB7	1	うん。{0E}でも、倒れてた。{0E}	
10575	MAP/MAP052.BIN:013CDA	1	{09}\n\n{02}{01}えっ？{0E}どこに？{0E}	
10576	MAP/MAP052.BIN:013CF8	1	こっ、こっちだよ。{10}	
10577	MAP/MAP052.BIN:013D42	1	{02}{01}う、うそ・・・。{0E}正夢・・・？{0E}夢の続きはどうだったの？{0E}	
10578	MAP/MAP052.BIN:013D94	1	わかんない。{0E}	
10579	MAP/MAP052.BIN:013DAC	1	{09}{08}\n{02}{01}どうして？{0E}	
10580	MAP/MAP052.BIN:013DC9	1	起こされたから。{0E}	
10581	MAP/MAP052.BIN:013DE6	1	{09}{09}\n{02}{01}まったく、誰が起こしたのよ。{0E}	
10582	MAP/MAP052.BIN:013E15	1	クリスだよ。{0E}	
10583	MAP/MAP052.BIN:013E2E	1	{02}{01}・・・・・・・・そ、そうなの？{0E}	
10584	MAP/MAP052.BIN:013E7E	1	ログは身動きひとつしていない。{0E}	
10585	MAP/MAP052.BIN:013EA8	1	{09}\n\n{02}{01}ジュ・・ジュリオ・・・。{0E}調べてみてよ。{0E}	
10586	MAP/MAP052.BIN:013EDE	2	う、うん。{10}	
10587	MAP/MAP052.BIN:013F0E	1	{09}\n\n{02}{01}どう？{0E}	
10588	MAP/MAP052.BIN:013F27	1	まっ、まだ・・・わかんないよ。{0E}	
10589	MAP/MAP052.BIN:013F52	1	{09}\n\n{02}{01}ゆすってみたら。{0E}	
10590	MAP/MAP052.BIN:013F88	1	ジュリオはログの肩に\n手を伸ばそうとした。{0E}	
10591	MAP/MAP052.BIN:013FBA	1	{02}{19}すー。すー。すー。{0E}	
10592	MAP/MAP052.BIN:013FD4	1	あれ。{0E}	
10593	MAP/MAP052.BIN:013FFA	1	{02}{01}・・・？{10}	
10594	MAP/MAP052.BIN:014030	1	{02}{19}痛て。{0E}	
10595	MAP/MAP052.BIN:01404E	1	{02}{19}なんだよ～う・・・？。{0E}	
10596	MAP/MAP052.BIN:01406A	1	{02}{19}誰だよぅ、俺の頭を叩いたヤツは？{0E}	
10597	MAP/MAP052.BIN:014098	1	{09}{08}\n{02}{01}まぎらわしいわね。{0E}なんでこんなところで寝てるのよ。{0E}	
10598	MAP/MAP052.BIN:014114	1	{02}{19}どこにいるんだよぅ、\n誰だよう・・・？{0E}	
10599	MAP/MAP052.BIN:014149	1	まだ、寝呆けてるよ。{0E}	
10600	MAP/MAP052.BIN:01416A	1	{09}{09}\n{02}{01}こっちよ、ログ。{0E}	
10601	MAP/MAP052.BIN:014198	1	{02}{19}あっ。{0E}ジュリオ。{0E}クリス。{0E}戻ってきたのか。{0E}おかえり。{0E}	
10602	MAP/MAP052.BIN:0141E1	1	ログ、ただいま。{0E}	
10603	MAP/MAP052.BIN:0141F6	1	{09}{0A}\n{02}{01}ただいま。{0E}ねえ、ログ。村のみんなは？{0E}それに、\nどうしてこんな所で寝てるのよ。{0E}	
10604	MAP/MAP052.BIN:014250	1	{02}{19}なに言ってんだよ。{0E}昨日、ルード城から使いが来て、\nお前たちが帰るってんで、{0F}俺は徹夜で\n歓迎の準備をしてたんだぜ。{0E}	
10605	MAP/MAP052.BIN:0142E2	1	{02}{19}１人でヤグラを造らされて、\n俺はもう、\nクタクタだよ。{0E}	
10606	MAP/MAP052.BIN:014320	1	{09}{07}\n{02}{01}ごめんなさい・・・。ログ。{0E}	
10607	MAP/MAP052.BIN:014348	1	{02}{19}いいって、いいって。{0E}さあ、村の広場で\n歓迎の準備ができてるぞ。{0E}みんなお待ちかねだ。{0E}行こうぜ！{10}	
10608	MAP/MAP052.BIN:0143C4	1	{02}{19}ジュリオとクリスが帰ってきたぞーっ！{10}	
10609	MAP/MAP052.BIN:0144A3	1	うわ、トロバさんだ。{0E}	
10610	MAP/MAP052.BIN:0144C0	1	{02}{01}トロバ！{0E}	
10611	MAP/MAP052.BIN:0144EC	1	やあ、\n近くまできたものだから、\nよってみたんだ。{0E}そしたら、\nキミたちが帰ってくるって\nいうじゃないか。{0E}僕も演奏で歓迎するよ。{10}	
10612	MAP/MAP053.BIN:0052F2	1	ゴージョ	
10613	MAP/MAP053.BIN:005312	1	ガージョ	
10614	MAP/MAP053.BIN:005332	1	レフリー	
10615	MAP/MAP053.BIN:0053FA	1	ジュリオｖｓバダット{10}	
10616	MAP/MAP053.BIN:005426	1	ジュリオｖｓガージョ{10}	
10617	MAP/MAP053.BIN:005452	1	バダットｖｓゴージョ{10}	
10618	MAP/MAP053.BIN:0054B5	1	ど・・・どうなってるの・・・。{0F}ぜんぜんわかんないや・・・。{10}	
10619	MAP/MAP053.BIN:005504	1	{02}{01}ジュリオ、そこにいるの？{10}	
10620	MAP/MAP053.BIN:00554B	1	クリス・・・？{10}	
10621	MAP/MAP053.BIN:00555E	1	{09}\n\n{02}{01}ねぇ\n私たち、どうなったのよ。{10}	
10622	MAP/MAP053.BIN:005599	1	わかんないけど・・{0F}捕まってるみたい。{10}	
10623	MAP/MAP053.BIN:0055D2	1	{09}\n\n{02}{01}まだ、耳鳴りがするわ。{10}	
10624	MAP/MAP053.BIN:0055F7	1	いきなり家が爆発したとこまでは\n覚えているんだけど・・・。{10}	
10625	MAP/MAP053.BIN:0056A4	1	{09}{09}\n{02}{01}なによぉ？{10}	
10626	MAP/MAP053.BIN:0056B8	1	{02}{14}この娘です。{10}	
10627	MAP/MAP053.BIN:0056D0	1	{02}{15}ふふーむ・・・。{0F}この娘が砂漠の黒豹？\n確かに気は強そうだが、{0F}砂漠の黒豹とは、\nちょっと違う感じがするが・・・。{10}	
10628	MAP/MAP053.BIN:005744	1	{09}{09}\n{02}{01}誰が気が強そうだって？{10}	
10629	MAP/MAP053.BIN:005764	1	{02}{15}やっぱり、そうかも知れんな。{10}	
10630	MAP/MAP053.BIN:005786	1	{02}{14}お宅が破壊されたとき{0F}現場に倒れていたのは、\nこの３名だけです。{0F}砂漠の黒豹が女だということだけは\nわかっています。{0F}３人の中で女はこの娘だけ。{0F}爆弾を仕掛けて逃げ遅れたとすれば、この娘が砂漠の黒豹とも考えられます。{10}	
10631	MAP/MAP053.BIN:005889	1	ねぇ、なに、話してんのさ？\n砂漠の黒豹ってなに？{10}	
10632	MAP/MAP053.BIN:0058CC	1	{02}{14}うるさい！\n黙ってろ。{10}	
10633	MAP/MAP053.BIN:0058ED	1	ヒドイじゃないか。{0F}説明くらいしてくれたって\nいいじゃないか。{10}	
10634	MAP/MAP053.BIN:005948	1	{02}{15}ともかく、\nこの娘を牢から出しなさい。{0F}なーに。\n砂漠の黒豹じゃなかったら、{0F}それはそれでウルギット様の所にでも連れて行けばいいのだ。{10}	
10635	MAP/MAP053.BIN:0059E6	1	{02}{14}はい。{10}	
10636	MAP/MAP053.BIN:005A36	1	{09}\n\n{02}{01}なっ・・なにする気よ？{10}	
10637	MAP/MAP053.BIN:005A5C	1	{02}{14}ここから出てもらう。\n来なさい。{10}	
10638	MAP/MAP053.BIN:005A82	1	{09}{0F}\n{02}{01}いやよっ。{10}	
10639	MAP/MAP053.BIN:005A9F	1	クリスをどうするつもりだよ！{10}	
10640	MAP/MAP053.BIN:005ACA	1	{02}{15}うるさいぞ。\n黙っておとなしくしていろ。{10}	
10641	MAP/MAP053.BIN:005AFE	1	{02}{15}言うことをきかんと、\nあの少年の命はないぞ。{10}	
10642	MAP/MAP053.BIN:005B48	1	{09}{0E}\n{02}{01}ジュリオ・・・。{10}	
10643	MAP/MAP053.BIN:005B67	1	クリス！{10}	
10644	MAP/MAP053.BIN:005B74	1	{02}{15}行くぞ。{10}	
10645	MAP/MAP053.BIN:005BFA	1	{02}{14}おい、俺は休憩してくるから、\n騒ぎたてるんじゃないぞ。{10}	
10646	MAP/MAP053.BIN:005C36	1	{02}{14}お前もだ。いいな。{10}	
10647	MAP/MAP053.BIN:005C7A	3	\n{02}{0A}・・・・・・・・。{10}	
10648	MAP/MAP053.BIN:005D0C	1	\n{02}{0A}ちぇっ・・・。{0F}あの家の前を\n偶然通りかかっただけなのに。{0F}まったく、{0F}砂漠の黒豹騒ぎも\nいい迷惑だぜ。{0F}	
10649	MAP/MAP053.BIN:005D9C	1	\n{02}{0A}おい、ジュリオとか言ったな。{10}	
10650	MAP/MAP053.BIN:005DD5	1	・・・・・・えっ？{10}	
10651	MAP/MAP053.BIN:005E12	1	\n{02}{0A}あの娘が砂漠の黒豹なのか？{10}	
10652	MAP/MAP053.BIN:005E39	1	ちがうよ、誤解だよ。{0F}ボクたちオルドスへ巡礼した帰りで、自分の故郷に戻る途中なんだ。{10}	
10653	MAP/MAP053.BIN:005EA4	1	{02}{0A}ふーん。そうか。{0F}	
10654	MAP/MAP053.BIN:005ECA	1	{02}{0A}自己紹介が遅れたが、\n俺はバダット。\n格闘王をめざす武道家だ。{10}	
10655	MAP/MAP053.BIN:005F11	1	カクトウオウ？\n武道家？{10}	
10656	MAP/MAP053.BIN:005F2E	1	\n{02}{0A}武器も魔法も使わず、\n素手で戦うってことさ。{0F}だいたい、\n魔法や道具に頼って戦うなんてのは\n俺に言わせれば邪道だ。{0F}おっと。\n今はそんなことを、\n言ってる場合じゃなかったな。{10}	
10657	MAP/MAP053.BIN:005FE1	1	ねぇ、砂漠の黒豹ってなんなの？{10}	
10658	MAP/MAP053.BIN:006004	1	{02}{0A}最近、出没するようになった\n過激な奴だ。{0F}何を盗むってわけじゃないが、{0F}金持ちの家に忍び込んでは警告状を\n残したりしてるそうだ。{0F}それで警告に従わないときには\n今回のようにドッカーンだ。{0F}家をコナゴナに爆破しちまうのさ。{10}	
10659	MAP/MAP053.BIN:0060E5	1	無茶苦茶だよ・・・。{10}	
10660	MAP/MAP053.BIN:006100	1	\n{02}{0A}でもな、砂漠の黒豹が狙う家は\nアコギな金持ちばかりだ。{0F}町の者たちは、結構応援してるのさ。{0F}あのカンダタだって\n道具屋をやっているが、{0F}豪商のウルギットに\n顔がきくのをいいことに\nすごい高値で商売をしてやがる。{0F}裏ではもっと悪いことも\nやってるらしいぜ。{0F}あっ。\n今、連れていかれた女の子。\nやばいぞ。{10}	
10661	MAP/MAP053.BIN:00622F	1	ど、どうしよう・・・。{10}	
10662	MAP/MAP053.BIN:00624C	1	\n{02}{0A}そういえば、{0F}砂漠の黒豹じゃなかったら\nウルギットの所へでも\n連れて行けばいいとか言ってたな。{10}	
10663	MAP/MAP053.BIN:0062B3	1	もう、戻ってこないのかなぁ。{10}	
10664	MAP/MAP053.BIN:0062D6	1	\n{02}{0A}たぶん。{10}	
10665	MAP/MAP053.BIN:0062EB	1	ギドナ国の兵隊たちは\nなんとかしてくれないの？{10}	
10666	MAP/MAP053.BIN:00631E	1	\n{02}{0A}今の兵隊を見たろ。{0F}ギドナ国は\n豪商ウルギットの治める国だ。{0F}商人が誰より偉いんだ。{10}	
10667	MAP/MAP053.BIN:00637B	1	たっ、救けに行かなくちゃ・・・。{10}	
10668	MAP/MAP053.BIN:0063A2	1	\n{02}{0A}なに、ノンキなこと言ってんだ。{0F}他人のことを心配する前に\n自分のことも心配した方がいいぞ。{10}	
10669	MAP/MAP053.BIN:006402	1	お前、ここがどこなのか\n知ってるのか？{10}	
10670	MAP/MAP053.BIN:006431	1	どこって？{10}	
10671	MAP/MAP053.BIN:006442	1	\n{02}{0A}ここは闘技場の地下だ。{0F}バラカでは罪人を戦わせて\n見せ物にしているんだ。{0F}つまり、\n俺とお前が戦うことになるかも\n知れないってことだ。{10}	
10672	MAP/MAP053.BIN:0064CF	1	えっ、そんなの・・・。{10}	
10673	MAP/MAP053.BIN:0064EC	1	\n{02}{0A}俺とお前じゃ、勝負にならないぜ。{0F}この対戦カードは\nあまりにもつまらない。{0F}監守たちがそう思って、\nもっと、ちょうどいい\n罪人があらわれるのを{0F}待ってくれりゃ、\n戦わなくて済むんだが。{10}	
10674	MAP/MAP053.BIN:0065A9	1	でも、それじゃボクたち、{0F}ずっとここから\n出られないじゃないか・・・。{0F}クリスが連れて行かれちゃうよ。{0F}	
10675	MAP/MAP053.BIN:006615	1	そうだ！{0F}ボクたちが\n戦えるように仕向けるんだよ。{0F}適当に演技で戦ってみせて、\n隙を見て闘技場から飛び出すのさ。{10}	
10676	MAP/MAP053.BIN:006688	1	\n{02}{0A}うーん、なるほど。\nお前、頭いいなあ。{0F}そうすれば、\nここから脱走できるかもな。{10}	
10677	MAP/MAP053.BIN:006724	1	{02}{14}おとなしくしていたか？{10}	
10678	MAP/MAP053.BIN:006750	1	{02}{14}まさか、脱走のくわだてなんか、\nしてなかったろうな？{10}	
10679	MAP/MAP053.BIN:0067A6	1	{02}{14}いいか、おとなしくしてろよ。{0F}対戦相手が決まったら\nここから出してやるからな。{10}	
10680	MAP/MAP053.BIN:0067F8	1	{02}{0A}・・・？\nやっぱり、闘技場で戦わせるのか。{0F}おい、戦いに勝ったら\nここから出してもらえるんだろ？{10}	
10681	MAP/MAP053.BIN:00685C	1	{02}{14}ああ、そういうことになってる。{10}	
10682	MAP/MAP053.BIN:006880	1	{02}{0A}だったら俺は\nそのガキとやりてえな。{10}	
10683	MAP/MAP053.BIN:0068B0	1	{02}{14}まだ、子供じゃないか。{10}	
10684	MAP/MAP053.BIN:0068D2	1	{02}{14}お前とやりあうには役不足だよ。\nそんな試合を見ても面白くない。{10}	
10685	MAP/MAP053.BIN:00691B	1	やい、そこのオッサン！{10}	
10686	MAP/MAP053.BIN:00694B	1	ボクと戦えば簡単に勝てて、{0F}ここから出られるだろうと\n思ってるだろ！{0F}そんな考えは、ちょっとあまいよ。{10}	
10687	MAP/MAP053.BIN:0069C2	1	{09}{10}\n{02}{0A}なんだと、くそガキ。{0F}お前が俺に勝てるとでも言うのか？{0F}うぬぼれるなよ！{10}	
10688	MAP/MAP053.BIN:006A17	1	だいたいボクみたいな\n子供を相手にして{0F}ここから出ようなんて、\n考えがセコいよ。{0F}本当は弱虫なんだろ！{10}	
10689	MAP/MAP053.BIN:006A7E	1	{09}{10}\n{02}{0A}お前こそ、\nさっき、泣きそうだったじゃないか！{0F}どうせみんなから、\n泣き虫とか\n呼ばれているんだろ！{0F}泣き虫ジュリオとかよう！{10}	
10690	MAP/MAP053.BIN:006B05	1	なんだようっ！{10}	
10691	MAP/MAP053.BIN:006B18	1	{09}{10}\n{02}{0A}ははーん。図星だなぁ。{10}	
10692	MAP/MAP053.BIN:006B3D	1	あんたなんか、\nケチョンケチョンにしてやる！{10}	
10693	MAP/MAP053.BIN:006BB8	1	{02}{14}わかった、わかった。\nそのくらいにしておけ。{0F}うるさくってかなわん。{0F}でも、お前たちが\n試合すれば面白そうだな。{0F}考えておくか。{10}	
10694	MAP/MAP053.BIN:006C74	1	\n{02}{0A}なかなか名演技だったぞ。\nバッチリだ。{10}	
10695	MAP/MAP053.BIN:006CBE	1	\n{02}{0A}どうした？{10}	
10696	MAP/MAP053.BIN:006CD5	1	・・・・・・・・。{0F}ボク、泣き虫じゃないよ。{10}	
10697	MAP/MAP053.BIN:006D06	1	\n{02}{0A}わ、わるかったよ。\nあれは芝居だよ。{10}	
10698	MAP/MAP053.BIN:006D35	1	本当だね？{10}	
10699	MAP/MAP053.BIN:006D46	1	\n{02}{0A}ああ、本当だ。{0F}これであの監守は、\n俺とお前が試合をしたら面白いと\n思ったはずだ。{10}	
10700	MAP/MAP053.BIN:006DAE	1	\n{02}{0A}計画どおりに行けそうだぞ。\nまあ、あせらずに時を待とう。{0F}あとは試合が少しでも\n早く始まるのを祈るだけだ。{10}	
10701	MAP/MAP053.BIN:006E8A	1	{02}{0A}ふぅあぁぁぁ～。{0F}よく寝た。{10}	
10702	MAP/MAP053.BIN:006ECE	1	ボクはクリスのことが\n心配で眠れなかったよ。{10}	
10703	MAP/MAP053.BIN:006F22	1	{02}{0A}しっ。{10}	
10704	MAP/MAP053.BIN:006F90	1	{02}{14}すぐに試合を始めてやる。{0F}ここで待ってろ。{10}	
10705	MAP/MAP053.BIN:006FC0	1	{02}{16}早くしな、腕がなまっちまうぜ。{10}	
10706	MAP/MAP053.BIN:006FE4	1	{02}{14}お前は運がいいな。\n１回戦は子供だぞ。{10}	
10707	MAP/MAP053.BIN:007010	1	{02}{17}ちえっ、つまんねーの。{10}	
10708	MAP/MAP053.BIN:007063	1	（どっ、）\n（どういうことかなぁ・・・？）{10}	
10709	MAP/MAP053.BIN:0070A0	1	{02}{14}街道荒らしの盗賊のガージョと\nゴージョが捕まったんだ。{0F}第１試合はバダットとゴージョ。{0F}第２試合はガージョとお前だ。{0F}安心しろ、お前がガージョに勝って\nバダットがゴージョに勝てば、{0F}晴れてお前は\nバダットと試合ができる。{0F}面白くなってきたな。{10}	
10710	MAP/MAP053.BIN:007195	1	（えーっ・・・計画失敗だぁ）{10}	
10711	MAP/MAP053.BIN:0071B6	1	{02}{14}闘技場の準備ができしだい\nすぐに試合を開始するぞ。{10}	
10712	MAP/MAP053.BIN:007206	1	{02}{14}客はもう、盛り上がってるぞ。\nさあ、第１試合開始だ。{10}	
10713	MAP/MAP053.BIN:007256	1	{02}{14}よし、出ろ。{10}	
10714	MAP/MAP053.BIN:0072AE	1	\n{02}{0A}俺とやりあう前に敗けるなよ。{10}	
10715	MAP/MAP053.BIN:007354	1	{02}{18}西のコーナー、荒らくれ者バダット！{10}	
10716	MAP/MAP053.BIN:0073F6	1	{02}{18}東のコーナー、街道荒らしのゴージョ！{10}	
10717	MAP/MAP053.BIN:007460	2	レフリーの紹介に\n観衆はいっそうわいた。{10}	
10718	MAP/MAP053.BIN:00748E	2	{02}{18}はじめ！{10}	
10719	MAP/MAP053.BIN:0075AE	1	{02}{18}第１試合、バダット！{10}	
10720	MAP/MAP053.BIN:00762A	1	{09}{10}\n{02}{0A}あの野郎、病院送りだぜ。{10}	
10721	MAP/MAP053.BIN:0076D9	1	（は、話しかけないでよ・・・。）{0F}（今、）\n（ドキドキしてるんだから・・・。）{10}	
10722	MAP/MAP053.BIN:007746	1	{02}{14}さあ、次はお前の番だ。{10}	
10723	MAP/MAP053.BIN:007784	1	{02}{14}早くでろ。客が待ちくたびれるぞ。{10}	
10724	MAP/MAP053.BIN:0077E8	1	ジュリオの心臓は高鳴っていた。{0F}魔獣との戦いは\n何度も経験していたが、{0F}極悪人と戦うのは初めてだった。{0F}それも、たった１人きりで・・・。{0F}バダットとの計画は、{0F}この試合に\n勝たなければ実行できない。{0F}なんとしても、\n勝たなければならなかった。{10}	
10725	MAP/MAP053.BIN:0078DF	1	うおっし。{10}	
10726	MAP/MAP053.BIN:0078F6	1	ジュリオは無理やり気合いを入れた。{10}	
10727	MAP/MAP053.BIN:00796C	1	{02}{0A}大丈夫かな、あいつ。{10}	
10728	MAP/MAP053.BIN:0079CE	2	{02}{18}西のコーナー、謎の旅人ジュリオ！{10}	
10729	MAP/MAP053.BIN:007A6E	1	{02}{18}東のコーナー、街道荒らしのガージョ！{10}	
10730	MAP/MAP053.BIN:007C2C	1	{02}{18}第２試合、ジュリオ！{10}	
10731	MAP/MAP053.BIN:007C60	1	ジュリオはガージョに勝った。{10}	
10732	MAP/MAP053.BIN:007C80	1	{02}{18}では、バダット選手の準備でき次第、すぐに第３試合をとりおこないます。{10}	
10733	MAP/MAP053.BIN:007CCA	1	{02}{18}ジュリオ選手は西のコーナーで\n待機してください。{10}	
10734	MAP/MAP053.BIN:007D05	1	（ふう・・・。）{0F}（バダット。）\n（約束守ってくれるかなぁ・・・。）{10}	
10735	MAP/MAP053.BIN:007DA8	1	{02}{18}本日のメーンエベント！{0F}	
10736	MAP/MAP053.BIN:007E68	1	{02}{18}東のコーナー、荒らくれ者バダット！{10}	
10737	MAP/MAP053.BIN:007F18	1	レフリーの紹介に\n観衆はいっそう、わきにわいた。{10}	
10738	MAP/MAP053.BIN:007F4C	1	{02}{18}はじめーっ！{10}	
10739	MAP/MAP053.BIN:007FEA	1	{02}{19}あなたたち、こちらへ。{10}	
10740	MAP/MAP053.BIN:008036	1	{02}{0A}えっ？{10}	
10741	MAP/MAP053.BIN:008054	1	{02}{19}その姿では\nすぐに追っ手に捕まってしまいます。{0F}ひとまず私の家へ。{0F}早く！{10}	
10742	MAP/MAP053.BIN:008226	1	{02}{16}あ～ん？\nやりやがったな、テメー！{10}	
10743	MAP/MAP053.BIN:00825C	1	{02}{16}なかなかヘヴィだぜ。{10}	
10744	MAP/MAP053.BIN:008284	1	{02}{16}コ～ノ～ヤ～ロ～。\nもう我慢できねえぜ！{10}	
10745	MAP/MAP053.BIN:0082DE	1	{02}{16}切り刻んでやるぜ！{10}	
10746	MAP/MAP053.BIN:00838C	1	まだまだ・・・。{0F}（やっぱり強いなあ）\n（本当に勝てるかなあ）{10}	
10747	MAP/MAP053.BIN:0083DC	1	こ、これからだぞ・・・。{0F}（はあはあ）\n（バダットと戦うまでは）\n（負けるわけにいかない）{10}	
10748	MAP/MAP053.BIN:00848C	1	{02}{17}ってー。{0F}てめー、やりやがったなー！{10}	
10749	MAP/MAP053.BIN:0084C4	1	{02}{17}くっそー。\nこんなガキにやられてたまるか！{10}	
10750	MAP/MAP053.BIN:008502	1	{02}{17}ちくしょう！\n最初に手加減してやったのが\n失敗だったぜ。{10}	
10751	MAP/MAP053.BIN:00856A	1	{02}{17}オレの攻撃を受けてみろ！{10}	
10752	MAP/MAP053.BIN:008596	1	{02}{17}うぷっ、\nき、気持ち悪くなってきた。{10}	
10753	MAP/MAP053.BIN:0086FA	1	やあっ！{10}	
10754	MAP/MAP053.BIN:00871A	1	（そ、そうかな。）{0E}	
10755	MAP/MAP053.BIN:008744	1	（それより、どうするのさ？）{0E}	
10756	MAP/MAP053.BIN:008778	1	（うん、わかった。）{10}	
10757	MAP/MAP053.BIN:0087A4	1	（さっきと言ってることが違うよ。）{0F}（それより出られそうもないよ。）\n（だめだ、出口に兵士がいるよ。）{10}	
10758	MAP/MAP053.BIN:008820	1	（勝負が長引くと、）\n（あやしまれちゃうよ。）{10}	
10759	MAP/MAP053.BIN:008866	1	（やだよ、そんなの。）{10}	
10760	MAP/MAP053.BIN:008894	1	（うん。）{10}	
10761	MAP/MAP053.BIN:0089A2	1	（おい、ジュリオ！）\n（ちゃんと戦うフリをしろよ！）{0F}（あやしまれちまうだろ。）{10}	
10762	MAP/MAP053.BIN:008A02	1	{02}梶iジュリオ、）\n（どこに振ってんだよ。）{0F}（ちょっと、）\n（わざとらしすぎるぞ。）{10}	
10763	MAP/MAP053.BIN:008A6A	1	{02}梶iオレの腕を信じろよ。）{10}	
10764	MAP/MAP053.BIN:008A9A	1	{02}梶i隙を見て北の出口から）\n（飛び出すぞ。）{10}	
10765	MAP/MAP053.BIN:008ADC	1	{02}梶iつー、いてーな。）\n（思いっきり殴ることないだろ。）{10}	
10766	MAP/MAP053.BIN:008B2A	1	{02}梶iもう少し、戦うマネをして）\n（チャンスを待つか。）{10}	
10767	MAP/MAP053.BIN:008B76	1	{02}梶iなら、お前。）\n（俺に敗けてくれるか？）{10}	
10768	MAP/MAP053.BIN:008BB8	1	{02}梶iじゃあ、様子を見るしかないな。）{10}	
10769	MAP/MAP053.BIN:008BFF	1	あれれ・・・？{0E}	
10770	MAP/MAP053.BIN:008C1E	1	{02}{14}砂漠の黒豹が出た～っ！{10}	
10771	MAP/MAP053.BIN:008C42	1	{02}{14}なんだ？　なんだ？\n砂漠の黒豹の襲撃か？{10}	
10772	MAP/MAP053.BIN:008C78	1	{02}{14}砂漠の黒豹が攻めてきた？\nどこに隠れているか探せ！{10}	
10773	MAP/MAP053.BIN:008CB8	1	{02}{14}見張りの兵士は何をしておる！\n早く見つけ出して追い返せ！{10}	
10774	MAP/MAP053.BIN:008D24	1	うん、オッケー。{10}	
10775	MAP/MAP054.BIN:00E715	1	焜tォルティアの兵士	
10776	MAP/MAP054.BIN:00EE72	1	{02}{01}関所にもどっても、\nなにもできないわ。{0E}	
10777	MAP/MAP054.BIN:00EEA4	1	{02}{0C}関所に戻っている時間はない。\nルード方面に急ぐのだ。{0E}	
10778	MAP/MAP054.BIN:00EF34	1	{02}{09}こっちはドルフェスね。{0E}{02}{01}アロザのジョアンナさんに\n会わなくっちゃ！{0E}	
10779	MAP/MAP054.BIN:00EF82	1	{02}{0C}ドルフェスに戻っている時間はない。ルード方面に急ぐのだ。{0E}	
10780	MAP/MAP054.BIN:00F12E	1	{02}{01}ねえ、どこへ向かうの？{0E}{02}	
10781	MAP/MAP054.BIN:00F149	1	アロザ？{0E}{02}{0C}いいや。{0E}{02}{09}まさか・・・？{0E}{02}{0C}そうだ。その通りだ。{0E}	
10782	MAP/MAP054.BIN:00F18C	1	デュルゼルはステラのひらめきに\nうなずいた。{0E}{02}{0C}ゲルドに会うのだ。{0E}{02}{01}白き魔女に・・・。{0E}{02}	
10783	MAP/MAP054.BIN:00F1E4	1	えっ、えっ、ホント？{0E}{02}{0C}行くぞ。{0E}	
10784	MAP/MAP054.BIN:00F234	1	{02}{01}魔獣が道をふさいでいるわ。{10}	
10785	MAP/MAP054.BIN:00F2DA	1	{02}{09}さあ、先を急ぎましょう。{10}	
10786	MAP/MAP054.BIN:00F348	1	{09}\n\n{02}{01}ジュリオ、どうしたのよ。\nまた、兵士たちが来るの？{10}	
10787	MAP/MAP054.BIN:00F3AB	1	ううん。\n今度は、生き物の気配が\nするけど・・・。{10}	
10788	MAP/MAP054.BIN:00F3F0	1	{02}{09}誰もいないわね。{10}	
10789	MAP/MAP054.BIN:00F42A	1	{02}{09}あ！{0E}{02}{01}誰かきたの？{0E}{02}{09}そうじゃなくて・・・。{0E}{02}	
10790	MAP/MAP054.BIN:00F45B	1	オオカミが・・・。{0E}{02}{01}来たわけね・・・。{10}	
10791	MAP/MAP054.BIN:00F568	1	\n{02}{09}さあ、\nアロザに急ぎましょう。{10}	
10792	MAP/MAP054.BIN:00F6DE	1	フォルティア国　魔女の海岸線	
10793	MAP/MAP054.BIN:00F706	1	{02}{09}ジョアンナさんのいる\nアロザは北ね。{0E}{02}	
10794	MAP/MAP054.BIN:00F72E	1	ん？\nあれは・・・。{0E}{02}{09}隠れて！{0E}	
10795	MAP/MAP054.BIN:00F856	1	{02}{09}第２陣の兵団ね。{0E}{02}	
10796	MAP/MAP054.BIN:00F86B	1	また表情のない兵士たちだ・・・。{0E}{02}{01}ああやって、\nどんどん国境に兵士を送り込む\nつもりなんだわ。{0E}{02}{01}予言にある、\n表情のない兵士たちのことが\n気掛かりだけど・・・。{0E}{02}{09}残念だけど、\n今、戻ったところで\n打つ手はないわ。{0E}{02}	
10797	MAP/MAP054.BIN:00F93F	1	うん。{0F}たぶん兵士たちを何とかしても、\nルード城を何とかしないと\nきっと、解決にはならないよ。{0F}	
10798	MAP/MAP054.BIN:00FA60	1	{02}{0C}ここまで来れば、追っ手も\nあきらめるだろう。{0E}{02}{01}なんとか逃げ出せたわね。{0E}{02}{0C}かたじけない。{0E}	
10799	MAP/MAP054.BIN:00FAD4	1	{02}{14}礼を言うのは、まだ早い！{10}	
10800	MAP/MAP054.BIN:00FB8E	1	{02}{09}これで最後かしら・・・。{0E}{02}{0C}どうやらそのようだ。{0E}{02}	
10801	MAP/MAP054.BIN:00FBC2	1	先を急ごうよ。{0E}	
10802	MAP/MAP055.BIN:0000A4	1	バラカ	
10803	MAP/MAP055.BIN:00A042	1	クニマー	
10804	MAP/MAP055.BIN:00A102	2	{02}{14}あら、あなたたち。\nどうしたの？{0E}{09}	
10805	MAP/MAP055.BIN:00A126	1	\n{02}{0A}どうやらクリスは\nカンダタに連れられて{0F}ギドネルへ行ったみたいなんだが、\n兵士が町の出口で\n通してくれないんだ。{0F}砂漠の黒豹が捕まるまで、\n警戒が解かれそうもないぜ。{0E}{02}{14}まあ・・・。{0E}{09}{0E}\n{02}	
10806	MAP/MAP055.BIN:00A1DE	1	早くギドネルへ行きたいんだけど、\nボクたちだけじゃ、{0F}町から出してもらえないんだ。{0E}{02}{14}わかったわ。{0F}じゃあ、私が兵隊に話を\nつけてあげる。{0F}顔見知りの兵隊なら、\n言うことを聞いてくれるはずだわ。{0F}そうそう、遺跡を抜ける北の道と、\n西回りの街道を通る道の\n２つがあるけど、{0F}どちらから行くつもり？{10}	
10807	MAP/MAP055.BIN:00A302	1	遺跡を通る道	
10808	MAP/MAP055.BIN:00A313	1	{01}西回りの道	
10809	MAP/MAP055.BIN:00A33C	1	{02}{14}そう？　決心がついたら\n教えてね。{10}	
10810	MAP/MAP055.BIN:00A366	1	{02}{14}西回りの街道ね。\nわかったわ。{0F}さあ、さっそく行きましょう。{10}	
10811	MAP/MAP055.BIN:00A3C0	1	{02}{14}遺跡を通る道ね。\nわかったわ。{0F}さあ、さっそく行きましょう。{10}	
10812	MAP/MAP055.BIN:00A442	1	\n{02}{0A}ちょっと町が恋しくて、\n戻ってきただけなんだ。{0E}{02}	
10813	MAP/MAP055.BIN:00A475	1	迷子じゃないよ。{0E}{02}{14}それならいいけど、\n気をつけてくださいね。{0F}	
10814	MAP/MAP055.BIN:00A4BA	1	{02}{14}私は何もしてあげられませんが、{0F}クリスさんが無事であることを\n心から願っています。{10}	
10815	MAP/MAP055.BIN:00A52C	1	{02}{15}なんだい？\n道具を買いにきたのかい。{0F}あんた、貧乏くさいツラ構えだねぇ。{0F}うちの商品は高いよ。\nたんまりピアを\n持ってるんだろうね？{0E}あっ、そうか。{0F}買い物じゃなくて、\n裏の仕事のことかい？{0F}あいにくだけど、うちの主人なら\n今、ギドネルへ行ってるよ。{0F}女の子を連れて\nウルギットさまのところへね。{0F}あの娘もかわいそうに・・・。{0E}なんだ、違うのかい。\nまぎらわしいね。{10}	
10816	MAP/MAP055.BIN:00A698	1	{02}{15}まったく、\nまぎらわしいね。{10}	
10817	MAP/MAP055.BIN:00A6C6	1	{02}{15}貧乏くさいお客さんだね。{0F}うちの商品は高いよ。\n悪いが帰っておくれ。{0F}あんたには買える物はないよ。{10}	
10818	MAP/MAP055.BIN:00A72E	1	{02}{15}さあ、帰った、帰った。\n営業の邪魔だよ。{10}	
10819	MAP/MAP055.BIN:00A768	1	{02}{16}すっげーだろ、この壊れ方・・・。{0F}ははは、ざまーみろ。\nこんなに無茶苦茶になってやがら。{0F}あとかたづけを頼まれたんだけど、\nこれじゃどうしようもないよな。\nでも、いいんだ。{0F}	
10820	MAP/MAP055.BIN:00A81C	1	{02}{16}カンダタの家がこうなって、\nなんだか胸がスカッとしたぜ。{0F}砂漠の黒豹バンザイだ。{0E}	
10821	MAP/MAP055.BIN:00A87C	1	{02}{17}ギドナ国はのう、\n豪商ウルギットが{0F}治めておるのじゃ。{0F}だから、この国では商人が\nやたらエラそうに\nふるまっておるのじゃよ。{0F}	
10822	MAP/MAP055.BIN:00A900	1	{02}{17}豪商ウルギットは\nギドネルの大きな屋敷に{0F}住んでおるよ。{0F}国中の富を独り占めにして、\nまったく、いい御身分じゃて。{10}	
10823	MAP/MAP055.BIN:00A980	1	{02}{18}大きな声じゃ言えないけど、\nカンダタは、ウルギットに{0F}頭が上がらないのよ。{0F}この町の中じゃ、いばっているけど、結局、井の中のカワズなのよね。{0F}	
10824	MAP/MAP055.BIN:00AA16	1	{02}{18}カンダタはときどきミツギ物を持ってギドネルへご機嫌をうかがいに{0F}いくのよ。{0F}今もきっと行ってるんだわ。{10}	
10825	MAP/MAP055.BIN:00AA8C	1	{02}{19}まあ、旅の人ね。{0F}ここにいる私が言うのもヘンだけど、この町は旅人には危険よ。{0F}少しでも不審そうに見えると、\n兵隊に捕まえられて、闘技場で\n戦わさせられてしまうのよ。{0F}	
10826	MAP/MAP055.BIN:00AB38	1	{02}{19}悪いことは言いませんから、\n早くこんな町は出た方がいいわ。{0F}砂漠の黒豹騒ぎで、兵隊たちが\nピリピリしてるんですもの。{10}	
10827	MAP/MAP055.BIN:00ABBC	1	{02}{1A}この頃、\n砂漠の黒豹という民衆の味方が{0F}この辺りに出没するのよ。{0F}どうも、その正体は\n女の人らしいのだけど\n顔を見た人はいないの。{0F}カッコイイわね。\nどんどん活躍してもらいたいわ。{0F}	
10828	MAP/MAP055.BIN:00AC76	1	{02}{1A}あたし？{0F}あたしは砂漠の黒豹じゃないわよ。{10}	
10829	MAP/MAP055.BIN:00ACB2	1	{02}{1B}カンダタの家が\n吹っ飛ばされたそうだな。{0F}いい気味だぜ。\nいつも、いばってばかりいて、\n俺たちを見下しているから、{0F}こういう目に合うんだよ。{0F}	
10830	MAP/MAP055.BIN:00AD46	1	{02}{1B}ざまーみろ。{0F}カンダタも少しはコリれば\nいいのだがね。\n民衆の怒り爆発ってヤツだよ。{10}	
10831	MAP/MAP055.BIN:00AF94	1	{02}{1D}この町からギドネルへ行くには\n２つの道があるよ。{0F}ひとつは北に抜け、\n遺跡を通って行く道。{0F}もうひとつは西に抜け、\n西回りに行く道。{0F}道はどっちもどっちだよ。{0F}どちらがおすすめとは言えないね。{10}	
10832	MAP/MAP055.BIN:00B11E	1	{02}{1E}カンダタが女の子をつれて\n町を出ていくのを見たよ。{0F}きっとギドネルへ行ったんだよ。{10}	
10833	MAP/MAP055.BIN:00B184	1	{02}{1F}ん？{0F}お前たち、\nどこかで見た覚えが\nあるような・・・。{0E}{02}	
10834	MAP/MAP055.BIN:00B1BE	1	気のせいだよ。{0E}{02}{1F}そうだよな。気のせいだよな。{0F}少し前、闘技場から\n抜け出した奴らがいるんだ。{0F}もし、お前たちがそいつらだったら、ノコノコうろついてるわけが\nないものな。{10}	
10835	MAP/MAP055.BIN:00B26E	1	{02}{1F}それにしても、お前たち。\nここから逃げ出した２人に{0F}似ているような気がするなぁ・・・。{0E}{02}	
10836	MAP/MAP055.BIN:00B2C7	1	気のせいだよ。{0E}{02}{1F}うん、そうだよな。{10}	
10837	MAP/MAP055.BIN:00B322	2	{02}{1F}素性のわからない旅人は\n出入り禁止だ。{0F}砂漠の黒豹が捕まるまで、\nこの町にしばらくいてもらおう。{10}	
10838	MAP/MAP055.BIN:00B3B0	2	{02}{1F}あれ？\n忘れ物でもしたのかい。{0F}さっき、出て行ったはずなのに\n戻ってきたのかね。{0F}ナジェさんなら、家に戻ったよ。\nへへっ・・・\n俺って頼もしいんだってさ。{0F}	
10839	MAP/MAP055.BIN:00B450	3	{02}{1F}いいよ、いいよ。\nどんどん通ってくれ。{0F}頼もしい俺が許可したんだ。\n気にせず通ってくれ。{10}	
10840	MAP/MAP055.BIN:00B4BE	1	{02}{1F}カンダタさまのご命令により、\n砂漠の黒豹が捕まるまで、{0F}旅人の出入りは禁止になった。\nこの町にしばらく滞在してもらう。{10}	
10841	MAP/MAP055.BIN:00B6CC	2	{02}{1F}砂漠の黒豹が捕まるまで、\n素性のわからない旅人は{0F}出入り禁止だ。{0F}この町にしばらく滞在してもらう。{10}	
10842	MAP/MAP055.BIN:00B754	1	カンダタの家が吹っ飛ばされたと\n聞いて、戻ってきたんだ。{0F}いい気味だよな。{10}	
10843	MAP/MAP055.BIN:00BA66	1	{02}{1F}や、やあ、ナジェさん。{0F}ご機嫌よう。{10}	
10844	MAP/MAP055.BIN:00BA94	1	{02}{14}こんにちは。{10}	
10845	MAP/MAP055.BIN:00BAAE	1	{02}{1F}私に御用でも？{10}	
10846	MAP/MAP055.BIN:00BAC6	1	{02}{14}ええ。{0F}お友達がギドネルへ\n行きたいのだけど、{0F}砂漠の黒豹が捕まるまで、\n通してもらえないって{0F}困っているの。{0F}カンダタさまのご命令なんでしょ？{0F}いくらあなたでも、\n命令を違反できませんわよね・・・。{10}	
10847	MAP/MAP055.BIN:00BB94	1	ナジェは困った顔をして見せた。{10}	
10848	MAP/MAP055.BIN:00BBB6	1	{02}{1F}そっ、そんなに、\nナジェさんが困った顔をすると、{0F}俺、悲しくなっちゃうなぁ・・・。{0F}元気を出してください。{0F}なあに、旅人の１人や２人\n通ったって構いませんよ。{0F}どうぞ、通ってください。{10}	
10849	MAP/MAP055.BIN:00BC72	1	{02}{14}まあ、本当。\nあなたって頼もしい・・・。{0F}ありがとう。{10}	
10850	MAP/MAP055.BIN:00BCB4	1	{02}{1F}いえいえ、ハハッ・・ハハッ・・。{10}	
10851	MAP/MAP055.BIN:00BCF2	1	{02}{14}通していただけるそうよ。{0F}よかったわね。{10}	
10852	MAP/MAP055.BIN:00BD29	1	うん。ありがとう、ナジェさん。{10}	
10853	MAP/MAP055.BIN:00BD54	1	{02}{14}気をつけてね。{10}	
10854	MAP/MAP055.BIN:00BE54	1	闘技場から脱出した\nジュリオとバダットは{0F}謎の女に案内されるまま、{0F}ひとまず娘の家に\n身を隠すことにした。{10}	
10855	MAP/MAP055.BIN:00BEC0	1	私はナジェ。\nこの家の中なら安心です。{10}	
10856	MAP/MAP055.BIN:00BF06	1	\n{02}{0A}どうして俺たちを救けてくれたんだ？{10}	
10857	MAP/MAP055.BIN:00BF38	1	{02}{14}カンダタの家を壊したのは、{0F}あなた方ではないことを\n知っているからです。{0F}無実の人が捕まっているのを\nほおってはおけませんから・・・。{10}	
10858	MAP/MAP055.BIN:00BFC4	1	{02}{0A}ふーん、そうか。\nありがとうよ。{10}	
10859	MAP/MAP055.BIN:00BFEC	1	ねえ、ナジェさん。{0F}クリスっていう女の子\n知らないかなぁ？{10}	
10860	MAP/MAP055.BIN:00C030	1	{02}{14}クリス？{10}	
10861	MAP/MAP055.BIN:00C044	1	クリスチーナっていうんだ。{0F}爆風に巻き込まれて\n牢獄までは一緒だったけど{0F}カンダタって奴に\n連れていかれたんだ。{10}	
10862	MAP/MAP055.BIN:00C0BC	1	{02}{14}まあ、カンダタに・・・。{0F}それは大変だわ。\nカンダタはとても悪い奴なのよ。{0F}心配だわ・・・。{0F}そういえば、カンダタが\n隣のギドネルの町の{0F}豪商ウルギットの\nお手伝いを探しているという{0F}ウワサを聞いたことが\nあるけど・・・。{0F}まさか、ギドネルへ・・・。{10}	
10863	MAP/MAP055.BIN:00C1B6	1	{02}{0A}こりゃ、大変だ。{0F}早く事実をつきとめて、{0F}そうだったら\n急いで救けないとな。{10}	
10864	MAP/MAP055.BIN:00C218	1	えっ、バダット。\n協力してくれるの？{10}	
10865	MAP/MAP055.BIN:00C240	1	{02}{0A}当たり前だ。{0F}そこまで知って見過ごせるか。{0F}俺は強くなるために\n格闘をしてるんじゃない。{0F}強くなって人を救けるために\n自分を鍛えているんだ。任せろよ。{10}	
10866	MAP/MAP055.BIN:00C2DD	1	カッコイイ。{10}	
10867	MAP/MAP055.BIN:00C2F0	1	\n{02}{0A}まあな。{10}	
10868	MAP/MAP055.BIN:00C308	1	バダットがパーティにくわわった。{10}	
10869	MAP/MAP055.BIN:00C32C	1	{02}{14}そうだわ、これをかぶってください。{0E}	
10870	MAP/MAP055.BIN:00C358	1	ナジェはベールを２枚差し出した。{10}	
10871	MAP/MAP055.BIN:00C37C	1	{02}{14}これで顔を隠せば、\n町の中でも自由に行動できます。{10}	
10872	MAP/MAP055.BIN:00C3B8	1	{02}{0A}ありがてえ。{10}	
10873	MAP/MAP055.BIN:00C3E8	1	ジュリオたちは\nベールを受け取った。{10}	
10874	MAP/MAP055.BIN:00C418	1	{02}{14}２人とも、なかなか似合うわね。\nこれで安心して表が歩けるわ。{0F}カンダタの家は、\nこの家の東の２軒です。{0F}１軒は砂漠の黒豹に\n破壊されましたが、{0F}もう１軒は、\n今も道具屋をやっています。{0F}店でクリスさんの情報が\n聞けるかも知れませんね。{10}	
10875	MAP/MAP055.BIN:00C506	1	うん。\nナジェさん、いろいろありがとう。{0F}さっそく、\nカンダタの道具屋を調べてみるよ。{10}	
10876	MAP/MAP056.BIN:0000A4	1	ホルクの砦	
10877	MAP/MAP056.BIN:016D8E	1	ホルクの兵士の声	
10878	MAP/MAP056.BIN:01734E	2	{02}{14}こちらはベラート様の部屋だ。{0F}向こうへ行きなさい。{10}	
10879	MAP/MAP056.BIN:017388	1	{02}{14}ここは一般の人が入ってきちゃ\nダメなとこなんだ。{0F}落ち着いたらすぐに出て行きなさい。{10}	
10880	MAP/MAP056.BIN:0173EC	1	{02}{14}危ないから入ってはいかんよ。{0F}あれ？\n民間人がまぎれ込んじゃったのか。\nまあいいか、子供だから。{0F}うろちょろしないようにね。{10}	
10881	MAP/MAP056.BIN:017470	1	{02}{14}うろちょろしないようにね。{10}	
10882	MAP/MAP056.BIN:017492	1	{02}{14}こら、この中は立入禁止だ。{0F}そもそもこの砦が立入禁止なんだぞ。{0F}民間人がこんなところを\nうろちょろしてるんじゃない。{10}	
10883	MAP/MAP056.BIN:01750C	1	{02}{1B}騒がしいのってイヤね。{10}	
10884	MAP/MAP056.BIN:01752E	1	\n{02}{01}縛られてる。{0F}気絶してるみたい。{0E}{02}	
10885	MAP/MAP056.BIN:017553	1	当て身をくらわされてるんだ。{0F}死んでるわけじゃないよ。{0E}	
10886	MAP/MAP056.BIN:017590	2	\n{02}{01}きっと、狂暴な山賊ね。{0F}{02}	
10887	MAP/MAP056.BIN:0175AC	2	山賊も心配だけど、\n王妃さまを早く見つけなきゃ。{10}	
10888	MAP/MAP056.BIN:01763B	1	あっ、この人、意識があるよ。{0E}{02}{14}さ、山賊が・・\nいきなり襲ってきたんだ。{0F}縄を解いてくれ・・・。{0E}{09}\n\n{02}	
10889	MAP/MAP056.BIN:01769E	1	どうする、クリス。{0E}{09}\n\n{02}{01}かわいそうだけど、\n王妃さまを見つけるまで{0F}このままでいてもらいましょう。{0F}ベラートの味方をされると、\n私たちが困っちゃうもの・・・。{0F}ごめんね、兵隊さん。{10}	
10890	MAP/MAP056.BIN:01776B	1	\n{02}{01}みんな縛られてるわ。{0E}{02}	
10891	MAP/MAP056.BIN:017785	1	ベラートの姿はないね。{0F}きっと、ベラートは王妃さまを連れてどこかに隠れているんだ。{0E}{02}{01}早く、王妃さまを探しましょう。{10}	
10892	MAP/MAP056.BIN:017812	1	{02}{14}・・・・・・・・。{0E}ホルクの兵士は、縛り上げられて\nぐるぐる巻きにされている。{0E}{09}	
10893	MAP/MAP056.BIN:017863	1	\n{02}{01}ねえ、ジュリオ。{0F}ここを襲った山賊は、\nあんがい気が優しいのかもね。{0E}{02}	
10894	MAP/MAP056.BIN:0178AB	1	どうして？{0E}{02}{01}だって、極悪非道なら\n縛り上げたりしないわ。{0F}いきなりバッサリよ。{0E}{09}\n\n{02}	
10895	MAP/MAP056.BIN:0178FE	1	クリスって・・・恐いこと言うね。{10}	
10896	MAP/MAP056.BIN:017924	1	{02}{14}ボヤみたいだな。\nどこから火が出たんだろうなぁ。{10}	
10897	MAP/MAP056.BIN:01795C	1	{02}{14}火の気なんてないのにな。{0F}あーあ。これじゃあ、木製の武器は\nもう、使いものにならんな。{0F}弓矢もヤリも、もうダメだな。{10}	
10898	MAP/MAP056.BIN:017ADA	3	\n{02}{01}早く王妃さまを救け出して、\n王さまたちに{0F}合図を送らないといけないわね。{10}	
10899	MAP/MAP056.BIN:017B30	1	\n{02}{01}はやく、ベラートを探しましょう。{10}	
10900	MAP/MAP056.BIN:017BA8	2	{09}{08}\n{02}{01}ダメよ、ジュリオ！\nそっちに行っちゃあ。{0F}せっかく通れたのに。{10}	
10901	MAP/MAP056.BIN:017D02	1	\n{02}{01}ジュリオ。{0F}ほら、砦だわ。\n砦に突入よ！{0E}{02}	
10902	MAP/MAP056.BIN:017D2E	1	うん。\n山賊作戦だね。{0E}	
10903	MAP/MAP056.BIN:017D4C	1	{09}{02}\n{02}{01}きゃーっ！\n救けてーっ！{0E}	
10904	MAP/MAP056.BIN:017D92	1	山賊が出たーっ！\n救けてよーっ！{0E}{02}{14}なに、山賊だと？！{0E}	
10905	MAP/MAP056.BIN:017DF3	1	あっちだよ。{0E}{02}{14}よし。{0E}	
10906	MAP/MAP056.BIN:017E7C	1	フュエンテ国　ホルクの砦	
10907	MAP/MAP056.BIN:017F34	2	\n{02}{01}ベラートのことだから\n砦から外に出ていないと思うの。{0F}きっと、\n砦の中のどこかに隠れているわ。{0E}{02}	
10908	MAP/MAP056.BIN:017F95	2	うん、そんな気がするね。{10}	
10909	MAP/MAP056.BIN:018012	1	{02}{14}君たち何だい？{0F}ここへは入れないはずだが。{0E}	
10910	MAP/MAP056.BIN:018053	1	こっ、こんちは。{0F}あのね、山賊が出たんだ。{0F}それで追い掛けられて、\nここまで逃げてきたんだ。{0E}{02}{14}えっ、山賊？{0F}そうか。だったら仕方ないけど、\nあんまりウロついちゃいけないよ。{0E}ここは一般の人が入ってきちゃ\nダメなとこなんだ。{0F}落ち着いたらすぐに出て行きなさい。{10}	
10911	MAP/MAP056.BIN:0181D2	1	{02}{14}あれ、君たち。{0E}{02}{14}だいぶ先まで見てきたけど\n山賊なんていなかったぞ。{0E}{09}{07}\n{02}{01}そ、そう。{0F}逃げたのかしら・・・。{0E}{02}	
10912	MAP/MAP056.BIN:018240	1	おっ、おっかしーいなー。{0E}{02}{14}臭いな。{0E}{02}{15}えっ・・・・・。{0F}・・・・・ドキ。{0E}{02}{14}ん？{0E}	
10913	MAP/MAP056.BIN:0182E6	1	{02}{14}コゲ臭いな。\n何か燃えてるぞ、こりゃあ。{0E}	
10914	MAP/MAP056.BIN:01835E	1	{02}{14}あっ、武器庫から煙が出てるぞ！{0F}おーい、大変だ！{0F}みんな集まれーっ！{0F}武器庫が燃えてるぞーっ！{0E}	
10915	MAP/MAP056.BIN:01840F	1	これってチャンスだよ。{0E}{09}	
10916	MAP/MAP056.BIN:018428	1	\n{02}{01}そうね。{0F}今よ、王妃さまの部屋に\n急ぎましょう。{10}	
10917	MAP/MAP056.BIN:018550	1	{02}{14}こらっ、そっちに行っちゃいかん。{0F}出ていきなさい。{10}	
10918	MAP/MAP056.BIN:0185B6	1	\n{02}{01}この部屋ね。{0E}{02}	
10919	MAP/MAP056.BIN:0185C8	1	カギがかかってるよ。{0E}{02}{01}どこかにカギがあるはずだわ。{0E}{02}	
10920	MAP/MAP056.BIN:0185FE	1	うん。\n大事な人質だからね。{0F}きっと、ベラートの部屋の中だよ。{10}	
10921	MAP/MAP056.BIN:018660	1	\n{02}{01}早くカギを探しましょう。{10}	
10922	MAP/MAP056.BIN:0186B1	1	カギは、っと・・・。{0E}	
10923	MAP/MAP056.BIN:0186D4	1	{02}{01}開いたわ。{0E}	
10924	MAP/MAP056.BIN:018BC6	3	{02}{1C}つけ火か？{0F}{02}{14}そのように不審な者は、\nこの砦にはいないはずですか・・・。{0F}{02}{1C}誰かが忍び込んでいるともかぎらん。{0F}{02}{1C}不審な者がいないか、\n徹底的に砦の中を{0F}見回った方が良さそうだな。{10}	
10925	MAP/MAP056.BIN:018C98	2	{02}{1C}不審な者がいないか、\n徹底的に砦の中を{0F}見回った方が良さそうだな。{10}	
10926	MAP/MAP056.BIN:018D26	1	棚の中にベラートの鍵がある。{0E}{09}	
10927	MAP/MAP056.BIN:018D45	1	\n{02}{01}あったわ。{0F}これよ。{0E}ジュリオたちは{01}7を手に入れた。{10}	
10928	MAP/MAP056.BIN:018DA7	1	あ、あんなところにカギがあるよ。{0E}{02}{01}あの兵隊さん、ドジね。\nカギを落としているわ。{0E}{02}{01}さあ、王妃さまを連れて\nここから出ましょう。{0E}	
10929	MAP/MAP056.BIN:019190	1	\n{02}{01}ジュリオ！\nここには、ベラートはいないわよ。{10}	
10930	MAP/MAP056.BIN:0191E0	1	\n{02}{01}早く王妃さまを救けましょう。{10}	
10931	MAP/MAP056.BIN:019418	1	{02}{1B}あら、あなた方は？{0E}{09}	
10932	MAP/MAP056.BIN:01942F	1	\n{02}{01}カーリー王妃さまですね。{0E}{02}	
10933	MAP/MAP056.BIN:01944D	1	ボクたちキャラック王の使いで\n王妃さまを救けにきました。{0E}{02}{1B}私を・・・？\n救けるって、なぜ？{0F}私は別に\n捕まってるわけじゃないと思うけど。{0E}{09}{07}\n{02}	
10934	MAP/MAP056.BIN:0194D8	1	あれれ・・・？{0E}{09}	
10935	MAP/MAP056.BIN:0194E9	1	\n{02}{01}あの、王妃さまは、\nここに閉じ込められて{0F}いたんですよね？{0E}{02}{1B}そうなのよ、ベラートったら\nヒドイのよ。{0F}ルピナス湖の新しい別荘で\nゆっくりしてはいかが、\nだなんて誘っておきながら{0F}私をこの部屋から出して\nくれないのです。{0E}カーリー王妃には\n自分が人質になっているという自覚がまったくないようだ。{0E}ジュリオたちはベラートのたくらみをカーリー王妃に説明した。{0E}{02}{1B}まあ、そうだったのですか。{0F}どうりでベラートが\nここから私を出してくれない\nわけだわ。{0E}{02}	
10936	MAP/MAP056.BIN:01969B	1	とにかく、\nベラートに見つからないように、{0F}ここから早く出た方がいいよ。{0E}{02}{01}ハイゼン側にも、もう説明して\nあります。{0F}私たちが王妃さまの安全を知らせれば、キャラック王とエネトン王が\n来てくれることになっています。{0E}{02}{1B}まあ、そうでしたの。{0F}わかりました。\nでは、さっそくまいりましょう。{0E}	
10937	MAP/MAP056.BIN:019820	1	{02}{1C}どこへ行く気だね。\n武器を燃やしたのはお前たちだな？{0F}何者だ？{0E}{09}{09}\n{02}{01}あなたがベラートね。\nそっちこそ何者なのよ？{0E}{02}	
10938	MAP/MAP056.BIN:019892	1	フュエンテ国を\nどうするつもりだよ。{0E}{02}{1C}いらぬことに気が回るようだな。{0F}ならば、このまま帰すわけにも\nいかんな。ともかく、お前たちの\n計画はこれまでだ。{0E}	
10939	MAP/MAP056.BIN:019930	1	{02}{1C}こいつらを全員閉じ込めておけ。{0E}	
10940	MAP/MAP056.BIN:01995A	1	{02}{14}王妃さまもですか？{0E}{02}{1C}むろんだ。{0F}怪しげな連中と\n行動をともにしていたのだ。{0F}いくら王妃と言えども、例外はない。{0F}おっと、それから、鍵は\n返してもらうぞ。{0E}ジュリオ達は、{01}7を\nとりあげられた。{10}	
10941	MAP/MAP056.BIN:019A6E	1	{09}\n\n{02}{01}捕まっちゃった。{0E}{09}\n\n{02}	
10942	MAP/MAP056.BIN:019A89	1	どうしよう・・・。{0E}{02}{01}王さまたち、\nきっと、もう砦の外で{0F}首を長くして待ってるかもね。{0E}{02}{1B}まあまあ、\nあわてなくて大丈夫ですよ。{0F}なるようにしか、なりませんわよ。{0E}	
10943	MAP/MAP056.BIN:019B5A	1	{02}{1C}あの子供たちは何者だ・・・。{0F}俺の計画に気づいている\nようだが・・・。{0F}まあ、いい。{0F}どちらにしても、\n今、騒ぎを起こすのは得策ではない。{0F}こちらの準備が整うまでは、\n王妃とともに、\n人質として生かしておくか・・・。{0E}	
10944	MAP/MAP056.BIN:019CEA	1	\n{02}{03}いいぜ、シャーラ。{0E}	
10945	MAP/MAP056.BIN:019D18	1	{02}{02}よし、おいで。{0E}	
10946	MAP/MAP056.BIN:019D32	1	{02}{1D}がってんだ、あねご。{0E}	
10947	MAP/MAP056.BIN:019DEC	1	{09}{08}\n{02}{02}あっ・・・こらっ。\n誰が１度に来なって言った。{0E}{02}{1E}すまねえ、あねご。{0E}{02}{1F}悪いっち。{0E}{02} へへへーっ。{0E}	
10948	MAP/MAP056.BIN:019E5A	1	{09}\n\n{02}{03}なにやってんだよ・・・あいつら。{0F}おい、早くこっちに来い。{0E}	
10949	MAP/MAP056.BIN:019EE8	1	{09}{0C}\n{02}{03}ぐげっ！\n	
10950	MAP/MAP056.BIN:019F02	1	{09}{09}\n{02}{02}こらっ・・・。\nいっぺんに来るなって言っただろ。{0E}	
10951	MAP/MAP056.BIN:019F6E	1	{02}{1D}また、やっちゃった。{0E}{02}{1E}すまねえ、あねご。{0E}{02}{1F}悪いっち。{0E}{02} へへへーっ。{0E}	
10952	MAP/MAP056.BIN:019FD0	1	\n{02}{03}いいか、しくじるなよ。{0F}俺たちの初仕事だ。\nドジ踏むんじゃねーぜ。{0E}	
10953	MAP/MAP056.BIN:01A060	1	{02}{02}こんな所に砦を建てるなんて、{0F}どうせ悪いたくらみでも\n考えてるんだ。{0F}遠慮なく金目の物をいただいてくよ。{0E}	
10954	MAP/MAP056.BIN:01A104	1	{02}{1D}がってんだ。{0E}{02}{03}砦ならハズレはねぇ。{0F}宝はなくても\n武器ならたんまりあるはずだ。{0F}何もなけりゃ、\n武器をいただいて\n売りさばけばいいからな。{0E}	
10955	MAP/MAP056.BIN:01A1C8	1	{02}{1E}さっすがアニキ。\nあったま、いー。{0E}{09}{0A}\n{02}{03}だろっ。{0F}俺にしては珍しく、調べは\nついてんだ。{0F}倉庫は北東の部屋だ。\n予習はバッチリだぜ。{0F}行くぞ。{0E}	
10956	MAP/MAP056.BIN:01A356	1	{09}{0C}\n{02}{02}（あっ・・・？！）{0E}{02}{03}（やべぇ・・・。）{0E}{02} いたたたた・・・痛てっ。\n	
10957	MAP/MAP056.BIN:01A3BC	1	{02}{14}なんだ？{0E}	
10958	MAP/MAP056.BIN:01A3F0	1	{02}{14}こいつ、何者だ？{0E}{02} うあああああーっ！{0E}	
10959	MAP/MAP056.BIN:01A44C	1	{02}{14}あっ、待て。こらっ！\n取り押さえろーっ！{0E}	
10960	MAP/MAP056.BIN:01A496	1	{09}\n\n{02}{03}あいつ、大丈夫かよ・・・。{0E}{02}{1D}心配ねーっすよ。\nあいつ、足だけは早いっすから。{0E}{02}{02}ジュリオみたいな奴だね・・・。{0E}{09}	
10961	MAP/MAP056.BIN:01A50B	1	\n{02}{03}じゃあ、大丈夫だ。{0F}いいオトリになる。\n仕事を続けようぜ。{0E}	
10962	MAP/MAP056.BIN:01A5A2	1	{02}{16}うおおおおお・・・！\n	
10963	MAP/MAP056.BIN:01A5C0	1	{02}{17}おい、待てーっ！\n	
10964	MAP/MAP056.BIN:01A638	1	外が騒がしいよ。{0E}{02}{01}何かしら？{0E}{09}\n\n{02}	
10965	MAP/MAP056.BIN:01A65B	1	何かあったんじゃないかなあ。{0E}{02}{1B}さわがしいですわね。{0E}ちょっと、衛兵。{0E}	
10966	MAP/MAP056.BIN:01A6F2	1	{02}{14}は、はい？{0E}{02}{1B}ちょっと、あなた。\n見ていらっしゃい。{0E}{02}{14}えっ、私は見張りですから・・・。{0E}{02}{1B}見張りですけど兵士でしょ？{0F}	
10967	MAP/MAP056.BIN:01A77E	1	私は王妃ですよね。\n言うことをきけないのですか。{0E}{02}{14}いえ、そのようなことは・・・。{0E}{02}{1B}じゃあ、見ていらっしゃい。{0E}{02}{14}はっ、はい。\nさっそく、見てまいります。{0E}	
10968	MAP/MAP056.BIN:01A8C4	1	{09}\n\n{02}{02}なんだいこりゃー？{0E}{02}{1D}燃えちゃってる。{0E}{02}{1E}がびーん・・・。{0E}{02}{1F}ヤリも弓もダメだぜ。\nキレイに燃えカスになってる。{0E}	
10969	MAP/MAP056.BIN:01A94E	1	{09}\n\n{02}{03}なんでここが燃えてるんだよ。{0F}なんでだよ、なんでだよ、\nなんでだよ。{0F}燃やした奴を見つけたら、\nただじゃおかねーぜ・・・。{0F}	
10970	MAP/MAP056.BIN:01A9E0	1	\n{02}{03}・・・・・・・・。\nうおーし。こうなりゃヤケだ。{0F}砦の中をシラミつぶしに探して、\nなにがなんでも・・ん～ん。\nお宝を手に入れるぞ！{0E}	
10971	MAP/MAP056.BIN:01AA7A	1	{02}{18}がってんだーっ！{0E}	
10972	MAP/MAP056.BIN:01AAA4	1	{09}{09}\n{02}{02}ジャマな兵士たちはかまわないから\nフン縛っちゃいな！{0E}{02}{18}おーっ！{0E}	
10973	MAP/MAP056.BIN:01AB8C	1	{02}{14}山賊だーっ！\n	
10974	MAP/MAP056.BIN:01ABE0	1	\n{02}{01}山賊ですって？{0E}{02}	
10975	MAP/MAP056.BIN:01ABF4	1	えっ、本当に出たの。{0E}	
10976	MAP/MAP056.BIN:01AC1C	1	{02}{01}チャンスよ、ジュリオ。{0F}王妃さまを連れて脱出しましょう。{0E}	
10977	MAP/MAP056.BIN:01AC6C	1	うん、でもどうやって\n脱出するの？{0E}{02}{01}こじ開ければいいじゃない。{0E}{02}	
10978	MAP/MAP056.BIN:01ACAD	1	でも頑丈そうだったよ。{0E}{02}{01}とにかく扉を見てみましょう。{10}	
10979	MAP/MAP056.BIN:01AD66	1	{02}{14}こらー、まてえ。\n	
10980	MAP/MAP056.BIN:01AE72	1	あっ、あの山賊しってる。{0E}{02}{1B}まあ、お友達なの？{0E}{02}	
10981	MAP/MAP056.BIN:01AEA2	1	ちがうよ。{0F}前に襲われたんだよ。{0E}{02}{01}急ぎましょう。{0E}{02}{1B}はいはい。{0E}	
10982	MAP/MAP056.BIN:01AF70	1	{09}{0F}\n{02}{01}王妃さま・・・。{0E}{02}{1C}山賊騒ぎにまぎれて逃げだそうとは、そうは行きませんよ。{10}	
10983	MAP/MAP057.BIN:00E924	1	{02}{07}わしゃ、モリスンじゃ。{10}	
10984	MAP/MAP057.BIN:00E942	4	{02}{14}アンビッシュの兵士です。{10}	
10985	MAP/MAP057.BIN:00EAD6	1	{02}{06}久しぶりに旅をした気がする。{0F}{09}	
10986	MAP/MAP057.BIN:00EAF7	1	{02}{07}このような事態でも起こらねば、{0F}とても公務に多忙で\n旅どころでは\nございませんですからな。{0E}{09}	
10987	MAP/MAP057.BIN:00EB53	1	{02}{06}あの者たちのためにも、{0F}アンビッシュ国民のためにも{0F}ガルガを何とかしなくてはな。{0E}{09}	
10988	MAP/MAP057.BIN:00EBA6	1	{02}{07}すでにボルト沿岸に軍を\n配備しております。{0E}{09}	
10989	MAP/MAP057.BIN:00EBD4	1	{02}{06}ガルガは兵力だけで\n倒せる相手ではない。{0F}そのことは、\nネルバの惨状が証明している。{0F}ゲルドの予言が\n現実となるとは・・・。{0F}もっと早くノルディック王と会見し、ガルガに対する防衛策を\n用意させるべきであったな。{0E}	
10990	MAP/MAP058.BIN:0000A2	1	薐ラグピック村	
10991	MAP/MAP058.BIN:00E55F	1	あっ、ログ。\nログだよ・・・。{0E}{09}{0E}\n{02}{01}ど、どうしたのかしら・・・。\n大丈夫なの？{0E}{09}\n\n{02}	
10992	MAP/MAP058.BIN:00E5B1	1	ログ！\nどうしたんだよ、ログ！{0E}	
10993	MAP/MAP058.BIN:00E5DA	1	ログは倒れたまま\n身動きひとつしない。{0F}ジュリオはログを\nかかえ起こしてゆすぶった。{0E}	
10994	MAP/MAP058.BIN:00E639	1	ログ！\nしっかりしてよ！{0F}起きてよ！{0F}目を覚ましてよ！\nログーっ！{0E}{02}{01}しっかりして、ログ！{0F}起きてよ、ログ！\nどうしちゃったの？！{0E}	
10995	MAP/MAP058.BIN:00E7E0	1	\n{02}{01}ねえ、村の中を\nもう少し調べてみましょう。{0F}どうして村のみんなが\nいなくなったのか、{0F}何か手掛かりが\nつかめるかも知れないわ。{0E}	
10996	MAP/MAP058.BIN:00E88E	6	誰もいない。{10}	
10997	MAP/MAP058.BIN:00E9D2	1	クリスはオルゴールを開いた。{0E}	
10998	MAP/MAP058.BIN:00EA08	1	オルゴールのメロディーが、\nやけにもの悲しく聞こえた。{10}	
10999	MAP/MAP058.BIN:00EAE8	1	\n{02}{01}ジュリオ。\nなんだか、なつかしいわね。{0E}{02}	
11000	MAP/MAP058.BIN:00EB13	1	ラップじいさん、\n元気にしてるかなぁ。{0E}	
11001	MAP/MAP058.BIN:00EB74	1	ラップじいーさーん！\nジュリオだよ。{0F}ボクたち帰ってきたよーっ！{0E}{02}{01}いないみたいだわ。{0E}{02}	
11002	MAP/MAP058.BIN:00EBCA	1	どこかに行ってるみたいだね。{0E}{02}{01}村の方かも知れないわ。\n行ってみましょう。{0E}{02}	
11003	MAP/MAP058.BIN:00EC91	1	へ・・へんだよ。\nまるで人の気配がないや。{0E}{02}{01}どうしたのかしら・・・。{0E}{02}	
11004	MAP/MAP058.BIN:00ECD8	1	なんだか様子がおかしいよ。{0E}{09}	
11005	MAP/MAP058.BIN:00ECF5	1	\n{02}{01}調べてみましょう。{0E}	
11006	MAP/MAP058.BIN:00ED5A	1	{09}\n\n{02}{03}なあ、シャーラ、{0F}こんな田舎の村に\nお宝なんて、あるのか？{0E}	
11007	MAP/MAP058.BIN:00ED9E	1	\n{02}{02}ああ、確かにこの村に\n銀の短剣があるはずさ。{0E}	
11008	MAP/MAP058.BIN:00EDD2	1	\n{02}{03}ふーん、でもどうやって盗むんだ。{0E}	
11009	MAP/MAP058.BIN:00EDFA	1	{02}{02}その段取りは、アタシがつけるから、ドジ踏むんじゃないよ、グース。{0E}	
11010	MAP/MAP058.BIN:00EE40	1	{02}{03}へいへい。{10}	
11011	MAP/MAP058.BIN:00EE9E	1	\n{02}{0E}{19}{0F}・・・・・。{19}	
11012	MAP/MAP058.BIN:00EF2A	8	{02}{01}そろそろ、危ないわね。{10}	
11013	MAP/MAP058.BIN:00EF48	8	{02}{01}半分くらいかな？{10}	
11014	MAP/MAP058.BIN:00F04A	2	もうダメだよ。{0E}{02}{01}なに言ってるのよ。\nがんばりなさいよ、男でしょ！{0F}ジュリオは薬草をもらった。{10}	
11015	MAP/MAP058.BIN:00F13E	2	{02}{01}ジュリオ、頑張るのよ！{10}	
11016	MAP/MAP058.BIN:00F1EC	2	３回目だよ。{10}	
11017	MAP/MAP058.BIN:00F1FE	2	僕の番だね。{10}	
11018	MAP/MAP059.BIN:010909	1	{18}ペブラ	
11019	MAP/MAP059.BIN:01096A	1	召喚獣『ロリロリ・ロビン』	
11020	MAP/MAP059.BIN:0109B6	1	{02}{14}おいらはペブラ。{0F}シフールの賢者さまから\nここの警備を頼まれてるんだ。{10}	
11021	MAP/MAP059.BIN:010A0C	1	{02}{16}森のまやかしにとらわれず、\n魔法の鏡の前まで、\n自らの力で歩むがよい。{10}	
11022	MAP/MAP059.BIN:010A58	1	{02}{16}あの者は、このシャリネを\nどうしようというのじゃ。{10}	
11023	MAP/MAP059.BIN:010AFA	1	{09}\n{02}{01}どこに行くの。{0E}	
11024	MAP/MAP059.BIN:010B3C	1	早くシフールの魔法の鏡を\n見に行きましょうよ。{10}	
11025	MAP/MAP059.BIN:010C1E	1	{09}{09}{02}{01}ジュリオ、{0E}	
11026	MAP/MAP059.BIN:010C48	1	こんな所で迷子なんかに\nならないでよ。{0E}	
11027	MAP/MAP059.BIN:010C82	1	そっちは、シフールの町よ。{10}	
11028	MAP/MAP059.BIN:010D3C	1	{02}{16}思ったより、早くついたな。{0E}{09}{0A}{02}	
11029	MAP/MAP059.BIN:010D5D	1	こんな迷路なんか、軽いよ。{0E}	
11030	MAP/MAP059.BIN:010D7E	1	{02}{16}ほう。そうか、そうか。{0F}まあいいさ。\nこのシャリネは\n町から離れておるのでな。{0F}お前たちを待ち伏せするには、\nおあつらえの場所だったぞ。{0E}{09}	
11031	MAP/MAP059.BIN:010E64	1	待ち伏せって？{0E}{02}{16}お前たちのような子供に\nどれほどのことができるのか{0F}私にはわからないが\n抹殺しろとの命令が出たのだ。{0E}	
11032	MAP/MAP059.BIN:010EEA	1	{09}{09}{02}{01}あなた、\nシフールの賢者さまじゃないわね！{0E}	
11033	MAP/MAP059.BIN:010F2E	1	マッサツって・・・なに？{0E}{09}{09}{02}{01}私たちを殺すって言ってるのよ。{0E}{09}	
11034	MAP/MAP059.BIN:010F6E	1	なんで？{0E}	
11035	MAP/MAP059.BIN:010F9C	1	{09}{09}{02}{01}知らないわよ！{0E}	
11036	MAP/MAP059.BIN:011014	1	{02}{01}あっ！{0E}{09}	
11037	MAP/MAP059.BIN:01101F	1	{02}{11}私の名は幻術使いカジム。{0E}	
11038	MAP/MAP059.BIN:011052	1	ねぇ、ちょっと待ってよ。{0E}	
11039	MAP/MAP059.BIN:011086	1	だったらさぁ、\n本当の賢者さまはどこにいるのさ？{0E}	
11040	MAP/MAP059.BIN:0110D4	1	{02}{11}賢者を殺しては、\nあとあと面倒なのでな。{0F}シフールの賢者には、\n静かな所で眠ってもらっている。{0E}お前たちは\n我々のガルガ計画を阻止した。{0F}賢者のように\n生かしておくわけにはいかん。{0F}身をもってつぐなってもらおう。{0E}	
11041	MAP/MAP059.BIN:0111C4	1	{02}{11}なかなかやるではないか。{0F}では、これならどうかな？{0E}	
11042	MAP/MAP059.BIN:0112CE	1	{02}{11}なんと、あっけない。{0F}ガルガ計画を阻止したものが\nこの程度の力だったとは・・・。{10}	
11043	MAP/MAP059.BIN:01145C	1	{02}{11}ふっふっふっ・・・。\n覚悟はよろしいかな。{0E}	
11044	MAP/MAP059.BIN:0114B6	1	カジムとの戦闘へ{10}	
11045	MAP/MAP059.BIN:011550	1	{02}{16}さあ、こちらじゃ。{0F}風のシャリネまでの道は\n伝説にある迷いの森のごとく、\n人を迷わせる。{0F}森のまやかしにとらわれず、\n魔法の鏡の前まで、\n自らの力で歩むがよい。{0E}	
11046	MAP/MAP059.BIN:011608	1	{09}{10}{02}{01}おもしろそうじゃない。\n行こ、ジュリオ。{0E}	
11047	MAP/MAP059.BIN:0116DA	1	{0A}{02}{16}良かった・・・。\n魔法の鏡には異常はないようだ。{0E}	
11048	MAP/MAP059.BIN:011726	1	ふっふっふっふっふっ・・・。{0E}	
11049	MAP/MAP059.BIN:01174C	1	{02}{01}あっ？！{0E}{09}	
11050	MAP/MAP059.BIN:01175B	1	カジムの声だ！{0E}	
11051	MAP/MAP059.BIN:01186C	1	魔法の鏡は壊していない。\n安心するがいい。{0E}	
11052	MAP/MAP059.BIN:0119AE	1	私たちは愚かではない。{0F}まだまだ利用価値のあるものを\n無闇に破壊などするものか。{0E}	
11053	MAP/MAP059.BIN:011A44	1	{02}{11}まだ、生きているとは\n思いませんでしたよ。{0F}どうやら、シャリネの結界のせいで\n術のかかりが浅かったようですね。{0F}今度こそ、\n楽にしてさしあげましょう。{0E}	
11054	MAP/MAP059.BIN:011AE4	1	{02}{07}邪悪な幻術の使い手ですか。{0E}	
11055	MAP/MAP059.BIN:011B08	1	{02}{11}おや、魔法を捨てた\nカンドマスターもご一緒ですか。{0F}無敵のカンドマスターと言われた\nあなたも、今ではただの老いぼれ。{0F}ついでに\nそのお命もいただきましょう。{0E}	
11056	MAP/MAP059.BIN:011BAE	1	{02}{07}・・・どうですかな。{0E}	
11057	MAP/MAP059.BIN:011C42	1	{02}{07}ジュリオ様、クリス様。\nあとはおまかせいたします。{0E}	
11058	MAP/MAP059.BIN:011CCC	1	{02}{18}えっ？{0E}{02}{07}あやつの幻術は、封じました。\nもう、あの術は使えません。{0E}	
11059	MAP/MAP059.BIN:011D16	1	{02}{11}おのれ、老いぼれめ。\n魔法を捨てたのではないのか。{0E}	
11060	MAP/MAP059.BIN:011D56	1	{09}{0A}\n{02}{01}ありがとう、モリスンさん。{0E}{09}	
11061	MAP/MAP059.BIN:011D78	1	\n{02}{03}なんだか、よくわかんねーが・・・{0F}これで、安心して戦えるってわけだ。{0E}	
11062	MAP/MAP059.BIN:011E2A	1	{02}{11}そのていどで、\n私に勝ったつもりになるとは・・。{0F}思い知らせてさしあげましょう。{10}	
11063	MAP/MAP059.BIN:011EAF	1	賢者さま、モリスンさん。{0E}	
11064	MAP/MAP059.BIN:011EF0	1	安全なところに\n下がっていてください。{0E}	
11065	MAP/MAP059.BIN:011FC6	1	{02}{15}まっ・・・まさか・・・。\n私が・・負ける・・などとは・・・。{0E}	
11066	MAP/MAP059.BIN:01200C	1	{02}{15}おのれ・・・最期の呪いを・・・。\n私の呪いを・・・受けるがいい！{0E}	
11067	MAP/MAP059.BIN:012272	1	ねえ、さっきの最期の呪いって\n何のことなんだろう？{0E}	
11068	MAP/MAP059.BIN:0122BC	1	{09}\n{02}{01}２人とも、だいじょうぶ？{0E}	
11069	MAP/MAP059.BIN:0122F6	1	{02}{03}ああ、なんともねーな。{0F}カジムの奴、びびらせやがって。\n幻術を失敗しやがったな。{0E}{09}	
11070	MAP/MAP059.BIN:012349	1	{02}{07}クリス様も大丈夫ですか？{0E}{09}	
11071	MAP/MAP059.BIN:012366	1	{02}{01}ええ。なんともないみたい。{0E}	
11072	MAP/MAP059.BIN:0123A8	1	よかった。\nやっぱり失敗だったんだ。{0E}	
11073	MAP/MAP059.BIN:0123E0	1	{02}{07}まだ安心はできません。{0E}	
11074	MAP/MAP059.BIN:01242E	1	カジムがどのような幻術を\n使ったのかはかり知れません。{0F}少しでもどこか変調がありましたら、すぐにお教えください。{0E}{09}	
11075	MAP/MAP059.BIN:01249F	1	{02}{01}うん、わかったわ。{0E}	
11076	MAP/MAP059.BIN:0124D8	1	{02}{01}これで私たちも、\nようやくシフールの魔法の鏡を{0F}見ることができるわ。{0E}	
11077	MAP/MAP059.BIN:012560	1	賢者さま、{0F}さっそく魔法の鏡を\n見てもいいですか？{0E}	
11078	MAP/MAP059.BIN:0125AC	1	{0A}{02}{16}ああ、よろしいですとも。\nどうぞ御覧ください。{0E}{09}	
11079	MAP/MAP059.BIN:0125DF	1	{02}{03}俺たちも見て、いいのかい？{0E}{0A}{02}{16}ええ、構いませんよ。{0F}一般には、\n魔法の鏡は巡礼者にしか見えないと\n言われていますが、{0F}あれは巡礼の心を大切にする者にしか見えないという意味です。{0F}むろん、銀の短剣が必要ですが、\n１度、魔法の鏡が動き出せば、{0F}清い心を持っている者であれば、\nどなたにでも映像は見えるはずです。{0E}	
11080	MAP/MAP059.BIN:012728	1	{09}\n{02}{03}清い心ねぇ。\n自信ねーな・・・。{0E}	
11081	MAP/MAP059.BIN:012768	1	{02}{16}もっとも、\n同じときに魔法の鏡を見ても、{0F}見る者の志しによって、\n違うものが見えることも\nあるようですが。{0E}さあ、どうぞ。\nあなた方が\n守ってくださったシャリネです。{0F}あんずることはありません。{0E}	
11082	MAP/MAP059.BIN:012AB0	1	{02}{01}森を歩いてるみたいだった。{0E}{09}	
11083	MAP/MAP059.BIN:012AD1	1	うん、\nボクの見たのもそうだった。{0F}森の中に水牛みたいな動物がいたよ。{0E}	
11084	MAP/MAP059.BIN:012B8E	1	{02}{01}ジュリオと私の見たのは\n同じ映像だったみたい。{0F}グースはどんなのだった？{0E}{09}\n\n{02}{03}俺か？{0E}	
11085	MAP/MAP059.BIN:012C12	1	いいよ、俺のは。{0E}	
11086	MAP/MAP059.BIN:012C36	1	{09}{0A}{02}{01}わかった。シャーラでしょ。{0E}	
11087	MAP/MAP059.BIN:012C70	1	魔法の鏡はね、見る人の心の奥で\n気になっている事とか、{0F}これから起こる事とかが、\n映し出されるのよ。{0E}{09}	
11088	MAP/MAP059.BIN:012CD4	1	{02}{07}クリス様。{0F}お言葉ですが、鏡の映像の内容は\nむやみに語らないのが\n習わしでございます。{0E}	
11089	MAP/MAP059.BIN:012D2E	1	{09}{0E}{02}{01}ごめんなさい・・・。{0E}{09}	
11090	MAP/MAP059.BIN:012D49	1	{02}{07}いえ、すみません。\n私としたことが、言い過ぎました。{0E}	
11091	MAP/MAP060.BIN:0000A3	1	{12}ホルクの砦	
11092	MAP/MAP060.BIN:0141D2	1	ホルクの兵士６（右から２番目）	
11093	MAP/MAP060.BIN:0141F2	1	ホルクの兵士７（右から３番目）	
11094	MAP/MAP060.BIN:0142D2	1	フィリーの声	
11095	MAP/MAP060.BIN:0142F2	1	エネトン王の声	
11096	MAP/MAP060.BIN:01448C	1	{02}{1C}それ以上、近寄るんじゃない。{0F}カーリー王妃の命はないぞ。{0E}{09}	
11097	MAP/MAP060.BIN:0144CB	1	いつのまに登ったんだろう・・・。{0E}{02}{01}悪あがきね。{0F}王妃さまを返してよ。{0F}もう、キャラック王も\nあなたのたくらみに\n気づいているんだから。{0F}あきらめなさいよ。{0E}{02}{1C}なんだと？\n・・・こうなったら仕方ない。{0E}お前たちに命令する。{0F}ホルクのキャラック王のもとへ行き、抵抗するなと伝えてこい。{0F}手を出すと王妃の命はないとな。{0F}秘密裏に砦を完成し、\n南部の名代としてハイゼンへ\n攻め込むつもりだったが・・・。{0E}バレてしまっては\nもう、南軍をよそおう必要もない。{0F}さあ、ホルクへ行って伝えてこい。{0E}{09}{08}\n{02}	
11098	MAP/MAP060.BIN:0146A2	1	イヤだよ。{0E}{02}{1C}えっ・・・？{0E}{02}	
11099	MAP/MAP060.BIN:0146BE	1	悪い奴の使いなんかするもんか。{0E}{02}{01}そうよ、まっぴらよ。{0E}{02}{1C}おっ、おい。{0F}王妃を人質にとってるんだぞ。\n言うことを聞け。{0E}{02}{15}・・・・・・・・・・。{0E}	
11100	MAP/MAP060.BIN:0147FC	1	{09}\n{02}{02}せっかく兵士を縛り上げたのに、\nムダ足だったわけかい。{0F}やっぱり、グースの立てた\n作戦じゃーね。{10}	
11101	MAP/MAP060.BIN:014862	1	{09}\n{02}{03}うるせーや。あ？{10}	
11102	MAP/MAP060.BIN:01488E	1	{02}{02}えっ？どうした？{10}	
11103	MAP/MAP060.BIN:0148B6	1	{09}\n{02}{03}いやなヤツ、みっけた。{10}	
11104	MAP/MAP060.BIN:015333	1	王妃さま、大丈夫ですか？{0E}	
11105	MAP/MAP060.BIN:015360	1	{02}{01}王妃さま、大丈夫？{0E}{02}{1B}はい。私は大丈夫ですよ。{0E}	
11106	MAP/MAP060.BIN:01539A	1	{02}{03}よう、説明しろよ？{0E}	
11107	MAP/MAP060.BIN:0153CA	1	ジュリオはグースたちに\nベラートの\nたくらんでいた計画を説明した。{0E}	
11108	MAP/MAP060.BIN:015418	1	{02}{1B}ほんとに、お世話になりました。{0E}	
11109	MAP/MAP060.BIN:015442	1	{02}{02}・・・・・・・・。{0E}{02}{03}とにかく、このベラートとか\nいうヤツは、王さまたちに\n引き渡した方がよさそうだな。{0E}{02}	
11110	MAP/MAP060.BIN:0154AC	1	うん。そうするつもりだよ。{0E}{02}{01}あっ、合図するの忘れてた。{0E}	
11111	MAP/MAP060.BIN:015557	1	あっ？！{0E}{02}{03}ゲッ・・・？！{0E}{02}{1D}あわわ・・・。{0E}	
11112	MAP/MAP060.BIN:0155BC	1	{02}{1C}おのれ・・・。{0F}お前たちのおかげで\n私の計画は台無しだ。{0F}２人の王の懐疑心をさかなでし、\nフュエンテ国を手始めに{0F}世界に混乱を\n与えようとしたが・・・。{0E}思わぬ邪魔が入ったものだ。{0E}{09}{09}\n{02}	
11113	MAP/MAP060.BIN:015671	1	そんなこと、させるもんか。{0E}{02}{01}そうよ！{0E}{09}	
11114	MAP/MAP060.BIN:015699	1	\n{02}{03}あんたのドジ加減からみると、\nボスは別にいるな？{0E}{02}{1C}うっ。{0E}・・・・・・・・。{0E}まあ、いいさ。{0F}今回は見逃してやる。\nだが、覚えておけ。\nこの借りは、きっと返すぞ。{0E}さらばだ！{0E}	
11115	MAP/MAP060.BIN:01588F	1	あっ。{0E}{02}{01}消えちゃった。{0E}	
11116	MAP/MAP060.BIN:0158B2	1	\n{02}{03}まあ、とり逃がしはしたが、\nここでの勝負は\nジュリオたちの勝ちだ。{0E}	
11117	MAP/MAP060.BIN:01590A	1	{02}{02}少なくとも、もう、\nフュエンテ国では悪さできないさ。{0E}	
11118	MAP/MAP060.BIN:01595A	1	{02}{03}おい、クリス。\n合図だろ。早くしろよ。{0E}	
11119	MAP/MAP060.BIN:0159B0	1	{02}{01}あっ、そうだ。{0E}	
11120	MAP/MAP060.BIN:0159E2	1	{02}{03}ところで、なんの合図なんだ？{0E}	
11121	MAP/MAP060.BIN:015A16	1	うん。{0F}王妃さまを救出したら、\n合図することになってんだ。{0E}{02}{03}ふーん。{0E}{02}	
11122	MAP/MAP060.BIN:015A5C	1	そしたら南北の王さまたちが\n砦に入ってくることになってんだよ。{0E}{02}{03}ああ、そうなの。{0E}	
11123	MAP/MAP060.BIN:015AC8	1	{09}{03}\n{02}{03}えーっ！！\n	
11124	MAP/MAP060.BIN:015AE2	1	\n{02}{02}本当かい、それ？！{0E}	
11125	MAP/MAP060.BIN:015B0E	1	うん。{0E}{09}{08}\n{02}{03}そんなバカな！\n俺たちゃ山賊なんだぞ！\nやべーよ。{0E}	
11126	MAP/MAP060.BIN:015B63	1	あっそうか。\n捕まっちゃうかもね。{0E}	
11127	MAP/MAP060.BIN:015BE4	1	{09}{0A}\n{02}{01}エネトン王さまーっ！{0E}	
11128	MAP/MAP060.BIN:015C46	1	オッケーですよーっ！{0E}{02}"了解したーっ！{0F}いま、行くぞーっ！{0E}	
11129	MAP/MAP060.BIN:015C9A	1	{09}{0C}\n{02}{03}あああ・・・。{0E}	
11130	MAP/MAP060.BIN:015D6C	1	{09}{0A}\n{02}{01}フィリー、聞こえるー！{0F}王妃は救け出したわよーっ！{0E}{02}!はーい、わかりましたーっ！{0E}	
11131	MAP/MAP060.BIN:015E42	1	{09}{08}\n{02}{03}なんで合図するんだよ。{0E}	
11132	MAP/MAP060.BIN:015E74	1	グースが合図しろって\n言ったんじゃないか。{0E}{02}{03}そりゃ、そうだけどよう・・・。{0E}{09}	
11133	MAP/MAP060.BIN:015EC1	1	\n{02}{02}まずい、退却するよ。{0E}	
11134	MAP/MAP060.BIN:015EE2	1	{09}{09}\n{02}{03}また今回も何も盗めずに退却かよ。{0E}{09}	
11135	MAP/MAP060.BIN:015F0A	1	\n{02}{02}行くよ！{0E}	
11136	MAP/MAP060.BIN:015F90	1	{02}{1B}ああ、お待ちになって。{0E}	
11137	MAP/MAP060.BIN:015FC0	1	{09}\n\n{02}{03}なんだよ。{0E}	
11138	MAP/MAP060.BIN:015FE8	1	{02}{1B}あなたがいなければ、\nどうなっていたかわかりません。\nこれは心ばかりのお礼です。{0E}王妃はグースに\n宝石のネックレスを渡した。{0E}	
11139	MAP/MAP060.BIN:01607A	1	{02}{1B}売れば金になりますよ、金に。{0E}{09}	
11140	MAP/MAP060.BIN:01609B	1	\n{02}{03}あっ、あんがと・・・。{0E}	
11141	MAP/MAP060.BIN:0160C2	1	\n{02}{02}グース、早くしなっ。\n兵隊たちがくるよ！{0E}	
11142	MAP/MAP060.BIN:016106	1	\n{02}{03}ジュリオ、クリス。覚えてろよ！{0F}	
11143	MAP/MAP060.BIN:01613C	1	・・・・・・・・。{0F}{09}{0A}\n{02}{03}また、会おうな。{0F}あばよ！{0E}	
11144	MAP/MAP060.BIN:016282	1	\n{02}{05}ジュリオさん、クリスさん。{0F}ご苦労さまでした。\n心配をしていましたのよ。{0E}{09}{0A}\n{02}	
11145	MAP/MAP060.BIN:0162D1	1	うん、ちょっと。\nいろいろあってさ。{0E}	
11146	MAP/MAP060.BIN:01630A	1	{02}{16}キャラック。{0E}{02}{17}兄さん。{0E}{02}{16}とにかく、カーリー王妃が無事で\nよかった。{0E}{02}{17}兄さん、すみませんでした。{0F}私が流れ者の言うことなどに、\n耳を傾けてしまったために・・・。{0E}{02}{16}いや、私もいけなかったのだ。{0F}もっと我々が普段から心を\nかよわせていれば、互いに\n疑いを持つことなどなかっただろう。{0E}	
11147	MAP/MAP060.BIN:016436	1	エネトン王とキャラック王は\n固い握手をかわした。{0E}	
11148	MAP/MAP060.BIN:016480	1	\n{02}{05}よかった。{0E}	
11149	MAP/MAP060.BIN:0164A4	1	{02}{16}このように無事に\nことを終えられたのは{0F}本当にフィリーちゃんたちの\nおかげだよ。{0F}君たち、本当にありがとう。{0E}{02}	
11150	MAP/MAP060.BIN:016511	1	ほんとによかった。{0E}{09}	
11151	MAP/MAP060.BIN:016526	1	\n{02}{01}でも、王さまたち。\n安心しちゃダメよ。{0E}ベラートのヤツ。{0F}またいつか、現れるようなこと\n言ってたわ。{0E}{02}{17}ああ、気をつけるよ。{0E}でも、もう大丈夫だよ。\n私たち兄弟は今、強い絆を\n確かめあった。{0E}もう、どんな奴が現れて\nそそのかそうとしても、\nひっかかったりしないよ。{0E}{02}{1B}そうですわね。{0E}この騒ぎでいっそう\n北と南の結束が強くなりましたわ。{0F}フュエンテ国の未来は明るいですわ。{0F}かえってベラートに\n感謝しなくてはなりませんね。{0F}それから、\n怪傑ワイルドキャット団にも。{0E}	
11152	MAP/MAP060.BIN:016712	1	{02}{16}えっ？{0E}{02}{17}怪傑ワイルドキャット団？{0F}なんだね、それ？{0E}{02}{1B}まあ、遅れてますわね。\nフュエンテ国の平和を守る\n義賊の方々ですよ。{0E}{02}{17}盗賊かね？{0E}{02}{1B}いいえ、義賊です。{0E}キャラック王とエネトン王は\n固い握手をかわし、\n変わらぬ兄弟の絆を再確認した。{0E}ベラートの悪しきたくらみは、\nジュリオ、クリス、フィリー、\nバンバンの活躍と、グースたち{0F}怪傑ワイルドキャット団の乱入により、未然に防ぐことができた。{0F}もう、フュエンテに心の隙はない。{0F}北も南もなく、２人の王は\n兄弟力を合わせ、{0F}平和な国を築くことを誓いあった。{0E}ジュリオたちはキャラック王とともにホルクへ向かい、フォルティア国に\n向けての旅を再開することにした。{0E}	
11153	MAP/MAP061.BIN:0000A3	1	{0E}ルード城	
11154	MAP/MAP061.BIN:00E70D	1	閭泣hルフ王	
11155	MAP/MAP061.BIN:00EDC2	1	\n{02}{14}デュルゼル。{0E}	
11156	MAP/MAP061.BIN:00EDD6	1	{02}{14}おお、アルフレッド王。{0E}	
11157	MAP/MAP061.BIN:00EDF2	1	{02}{14}本当にすべて貴方たちのおかげだ。{0E}よく、\nフォルティア国を救ってくれた。{0E}	
11158	MAP/MAP061.BIN:00EE42	1	{02}{0C}ルドルフ王、{0E}	
11159	MAP/MAP061.BIN:00EE5A	1	{02}{0C}このような\n良き結末を迎えられたのも、{0F}この２人がいてくれたおかげです。{0E}	
11160	MAP/MAP061.BIN:00EECA	1	{02}{0C}巡礼の旅人の\nジュリオとクリスです。{10}	
11161	MAP/MAP061.BIN:00EEFC	1	{02}{14}ジュリオ殿、本当にありがとう。\nよく我々を救ってくれた。{10}	
11162	MAP/MAP061.BIN:00EF3E	1	{02}{14}クリス殿、ありがとう。\n心から感謝する。{10}	
11163	MAP/MAP061.BIN:00EF70	1	{02}{14}本当にみなさんには、\n感謝の言葉では尽くせないほど\n世話になってしまった。{0E}よく、イザベルとレバスの企てを\n食い止めてくれた。{0E}	
11164	MAP/MAP061.BIN:00EFF4	1	{02}{12}ルドルフ王、お察ししますよ。{0E}たとえ異界からの侵入者と言えども\nあなたの愛した人だ。{0E}彼女の真意は我々にとっては\n阻止すべきものであったが、{0F}異界の人々にとっても\n止まれぬ事情があった。{0E}	
11165	MAP/MAP061.BIN:00F0B6	1	{02}{14}ありがとう、アルフレッド王。{0E}そう言ってもらえると、\nいくらか\n心が救われる思いがするよ。{0E}私には\n今も美しく優しいイザベルしか\n思い出せないのだ・・・。{0E}	
11166	MAP/MAP061.BIN:00F154	1	{02}\n誰も予想はできなかったのですよ。{0E}唯一、すべてを知って\n始めから行動をしていたのは、{0F}白き魔女・・・\n彼女だけだったのですから・・・。{0E}	
11167	MAP/MAP061.BIN:00F1F0	1	{02}{09}ゲルドがいなければ、\n私たちは何ひとつ真実を知らず、\n滅んでいたでしょう。{0E}	
11168	MAP/MAP061.BIN:00F242	1	{02}{0A}そういうこったな。{0E}	
11169	MAP/MAP061.BIN:00F25A	1	{02}{07}白き魔女が、希望の道を\n残しておいてくれたからこそ\n私たちは救われたのです。{0E}	
11170	MAP/MAP061.BIN:00F2AA	1	{02}{08}これでゲルドさんも{0F}ゆっくり眠ることが\nできるのですね。{0E}	
11171	MAP/MAP061.BIN:00F2E6	1	{02}\nああ、そうだとも。{0E}そうでなくちゃ・・・。{0E}そうでなくては悲しすぎるよ。\n・・・ぐすん。{0E}	
11172	MAP/MAP061.BIN:00F362	1	{02}{01}あ・・。{0E}おじさん・・泣いてる。{0E}	
11173	MAP/MAP061.BIN:00F3A6	1	{02}{01}グースたちの姿が見えないわね？{0E}	
11174	MAP/MAP061.BIN:00F3CA	1	{02}{07}ああ。\nあの方々なら、先程そっと\n出て行かれましたよ。{0E}カタイ席は苦手だとか。{0E}	
11175	MAP/MAP061.BIN:00F41C	1	{09}{0A}\n{02}{01}褒美をもらうとか\n言ってたくせにね。{0E}いざとなったら\n照れちゃったのかしら。{0E}あっ・・・。{0E}	
11176	MAP/MAP061.BIN:00F4A9	1	えっ、どうしたの？{0E}	
11177	MAP/MAP061.BIN:00F4C0	1	{02}\nぐすん・・・。{0E}	
11178	MAP/MAP061.BIN:00F4DA	1	{09}{08}\n{02}{01}まさか・・・。{0E}みんながここにいる間に、\nこの城の宝物を\n盗むつもりじゃないでしょうね。{0E}	
11179	MAP/MAP061.BIN:00F53D	1	そんなぁ・・・。{0E}{02}	
11180	MAP/MAP061.BIN:00F550	1	でも、もしそうだとしても、\nだいじょうぶだよ。{0E}{09}{0A}\n{02}	
11181	MAP/MAP061.BIN:00F583	1	グースたちは盗みに\n成功したことがないんだから。{0E}きっと、悪いことは\n出来ない運命なんだよ。{0E}	
11182	MAP/MAP061.BIN:00F5E0	1	{09}{0A}\n{02}{01}やだ、ジュリオったら・・・。\nハックおじさんの口癖みたい。{0E}	
11183	MAP/MAP061.BIN:00F624	1	\n{02}\nぐすん・・・ん？{0E}{09}{0B}\n{02}\nはははっ・・・。\nじゃあ、立派な大人になれるぞ。{0E}	
11184	MAP/MAP061.BIN:00F670	1	{02}{01}・・・・・・・・。{0E}	
11185	MAP/MAP061.BIN:00F6C9	1	そういえば、ローディもいないよ。\nどこに行ったんだろう・・・？{0E}	
11186	MAP/MAP061.BIN:00F70A	1	{02}{01}あれ、ほんと。{0E}	
11187	MAP/MAP061.BIN:00F71E	1	{02}{0A}半ズボンの兄ちゃんなら、{0F}地下で迷子になっていた兵士を\n救けに行ったぜ。{0E}	
11188	MAP/MAP061.BIN:00F77A	1	あっ、そうだ。{0E}{02}{01}忘れてた。{10}	
11189	MAP/MAP061.BIN:00F7F8	1	{02}{15}助かりました。{0E}どうも、お世話さま。{0E}	
11190	MAP/MAP061.BIN:00F822	1	{02}{04}自分の城で迷子になるなよ。{0E}	
11191	MAP/MAP061.BIN:00F842	1	{02}{15}はい。{0E}以後気をつけます。{0E}	
11192	MAP/MAP061.BIN:00F876	1	{02}{04}あ、王様・・・。{0E}	
11193	MAP/MAP061.BIN:00F89C	1	{02}{14}やあ、すまなかった。{0E}	
11194	MAP/MAP061.BIN:00F8B6	1	{02}{04}無事に終わって良かったですね。{0E}	
11195	MAP/MAP061.BIN:00F8DA	1	{02}{14}君たちのおかげだ。{10}	
11196	MAP/MAP061.BIN:00F906	1	{02}{04}（生きてるじゃないか。）{0E}	
11197	MAP/MAP061.BIN:00F934	1	{02}{0C}（当たり前だ。）{0E}	
11198	MAP/MAP061.BIN:00F94A	1	{02}{04}（約束を覚えてるな。）{0E}	
11199	MAP/MAP061.BIN:00F966	1	{02}{0C}（みくびるなよ。）{0E}（まだボケるには早いさ。）{10}	
11200	MAP/MAP061.BIN:00F9B2	1	{02}{16}みなさーん、お喜びください。{0E}	
11201	MAP/MAP061.BIN:00FA1A	1	{02}{16}今、ギドナ国境から\n連絡が届きました。{0E}兵士たちが意識を取り戻し、\n正気に戻ったそうです。{0F}もう、\n戦争が始まる危険もありません。{10}	
11202	MAP/MAP061.BIN:00FAA3	1	やったぁ。{0E}	
11203	MAP/MAP061.BIN:00FAB2	1	{02}{14}ふぅ・・・。{0E}本当によかった。{0E}	
11204	MAP/MAP061.BIN:00FB1C	1	{02}{14}すべては\n白き魔女と貴方たちのおかげだ。{0E}本当にありがとう。{0E}	
11205	MAP/MAP061.BIN:00FB68	1	\n\n\n　　　　　　ジュリオたちの活躍により\n　　　　ラウアールの波の出現は回避された。\n　　　ジュリオとクリスは、白き魔女が残した\n　　　　　　希望の道を歩んできたのだ。\n\n　　　だがそれは、何かひとつ欠けただけでも\n　　　　　　　成し得ることのできない\n　　　　　　　厳しく、困難な道だった。\n	
11206	MAP/MAP061.BIN:00FC9E	1	\n\n　　　　　　　多くの出会いが実を結び、\n　　　　　世界を破滅に導くほどの力を持つ\n　　　　　　　ラウアールの波にも勝る\n　　　　　　　希望の力となったのだ。\n\n　　　　　　　　　ルドルフ王の\n　　　　　　ねぎらいの言葉を聞きながら、\n　　　　　　　　ジュリオもクリスも\n　　　　　　白き魔女のことを思っていた。\n	
11207	MAP/MAP061.BIN:00FDEC	1	{02}{14}みなさん。{0F}どうか、しばらくの間、\nこの城で\nくつろいでいってください。{0E}何もできないが、\nせめて思う存分疲れを癒し、\n羽を伸ばしてくれ。{0E}	
11208	MAP/MAP061.BIN:00FE76	1	{02}{12}ありがとう、ルドルフ王。{0E}お心遣いは有り難いが、\nそうもしては、いられない。{0E}なにぶん、\nモリスンまでここにいるので、\nアンビッシュ国が藻抜けの殻なのだ。{0E}	
11209	MAP/MAP061.BIN:00FF12	1	{02}{07}私の方も、アルフレッド王が\nこちらに来ているとは\n思いもよりませんでしたので。{0E}	
11210	MAP/MAP061.BIN:00FF64	1	{02}{12}まあ、心配はないと思うが\n早く帰って国民を安心させて\nやりたいのでな。{0E}	
11211	MAP/MAP061.BIN:00FFAE	1	{02}{01}私たちも巡礼の旅の途中だし、\n予定よりあまり遅くなると{0F}きっと、\nお母さんたちが心配するわ。{0E}せめて\n雪が降る前には\n村に戻らなきゃ。{0E}	
11212	MAP/MAP061.BIN:010036	1	うん、そうだよね。{0E}ちゃんとラグピック村に着くまで\nボクたちの旅は\n終わっていないんだ。{0E}	
11213	MAP/MAP061.BIN:010090	1	{02}{14}ではせめて、\nジュリオ殿とクリス殿には\n馬車を用意させてくれ。{0E}途中まで送らせよう。{0E}	
11214	MAP/MAP061.BIN:0100EA	1	え、ほんと？！{0E}やったー。{0E}	
11215	MAP/MAP061.BIN:010156	1	ボク、１度でいいから\n馬車に乗ってみたかったんだ。\nやったー。よかった。{0E}	
11216	MAP/MAP061.BIN:0101B4	1	{02}{01}ジュリオ、喜びすぎよ。{0E}	
11217	MAP/MAP061.BIN:0101D0	1	{09}{0B}\n{02}\nはっはっはっはっはっはっ・・・。{0E}	
11218	MAP/MAP061.BIN:01020A	1	{02}{12}はっはっはっはっ・・・。{0E}	
11219	MAP/MAP061.BIN:010228	1	{02}{0A}はっはっはっはっはっ・・・。{0E}	
11220	MAP/MAP061.BIN:01024A	1	{02}{14}はっはっはっはっはっはっ・・・。{0E}	
11221	MAP/MAP061.BIN:010278	1	謁見室が笑い声で満たされた。\nルード城では２０年ぶりの\n明るく楽しい笑い声だった。{10}	
11222	MAP/MAP061.BIN:0102E5	1	デュルゼルさん。{0E}これ、お返します。{0E}	
11223	MAP/MAP061.BIN:010340	1	ジュリオは\nエスペランサーを差し出した。{0E}	
11224	MAP/MAP061.BIN:010375	1	これはデュルゼルさんの剣です。{0E}やっぱり、\nデュルゼルさんが持っているのが\n１番だと思います。{0E}	
11225	MAP/MAP061.BIN:0103D4	1	{02}{0C}俺には資格がないと説明しただろ。{0E}	
11226	MAP/MAP061.BIN:0103FF	1	ルード城を{19}{0F}・・・。\n{19}	
11227	MAP/MAP061.BIN:010416	1	世界を守ったじゃないですか。{0E}ボクはデュルゼルさんより他に、\nこの剣を持つのにふさわしい剣士は\nいないと思います。{0E}	
11228	MAP/MAP061.BIN:010492	1	デュルゼルは\nしばらくジュリオの\n瞳を見つめていた。{0E}	
11229	MAP/MAP061.BIN:0104CC	1	{02}{0C}ジュリオ・・・ありがとうよ。{0E}この剣はもらっておく。{0E}	
11230	MAP/MAP061.BIN:01050E	1	デュルゼルは\nエスペランサーを受け取った。{0E}	
11231	MAP/MAP061.BIN:010548	1	\n\n\n　　　　一行は口々に喜びと安堵をかみしめ、\n　　　　　　　　互いの健闘を讃え、\n　　　　　心の底から白き魔女に感謝した。\n\n　　　　　２人を送る馬車の用意が整うまで\n　　　　　　ジュリオたちは思い思いに\n　　　　　くつろいで待つことになった。\n	
11232	MAP/MAP061.BIN:0106D4	2	{09}{10}\n{02}{01}望むところよ。{0E}	
11233	MAP/MAP061.BIN:0106EC	2	{02}{17}ジャンケン、ポイっ！{0E}あいこで、しょっ！{0E}	
11234	MAP/MAP061.BIN:01076E	2	{09}{0A}\n{02}{01}私の勝ち。{10}	
11235	MAP/MAP061.BIN:0107B4	6	{02}{17}ジャンケン、ポイっ！{0E}	
11236	MAP/MAP061.BIN:010822	2	{09}{0A}\n{02}{01}また、私の勝ち。{10}	
11237	MAP/MAP061.BIN:010864	2	{02}{17}ジャンケン、ポイっ！{0E}あいこで、しょっ！{0E}あいこで、しょっ！{0E}あいこで、しょっ！{0E}	
11238	MAP/MAP061.BIN:010B46	1	{09}{08}\n{02}{03}わざわざ城の中を\nもう１度調べ直したのに、\nなんで宝がねーんだ。{0E}	
11239	MAP/MAP061.BIN:010BAC	1	{02}{18}帰ろ、帰ろ。{0E}	
11240	MAP/MAP061.BIN:010BBE	1	{02}{19}うん。帰ろ、帰ろ。{0E}	
11241	MAP/MAP061.BIN:010C2A	2	\n{02}{03}ガキどもは\nいつも元気だな。{0E}	
11242	MAP/MAP061.BIN:010C62	1	\n{02}{02}村に帰るんだってね。{0F}気をつけて帰るんだよ。{0E}あんたたちとの旅は\n最高に面白かったよ。{0E}	
11243	MAP/MAP061.BIN:010E62	2	{09}\n\n{02}{03}なんだよ？{0E}	
11244	MAP/MAP061.BIN:010EB8	2	{09}{0C}\n{02}{03}げっ・・・。{0E}やべっ、逃げよ。{10}	
11245	MAP/MAP061.BIN:010EF6	1	{09}{0B}\n{02}{02}いいこと聞いた。{0E}これでまた当分のあいだ\nグースはあたしに頭が上がらないわね。{10}	
11246	MAP/MAP061.BIN:010FA4	2	{02}{18}あばよ。{10}	
11247	MAP/MAP061.BIN:010FB6	2	{02}{19}あばよ。{10}	
11248	MAP/MAP061.BIN:010FC8	2	{02}{1A}あばよ。{10}	
11249	MAP/MAP061.BIN:010FDA	2	{02}{1B}あべよ。{10}	
11250	MAP/MAP061.BIN:011050	1	{02}{01}行っちゃった。{0E}	
11251	MAP/MAP061.BIN:011086	1	{02}{01}うん。{0E}じゃあ、ジュリオ。{0E}勝負の続きよ。{0E}	
11252	MAP/MAP061.BIN:0110C4	2	{02}{17}ジャンケン、ポイっ！{0E}あいこで、しょっ！{10}	
11253	MAP/MAP061.BIN:0110F2	1	ボイスイベント水のない噴水{10}	
11254	MAP/MAP062.BIN:010F79	1	激泣hルフ王	
11255	MAP/MAP062.BIN:011279	1	こんなに大勢の人に見送られると\nなんだか恥ずかしいね。{0E}	
11256	MAP/MAP062.BIN:0112B2	1	{09}{0A}\n{02}{01}でも、いい気持ちよ。{0E}お姫さまになったみたい。{0E}	
11257	MAP/MAP062.BIN:0112E8	1	{02}{14}くれぐれも気をつけてな。{0E}	
11258	MAP/MAP062.BIN:011306	1	{02}{14}ルデラの境門まで、お送りしてくれ。あそこまでなら馬車道もある。{0E}	
11259	MAP/MAP062.BIN:01134A	1	{02}{15}かしこまりました。{0E}	
11260	MAP/MAP062.BIN:011362	1	{02}{14}ジュリオ殿、クリス殿。{0E}	
11261	MAP/MAP062.BIN:01137E	1	本当に世話になった。{0E}世界中の人々は\n君たちがこの世界の為に\n頑張ってくれたことを{0E}決して忘れないだろう。{10}	
11262	MAP/MAP062.BIN:0113E8	1	{02}{0A}おい、ジュリオ。{0E}	
11263	MAP/MAP062.BIN:0113FE	1	{02}{0A}見てみろよ。{0E}それにしても、これ。{0E}でっかい、犬だな。{0E}	
11264	MAP/MAP062.BIN:011447	1	馬だよ。{0E}馬車を犬が\n引くわけないじゃないか。{0E}	
11265	MAP/MAP062.BIN:011480	1	\n{02}{0A}はははは、冗談だって。{0E}やっと、ジュリオも\n犬と馬の区別ができるように\nなったみたいだな。{0E}	
11266	MAP/MAP062.BIN:0114DE	1	{09}{0A}\n{02}{01}でも、熊と犬の区別は\nまだつかないのよね。{0E}	
11267	MAP/MAP062.BIN:011515	1	・・・・・・もう。{0E}	
11268	MAP/MAP062.BIN:01152E	1	\n{02}{0C}はっはっはっはっ・・・。{0E}	
11269	MAP/MAP062.BIN:011550	1	あっ、デュルゼルさんが笑った。{10}	
11270	MAP/MAP062.BIN:011576	1	{02}{0C}俺だって笑うこともある。{0E}ジュリオ、クリス。{0E}俺は口下手なのでな。\nお前たちに礼が言いたくとも、\nうまくまとまらない。{0E}	
11271	MAP/MAP062.BIN:0115EE	1	{02}{0C}元気でな。{10}	
11272	MAP/MAP062.BIN:0115FE	1	{02}{08}お２人が\n巡礼の旅をなさっていなかったら、{0F}せっかくの白き魔女の予言も\n無駄になっていたかも知れません。{0E}貴方たちがいて、本当によかった。{10}	
11273	MAP/MAP062.BIN:01168A	1	{02}{12}アンビッシュ国にも\n遊びにきてくれよ。{0E}	
11274	MAP/MAP062.BIN:0116B6	1	{02}{12}ごちそうを用意して\n待っているからね。{0E}	
11275	MAP/MAP062.BIN:0116E4	1	ごちそう・・・。{0E}うん、行くよ。{0E}	
11276	MAP/MAP062.BIN:011708	1	{02}{07}ジュリオ様、クリス様、\nお元気で。\nまた、お会い致しましょう。{0E}	
11277	MAP/MAP062.BIN:01174C	1	モリスンさんも元気でね。{0E}	
11278	MAP/MAP062.BIN:011768	1	{02}{01}マギサさんにもよろしくね。{0E}	
11279	MAP/MAP062.BIN:011788	1	{02}{07}はい、伝えておきます。{0E}マギサも喜ぶでしょう。{0E}	
11280	MAP/MAP062.BIN:0117BC	1	{02}{0A}さて、これでまた\n格闘家のチャンプを目指せるぜ。{0E}やっぱり、武器を使って戦うなんて\n邪道だよなぁ、おっさん。{0E}	
11281	MAP/MAP062.BIN:011854	1	{02}{0A}あれ？{0E}	
11282	MAP/MAP062.BIN:011878	1	{02}{0A}ハックのおっさんがいないぞ。{0E}	
11283	MAP/MAP062.BIN:0118A9	1	あ、ああ。{0E}おじさんなら、用ができたって\nひと足先に出てっちゃったよ。{0E}	
11284	MAP/MAP062.BIN:0118F4	1	\n{02}{0A}なんだ、そうなの。{0E}いつも忙しい人だね。{0E}	
11285	MAP/MAP062.BIN:011922	1	{02}{12}そういえば、\nグースたちも来ていないな。{0E}彼らも大活躍だったから、{0F}我がアンビッシュ国から\n特別に褒賞金でも\n出そうかと思ったのだが・・・。{0E}	
11286	MAP/MAP062.BIN:0119B0	1	{09}{0A}\n{02}{01}きっと今頃、クシャミしてるわよ。{0E}	
11287	MAP/MAP062.BIN:0119DF	1	後で知ったら、\nすっごく、悔しがるだろうね。{10}	
11288	MAP/MAP062.BIN:011A10	1	\n{02}{09}ジュリオくん、クリスちゃん。{0E}ラウアールの波はともかく、\n貴方たちに会えて良かったわ。{0E}これからも\nこの体験を活かして\nお互いに頑張りましょうね。{0E}	
11289	MAP/MAP062.BIN:011ABE	1	頑張るよ。{10}	
11290	MAP/MAP062.BIN:011ACC	1	{02}{04}ジュリオ。{0E}クリス。{0E}よく、頑張ったな。{0E}お前たちの頑張りには、\nいつも感心してたぜ。{0E}	
11291	MAP/MAP062.BIN:011B24	1	{02}{01}ローディ、来てくれて、ありがとう。{0E}	
11292	MAP/MAP062.BIN:011B4E	1	本当にありがとう。{0E}アルフやモリスンさんも\nそうだったけど、{0F}ボクたちを追って来てくれたのが、\nすっごく、うれしかったよ。{0E}	
11293	MAP/MAP062.BIN:011BC8	1	{02}{04}なあに、偶然だったが\nガルガを操っていた奴も倒したし。{0E}恨み辛みは捨てたが、結果として\n復讐ができたわけだからな。{0F}もともと\n俺の仕事でもあったわけだ。{0E}	
11294	MAP/MAP062.BIN:011C62	1	{02}{01}ローディ、これからどうするの？{0E}	
11295	MAP/MAP062.BIN:011C86	1	{02}{04}もっと修行を積むために\nまた、旅に出るさ。{0E}その前に、\nデュルゼル殿に剣士の心得を\n教えて頂きたいがな。{0E}	
11296	MAP/MAP062.BIN:011D16	1	デュルゼルはローディの視線を\n受けてニヤリと笑みを返した。{0E}	
11297	MAP/MAP062.BIN:011D58	1	{02}{01}つまり、\nデュルゼルさんに\n師匠になってもらうわけ？{0E}	
11298	MAP/MAP062.BIN:011D90	1	{02}{04}ああ、胸を借りようと思ってる。{0E}	
11299	MAP/MAP062.BIN:011DB4	1	{02}{01}じゃあ、\nジュリオの師匠がローディで、{0F}ローディの師匠が\nデュルゼルさんってことね。{0E}	
11300	MAP/MAP062.BIN:011E0E	1	あっそうか。{0E}	
11301	MAP/MAP062.BIN:011E1E	1	{02}{04}そういうことだな。{0E}	
11302	MAP/MAP062.BIN:011E38	1	頑張ってね、ローディ。{0E}	
11303	MAP/MAP062.BIN:011E52	1	{02}{04}ああ、俺も頑張るから\nお前たちだって\nもっと、もっと頑張れよ。{0E}	
11304	MAP/MAP062.BIN:011EA0	1	{02}{14}さあ、なごり惜しいが、\nそろそろ出発した方がいい。{0E}	
11305	MAP/MAP062.BIN:011ED8	1	{02}{14}このままでは\nひと晩、別れを語ったとしても\n終わりそうもないからね。{0E}いいかね？{0E}	
11306	MAP/MAP062.BIN:011F2C	1	{02}{16}はい。{0E}	
11307	MAP/MAP062.BIN:011F38	1	{02}{14}よし。{0E}では出発だ。{0E}	
11308	MAP/MAP062.BIN:011F52	1	{02}{15}どおーっ・・・。{10}	
11309	MAP/MAP062.BIN:011F68	1	{02}{14}気をつけて帰るのだよ。{0E}	
11310	MAP/MAP062.BIN:011F84	1	{02}{0C}・・・また、会おう。{0E}	
11311	MAP/MAP062.BIN:011F9E	1	{02}{08}お元気でね！{0E}	
11312	MAP/MAP062.BIN:011FB0	1	{02}{12}アンビッシュ国にも遊びにおいで。{0E}	
11313	MAP/MAP062.BIN:011FD6	1	{02}{07}お待ちしておりますぞ。{0E}	
11314	MAP/MAP062.BIN:011FF2	1	{02}{0A}やっほーっ！{0E}	
11315	MAP/MAP062.BIN:012004	1	{02}{04}いつかまた会おうぜ。{0E}	
11316	MAP/MAP062.BIN:01201E	1	{02}{09}さよなら、また会いましょう！{0E}	
11317	MAP/MAP062.BIN:012040	1	{02}{01}さようなら！{0E}	
11318	MAP/MAP062.BIN:012054	1	バイ、バーイ！{0E}みんなーっ！{0E}元気でねーっ！{0E}	
11319	MAP/MAP062.BIN:012082	1	{02}{01}さよならーっ！{0E}	
11320	MAP/MAP062.BIN:012098	1	また、ねえーっ！{10}	
11321	MAP/MAP062.BIN:0120B4	1	大勢の素晴らしい仲間に送られ、\nジュリオとクリスは\nラグピック村へ帰路についた。{0F}別れは悲しかったが、\n２人の胸の中は、\n巡礼の旅を無事に終え、{0F}なつかしい村に帰れる喜びで、\nいっぱいだった。{10}	
11322	MAP/MAP065.BIN:00E888	1	{02}{04}そこをなんとか。{0E}{02}{14}ダメだ。ダメだ。ダメだ！{0E}{09}{10}{02}{01}ケチッ！{0E}{02}{14}ダメだって言ってるだろ！{10}	
11323	MAP/MAP065.BIN:00F3D2	1	{02}{18}どうも、ありがとうございます。{10}	
11324	MAP/MAP065.BIN:00FA6A	1	お。さっきの人たちだね。\n石けんは役に立ってるかい？{10}	
11325	MAP/MAP065.BIN:00FCD2	1	ボルトの方のガルガ騒ぎも\nおさまったようですね。{10}	
11326	MAP/MAP065.BIN:00FD5C	1	こちらは、ウドル国の関所です。{10}	
11327	MAP/MAP065.BIN:00FD82	1	ウドル国への入国希望ですね。{0F}この関所では、出入国者の書類を\n作成しています。{0F}窓口で書類に必要事項を\n記入して下さい。{10}	
11328	MAP/MAP065.BIN:00FE90	1	{02}{14}まだ、入国手続きが\n終わっていないようだね。{0F}窓口で書類を作成してきてよ。{10}	
11329	MAP/MAP065.BIN:00FEEC	1	まだ、君たちの書類は\nできてないみたいだね。{0F}待合室で待っててよ。{10}	
11330	MAP/MAP065.BIN:00FFB4	1	ウドル国は入国手続きが厳しいんだ。面倒だろうけど、ガマンしてよ。{10}	
11331	MAP/MAP065.BIN:0101D8	1	手続きは、すみました？{0F}でしたら奥の待合室でお待ち下さい。{10}	
11332	MAP/MAP065.BIN:01033A	1	すまないね。{0F}他の窓口に\n行ってみてくれないか？{0F}まだまだ、未処理の書類が\nあるんだよ。{10}	
11333	MAP/MAP065.BIN:010396	1	{02}{01}ウドル国への入国手続きは\nここでいいの？{0E}{02})はい、いいですよ。{0F}そこの書類に住所と入国理由を\n書いてください。{0E}{09}\n{02}	
11334	MAP/MAP065.BIN:010407	1	大変なんだね。{0F}ボクたち巡礼の旅で\nオルドス国に行くだけなのに。{0E}{02})えっ、巡礼の旅。\nどこから来たんだい？{0E}{09}	
11335	MAP/MAP065.BIN:010470	1	{02}{01}フォルティア国の\nラグピック村よ。{0E}{02})なんだ。それだったら\n君たちが書類を書く必要はないよ。{0F}銀の短剣を持ってるよね。\nそれを見せてくれれば\nこっちで書類を作るから。{0F}もちろん同行者もオッケーさ。{0E}	
11336	MAP/MAP065.BIN:010538	1	ジュリオは銀の短剣を見せた。{0E}{09}	
11337	MAP/MAP065.BIN:010557	1	{02}{07}さすがに銀の短剣の効力は\nすごいですな。{0E}{02})たしかに巡礼の旅人だ。{0E}{02})すぐに済むから、\n待合室で待っててよ。{0F}書類ができ次第、呼びにいくからね。{10}	
11338	MAP/MAP065.BIN:01094E	1	{02}{07}さすがに銀の短剣の\n効力はすごいですな。{0E}{02})たしかに巡礼の旅人だ。{0E}{02})すぐに済むから\n待合室で待っててよ。{0F}書類ができ次第、呼びにいくからね。{10}	
11339	MAP/MAP065.BIN:0109FC	1	すぐに済むから\n待合室で待っててよ。{0F}書類ができ次第、呼びにいくからね。{10}	
11340	MAP/MAP065.BIN:01128A	1	ガルガ騒ぎがおさまってから、\n橋を渡る人が少なくなったような{0F}気がするなぁ。\nまぁ、そのうち人通りも\nまた増えるだろう。{0F}気にしない、気にしない。{10}	
11341	MAP/MAP065.BIN:01176C	1	チャノム国とアンビッシュ国が\nお金を払ったのはわかるけど、{0F}オルドス国は橋がつながってないのにどうしてお金を払ったんですか？{0E}{02}{1D}はい。いい質問ですね。{0F}それはですね。{0F}本来、オルドス国を突っ切れば\n２国間の往来は\n多少短くなったのですが{0E}	
11342	MAP/MAP065.BIN:011AE4	1	{02}{1D}中島をご覧ください。\n見事な景色でしょ。{0F}この中島こそ\nティラスイール三景に数えられる\n魔女の踏み石です。{0E}	
11343	MAP/MAP065.BIN:011C4A	1	ティラスイールのどこに行ったって\n魔女の話を聞くのは当然だ。{0F}魔女は国中を\nくまなく歩き回ったんだからな。{0F}さあ、時間がない。\n俺たちは先を急ごう。{10}	
11344	MAP/MAP065.BIN:0120A4	1	{02}{11}あの者たちがガルガ計画を\n妨害した奴らか・・・。{0E}	
11345	MAP/MAP065.BIN:0121F6	1	{02}{11}それほどの力があるとは思えないが、ご報告だけはしておくとしようか。{0E}	
11346	MAP/MAP065.BIN:01228A	1	フッフッフッフッフッ・・・。{10}	
11347	MAP/MAP065.BIN:01230C	1	{09}\n{02}{01}ねぇ、ジュリオ。\n早くボルトに向かいましょう。{10}{09}	
11348	MAP/MAP065.BIN:012340	1	{02}{04}あぁ、たしかに\nボルトへ急ぐのが先決だ。{0F}だが、せっかく町へ寄ったんだ。{0F}戦いの前に武器を\nそろえて置くことも重要だぜ。{10}	
11349	MAP/MAP065.BIN:01240C	1	{02}{04}おいおい、ジュリオ。\nどこへ行こうってんだ。{0F}そろそろボルトへ向かうぞ。{10}{09}	
11350	MAP/MAP065.BIN:012457	1	{02}{01}ちょっと待って。{0F}このままルーレおじいさんを\nほおっておいたら、\nレッドさんに悪いわ。{0F}もう１度、様子を見に行きましょう。{10}	
11351	MAP/MAP065.BIN:012932	1	そっちは\nウドル国に抜ける関所だぜ。{10}	
11352	MAP/MAP065.BIN:01332E	1	{02}{04}そこをなんとか。{0E}{02}{14}ダメだ。ダメだ。ダメだ！{0E}{09}{13}{02}{01}ケチッ！{0E}	
11353	MAP/MAP065.BIN:013763	1	{02}{04}チャノム国とアンビッシュ国をつなぐ、ティラスイール最大の大橋だ。{0E}	
11354	MAP/MAP065.BIN:013868	1	いらっしゃい。\n三都橋へようこそ。{0F}橋の見学ですか？{0E}	
11355	MAP/MAP065.BIN:0139C0	1	私たちアンビッシュ国に行くんでしょ。{0F}もう、ときどき寝ぼけたこと\n言うんだから。\nこまっちゃうわねえ。{0E}	
11356	MAP/MAP065.BIN:013A8E	1	はい。入国ですね。\nどうぞ、お通り下さい。{0E}	
11357	MAP/MAP065.BIN:013C4B	1	本当にそうだね。{0F}ボクたちも、\nさっきおじいさん１人と\nすれ違っただけだもの。{0E}{02}/お爺さん？\nおかしいな・・・。{0F}今日はお爺さんなんて、\n通ってないのになぁ。{0E}{09}\n{02}	
11358	MAP/MAP065.BIN:0140EE	1	{02}{07}そちらはボルトでございます。{0F}ウドル国へは、\nこのドッタを抜けずして行くことは\nかないませぬ。{10}	
11359	MAP/MAP065.BIN:01417A	1	{02}{07}申し訳ありません。\nこちらはボルトへの道でした。{10}	
11360	MAP/MAP065.BIN:014418	1	そういえば、ラップじいさんのことを大魔法使いとか言ってたよね。{0E}{02}{19}ええ。{0F}ラップ様は、\n正真正銘の大魔法使いですよ。{0F}もっとも、今は魔法を使うこともなくラグピック村で、のんびりと\nお暮らしの御様子ですけどね。{0F}それよりも、お嬢さん。\nラップさんの杖が\nだいぶ、似合うようになりましたね。{0E}	
11361	MAP/MAP065.BIN:0145D6	1	{02}{07}はい。{0F}今まで気がつかなかったのが\n不思議なくらいなのです。{0F}その杖、私も見覚えがございます。{0E}{09}\n{02}{01}えっ、どうして？{0F}だって・・・この杖は、\nラグピック村のラップじいさんが\n持っていたものよ。{0E}	
11362	MAP/MAP065.BIN:0146A6	1	{02}{07}ええ。{0F}ラップ様のお名前も\n思い出しましたよ。{0F}確かあのお方の俗姓は、\nミッシェル・ド・ラップ・ヘブン。{0F}正確には大魔法使いではなく、\n大魔導師でございます。{0F}ただ１人、魔女の島に渡った\n伝説の大魔導師でございましょう。{0F}そうですか、\nお元気であられましたか・・・。{0E}{09}	
11363	MAP/MAP065.BIN:0147C4	1	{02}{07}ティラスイールの内海に\n浮かぶと言われている{0F}魔女たちが住むという島です。{0F}そこが魔法の生まれた場所と\nされております。{0E}{02}{01}驚いた・・・。{0F}ラップじいさんって\nそんなに有名人だったの。{0E}{02}	
11364	MAP/MAP065.BIN:0148AA	1	{02}{01}なに、言ってるの！{0E}	
11365	MAP/MAP065.BIN:01494C	1	あっ、いや。\nこれについては私からお話するのは\nやめておきましょう・・・。{0F}ラップ様がクリス様に\nお渡しになられたのでしたら、{0F}きっと深いお考えがあっての\nことでしょうから。{0E}	
11366	MAP/MAP065.BIN:014A08	1	{02}{01}えっ、何なの？\nもったいぶらないで教えてよ。{0E}	
11367	MAP/MAP065.BIN:014A66	1	{02}{07}申し訳ありません。{0F}きっと、旅のあいだに知るときが\nくるでしょう。{0F}自然の流れの中で知るのが\n１番と思います。{0E}	
11368	MAP/MAP065.BIN:014CCC	1	{02}{14}もしもし。{0E}	
11369	MAP/MAP065.BIN:014CFA	1	{02}{14}まだ、ウドル国への入国手続きが\n終わっていないようだね。{0F}窓口で書類を作成してきてよ。{10}	
11370	MAP/MAP065.BIN:014D90	1	{02}{14}まだ、君たちの書類は\nできてないみたいだね。{0F}待合室で待っててよ。{10}	
11371	MAP/MAP065.BIN:014E20	1	{02}{03}そんなこと言わずに\n通してくれよ。{0E}{02}'書類を作成していない者を\n通すわけにはいかない。{0E}	
11372	MAP/MAP065.BIN:014E8A	1	{02}{03}先に行った連れが\n通行証を持っていっちまって{0F}書類なんか、作れないんだよ！{0E}	
11373	MAP/MAP065.BIN:014EF6	1	じゃあ通せない。{0E}{02}{03}頭の固い奴だな。{0E}	
11374	MAP/MAP065.BIN:014F24	1	ねえ。{0E}{02}{03}うるせえなあ。{0E}{02}	
11375	MAP/MAP065.BIN:014F62	1	{02}{03}うるせーよ！\n・・・また、お前らか。{0E}{02}{01}グースがいつまでも\nウロウロしてるから、\nいけないのよ。{0E}{02}'おや、同行者なのかい？{0E}{02}{03}ふん、こんな乳臭いガキどもと\n一緒にすんなよ！{0E}{02}'なんだ、{0F}同行者なら、彼らの書類ができてればここを通れたのに。{0E}	
11376	MAP/MAP065.BIN:015062	1	{02}{03}えっ？\nそうなの？{0E}	
11377	MAP/MAP065.BIN:01509E	1	{02}{03}なんだ、お前ら。\n待ってたんだぜ。{0F}ほら、早くいこうぜ！{10}	
11378	MAP/MAP065.BIN:015112	1	グースがパーティにくわわった。{0E}{02}{01}もう！　強引なんだから。{0E}	
11379	MAP/MAP065.BIN:01515E	1	{02}{03}（たのむ。後生だ。）{0F}（シャーラに置いてかれて、）\n（関所も通れねーんだ。）{0F}（これじゃ、よぅ・・・その・・・）（シャーラを追い掛けることも）\n（できやしねえ。）{0E}	
11380	MAP/MAP065.BIN:0153A4	1	{02}{03}はいはい、好きに言ってくれ。{0E}	
11381	MAP/MAP065.BIN:0154A0	1	{02}{03}まったく、ツイてねぇな。{0F}ガーナちゃんには、ふられるし\nこんなガキどもと\n旅するハメになるとはよ。{0E}	
11382	MAP/MAP065.BIN:01554A	1	お前だな！？{0F}私の婚約者を\n追いかけまわしたのは！{0F}せっかく、お弁当を\n持ってきてくれたのに{0F}変な男に声をかけられたと言って\n泣きながら帰っていったぞ！{0E}{02}{03}やべぇ！{0E}	
11383	MAP/MAP065.BIN:01572A	1	いっしょにお茶しない。{0E}	
11384	MAP/MAP065.BIN:0157DE	1	なっ、なんですか。{0F}そんなに１度に質問されても\n私・・・。{0E}{02}{03}じゃあ、名前はなんていうのかな？{0E}{02}-ガーナですけど・・・。{0E}{02}{03}ガーナちゃんか。\n甘そうで、いい名前だ。{0E}	
11385	MAP/MAP065.BIN:0158E4	1	{02}{01}（シャーラはどうしたのかしら？）{0E}{02}	
11386	MAP/MAP065.BIN:015909	1	（ドジだから）\n（ふられたんじゃないかなぁ。）{0E}{02}{01}（うん、きっとそうね。）{0E}	
11387	MAP/MAP065.BIN:015964	1	{02}{03}ヘーックショっ！{0E}	
11388	MAP/MAP065.BIN:015988	1	{02}{03}誰か、\n俺のウワサをしてやがんな・・・。{0E}	
11389	MAP/MAP065.BIN:015A22	1	（未遂に終わったとは言え）\n（城に忍び込んだ泥棒の１人です。）{0F}（縛り上げて、）\n（兵士に引き渡しましょうか？）{0E}{02}	
11390	MAP/MAP065.BIN:015A92	1	（いいよ、かわいそうだから。）\n（ほおっておこうよ。）{0E}{02}{01}（そうね。）{0E}	
11391	MAP/MAP065.BIN:015C66	1	{02}{03}あっ。{0E}	
11392	MAP/MAP065.BIN:015DE4	1	{02}{03}お、お前ら・・・。\n見てたの？{0E}{02}	
11393	MAP/MAP065.BIN:015E3A	1	{02}{03}くうーっ、俺としたことが。\nみっともねー。{0E}	
11394	MAP/MAP065.BIN:015FD6	1	いやぁ、お待たせしました。\nあなたたちの書類ができましたよ。{0F}西側の門番は、銀の短剣を見せれば\n通してくれるよう、話してあります。{0F}それでは、お気をつけて。\nよい旅を。{0E}{02}	
11395	MAP/MAP065.BIN:016442	1	君たちは、ガルガ騒ぎのさいちゅう\nボルトへ向かって行った\n子供たちじゃないか。{0F}大丈夫だったんだね。\n心配してたんだぞ。{0E}{02}{14}うん、平気だよ。{0E}{02}{07}砦の見張りご苦労。{0E}	
11396	MAP/MAP065.BIN:0164F0	1	{02}{14}あっ、これは。\nモリスン様ではありませんか。{0F}{02}{07}２人の英雄を\nお送りしている途中なのだ。{0E}{02}{14}英雄？{0E}	
11397	MAP/MAP065.BIN:0166C0	2	{02}{01}やったー！{0E}{02}	
11398	MAP/MAP065.BIN:016B18	1	なんで、ボクらまで\n逃げなきゃならないのさ！{0E}{02}{03}かたいこと言うなって！{0E}{02}'待て～！{0E}	
11399	MAP/MAP065.BIN:016BDC	1	アンデラで、アルフレッドの\nもてなしを受け、ジュリオたちは\n楽しい一時をすごした。{0F}ローディも順調に回復に向かい\n安心して巡礼の旅を\n続けられるようになった。{0E}だが、ジュリオたちは\n重大なことを忘れていた。{0F}ガルガを\n操っていた者の存在を・・・。{0F}新たなる災いの渦は、\nジュリオたちを中心に\nすでに動き始めていたのだ。{0E}　　　　　第３章　三都橋の幻影　完{10}	
11400	MAP/MAP066.BIN:00A8B0	2	{02}{12}先を急いでくれ。\n背後の心配は無用だ。{10}	
11401	MAP/MAP066.BIN:00B23E	1	ローディとカジムの姿はない。{10}	
11402	MAP/MAP066.BIN:00B4B4	1	ルード城地下迷宮	
11403	MAP/MAP066.BIN:00B518	2	あれ？{0F}扉がないや！？{10}	
11404	MAP/MAP066.BIN:00B642	1	{02}{0C}待ち伏せか・・・。{0F}足場が悪いだけに厄介だな。{0E}{02}	
11405	MAP/MAP066.BIN:00B674	1	どうしよう・・・。{0E}{02}{01}あ・・・。{0E}	
11406	MAP/MAP066.BIN:00B6A4	1	{02}{09}魔獣よりも厄介な\n敵が現れたみたいね。{0E}	
11407	MAP/MAP066.BIN:00B71A	1	{02}{12}ふう・・・。\nこんなもんかな。{0E}	
11408	MAP/MAP066.BIN:00B75E	1	アルフ？{10}	
11409	MAP/MAP066.BIN:00B796	1	{02}{01}な、何でこんなところに\nアルフがいるのよ・・・。{10}	
11410	MAP/MAP066.BIN:00B7CE	1	アルフ！{10}	
11411	MAP/MAP066.BIN:00B7E2	1	{02}{12}やっぱり君たちを追い抜かしていたか。そうじゃないかと思っていたのだ。{0E}	
11412	MAP/MAP066.BIN:00B830	1	{02}{01}どうして、アルフがここに？{0E}{02}	
11413	MAP/MAP066.BIN:00B84F	1	１人で来たの？{0E}{02}{01}なんで仮面なんか被ってたのよ？{10}	
11414	MAP/MAP066.BIN:00B88A	1	{02}{12}私の顔はフォルティア国でも\n知られているからね。{0F}それより、ずるいじゃないか。{0F}モリスンがアンビッシュ国に\n戻ってから、{0F}どうも君たちのことが\n気になってね。{0F}オルドスの大神官様のところへ\n君たちの様子を聞きに行ったのだ。{0E}{02}{12}ラウアールの波のことは聞いたよ。{0F}それで取るモノもとりあえず、\nやって来たという訳だ。{0F}そうそう、モリスンには内緒だぞ。{0F}あいつは心配性だから、{0F}知られたら城を\n出してもらえんからな。{0E}	
11415	MAP/MAP066.BIN:00BA20	1	{02}{0C}アルフレッド王。久しぶりだな。{10}	
11416	MAP/MAP066.BIN:00BA4C	1	{02}{12}やあ、デュルゼル。{0F}昔のようにアルフでいい。\n君に王なんて呼ばれたら、\nなんだか調子が狂うよ。{0E}	
11417	MAP/MAP066.BIN:00BAEE	1	{02}{01}えっ・・・？{0F}デュルゼルさんとアルフって\n知り合いなの？{10}	
11418	MAP/MAP066.BIN:00BB32	1	{02}{12}ああ。{0F}	
11419	MAP/MAP066.BIN:00BB7A	1	昔、本当に短い間だったが、\n私たちは一緒に旅をしたことがある。{0F}さてと、{0F}思い出話をしている\n時間はなさそうだ。{0F}ここの守りは私が引き受けた。{0F}ここから入ろうとする敵は\n私が食い止める。{0F}さあ、先に行きたまえ。{10}	
11420	MAP/MAP066.BIN:00BD0E	1	{02}{12}さっそく出たな。{10}	
11421	MAP/MAP067.BIN:004496	1	{02}{15}おっ、俺・・・。{0F}変な術をかけられそうになったから、地下へ逃げてきたんだ。{0F}そしたら、\n迷子になっちまって・・・。{0F}助けてくれよ。\n俺を外へ出してくれよ～。{0E}{02}	
11422	MAP/MAP067.BIN:004532	1	ボクたちも迷子みたいなもんさ。{0E}{02}{01}それに、\n今ここから出て捕まったら、{0F}同じことよ。{0F}術をかけられちゃうわよ。{0E}{02}{0C}レバスを止めるまでは、\nむしろ、ここにいる方が安全だろう。{0E}{02}{09}ことが無事に済んだら、\n捜索隊を出すよう伝えます。{0F}それまでは、ここにいてください。{0E}{02}{15}わ、わかったよ。{0F}ここにいるから、\n頼むから忘れないでくれよ。{0F}ああ、でも・・・。{0F}なんだか心細いなぁ・・・。{10}	
11423	MAP/MAP067.BIN:0046A4	1	{02}{15}ここにいるから、\n頼むから忘れないでくれよ。{0F}ああ、でも・・・。{0F}なんだか心細いなぁ・・・。{10}	
11424	MAP/MAP067.BIN:004708	1	\n{02}{0C}レバスは倒したが、王妃を・・・、{0F}イザベル王妃を探しているのだ。\nどこにいるか知っているか？{0E}{02}{15}いや、知らないよ。\n王妃の塔の中にいるんじゃないの？{0F}{09}	
11425	MAP/MAP067.BIN:00479E	1	\n{02}{01}イザベル王妃を止めるまで\nここにいなさい。{0E}{02}{15}ああ、・・・。\nなんだか心細いなぁ・・・。{10}	
11426	MAP/MAP067.BIN:0049E4	3	{02}{01}あ、魔獣よ。{10}	
11427	MAP/MAP067.BIN:004A45	3	通路をふさがれちゃった。{0E}{09}	
11428	MAP/MAP067.BIN:004A60	3	\n{02}{09}あっ、あいつが\n操っているようだわ。{10}	
11429	MAP/MAP067.BIN:004D4C	3	{02}{01}また鎧の待ち伏せだわ・・・。{0E}{02}{09}でも、今までの魔獣鎧とは\nちょっと違うようね。{10}	
11430	MAP/MAP068.BIN:005270	1	{02}{07}さあどうぞ、\nご安心して先をお急ぎください。{0F}ここは私が\nお引き受けいたします。{10}	
11431	MAP/MAP068.BIN:0052DA	1	{02}{15}あれれ・・・。\n迷っちゃったなぁ。{0F}イザベルの塔から地下に降りたら、\n道がわからなくなっちまったんだ。{0F}あんたたち、道わかる？{0E}{09}{08}\n{02}{01}こっちが聞きたいわよ。{0E}{09}	
11432	MAP/MAP068.BIN:005378	1	あ・・・。{0F}今、イザベルの塔から\n降りてきたって言ったよね？{0E}{02}{15}うん、そうだよ。{0F}地下に通じていたんで、\nちょっとした好奇心で降りてみたら\nこのありさまだ。{0E}{02}{09}この地下通路が\nイザベルの塔に通じていることは{0F}間違いないようですね。{0E}{02}{0C}予想通りだ。{0F}天儀室はイザベルの塔の屋上から\n繋がっている。{0F}正しい道さえ探し出せれば・・・。{0E}	
11433	MAP/MAP068.BIN:0054BC	1	{02}{15}俺はさんざん迷って疲れちまった。{0F}少し休んでから{0F}のんびりと\n出口を探すことにするよ。{0F}あんたたちも\nせいぜい頑張ってくれ。{0F}でも、この辺りの通路は\n方角違いみたいだな。{0F}もっと離れたところを探してみなよ。{10}	
11434	MAP/MAP068.BIN:00558A	1	{02}{15}王妃？\n俺は見なかったぜ。{10}	
11435	MAP/MAP068.BIN:0057C2	1	{09}\n\n{02}{01}きゃっ、後ろに出たわ。{10}	
11436	MAP/MAP068.BIN:0057F8	1	\n{02}{09}前からも来たわ。{10}	
11437	MAP/MAP068.BIN:005895	1	あっ？{10}	
11438	MAP/MAP068.BIN:0058FE	1	{02}{1B}間に合いましたな。{0F}ジュリオ様、クリス様。{10}	
11439	MAP/MAP068.BIN:005934	1	{09}\n\n{02}{01}あれ？{0F}その声は・・・。{10}	
11440	MAP/MAP068.BIN:005970	1	{02}{1B}マギサに成り代わって\nお手伝いさせていただきます。{10}	
11441	MAP/MAP068.BIN:0059A8	1	{09}{0A}\n{02}{01}モリスンさん。{10}	
11442	MAP/MAP068.BIN:0059C0	1	{02}{07}お２人にしては、{0F}どうもオルドスで別れた時の\n御様子が、妙に白々しかったので、{0F}陛下に報告したのち、\nこちらに向かったのです。{0F}アルフ王には無断で来てしまいました。どうか御内聞に。{10}	
11443	MAP/MAP068.BIN:005ACB	1	えっ、あ、そうなの・・・。{10}	
11444	MAP/MAP068.BIN:005AEA	1	{09}\n\n{02}{01}あ、ありがとう・・・。{10}	
11445	MAP/MAP068.BIN:005B0A	1	{02}{07}どうやら今度は\nガルガより巨大な敵に{0F}挑んでおられるようでございますな。{10}	
11446	MAP/MAP068.BIN:005B5B	1	でも、モリスンさん。\n魔法は使わないんじゃ・・・。{10}	
11447	MAP/MAP068.BIN:005B92	1	\n{02}{07}時と場合によります。{0F}世界の運命がかかっているとなれば\nそうも言ってはおられません。{0F}さあ、この道は私が死守いたします。ジュリオ様たちは\n先へお急ぎくださいませ。{10}	
11448	MAP/MAP068.BIN:005C38	1	{02}{0C}モリスン殿と言われたな。\nかたじけない。恩にきるぞ。{10}	
11449	MAP/MAP068.BIN:005C74	1	\n{02}{07}さあどうぞ、\nご安心して先をお急ぎください。{0F}ここは私が\nお引き受けいたします。{10}	
11450	MAP/MAP068.BIN:005D28	2	{02}{09}挟み撃ちされたわ！{0E}{02}{0C}うぬう・・・。\nこの足場の狭いところで・・・。{0E}{09}{02}\n{02}	
11451	MAP/MAP068.BIN:005D72	2	うわあ、落ちるう・・・。{0E}{09}	
11452	MAP/MAP068.BIN:005D8D	2	\n{02}{01}ちょっと、しっかりしてよ。{10}	
11453	MAP/MAP068.BIN:005FF4	2	部屋の奥になにかいるよ。{0E}{02}{09}戦うしかないわね。{10}	
11454	MAP/MAP069.BIN:0000A3	1	{16}イザベルの塔	
11455	MAP/MAP069.BIN:00408C	1	{02}{0C}ゲルドは・・・？{0E}	
11456	MAP/MAP069.BIN:0040A2	1	{02}{07}ラウアールの波と共に、\n存在そのものが\n消えてしまいました。{0E}	
11457	MAP/MAP069.BIN:0040E2	1	{02}{03}いなく・・・。\nいなくなっちまったのか？{0E}	
11458	MAP/MAP069.BIN:004116	1	{02}\nもう、どこを探しても\n見つからない。{0E}魂さえも・・・。{0E}	
11459	MAP/MAP069.BIN:004160	1	{02}{09}世界を救ってくれた恩人に、{0F}お礼を言うことも\nできないのですね。{0E}	
11460	MAP/MAP069.BIN:0041A4	1	{02}{0A}白き魔女は礼なんて望んでないさ。{0E}	
11461	MAP/MAP069.BIN:0041DE	1	{02}{09}そうね・・・。{0E}	
11462	MAP/MAP069.BIN:0041F8	1	{02}{04}そうとも。{0E}それに感謝なら、\n面と向かわなくてもできる。{0E}その気持ちを\n大切にしていればいいんだ。{0E}俺は白き魔女がそういうことを\nこの世界の俺たちに{0F}教えてくれたんじゃないか\nと思うんだ。{0E}	
11463	MAP/MAP069.BIN:0042B8	1	{02}{02}あたしたちも結構頑張ったのにさ。{0E}なんだか白き魔女に、\nいいところを\n全部もっていかれちゃったわね。{0E}	
11464	MAP/MAP069.BIN:004330	1	{02}{03}仕方ねーさ。{0E}幽霊には勝てねーよ。{10}	
11465	MAP/MAP069.BIN:004372	1	{02}{01}ハックおじさん。{0E}天儀室で言いかけた\nもうひとつの方法ってなんなの？{0E}	
11466	MAP/MAP069.BIN:0043BC	1	それがギドナ国の遺跡でわかった\n新しい事実なの？{0E}	
11467	MAP/MAP069.BIN:004444	1	{02}\nああ、そのことだね。{0E}今となっては恥ずべき方法だよ。{0E}ゲルドの丘に\nデュルゼル殿が刻んだ\nガガーブ歴の碑文があっただろ。{0E}あれを見て、もしやと思ってね。{0E}ラウアールの波と\nガガーブの大割れ目が{0F}奇妙に頭の中で重なったんだ。{0E}その答えがギドナの遺跡に\nあるような気がしてね。{0E}・・・思ったとおりだった。{0E}ラウアールの波の脅威は、\n今回が初めてではなかったのだよ。{0E}今から９９２年前にも、\nラウアールの波は\nこの世界に現れていたんだ。{0E}	
11468	MAP/MAP069.BIN:0045EA	1	９９２年前って、\nガガーブ歴が始まった年じゃないか。{0E}	
11469	MAP/MAP069.BIN:004622	1	{02}\n大地に刻まれたガガーブこそ、\nかつて牙をむいたラウアールの波の\n爪痕だったのだよ。{0E}	
11470	MAP/MAP069.BIN:004678	1	{02}{01}過去にも異界からラウアールの波が\n呼び寄せられていたの？{0E}	
11471	MAP/MAP069.BIN:0046B6	1	{02}\nいや。そうじゃない。{0E}ラウアールの波の元になった想念は\nこの世界で生まれ、{0F}それを当時の人々が\n異界に押しやったんだ。{0E}	
11472	MAP/MAP069.BIN:004730	1	この世界の人々が・・・。{0E}そうか・・・。{0E}それがイザベル王妃の言っていた\nボクたちの世界の罪なんだ。{0E}	
11473	MAP/MAP069.BIN:004796	1	{02}\n罪・・・？{0E}確かに・・そのとおりさ。{0E}ギドナの遺跡に、その頃の人が\n残した碑文が残っていた。{0E}どうやら当時は今より精神文明が\n発達していたらしく、{0F}頻繁に魔法が\n使われていたみたいなのだ。{0E}	
11474	MAP/MAP069.BIN:004852	1	{02}{01}私たちの世界が\n災いのきっかけを作ったの・・・。{0E}	
11475	MAP/MAP069.BIN:004888	1	{02}\nああ、そうかも知れない。{0E}もしかしたら、\nその前にも何度か{0F}同じような繰り返しが\nあったのかも知れないが・・・。{0E}異界の人々が\n私たちを憎んでいたのも無理はない。{0E}	
11476	MAP/MAP069.BIN:00492A	1	{02}{09}この世界に\nそんな過去があったなんて・・・。{0E}	
11477	MAP/MAP069.BIN:00495C	1	{02}{07}我々のように\n魔法が使える者がいるのも、{0F}過去にあった精神文明の\n名残かも知れませんな。{0E}	
11478	MAP/MAP069.BIN:0049B8	1	{02}\nギドナの遺跡に残された碑文には\nラウアールの波の{0F}災いから逃れる３つの方法が\n記されていたよ。{0E}ひとつは、{0F}ラウアールの波を\n別の世界に追い出すこと。{0E}かつて我々の祖先が使い、\n今また異界の人々が用いた方法だ。{0E}もうひとつはラウアールの波が好む\n嘆きの想念がこもった物体を\n利用して封印をする方法だ。{0E}	
11479	MAP/MAP069.BIN:004AE0	1	{02}{04}そんなことが出来るのか・・・。{0E}	
11480	MAP/MAP069.BIN:004B04	1	{02}\n天儀室で私が言いかけたのは\nこの方法なのだ。{0F}ラウアールの波を\n引き寄せる天球儀は、{0F}同時にこの世界にとっても\n切札と成り得たのだよ。{0E}引き寄せられたラウアールの波は、\n必ず嘆きの想念を得ようと{0F}その身を凝縮させ、\n器の中へ侵入するらしい。{0E}そのときだけ、\nラウアールの波は無力になるそうだ。{10}	
11481	MAP/MAP069.BIN:004C24	1	{02}{07}なるほど。{0E}天球儀の中にいるうちに\n結界を作り、封じてしまおうという\n方法があったのですな。{0E}	
11482	MAP/MAP069.BIN:004C8A	1	{02}\nええ。{0E}でも、この方法は\nあくまで封印であって、{0F}ラウアールの波の力は\n永遠に残留されてしまうのです。{0E}	
11483	MAP/MAP069.BIN:004CF2	1	{02}{02}いつまた封印が解けるかも\n知れないってことだね。{0E}	
11484	MAP/MAP069.BIN:004D38	1	{02}\nしかも、嘆きの想念を犠牲にするので魂を抜かれた人たちを\n元に戻すこともできないのだよ。{0E}	
11485	MAP/MAP069.BIN:004D96	1	３つめの方法は？{0E}	
11486	MAP/MAP069.BIN:004DB0	1	{02}\n最後の方法は、{0F}負の想念の固まりである\nラウアールの波を{0F}純粋な正の想念で浄化する方法だ。{0E}つまり、\n今、ゲルドが行ったことだ。{0E}今から振り返ってみれば、\nゲルドの行った方法以外は、{0F}どれも\n本当の解決策じゃなかったわけだ。{0E}	
11487	MAP/MAP069.BIN:004E8E	1	{02}{01}でも、\n最後の方法は私たちだけじゃ\n考えられなかったし・・・。{0E}ラウアールの波は\n天球儀に向かって来てたのだから\n封印するしかなかったのね。{0E}	
11488	MAP/MAP069.BIN:004F1C	1	{02}{0A}その天球儀を破壊しちまったからな。ほんとうのところ、\nもう、打つ手なんかなかったんだ。{0E}	
11489	MAP/MAP069.BIN:004F78	1	{02}{03}白き魔女に救われたんだな。{0E}	
11490	MAP/MAP069.BIN:004F98	1	{02}\nラウアールの波は\nゲルドと融合して完全に消滅した。{0E}この世界も異界も\n両方ともが\nゲルドによって救われたのだね。{0E}	
11491	MAP/MAP069.BIN:00500A	1	{02}{0C}・・・・・・・・。{0E}	
11492	MAP/MAP069.BIN:005022	1	{02}{12}さて、{0F}ルドルフ王の様子を\n見に行こうではないか。{0E}	
11493	MAP/MAP069.BIN:005058	1	{02}\nさあ、もう悲しい顔はよそう。{0E}玉座にジョアンナさんが\n向かっているはずだ。{0F}みんなで行ってみようじゃないか。{10}	
11494	MAP/MAP070.BIN:0000A3	1	{08}タラッタ号	
11495	MAP/MAP070.BIN:00E947	1	{1C}漁師トバイ	
11496	MAP/MAP070.BIN:00FB24	1	{02}{14}インタの奴、元気になりすぎだ。{0F}ずっと１人で\n海賊ゴッコをやってるぜ。{0E}{02}{14}船の針路なら心配ねーダべ。{0F}そうだ。チッタへの道の崖崩れは、\nまだ直ってねーだろうから、\n崖崩れの先辺りまで、{0F}船で連れてってやるべ。{0E}{09}{0A}{02}{01}ありがとう、助かるわ。{0E}{09}{0A}{02}	
11497	MAP/MAP070.BIN:010708	1	{02}{14}ああ、意外と簡単に\n登る方法があるんだ。{0E}{09}	
11498	MAP/MAP070.BIN:010736	1	どんな？{0E}{02}{14}タラッタ号のマストを\n伝っていけばいいべ。{0E}まあ、お前たちなら\nそんぐらい大丈夫ダっぺ。{0E}	
11499	MAP/MAP070.BIN:010844	1	{09}{0A}{02}{01}やったー！{0E}{09}\n{02}	
11500	MAP/MAP070.BIN:010A12	1	{02}{17}ぼくは、ていしリム。{10}	
11501	MAP/MAP070.BIN:010A2E	1	{02}{18}わたしは、停止ビアノ。{10}	
11502	MAP/MAP070.BIN:010A4C	1	{02}{15}寝インタだぁーい！{10}	
11503	MAP/MAP070.BIN:010D32	1	{02}{01}私が船で１番好きな場所は\nマストの上よ。{0F}覚えといてね。{0E}{09}	
11504	MAP/MAP070.BIN:0114C8	1	うわーっ。\nなんだろう、すごいや。{0E}	
11505	MAP/MAP070.BIN:01189A	1	小さな巡礼者ジュリオとクリスは\n第２のシャリネがある\nネガル島に向かう船上で{0F}海獣ガルガを目撃したのだった。\n　　　　　　序章　小さな巡礼者　完{10}	
11506	MAP/MAP070.BIN:011A08	1	{09}{0F}{02}{01}ガルガって・・・。{0F}人を襲ったりしないんじゃ\nなかったの。{0E}	
11507	MAP/MAP070.BIN:011F56	1	{02}{19}うん！{0E}しばらくして、\nジュリオたちを乗せたタラッタ号は{0F}無事にネガル島の船着場に\n到着することができた。{0F}ガルガの被害が心配だったが、\n見たところ、船着場に\n被害はないようだった。{0E}テグラのシャリネは、もう近い。\nここまでくれば、{0F}シャリネがガルガによって\n破壊されていないことを\n祈るばかりだ。{0F}ジュリオとクリスはハヤル気持ちを\nおさえてタラッタ号を後にした。{10}	
11508	MAP/MAP070.BIN:0124D0	1	ジュリオは荷物の中から\n酔い止めの薬を取り出し、\nクリスに手渡した。{0E}{02}{14}なんだ、酔い止めの薬を\n	
11509	MAP/MAP070.BIN:01254E	1	持っていたのか。{0F}良かった。さあ、飲ませてやりな。\n船酔いくらい、たちどころに治るさ。{0F}さてと。{0E}	
11510	MAP/MAP070.BIN:0125C4	1	オラは船の針路を\n見てなきゃならないからな。\n甲板にあがってるぜ。{0E}	
11511	MAP/MAP070.BIN:0127D0	1	クリスは{01}{1E}を\nエメナに渡した。{0E}{02}{16}何から何まで、\n本当にありがとうございます。{0F}さっそく飲ませてみます。{0F}	
11512	MAP/MAP070.BIN:012ADE	1	この薬、すごく効くみたい。{0F}ボク、気持ち悪いの、\nなおっちゃったよ！{0E}	
11513	MAP/MAP070.BIN:013170	1	ジュリオたちは\n{01}!をもらった。{0E}{02}{16}故郷のネガル島を離れて\n大陸に渡っても、{0F}この先、大変なことは\n覚悟しているわ。{0F}でも、インタのためにも\n頑張らなくてはね。{10}	
11514	MAP/MAP070.BIN:0138F2	1	ジュリオのお腹が鳴った。{0E}	
11515	MAP/MAP070.BIN:013A10	1	なんだか私も\nお腹が空いてきちゃった。{0E}{02}{14}そんなら、ちょっと早いけど、\n飯にすっか。{0E}	
11516	MAP/MAP070.BIN:0143AA	1	{02}{15}・・・・・・・・\nリムにいちゃん。{0E}	
11517	MAP/MAP070.BIN:0143E6	1	ボク・・・、\nお船にのって大陸に行くよ。\n　{0E}{02}{17}インタ・・・。{0E}	
11518	MAP/MAP070.BIN:014B20	1	ありがとう、トバイさん。{0E}	
11519	MAP/MAP070.BIN:014B4C	1	{02}{14}ところでお前たち。{0F}島からの帰りは、\nどうするつもりでいるっぺ？{0F}この島がガルガに\n襲われるなんてことがねかったら、\nそのまま置いてくる気だったども、{0F}このブンだと帰りの船を\n探すのも大変ダべ。{0E}	
11520	MAP/MAP070.BIN:014CFC	1	うん、\nテグラのシャリネへ行くだけだから、そのくらいで戻れるよ。{0E}{02}{14}よし、決まりだ。\nじゃあ、行ってこい。{0F}気をつけてな。{0E}	
11521	MAP/MAP070.BIN:01588E	1	ねぇ、クリス。{0F}20年前にボクらみたいに\n旅をした魔女って\nどんな人だったのかなぁ。{0E}今、メナート国で\n起きている悪いことが\n魔女の呪いだって言う人もいれば、{0F}泥炭で生活できるようになったのは、魔女のおかげだと、\n感謝してる人もいる。{0F}白き魔女は、いい人だったのかな。{0E}	
11522	MAP/MAP071.BIN:006722	1	レバスの声	
11523	MAP/MAP071.BIN:0070D8	1	{02}{04}デュルゼルさん。{0E}	
11524	MAP/MAP071.BIN:0070EE	1	{02}{04}この件がうまく片付いたら\n頼みがある。{0F}聞いてくれるか？{0E}	
11525	MAP/MAP071.BIN:00712A	1	{02}{0C}ああ、\nお前が生きていれば聞いてやる。{0E}	
11526	MAP/MAP071.BIN:007156	1	{02}{04}じゃあ、生きてるさ。{0E}	
11527	MAP/MAP071.BIN:007176	1	{02}{04}さて、王妃を探し出して\n早くカタをつけようぜ。{10}	
11528	MAP/MAP071.BIN:0071AC	1	{02}{12}その王妃を探し出すのが先決だ。{10}	
11529	MAP/MAP071.BIN:0071D2	1	{02}{07}一刻の猶予もございません。{10}	
11530	MAP/MAP071.BIN:0071FE	1	{02}{03}オレは決めた。{0E}	
11531	MAP/MAP071.BIN:007212	1	あとでルドルフ王に\n褒賞金を請求してやる。{0E}	
11532	MAP/MAP071.BIN:007240	1	３０００万ピアくらいは貰わねーと\n割りが合わないぜ。{0E}	
11533	MAP/MAP071.BIN:00727E	1	{02}{03}まったく、\nお前たちと一緒にいると\n災難ばかりだぜ。{10}	
11534	MAP/MAP071.BIN:0072B8	1	{02}\n王妃はどこかで\nラウアールの波を呼び寄せる術を\n続けているはずだ。{0E}	
11535	MAP/MAP071.BIN:0072FE	1	ともかく、\nそれをヤメさせないことには・・・。{10}	
11536	MAP/MAP071.BIN:007332	1	{02}{0A}空の色が\nずいぶん怪しげに変わってきたぞ。{0E}	
11537	MAP/MAP071.BIN:007362	1	このままじゃ、ヤバそうだぞ。{10}	
11538	MAP/MAP071.BIN:0073BE	1	どうした、恐いか？{10}	
11539	MAP/MAP071.BIN:0073E2	1	ふふふふふ・・・。{10}	
11540	MAP/MAP071.BIN:007454	1	{02}{10}見ろ、この天球儀を。{10}	
11541	MAP/MAP071.BIN:0074A8	1	{02}{10}いかがかな。{0E}この、確かな鼓動・・・。{0E}無数の想念を吸収した天球儀は\n今や物体でありながら生命を得て、{0F}最高潮にまで成長した。{0E}遅かったな。{0F}もはや、私が手を加える必要もない。儀式はすべて終了した。{0E}あとはラウアールの波が、\nこの世界に現れるのを待つだけだ。{10}	
11542	MAP/MAP071.BIN:0075CB	1	そんな・・・。{10}	
11543	MAP/MAP071.BIN:0075E0	1	\n{02}{0C}なぜ、こんなことを・・・。{10}	
11544	MAP/MAP071.BIN:00760A	1	{02}{10}理由もわからずに、{0F}滅びゆく世界とともに消えるのも\n一興だろうが・・・。{0E}ここまで来た努力に敬意を払い、\n教えてやろう。{10}	
11545	MAP/MAP071.BIN:007688	1	{02}{0C}・・・・・・・・。{10}	
11546	MAP/MAP071.BIN:0076A8	1	{02}{10}お前たちが異界と呼んでいる\n我々の世界を救うためだ。{0E}魔女の海に浮かぶ魔女の島。{0F}お前たちはそう考えているようだが、現実には少し違う。{0E}そこに島などなく、\nあるのは空間の『ひずみ』なのだ。{0E}その場所で２つの世界はつながり、{0F}この世界と異界との往来を\n唯一可能なものとしているのだ。{0E}異界にも\nこの世界と同じように人間が生き、{0F}人々の営みがある。{0E}その人々の営みが、{0F}ラウアールの波によって\n崩壊しようとしているのだ。{0E}そのことに気がついたのは、\n今から30年ほど前のことだ。{0E}我々の世界の人間は\n生まれながらにして魔法を扱えた。{0F}だが、それがアダになった。{0E}魔法を扱うさい\n消化しきれなかった{0F}負の想念が、\n長年に渡って空間に蓄積され、{0F}手のつけられない怪物となったのだ。{0E}それがラウアールの波だ。{10}	
11547	MAP/MAP071.BIN:007956	1	{02}{0C}自分の世界を救うために、{0F}他の世界を\n滅ぼしてもよいと言うのか？{10}	
11548	MAP/MAP071.BIN:0079A2	1	{02}{10}我々の世界でも様々な意見がでたよ。{0E}一部の者はこの世界に来て、\nそれが果たして許される行為なのか{0F}自分の足で歩き、\nこの世界を巡る者もいた。{10}	
11549	MAP/MAP071.BIN:007A3D	1	それが、魔女の巡礼・・・。{10}	
11550	MAP/MAP071.BIN:007A66	1	\n{02}{10}そうだ。{0E}中には、白き魔女と\n呼ばれたゲルドのように、{0F}この世界の者が\n嘆きの想念を生み出さないようにと{0F}助言を残して旅をした者もいる。{0E}しかし、\n我々の結論はもう出ていた。{0E}ラウアールの波を\nこの世界へ追い出し、{0F}自らの世界のみを\n救うという道に・・・。{10}	
11551	MAP/MAP071.BIN:007B6A	1	{02}{09}天球儀に嘆きの想念を\n閉じ込めたのは、{0F}ラウアールの波が\n生まれた時と同じ状況を作り、{0F}この世界に誘導する為だったのね。{10}	
11552	MAP/MAP071.BIN:007BEC	1	{02}{10}そういうことだ。{0E}ラウアールの波は{0F}自分を育んできた\n嘆きの想念の波長を好む。{0E}この世界の方が我々の世界よりも\n嘆きの想念を多く持てば、{0F}間違いなく、\n波はこの世界に打ち寄せる。{0E}その為にも、\n我々は非情にならねばならなかった。{0E}我々の世界の者が\n心に持つ嘆きの想念を捨てない限り、{0F}この作戦は成立しなかったのだ。{0E}これでわかってもらえたかな。{10}	
11553	MAP/MAP071.BIN:007D46	1	{09}{0F}\n{02}{01}・・・・・・・・。{0E}・・２つの・・・。{0E}２つの世界を\n両方とも救う方法はなかったの？{10}	
11554	MAP/MAP071.BIN:007DA8	1	{02}{10}なかった。{0E}いや、{0F}少なくとも私の調べた限りでは\n方法は他になかった。{10}	
11555	MAP/MAP071.BIN:007DFC	1	じゃあ、あるかも知れないんだね？{10}	
11556	MAP/MAP071.BIN:007E28	1	{02}{10}可能性は何にでもあるものだ。{0E}だが、時間がなかった。{0E}気の毒だが、\nまだ、天球儀を破壊されては\n計画が台無しになるのでな。{0E}お前たちにはここで死んでもらう。{0E}行くぞ！{10}	
11557	MAP/MAP071.BIN:007EEA	1	{02}{10}ぐごっ・・・・・？！{0E}ふ、ふふふ・・・。{0E}よく、私に勝てたな・・・。{0E}しかし、この勝利も・・・。\nお前たちの最後のあがき・・・。{0E}すでに呼び寄せたラウアールの波を\nどう食い止める？{0E}ふっ、ふ・・ふははは・・・。{0E}はっはははははは・・・。{10}	
11558	MAP/MAP071.BIN:007FF6	1	{02}{0C}よし、天球儀を破壊するぞ。{10}	
11559	MAP/MAP071.BIN:00805C	1	{09}{0F}\n{02}{01}始めに天球儀を包んでいる\nあの気持ち悪いのをはがさないと\nいけないわね。{10}	
11560	MAP/MAP071.BIN:0080E8	1	{02}{09}私が爆弾でやってみます。{10}	
11561	MAP/MAP071.BIN:0081BA	1	{09}{0E}\n{02}{01}そんな・・・。{10}	
11562	MAP/MAP071.BIN:0081D6	1	{02}{09}爆弾が効かないなんて・・・。{10}	
11563	MAP/MAP071.BIN:0082A2	1	{02}{04}おい、どうした。{0E}空の雲行きが怪しくなってきてるぞ。{10}	
11564	MAP/MAP071.BIN:0082E6	1	ローディ。{10}	
11565	MAP/MAP071.BIN:0082F4	1	{02}{01}あ、アルフ・・・。{0E}モリスンさんも。{10}	
11566	MAP/MAP071.BIN:008322	1	{02}{12}モリスンも私も{0F}互いに内緒で君たちを追って\n来ていたとは・・・。{0E}ここに来る途中で会ってね。{0E}まったく、ビックリしたよ。{10}	
11567	MAP/MAP071.BIN:0083A6	1	それより、{0F}天球儀を壊さなきゃいけないんだけど、爆弾も効かないんだ。{0E}{02}{12}なんと・・爆弾も効き目がないのか？{10}	
11568	MAP/MAP071.BIN:008422	1	{02}{07}恐らく、\n成長した天球儀の周囲は{0F}精神的な力により\n庇護されているのでしょう。{0E}物理的な力だけでは\n効き目がないのかも知れません。{10}	
11569	MAP/MAP071.BIN:0084B0	1	{02}{12}何か方法はないのか？{10}	
11570	MAP/MAP071.BIN:0084CA	1	{02}{07}物理的にも精神的にも\nそのどちらにも\n影響を及ぼすものがあれば。{10}	
11571	MAP/MAP071.BIN:00850E	1	{02}{04}例えば、真紅の炎のように？{10}	
11572	MAP/MAP071.BIN:00855A	1	{02}{07}ええ、そうですね。{0E}真紅の炎の爆発は\n精神的にも\n浄化作用があると言われています。{0F}真紅の炎なら、恐らく・・・。{10}{02}	
11573	MAP/MAP071.BIN:0085CB	1	真紅の炎なら、\nケビンじいさんに\nもらったのがあるよ。{10}	
11574	MAP/MAP071.BIN:00861A	1	{02}{04}本当か？{10}	
11575	MAP/MAP071.BIN:008642	1	{02}{04}見せてみろ。{10}	
11576	MAP/MAP071.BIN:00865E	1	ほら、これだよ。{10}	
11577	MAP/MAP071.BIN:008676	1	{02}{04}確かに真紅の炎だ・・・。{0E}でも、これじゃ、小さすぎる。{0E}せめて俺が\nガルガに使った時ほどの\n大きさがあれば・・・。{10}	
11578	MAP/MAP071.BIN:0086FE	1	{02}{07}いや、あきらめるのは早いですぞ。{0E}魔法の力で成長させればいいのです。{0E}私１人では無理かも知れませんが、\nクリス様と力を合わせれば、\nこの真紅の炎を大きくできるでしょう。{10}	
11579	MAP/MAP071.BIN:0087B2	1	{02}{09}私も少しなら魔法が使えます。\nお手伝いします。{10}	
11580	MAP/MAP071.BIN:008800	1	{09}{0F}\n{02}{01}ええ、やってみましょう。{10}	
11581	MAP/MAP071.BIN:00889D	1	すごい・・・。{10}{02}{07}はい。{0E}もうよろしいでしょう。{0E}さあ、これを。{0E}	
11582	MAP/MAP071.BIN:0088E4	1	ステラは真紅の炎を受け取った。{10}	
11583	MAP/MAP071.BIN:00892E	1	{02}{09}投げます。{0E}危険ですから下がっていてください。{10}	
11584	MAP/MAP071.BIN:0089D8	1	待った！{10}	
11585	MAP/MAP071.BIN:008ADA	1	{02}{03}オレに任せな。{0E}１発しかねーんだろ。{0E}オレは百発百中だ。\nこの腕を信じな。{10}	
11586	MAP/MAP071.BIN:008B28	1	{02}{09}・・・・・・・・。{10}	
11587	MAP/MAP071.BIN:008B4A	1	ステラはうなずいて\n真紅の炎をグースに渡した。{10}	
11588	MAP/MAP071.BIN:008B9E	1	{02}{03}さすがに緊張するぜ。{0E}・・・・・・・・。{0E}そらよっ！{10}	
11589	MAP/MAP071.BIN:008C55	1	やったー！{10}	
11590	MAP/MAP071.BIN:008C84	1	{02}{0C}よし、次はジュリオの番だ。{0E}銀の短剣で天球儀を狙うんだ。{10}	
11591	MAP/MAP071.BIN:008D12	1	\n{02}{03}はずすなよ。{10}	
11592	MAP/MAP071.BIN:008D49	1	う、うん・・・。{10}	
11593	MAP/MAP071.BIN:008D89	1	えいっ！{10}	
11594	MAP/MAP071.BIN:008E1C	1	天球儀は完全に壊れている。{0E}	
11595	MAP/MAP071.BIN:008E3A	1	嘆きの想念はもう感じられない。{10}	
11596	MAP/MAP071.BIN:008ED2	1	そうだ、そのままこちらへ来るがいい。{10}	
11597	MAP/MAP071.BIN:008F84	1	{02}{01}今のは何なの？{10}	
11598	MAP/MAP071.BIN:008FDA	1	{02}{07}天球儀に閉じ込められていた魂です。{0E}嘆きの想念とともに開放されたのです。{10}	
11599	MAP/MAP071.BIN:009045	1	じゃあ、これでルドルフ王や\n国境に向かった表情のない兵士たちも元に戻るんだね。{10}	
11600	MAP/MAP071.BIN:009098	1	\n{02}{07}とりあえず、\n人々を正気に戻すことには\n成功したようですな。{10}	
11601	MAP/MAP071.BIN:0090F3	1	いかん！{10}	
11602	MAP/MAP071.BIN:009100	1	しまった・・・遅かったか！{10}	
11603	MAP/MAP071.BIN:009158	1	\n{02}{01}えっ？！{10}	
11604	MAP/MAP071.BIN:009194	1	\n{02}{01}おじさん！{10}	
11605	MAP/MAP071.BIN:0091AB	1	バダット。{10}	
11606	MAP/MAP071.BIN:0091BA	1	{02}\n失礼。{10}	
11607	MAP/MAP071.BIN:009236	1	\n{02}\nもう、この中はカラだね。{10}	
11608	MAP/MAP071.BIN:00926E	1	{09}{10}\n{02}{01}私たち、\nおじさんの伝言どおりやったのよ。{10}	
11609	MAP/MAP071.BIN:0092A5	1	表面についていたものを取ってから\n銀の短剣を刺したんだ。{10}	
11610	MAP/MAP071.BIN:0092E8	1	{02}\nああ、それはいいのだが・・・。{0E}ギドナの遺跡で\nラウアールの波について{0F}新しい事実がわかったんだ。{10}	
11611	MAP/MAP071.BIN:009352	1	{09}\n\n{02}{01}新しい事実って？{10}	
11612	MAP/MAP071.BIN:009374	1	{02}\n天球儀が残っていれば\n別の方法もあったのだが・・・。{0E}いや、それは後で話すよ。{0E}それより、急ぐんだ。\nラウアールの波を呼び寄せている力はまだ続いている。{10}	
11613	MAP/MAP071.BIN:00942A	1	{02}{0C}王妃だ。{0E}イザベル王妃が、\nまだ、どこかにいるはずだ。{10}	
11614	MAP/MAP071.BIN:00946C	1	{02}\n儀式の性格上、\nこの場所から\nそう離れていないはずです。{0E}あまり天球儀から\n離れすぎると、\n念波が届きませんからね。{10}	
11615	MAP/MAP071.BIN:00950A	1	{02}{09}探しましょう。{10}	
11616	MAP/MAP071.BIN:009540	1	ジュリオたちはパーティを組んだ。{10}	
11617	MAP/MAP071.BIN:00956E	1	{02}{0C}手分けして王妃を探すんだ。{0E}なんとしても、\nこの世界にラウアールの波が\nくるのを阻止せねばならん。{10}	
11618	MAP/MAP072.BIN:00E3EE	1	ジュリオ＆シャ－ラ	
11619	MAP/MAP072.BIN:00EFE2	1	{09}{0F}\n{02}{01}まだ寝てるわ。{0E}{02}	
11620	MAP/MAP072.BIN:00EFF8	1	みんな眠っちゃうなんて\nぜったい変だよ！{0E}{02}{01}調べてみましょ！{10}	
11621	MAP/MAP072.BIN:00F0D0	2	{02}{15}ぐうぐう・・・。{10}	
11622	MAP/MAP072.BIN:00F0EC	1	\n{02}{01}やっぱり眠らされているわね。{0F}・・・ちょっと待ってよ！{0F}て、ことは・・・。\n船の操作は誰がしてるの？{10}	
11623	MAP/MAP072.BIN:00F161	1	誰がって・・・。\nみんな寝てるもの。{10}	
11624	MAP/MAP072.BIN:00F18E	1	\n{02}{01}なんとかしなくちゃ！\n船が航路をはずれちゃうわ。{10}	
11625	MAP/MAP072.BIN:00F1D1	1	でも、クリス。\n犯人を捕まえる方が先だよ。{0F}今なら盗まれたものを\n取り戻せるかもしれないよ。{10}	
11626	MAP/MAP072.BIN:00F232	1	{09}{08}\n{02}{01}そんなこと言って\nジュリオには犯人が{0F}誰だか分かってるの？{10}	
11627	MAP/MAP072.BIN:00F281	1	うん、なんとなく。{10}	
11628	MAP/MAP072.BIN:00F29C	1	{09}{10}\n{02}{01}ほんと？\nちょっと整理してみましょ。{10}	
11629	MAP/MAP072.BIN:00F2E0	1	\n{02}{01}起きそうもないわ。{10}ね、ジュリオ。\n犯人が誰か、考えてみる？{10}	
11630	MAP/MAP072.BIN:00F332	1	{09}{10}\n{02}{01}じゃあ、いくわよ。{10}	
11631	MAP/MAP072.BIN:00F35C	1	{09}{08}\n{02}{01}なんだ、分からないの？{0F}もう少ししたら、\nここに来て考えましょ。{10}	
11632	MAP/MAP072.BIN:00F3B0	1	この船を乗っ取ること	
11633	MAP/MAP072.BIN:00F3C9	1	{01}お客の物を盗むこと	
11634	MAP/MAP072.BIN:00F3E2	1	\n{02}{01}犯人の目的は、なんだと思う？{10}	
11635	MAP/MAP072.BIN:00F424	1	{09}\n\n{02}{01}え？　やめちゃうの。{10}	
11636	MAP/MAP072.BIN:00F46E	1	{09}\n\n{02}{01}船を乗っ取るつもりなら\nみんなを{0F}眠らせるはずないじゃない！{0E}	
11637	MAP/MAP072.BIN:00F4BA	1	コートと時計	
11638	MAP/MAP072.BIN:00F4CB	1	{01}金のブローチ	
11639	MAP/MAP072.BIN:00F4DD	1	{02}料理長のお魚	
11640	MAP/MAP072.BIN:00F4F4	1	\n{02}{01}犯人はなにを盗んだッけ？{10}	
11641	MAP/MAP072.BIN:00F542	1	前の質問が気になるの？{10}	
11642	MAP/MAP072.BIN:00F596	1	{09}\n\n{02}{01}なにかおかしいわ。\nもう１回考えてみましょ。{10}	
11643	MAP/MAP072.BIN:00F5CE	1	{09}{08}\n{02}{01}お魚は\n大ネズミのせいだったでしょ。{0F}ジュリオ、\nしったかぶりはダメじゃない。{10}	
11644	MAP/MAP072.BIN:00F62A	1	ラム酒で酔わせた	
11645	MAP/MAP072.BIN:00F63F	1	{01}眠りの魔法を使った	
11646	MAP/MAP072.BIN:00F657	1	{02}睡眠薬を飲ませた	
11647	MAP/MAP072.BIN:00F672	1	\n{02}{01}どうやって、みんなを眠らせたの？{10}	
11648	MAP/MAP072.BIN:00F6CA	1	\n{02}{01}いいわよ。\n１つ前の質問ね？{10}	
11649	MAP/MAP072.BIN:00F726	1	{09}\n\n{02}{01}寝てる人から\nお酒の匂いはしなかったわよ。{0E}	
11650	MAP/MAP072.BIN:00F760	1	姿を見せない謎の２人	
11651	MAP/MAP072.BIN:00F779	1	{01}密航者ハックおじさん	
11652	MAP/MAP072.BIN:00F793	1	{02}お金持ちのヘストン氏	
11653	MAP/MAP072.BIN:00F7AD	1	{03}新婚のロジャー＆テス	
11654	MAP/MAP072.BIN:00F7CC	1	\n{02}{01}ジュリオ、ずばり犯人はだれ？{10}	
11655	MAP/MAP072.BIN:00F830	1	\n{02}{01}迷っちゃったの？{10}	
11656	MAP/MAP072.BIN:00F88A	1	{09}\n\n{02}{01}そうかしら。{0F}でもあの２人組は１度も船室から\n出てないのよ。{0F}いくら怪しくったって\nそれはムリじゃない？{10}	
11657	MAP/MAP072.BIN:00F8FC	1	{09}{09}\n{02}{01}あんなおじさんでも、\n私のおじさんよ！{0F}ずっと部屋に、\n閉じ込められてたじゃない！{0F}ハックおじさんじゃないわ。{10}	
11658	MAP/MAP072.BIN:00F974	1	{09}{09}\n{02}{01}ロジャーさんたちが犯人なら\n自分で睡眠薬を{0F}飲むわけないじゃない。{0E}	
11659	MAP/MAP072.BIN:00FA28	1	{09}{0A}\n{02}{01}ジュリオ、すごい！{0F}するとあのヘストンさんが\n手配書にあったＡ－１４号！{0F}そういえば・・・\nたしか睡眠薬を使うって\n書いてあったもんね。{10}	
11660	MAP/MAP072.BIN:00FABD	1	うん。実はね。{0F}トンジャさんが\n眠りっぱなしだったのが\n気になってたんだ。{0F}トンジャさんが起きてたら\nロジャーさんたちの部屋に\n入れないでしょ。{0F}だから睡眠薬で眠らせたんだよ。{10}	
11661	MAP/MAP072.BIN:00FB74	1	\n{02}{01}でも、金のブローチが\nなくなったのは？{10}	
11662	MAP/MAP072.BIN:00FBA9	1	きっとウソだよ。{0F}自分のブローチがなくなれば\n疑われないですむからね。{10}	
11663	MAP/MAP072.BIN:00FC04	1	{09}{0A}\n{02}{01}それで、銀の短剣を\n部屋に置くのに反対したのね。{0E}	
11664	MAP/MAP072.BIN:00FC46	1	{09}{0A}\n{02}{01}紅茶を飲まなかったのも\n睡眠薬が入ってるかもって{0F}思ったからなのね！{0E}{09}\n\n{02}	
11665	MAP/MAP072.BIN:00FC93	1	・・・あれはね{0F}あんまり紅茶って\n好きじゃないんだ。{0E}{02}{01}でも、すごいじゃない！{0E}	
11666	MAP/MAP072.BIN:00FCE2	1	{09}{10}\n{02}{01}これでヘストンさんが犯人だって\nはっきりしたわね！{0F}さっすが、ジュリオ！{10}	
11667	MAP/MAP072.BIN:00FD3F	1	それほどでも・・・えへへ。{10}	
11668	MAP/MAP072.BIN:00FD68	1	\n{02}{01}あっ！？{10}	
11669	MAP/MAP072.BIN:00FDD2	1	{09}{08}\n{02}{01}下の方で物音がしたの。{10}{09}\n\n{02}	
11670	MAP/MAP072.BIN:00FDF3	1	みんな寝てたよねぇ・・・。\nと、いうことは。{10}	
11671	MAP/MAP072.BIN:00FE26	1	{02}{1D}ヘストンさん！{10}	
11672	MAP/MAP072.BIN:00FE42	1	{09}{10}\n{02}{01}行きましょ！{10}	
11673	MAP/MAP072.BIN:00FE64	1	{09}\n\n{02}{01}う～ん。{0F}なにか少し違うような\n気がする．．．。{0F}もう１度、考えをまとめてから\nここに来ましょう。{0E}{02}	
11674	MAP/MAP072.BIN:00FECA	1	．．．うん。{10}	
11675	MAP/MAP072.BIN:00FF13	1	コック長さんまで眠らされてる。{0E}{02}{01}どうして、みんな寝ちゃったの？{10}	
11676	MAP/MAP072.BIN:00FF5C	1	{02}{16}ｚｚｚ・・・。\nいい・・かんじに・・・{0F}でき・・・むにゃ。{10}	
11677	MAP/MAP072.BIN:00FF9C	1	{02}{16}ｚｚｚ・・・。{10}	
11678	MAP/MAP072.BIN:00FFC6	1	{02}{17}く～く～。\nおふくろ・・・。{0E}{09}{0F}\n{02}	
11679	MAP/MAP072.BIN:00FFE9	1	ボスレイさん！{0E}{09}\n\n{02}{01}どうしたのかしら？\nぐっすり寝ちゃってる。{10}	
11680	MAP/MAP072.BIN:010030	1	{02}{17}むにゃむにゃ・・・。{10}	
11681	MAP/MAP072.BIN:01004C	1	{02}{17}むにゃむにゃ・・・。{0E}{09}{0F}\n{02}	
11682	MAP/MAP072.BIN:010068	1	ヘストンさんが\nこんなことするなんて。{10}	
11683	MAP/MAP072.BIN:0100A8	1	{02}{18}う～ん。・・・むにゃ・・・。\nいい酒だぁ・・・。{0E}{09}\n\n{02}	
11684	MAP/MAP072.BIN:0100DF	1	ブルトさんまで・・・。{10}	
11685	MAP/MAP072.BIN:010100	1	{02}{18}くかー・・・ぐぅ。{10}	
11686	MAP/MAP072.BIN:01011A	1	{02}{18}もう飲めねぇよ・・・。{10}	
11687	MAP/MAP072.BIN:010161	1	気持ちよさそうに眠っちゃってるよ。{10}	
11688	MAP/MAP072.BIN:01018E	1	{02}{1A}すやすや・・・すやすや・・・。\nふふ・・ロジャーったら・・。{10}	
11689	MAP/MAP072.BIN:0101D2	1	{09}{10}\n{02}{01}待っててね、テスさん。\nコートを取り戻してみせるわ。{10}	
11690	MAP/MAP072.BIN:010210	1	{02}{19}す～す～。{0E}{09}\n\n{02}	
11691	MAP/MAP072.BIN:010222	1	ロジャーさんに\nこんなことするなんて・・・。{10}	
11692	MAP/MAP072.BIN:010268	1	{02}{1C}ぐが・・・。\n・・とり～か～じ～。{0E}{09}\n\n{02}{01}ジルバ船長までグッスリ眠ってるわ。{0E}{02}	
11693	MAP/MAP072.BIN:0102F4	1	{02}{1C}ぐ～・・・ぐが。{0E}{09}{10}\n{02}	
11694	MAP/MAP072.BIN:01030C	1	待っててね、ジルバ船長。\nヘストンさんを捕まえるからね。{0E}{02}{1C}ぐが！{10}	
11695	MAP/MAP072.BIN:01054E	1	{02}{03}（やべぇ。）{0F}（なんであのガキが）\n（掃除にまわってくるんだよ。）{0E}	
11696	MAP/MAP072.BIN:010598	1	{02}{02}（あたしが知るわけないじゃない。）{0F}（それより、）\n（窓からのぞかれるとまずいよ！）{0E}	
11697	MAP/MAP072.BIN:010646	1	{02}{02}（しょうがないわ。）\n（なにか答えなよ。）{0E}	
11698	MAP/MAP072.BIN:010680	1	{02}{03}（俺が？）{0E}	
11699	MAP/MAP072.BIN:010690	1	{02}{02}（あんた以外に誰がいるのよ。）{0E}	
11700	MAP/MAP072.BIN:0106B8	1	{02}{03}（ちっ、しょうがねぇ。）{0E}	
11701	MAP/MAP072.BIN:0106DA	1	{02}{03}せ、せっかくだけど\n昼寝してるから掃除はいいや。{0F}後で自分でやっとくよ。{0F}任せといてくれ。{0E}	
11702	MAP/MAP072.BIN:010792	1	{02}{02}ふーっ・・・。\n溜め息しかでないわね。{0E}	
11703	MAP/MAP072.BIN:010886	1	{02}{03}（また来やがった！）\n（しぼりあげちまうか？）{0E}	
11704	MAP/MAP072.BIN:0108CA	1	{02}{02}（バカ！）{0F}（ニーリに着くまで）\n（船から逃げようがないのよ。）{0F}（なんとかごまかすんだよ。）{0E}	
11705	MAP/MAP072.BIN:01092C	1	{02}{03}ぐーぐー！\nぐごぉ、がぁー。{10}	
11706	MAP/MAP072.BIN:010A42	1	{02}{03}・・・・・！？\nあんないかついオヤジ・・・{0F}いや、船長なら来てないぜ。{0E}	
11707	MAP/MAP072.BIN:010BE8	1	ここの人たちとは\n１度も会ってないね。{0E}	
11708	MAP/MAP072.BIN:010C12	1	{02}{01}どんな人か確かめる\nチャンスじゃない。{0F}	
11709	MAP/MAP072.BIN:010C44	1	すいませ～ん。{0E}	
11710	MAP/MAP072.BIN:010C78	1	{02}{02}また、あの子たちだ。{0E}	
11711	MAP/MAP072.BIN:010C98	1	{02}{03}かんべんしてくれよ。{0F}こんな狭いとこに\n閉じ込められてるだけで\nたまんねーのに。{0E}	
11712	MAP/MAP072.BIN:010CFE	1	{02}{01}ちょっと、すみませーん。{0E}	
11713	MAP/MAP072.BIN:010D2E	1	{02}{02}もう！\nピーピーうるさいね。{0E}	
11714	MAP/MAP072.BIN:010D50	1	{02}{02}坊やたち、ごめんなさいね。{0F}連れが船酔で、\nとても人様の前に出られないの。{0E}	
11715	MAP/MAP072.BIN:010DD6	1	{02}{01}まぁ！　大丈夫？{0E}	
11716	MAP/MAP072.BIN:010DFC	1	{02}{01}お薬を持ってきましょうか？{0E}	
11717	MAP/MAP072.BIN:010E3E	1	{02}{02}心配しなくて大丈夫よ。\nタフさだけが取柄の男だから。{0E}	
11718	MAP/MAP072.BIN:010EAE	1	{02}{01}そうですか。\nそれじゃ、おだいじに。{0E}	
11719	MAP/MAP072.BIN:010EFA	1	{02}{03}よくあんな嘘が思いつくな。\n喋り方まで変えちまってよ。{0E}	
11720	MAP/MAP072.BIN:010F36	1	{02}{02}あんたとは、育ちがちがうんだよ。{10}	
11721	MAP/MAP072.BIN:01103C	1	{02}{01}あの、すみません。\n無事ですか？{10}	
11722	MAP/MAP072.BIN:01107A	1	{09}\n\n{02}{03}・・・・・？{10}	
11723	MAP/MAP072.BIN:0110A8	1	{09}{09}\n{02}{02}無事って何のことよ？\n連れが船酔いだって言ってるでしょ！{10}	
11724	MAP/MAP072.BIN:011170	1	{09}{09}\n{02}{02}（なんか妙だね。）{10}	
11725	MAP/MAP072.BIN:011286	1	{02}{03}やばい！\nあのガキがのぞいてるぜ！{0E}	
11726	MAP/MAP072.BIN:0112D2	1	{02}{02}隠れるんだよ！{10}	
11727	MAP/MAP072.BIN:01139E	1	{02}{03}ちっ！\nあのガキがのぞいてやがる。{0E}	
11728	MAP/MAP072.BIN:0113CE	1	{02}{02}隠れるんだよ！{0E}	
11729	MAP/MAP072.BIN:011408	1	{02}{02}なにやってんのさ・・・。{0E}	
11730	MAP/MAP072.BIN:01142A	1	{02}{03}ここにいれば、のぞきようがねぇだろ。{0E}	
11731	MAP/MAP072.BIN:01145C	1	{02}{02}あんた、ずっとそうしてるつもり？{0E}	
11732	MAP/MAP072.BIN:011486	1	{02}{03}が～ん。{10}	
11733	MAP/MAP072.BIN:0114B8	1	{02}{03}あの小娘が来たぜ！{0E}	
11734	MAP/MAP072.BIN:0114D8	1	{02}{02}まったく！\nいいダイエットだね！{0E}	
11735	MAP/MAP072.BIN:011538	1	{02}{02}ちょっと！\nそんなにくっつかないでよ！！{0E}	
11736	MAP/MAP072.BIN:01156A	1	{02}{03}し、仕方ないだろ！{0E}	
11737	MAP/MAP072.BIN:0115A2	1	{09}\n\n{02}{01}ちゃんと起きてるかしら？{10}	
11738	MAP/MAP072.BIN:0115CA	1	{09}\n\n{02}{01}なにが、どうなっちゃったの？{10}	
11739	MAP/MAP072.BIN:0115F2	1	{09}\n\n{02}{01}ヘストンさんを追わなきゃ！{10}	
11740	MAP/MAP072.BIN:0116BD	1	こんなの見てる場合じゃないよね。{10}	
11741	MAP/MAP072.BIN:0117ED	1	あれ？鍵がかかってる。{10}	
11742	MAP/MAP072.BIN:0118B1	1	クリス。\nこの木箱に干し肉って書いてあるよ。{0E}{09}{0A}\n{02}{01}お腹がすいたのね？{0E}{09}\n\n{02}	
11743	MAP/MAP072.BIN:011982	1	\n{02}{01}ジュリオ、見て！{0E}{09}{0A}\n{02}	
11744	MAP/MAP072.BIN:011AC4	1	\n{02}{01}ハックおじさん！！{0E}{09}	
11745	MAP/MAP072.BIN:011ADC	1	\n{02}{01}おじさん！\nハックおじさん、だいじょうぶ？{10}	
11746	MAP/MAP072.BIN:011B2E	1	{02}\nやあ、クリス。\nどうかしたかい？{10}	
11747	MAP/MAP072.BIN:011BE8	1	{02}\nえっ・・・？\n何かあったのかい。{10}	
11748	MAP/MAP072.BIN:011C24	1	{09}\n\n{02}{01}船乗りさんが寝ちゃってるの！{10}	
11749	MAP/MAP072.BIN:011C62	1	{02}\nう～む・・・そういえば{0F}誰か男の声が聞こえたような\n聞こえなかったような・・・。{10}	
11750	MAP/MAP072.BIN:011E1D	1	あっ！{10}	
11751	MAP/MAP072.BIN:011E4A	1	{02}{1B}！！！{10}	
11752	MAP/MAP072.BIN:011E81	1	ヘストンさん！{0E}{02}{01}見つけたわ！{10}	
11753	MAP/MAP072.BIN:011EEA	1	\n{02}{01}ジュリオ！{0F}ヘストンさんが\n船の後ろの方へ行ったわ！{10}	
11754	MAP/MAP072.BIN:011F71	1	あそこだ！{0E}{02}	
11755	MAP/MAP072.BIN:011F7E	1	ヘストンさん！{10}	
11756	MAP/MAP072.BIN:011FE2	1	{09}{09}\n{02}{01}待ちなさい！！{10}	
11757	MAP/MAP072.BIN:01200C	1	{02}{1B}待てと言われて、待ってくれる泥棒はいませんよ、お嬢さん。{10}	
11758	MAP/MAP072.BIN:0120A6	1	{02}{1B}ふっふっふっ・・・。{0F}私の正体を見破ったのが\n君たちのような少年少女だったのは\n驚きに値する。{0F}だが、少し遅かったようだ。\n銀の短剣は手に入れられなかったが\nまずまずの実入りだった。{0F}もう会うこともないだろう！{0E}アディオス、アミ～ゴ！！{10}	
11759	MAP/MAP072.BIN:0121EE	1	{02}{1B}え？{0E}	
11760	MAP/MAP072.BIN:0122B6	1	{09}{0B}\n{02}{03}運が悪かったな。\n窃盗犯Ａ－14号さんよ。{10}	
11761	MAP/MAP072.BIN:012304	1	{09}{0B}\n{02}{02}ほんと、お気の毒。{10}	
11762	MAP/MAP072.BIN:012354	1	{09}{0B}\n{02}{02}盗みのイロハで睡眠薬は初歩の初歩。あんたの手口ぐらいお見通しよ。{10}	
11763	MAP/MAP072.BIN:01243C	1	{02}{1B}き、きさまらは何者だ！？{10}	
11764	MAP/MAP072.BIN:012470	1	{09}\n\n{02}{02}え・・・？\nそ、それは・・・。{0F}{09}{0A}\nヒ・ミ・ツ。{10}	
11765	MAP/MAP072.BIN:0124CE	1	\n{02}{03}人には触れられたくない\n過去ってもんがあるんだ！{0F}どうするよ、\n紳士に化けたコソ泥さん。{10}	
11766	MAP/MAP072.BIN:01253C	1	{02}{1B}くっ・・・！\nこの借りは預けておこう。{10}	
11767	MAP/MAP072.BIN:0125E2	1	{02}{1D}飛びこんじゃった！？{10}	
11768	MAP/MAP072.BIN:012624	1	\n{02}{03}なに、あいつのことだ。\n近くまで仲間の船が来てるはずだ。{10}	
11769	MAP/MAP072.BIN:012692	1	\n{02}{01}ありがとうございました。\nおかげで・・・。{0E}{09}{09}\n{02}{01}あ～っ！\nこの人たち、銀の短剣を盗もうとしたあの時の泥棒だわ！{10}	
11770	MAP/MAP072.BIN:01270B	1	ほんとだ！{0F}吟遊詩人のお姉さんに化けた\n泥棒のお姉さん！{10}	
11771	MAP/MAP072.BIN:01275C	1	{09}{08}\n{02}{02}あたしは、\nそんな長い名前じゃないよ！{10}	
11772	MAP/MAP072.BIN:01279C	1	{09}{09}\n{02}{01}その鞄も\n横取りするつもりなんでしょ！？{0F}許さないんだから！{10}	
11773	MAP/MAP072.BIN:01281A	1	{09}\n\n{02}{03}だから部屋から出たくなかったんだ。{10}	
11774	MAP/MAP072.BIN:012858	1	{09}{09}\n{02}{01}テスさんのコートは渡さないんだから！{10}	
11775	MAP/MAP072.BIN:0128A0	1	\n{02}{03}こっちだってな、\nあれだけ派手に動いて{0F}「ありがとう」のひと言で\n終わってたまるか！{10}	
11776	MAP/MAP072.BIN:0128FC	1	{09}{09}\n{02}{01}だからって、泥棒はダメよ！{10}	
11777	MAP/MAP072.BIN:01292A	1	\n{02}{03}泥棒は泥棒らしく！\nそれが俺のモットーだ！{10}	
11778	MAP/MAP072.BIN:012960	1	{02}{03}シャーラ！{10}	
11779	MAP/MAP072.BIN:012974	1	{02}{01}ジュリオ！\n追いかけて！！{10}	
11780	MAP/MAP072.BIN:012A1C	1	\n{02}{01}ジュリオ！{0E}	
11781	MAP/MAP072.BIN:012A54	1	\n{02}{01}また、下の方で音がしたわ。{10}	
11782	MAP/MAP072.BIN:012B4E	1	{02}{01}ヘストンさんの身の回りで\n何か、なくなった物はありませんか？{0E}	
11783	MAP/MAP072.BIN:012C3A	1	{02}{01}えっ！？\n金のブローチがなくなったの！{0E}ヘストン氏にそう言われ襟首を見ると確かに金のブローチは\nついていなかった。{0E}	
11784	MAP/MAP072.BIN:012D26	1	{02}{01}で、でも・・・。{10}	
11785	MAP/MAP072.BIN:012D44	1	{02}{1B}それより、例の、銀の短剣だけど。{0F}いつも肌身離さず\n持ち歩いているのかい？{0F}そりゃ、あぶないな。\nそれこそ、落としたら大変だ。{0F}海に落としたらそれまでだし、\n船室に厳重に保管しておいた方が\n安全だと思うよ。{10}	
11786	MAP/MAP072.BIN:012E26	1	{02}{01}そう言われてみれば、\nたしかにそうよね。{10}	
11787	MAP/MAP072.BIN:012FA4	1	{02}{01}ごめんなさい、ジルバ船長。{10}	
11788	MAP/MAP072.BIN:012FC8	1	{02}\nなにぶん、時間的余裕がなかった上に{0F}経済状況も\n差し迫っていたので・・・。{0F}しかし、これも白き魔女の・・・。{10}	
11789	MAP/MAP072.BIN:013050	1	{02}{01}おじさん！{10}	
11790	MAP/MAP072.BIN:013064	1	{02}\n・・・申し訳ない。{10}	
11791	MAP/MAP072.BIN:0130F4	1	{02}{01}でも、罪になるんでしょ？{10}	
11792	MAP/MAP072.BIN:0131D8	1	{02}{01}ありがとう、ジルバ船長。{10}	
11793	MAP/MAP072.BIN:013222	1	{02}\nしかたありませんな。{10}	
11794	MAP/MAP072.BIN:013250	1	{02}{01}おじさん！{0E}	
11795	MAP/MAP072.BIN:013260	1	{02}\n・・・寛大なご処置、感謝します。{10}	
11796	MAP/MAP072.BIN:01328E	1	{02}{1C}ボスレイ。\n	
11797	MAP/MAP072.BIN:01330C	1	{02}{17}イエッサー！{0E}	
11798	MAP/MAP072.BIN:01338C	1	{02}{01}ありがとうございました。{10}	
11799	MAP/MAP072.BIN:013700	1	{02}{03}今度は船長かよ？{10}	
11800	MAP/MAP072.BIN:013752	1	{02}{02}は、は～い。{10}	
11801	MAP/MAP072.BIN:013780	1	{02}{02}なにか・・・？{10}	
11802	MAP/MAP072.BIN:0137F4	1	{02}{02}えっ、ええ。\n連れが船酔いで・・・。{10}	
11803	MAP/MAP072.BIN:0138D8	1	{02}{03}そっ、そりゃーどうも・・・。{0F}	
11804	MAP/MAP072.BIN:013906	1	（冗談じゃねぇよ。）\n（まだ何も盗んでないのに）\n（捕まってたまるかよ。）{10}	
11805	MAP/MAP072.BIN:013AA4	1	あ！{10}	
11806	MAP/MAP072.BIN:013B56	1	{09}\n\n{02}{02}あ～もう！\nあんまりしつこいと彼女に嫌われるよ！{10}	
11807	MAP/MAP072.BIN:013B9B	1	えっ！？{10}	
11808	MAP/MAP072.BIN:013BC4	1	{09}{09}\n{02}{01}ジュリオ！\nうろたえてる場合じゃないでしょ！！{10}	
11809	MAP/MAP072.BIN:013C22	1	\n{02}{03}こっちだ！{10}	
11810	MAP/MAP072.BIN:013CB6	1	{09}{08}\n{02}{02}・・・あたしは逃げなくても\nいいんじゃない。{10}	
11811	MAP/MAP072.BIN:013E54	1	{02}{03}足をひっかけるとは\nやるじゃねぇか。{0F}俺は女にはやさしいが\nあいにく、１８歳未満は対象外だ！{10}	
11812	MAP/MAP072.BIN:013EB8	1	{09}{09}\n{02}{01}べ～っ。\n鞄はもらったわよ。{10}	
11813	MAP/MAP072.BIN:013EE4	1	{09}{06}\n{02}{03}ぷっつん！{10}	
11814	MAP/MAP072.BIN:014004	1	{09}\n\n{02}{03}今度はおまえかよ！{10}	
11815	MAP/MAP072.BIN:0141BC	1	{02}{03}俺たちをここまで走らすとは\nたいした奴らだぜ。{10}	
11816	MAP/MAP072.BIN:0141F4	1	{09}{09}\n{02}{02}さぁ、あんたたち。\nその鞄をおよこし。{0E}{09}	
11817	MAP/MAP072.BIN:014221	1	\n{02}{02}だいたい、\nあいつから鞄を取り戻したのは\nあたしたちなんだからね。{10}	
11818	MAP/MAP072.BIN:014270	1	{09}{09}\n{02}{01}頼んでなんかないもん！{10}	
11819	MAP/MAP072.BIN:014294	1	{09}{09}\n{02}{02}・・・かわいい口をきいてくれるね。あたしは女には容赦しないよ。{10}	
11820	MAP/MAP072.BIN:0142F4	1	{09}\n\n{02}{03}ちょっと待った！\nなんで水夫がそこで寝てんだ？{0F}・・・まさか、あのコソ泥が\n全員眠らせちまったのか！？{10}	
11821	MAP/MAP072.BIN:014366	1	\n{02}{01}そうよ。{10}	
11822	MAP/MAP072.BIN:0143AE	1	{09}{0C}\n{02}{02}そうよって・・・。{0F}この船は、\nただ流されてるだけじゃないの！{10}	
11823	MAP/MAP072.BIN:01442D	1	そっか！{0F}ガルガの巣なんかに\n入っちゃったら大変だよ！{10}	
11824	MAP/MAP072.BIN:01446E	1	{09}\n\n{02}{03}いまさら驚いてどうする。\nこの中で操船のできる奴は？{10}	
11825	MAP/MAP072.BIN:014530	1	\n{02}{01}そうだわ！\nハックおじさんなら。{10}	
11826	MAP/MAP072.BIN:01455A	1	{09}{08}\n{02}{02}誰だい、それ？\n船乗りなの？{10}	
11827	MAP/MAP072.BIN:01458E	1	\n{02}{01}私のおじさんよ。{0F}ちょっと変わってるけど\nいろんなこと知ってるから\n助けてくれるかも知れないわ。{10}	
11828	MAP/MAP072.BIN:0145F6	1	{02}{03}よし、一時停戦だ。{0F}そのハックおじさんとやらに\n賭けてみようじゃねぇか。{0F}	
11829	MAP/MAP072.BIN:014682	1	{09}\n\n{02}{03}・・・何だよ、\nその疑いの眼差しはよ。{0F}安心しろよ、約束は守る。\nそれが俺のモットーだ。{10}	
11830	MAP/MAP072.BIN:0146EA	1	\n{02}{01}ほんとね？\n私、ハックおじさんを連れてくる。{10}	
11831	MAP/MAP072.BIN:014746	1	うん。ボスレイさんが\n部屋のカギを持ってるはずだよ。{10}	
11832	MAP/MAP072.BIN:014786	1	{02}{01}行ってくるね。{10}	
11833	MAP/MAP072.BIN:014812	1	{02}{03}そのハックさんとやらは\n頼りになるのかよ？{10}	
11834	MAP/MAP072.BIN:01485B	1	・・・すごい人だなって、気はするよ。{10}	
11835	MAP/MAP072.BIN:014892	1	\n{02}{03}その言葉を信じるとするか。{10}	
11836	MAP/MAP072.BIN:0148BD	1	あ、戻ってきたよ。{10}	
11837	MAP/MAP072.BIN:014928	1	{02}\n話はクリスから聞いたよ。{0F}働き手になれるのは、\nこの５人だけだね。{0F}私の言うとおり、\nみんなで手分けすれば{0F}たぶん、無事にニーリに着けるさ。{10}	
11838	MAP/MAP072.BIN:0149BA	1	{09}{0C}\n{02}{03}たぶん・・・って。\n絶対の自信はない・・・ワケ？{10}	
11839	MAP/MAP072.BIN:014A00	1	{09}{0B}\n{02}\nああ、そのとおりだ。{0F}この世に絶対などということは\n絶対にない！{0F}考古学も魔法学も\nすべからく、たぶんなのだ。{0F}それに私は航海術というものを\nまったく知らない。{10}	
11840	MAP/MAP072.BIN:014AAA	1	\n{02}{03}おいおい、堂々と言ってくれるねぇ。{10}	
11841	MAP/MAP072.BIN:014ADE	1	\n{02}\nでも、\n大船に乗ったつもりでいたまえ。{10}	
11842	MAP/MAP072.BIN:014B0E	1	{09}{09}\n{02}{02}大船には、もう乗ってるのよ！\nこれからどうするつもり？{10}	
11843	MAP/MAP072.BIN:014B56	1	\n{02}\nそれが頼みごとをする態度かね？{0F}私の知識を拝聴しようという\n姿勢がまったく感じられないな。{10}	
11844	MAP/MAP072.BIN:014BC0	1	{09}{09}\n{02}{01}ハックおじさん！！\nいいかげんにして！{0F}そんなこと言ってる間にも\n船はかってに進んじゃってるのよ！{10}	
11845	MAP/MAP072.BIN:014C38	1	\n{02}\n悪かった。\nこんなおじさんを\n見捨てないでおくれ。{10}	
11846	MAP/MAP072.BIN:014C76	1	{02}\nよし！\nさっそく取りかかるとするか。{0F}ジュリオ君とクリスは\n左舷のロープの場所へ！{0F}そっちの君たちは\n右舷のロープを頼む。{10}	
11847	MAP/MAP072.BIN:014DC0	1	\n{02}{01}おじさ～ん！\n準備オッケーよ。{10}	
11848	MAP/MAP072.BIN:014DFC	1	\n{02}{03}こっちもいいぜ！{10}	
11849	MAP/MAP072.BIN:014E3A	1	{02}\nそれでは始めるか。{0F}この季節、冷たい風は\nメナート国の山おろし。{0F}と、すると・・・{0F}海流、偏西風の影響を考えて\n帆は左45度のあたりをキープ。{0F}ふむふむ。航路をはずれて\nおよそ３時間とすると・・・。{0F}たぶん、この程度の修正でいいだろう。{10}	
11850	MAP/MAP072.BIN:014F36	1	{02}\nよっし、ジュリオ君！\nそっちのロープをゆるめてくれっ！{0F}	
11851	MAP/MAP072.BIN:014F72	1	はい、右舷の人！\nそっちは思いっきり引っ張る！{10}	
11852	MAP/MAP072.BIN:014FBA	1	{02}{03}くそう・・・。\n俺に力仕事させやがって！{10}	
11853	MAP/MAP072.BIN:014FFA	1	{02}\n帆の張りが甘いぞ！\nもっと、強く引っ張る！{10}	
11854	MAP/MAP072.BIN:015040	1	{02}{03}やってるよ！{10}	
11855	MAP/MAP072.BIN:015069	1	もう、手が痛いよ。{10}	
11856	MAP/MAP072.BIN:015088	1	{09}{10}\n{02}{01}ジュリオ、弱音をはくと\n弱虫になっちゃうのよ。{10}	
11857	MAP/MAP072.BIN:0150C7	1	ぜんぜん痛くないよ。{10}	
11858	MAP/MAP072.BIN:0150F8	1	{02}\nいいぞ、クリス、ジュリオ君！\nその調子だ。{10}	
11859	MAP/MAP072.BIN:015142	1	\n\n\n\n　　　　　　満天の星が輝き始めたが、\n　　　　５人は寝ることも許されなかった。\n\n　　　　　　　　眠らされている\n　　　　ジルバ船長たちはまだ起きない。\n\n　　　　　ハックの指示は夜通し続いた。	
11860	MAP/MAP072.BIN:01528C	1	{02}\nよし！{0F}あそこにかすかに見えるのは\n間違いなく、\nメナート国の海岸線！！{0F}もう、これで安心だ。{10}	
11861	MAP/MAP072.BIN:015300	1	{02}\nどうだい！　私の指示の正確さは！{0F}・・・あれ？\nなんだ・・・みんな寝てるのか。{10}	
11862	MAP/MAP072.BIN:0153A4	1	{02}{1C}すっかり眠らされてしまった。\nいや、面目ない。{10}	
11863	MAP/MAP072.BIN:0153E2	1	{02}\nジルバ船長、航路は大丈夫ですよ。{0F}ジュリオ君たちが\n頑張ってくれましたからね。{0F}盗まれた品物もクリスが取り戻して\n部屋に保管してあります。{10}	
11864	MAP/MAP072.BIN:015494	1	{02}{19}船の針路を保つために、\nみんな、夜通し働いてくれたんだね。{10}	
11865	MAP/MAP072.BIN:0154DE	1	{02}{1A}私たちが助かったのは{0F}ジュリオ君と、\nクリスちゃんのおかげだわ。{0F}しばらくゆっくり\n眠らせてあげましょう。{10}	
11866	MAP/MAP072.BIN:015552	1	{02}{19}本当だね。{0F}でも、こんな大仕事を\nこなすとは思えない\nあどけない寝顔だよ。{10}	
11867	MAP/MAP072.BIN:0155D6	1	{02}{1C}ここじゃ、風が冷たいから\n風邪をひいちゃ大変だ。{0F}手分けして船室に運んでやろう。{0F}もうすぐボスレイたちも\n上がってくるから{0F}入港の準備は\n私たちに任せてください。{0F}ハックさんも、\n本当にご苦労さまでした。{10}	
11868	MAP/MAP072.BIN:0156A4	1	{09}{0B}\n{02}\nは、はっはっは！\nこれも運命のいたずらですよ！{10}	
11869	MAP/MAP072.BIN:015730	1	ふぁ～。\nよく寝た。{10}	
11870	MAP/MAP072.BIN:015788	1	{02}{01}あれ？{0F}私たち、\nちゃんと部屋に帰って寝たっけ？{10}	
11871	MAP/MAP072.BIN:0157E2	1	ボクは寝ぼけてても\nベッドまで来る自信はあるよ。{10}	
11872	MAP/MAP072.BIN:01582E	1	{09}\n\n{02}{01}・・・ジュリオらしいわ。{10}	
11873	MAP/MAP072.BIN:01589C	1	鐘の音・・・？{10}	
11874	MAP/MAP072.BIN:0158C6	1	{09}{0A}\n{02}{01}きっとニーリに着いたのよ！{10}	
11875	MAP/MAP072.BIN:0158F3	1	やった！{10}	
11876	MAP/MAP072.BIN:015908	1	{09}{0A}\n{02}{01}甲板に上がりましょ。{10}	
11877	MAP/MAP072.BIN:01592F	1	うん！{10}	
11878	MAP/MAP073.BIN:0000A3	1	蘒Aンデラ	
11879	MAP/MAP073.BIN:00F72E	1	リオ	
11880	MAP/MAP073.BIN:00F74E	1	ゴーダ	
11881	MAP/MAP073.BIN:00F76E	1	ピエール	
11882	MAP/MAP073.BIN:00F78E	1	ベルヌ	
11883	MAP/MAP073.BIN:00F7AE	1	トリナばあさん	
11884	MAP/MAP073.BIN:00F7CE	1	ノックス	
11885	MAP/MAP073.BIN:00F7EE	1	アンヌ	
11886	MAP/MAP073.BIN:00F80E	1	チャッペルのポーラ	
11887	MAP/MAP073.BIN:00F82E	1	イベール	
11888	MAP/MAP073.BIN:00F84E	1	ジュディ	
11889	MAP/MAP073.BIN:00F86E	1	エスター	
11890	MAP/MAP073.BIN:00F8AE	1	ノイヤ	
11891	MAP/MAP073.BIN:00F8CE	1	カラン	
11892	MAP/MAP073.BIN:00F8EE	1	宿酒場のドミンゴ	
11893	MAP/MAP073.BIN:00F90E	1	エトス	
11894	MAP/MAP073.BIN:00F92E	1	サバト	
11895	MAP/MAP073.BIN:00F94E	1	ルネ	
11896	MAP/MAP073.BIN:00F96E	1	コレス	
11897	MAP/MAP073.BIN:00F98E	1	武器屋のマデール	
11898	MAP/MAP073.BIN:00FE60	1	{02}{14}ボルトではお世話になりました。{0F}もう、町を出て行くなんて、\n水臭いですよ。{0F}通しませんからね。{0F}もっと、この町で\nゆっくりしていって下さい。{10}	
11899	MAP/MAP073.BIN:00FEF0	1	{02}{14}城はしっかり私たちが\n警備してますから、{0F}もう、怪しい者は入れませんよ。\nご安心ください。{10}	
11900	MAP/MAP073.BIN:00FF5A	1	{02}{14}故郷と同じように、\nおくつろぎ下さい。{10}	
11901	MAP/MAP073.BIN:00FF88	1	{02}{14}いくら平和な国でも、\n街道荒らしの泥棒は{0F}いつ、あらわれるかわかりません。{0F}ジュリオさんたちも\nお気をつけくださいね。{10}	
11902	MAP/MAP073.BIN:01000C	1	{02}{14}ようこそ、お待ちしておりました。{0F}イグニスのシャリネは\nいかがでしたか。{10}	
11903	MAP/MAP073.BIN:01005A	1	{02}{14}どうか長旅の疲れを\nこのアンビッシュ国で{0F}ゆっくり、いやして下さい。{10}	
11904	MAP/MAP073.BIN:0100B8	3	{02}{14}ボルトではお世話になりました。\nさあ、中へお入り下さい。{10}	
11905	MAP/MAP073.BIN:010102	1	{02}{14}え？　クリスさんが\nお料理大会に出るんですか。{0F}小さな英雄さんの、手料理か・・・。ぜひとも、私も\n味わってみたいものです。{0F}お料理大会に出るのは\n腕に自信のある人ばかり。\n負けずに入賞を目指してください！{10}	
11906	MAP/MAP073.BIN:0101D4	1	{02}{14}お料理大会に出るのは\n腕に自信のある人ばかり。{0F}負けずに入賞を目指してください！{10}	
11907	MAP/MAP073.BIN:01022A	1	{02}{14}ここを第２の故郷と思って、\nいつでも遊びに来てくださいね。{10}	
11908	MAP/MAP073.BIN:0102D4	1	{02}{14}町も城も御自由に出入りして\n下さるようにとのことです。{10}	
11909	MAP/MAP073.BIN:010312	1	{02}{14}今日は年に１度の\nアンビッシュ国料理大会。{0F}休息がてら、\n是非ともご覧になって下さい。{10}	
11910	MAP/MAP073.BIN:01036E	1	{02}{14}今日は年に１度の\nアンビッシュ国料理大会。{0F}クリスさんも出場されるそうですし、是非とも見て行ってくださいよ。{10}	
11911	MAP/MAP073.BIN:0103E0	1	{02}{14}巡礼の旅が終わっても\nまた、遊びに来てくださいね。{10}	
11912	MAP/MAP073.BIN:01042E	1	{02}{14}ボルトではお世話になりました。{0F}もっと、この町で\nゆっくりしていって下さい。{10}	
11913	MAP/MAP073.BIN:010480	1	{02}{14}どうです。{0F}アンビッシュ国でゆっくり\nくつろいでいただけましたか？{0F}アルフ王もお待ちしていますから、\nまたきっと、\n遊びにきてくださいね。{0F}さあ、どうぞ。\n次はウドル国の\nシフールのシャリネですね。{10}	
11914	MAP/MAP073.BIN:01054A	1	{02}{14}お気をつけて旅をお続けください。{10}	
11915	MAP/MAP073.BIN:010586	1	{02}{14}これは、\nジュリオさんとクリスさん。{0F}ボルトでは\n大変お世話になりました。{0F}どうぞゆっくりしていってください。{10}	
11916	MAP/MAP073.BIN:010602	1	{02}{14}料理の材料を探しに？{0F}そういえば、\nベルヌさんが牛肉をたくさん\n仕入れたって話ですよ。{0F}よってみてはいかがですか。{10}	
11917	MAP/MAP073.BIN:01067C	1	{02}{14}ベルヌさんが牛肉をたくさん\n仕入れたって話ですよ。{0F}よってみてはいかがですか。{10}	
11918	MAP/MAP073.BIN:0106D0	1	{02}{14}いろいろと大変でしたが\nぜひ、また寄ってくださいね。{10}	
11919	MAP/MAP073.BIN:010716	1	{02}{14}ボルトではお世話になりました。{0F}どうぞ、\nゆっくりしていってください。{10}	
11920	MAP/MAP073.BIN:01076C	1	{02}{14}料理の材料を探しに？{0F}そういえば、\nゴーダさんは海の幸にうるさくて、\nいつもボルトから新鮮な魚貝類を{0F}取り寄せているということです。{10}	
11921	MAP/MAP073.BIN:0107F8	1	{02}{14}ゴーダさんは海の幸にうるさくて、\nいつもボルトから新鮮な魚貝類を{0F}取り寄せているということです。{10}	
11922	MAP/MAP073.BIN:01087C	1	{02}{15}まったく、リオときたら・・・。{0F}ただ赤トウガラシを\n買ってきておくれと頼んだだけなのにどこに行っちまったんだろう。{10}	
11923	MAP/MAP073.BIN:0108F8	1	{02}{15}帰ってきたら、今日という今日は\n承知しないからね。{10}	
11924	MAP/MAP073.BIN:010932	1	{02}{15}まったく、リオは何を言っても\nこりない子だねぇ。{0E}{02}{15}リオには、世話になっているから{0F}あんまり小言を言いたくは\nないんだけどねぇ。{0F}早く、一人前に\nなってほしいもんだよ。{10}	
11925	MAP/MAP073.BIN:0109E6	1	{02}{15}おやっ？{0F}なんだ、シノンたちが\n帰ってきたのかと思ったよ。{0F}それにしても、\nリオはどこに行ったんだろうね。{0F}まったく鉄砲玉なんだから・・・。{10}	
11926	MAP/MAP073.BIN:010A7A	1	{02}{15}リオはどこに行ったんだろうね。\nまったく鉄砲玉なんだから・・・。{10}	
11927	MAP/MAP073.BIN:010AF6	1	{02}{16}邪魔しないでくれよ。{0F}おいら今、ビー玉の特訓を\nしてるんだ。{0E}{09}	
11928	MAP/MAP073.BIN:010B35	1	{02}{01}ねぇキミ。\nリオくんでしょ？{0E}{02}{16}えっ？{0F}なんで、おいらの名前を\n知ってんだよ。{0E}{09}	
11929	MAP/MAP073.BIN:010B86	1	女の子が探してたよ。{0E}{02}{16}きっと、ルネだな。{0F}せっかくビー玉の特訓をしてたのに。まったく、うるさい奴だぜ。\nもてる男はつらいよな。{0E}{09}\n{02}{01}なに言ってるの。{0F}おばあさんから頼まれた\nお使いの途中じゃないの？{0E}{02}{16}ゲッ！\nすっかり忘れてた。{0F}いけねぇ・・・またばあちゃんに\nお尻をたたかれちゃう・・・。{0F}じゃあね、バイバイ！{0E}	
11930	MAP/MAP073.BIN:010D0E	1	{02}{16}もてる男はつらいよな。{0E}	
11931	MAP/MAP073.BIN:010D42	1	{09}\n{02}{01}妙にマセたこと言うわよね。{0E}{09}\n{02}	
11932	MAP/MAP073.BIN:010D65	1	はやってるのかなぁ。{10}	
11933	MAP/MAP073.BIN:010D84	1	{02}{16}婆ちゃんが\nもう帰って来なくていいってさ。{0F}きょうはどこに泊まろうかな。{10}	
11934	MAP/MAP073.BIN:010DD6	2	{02}{16}あっ、なんだよ？{0E}{09}	
11935	MAP/MAP073.BIN:010DED	2	やあ。{0E}{02}{16}今、ばあちゃんは、\nお料理コンテストに出品する{0F}料理を作るので忙しいんだ。\n用事があるんなら、あとにしなよ。{0E}	
11936	MAP/MAP073.BIN:010E68	2	不思議な匂いがした。{0E}{09}\n{02}	
11937	MAP/MAP073.BIN:010E81	2	なんか臭いね。{0E}{02}{16}にんにくだよ。\nスタミナがつくんだぜ。{0E}{02}{15}リオ！\n	
11938	MAP/MAP073.BIN:010EEC	1	気が散るじゃないか。{0F}いつまで\nくっちゃべっているんだい！{0E}{09}\n{02}	
11939	MAP/MAP073.BIN:010F29	2	こわいなあ・・・君のおばあさん。{0E}{02}{16}ほら、にんにくが珍しいならやるよ。{0E}	
11940	MAP/MAP073.BIN:010F76	2	ジュリオはにんにくを手に入れた。{0E}{09}{0A}{02}	
11941	MAP/MAP073.BIN:010FB2	2	{02}{16}だめだったらー！{0F}ばあちゃんが機嫌を悪くするから、\nもう、あっちへ行ってくれよ。{10}	
11942	MAP/MAP073.BIN:011008	1	{02}{16}今、ビー玉の必殺技を\nあみだしてるんだ。{0F}じゃましないでくれよな。{10}	
11943	MAP/MAP073.BIN:011064	1	{02}{17}俺の予想だがな。{0F}お料理コンテストは\nマルテばあさんが\n優勝するんじゃないかなぁ。{0F}何と言っても\n気合いが違うからな。{10}	
11944	MAP/MAP073.BIN:0110E2	1	{02}{17}モーナもイベールも料理はうまいけど{0F}マルテばあさんが\n１番年寄りだからな。\nやっぱり、年の功だよ。{10}	
11945	MAP/MAP073.BIN:01114A	1	{02}{17}今日はばあさん、\nうちでメシを食べるのかなぁ。{10}	
11946	MAP/MAP073.BIN:0111A8	1	{02}{18}ボルトに行ってた兵隊に聞いたんだがガルガの中に{0F}魔獣が隠れていたんだってな。\nおとなしいガルガが暴れるなんて\n変だと思ってたんだ。{0F}やっぱり原因は他にあったんだな。{10}	
11947	MAP/MAP073.BIN:011254	1	{02}{18}それにしても、\nどうやってガルガの中に魔獣が{0F}入りこんだのだろうね。{10}	
11948	MAP/MAP073.BIN:01129E	1	{02}{18}ほう、料理の材料を\n探しているのかい。{0F}それならちょうどいい。\n今朝方、畑から掘り起こしたばかりのビーツをあげよう。{0F}これがあれば料理はバッチリだ。{0E}	
11949	MAP/MAP073.BIN:011338	1	ジュリオはビーツを手に入れた。{0E}{09}{0A}{02}	
11950	MAP/MAP073.BIN:01135B	1	ありがとう。{0E}{02}{18}ビーツをつかって\nヘルシーな料理を作ってくれ。{10}	
11951	MAP/MAP073.BIN:0113A2	1	{02}{18}ビーツをつかって\nヘルシーな料理を作ってくれ。{10}	
11952	MAP/MAP073.BIN:0113D8	1	{02}{18}知ってたかい？　{0F}リオはマルテばあさんに\nよくお使いを頼まれているけど、\n別にマルテばあさんの{0F}孫じゃないんだよ。\nまあ、遠縁の親戚には\n変わりないんだけどね。{0F}マルテばあさんの身内の者が\n旅に出ているんで、\n面倒をみてあげているのさ。{0F}いや、面倒をみてもらってるのかな。{10}	
11953	MAP/MAP073.BIN:01150E	1	{02}{19}おや？\nなんだ、ルネじゃないのか。{0F}ルネの奴、\nまだリオを探しているのかな。\nごめん、ごめん。{10}	
11954	MAP/MAP073.BIN:011574	1	{02}{19}ルネっていうのは私の娘でね。{0F}リオはマルテばあさんのとこの孫で、娘の遊び友達なんだ。{10}	
11955	MAP/MAP073.BIN:0115D0	1	{02}{19}ふーっ。もう食べられない。{0F}いくら私が牛肉好きだからと言っても朝から腹いっぱいの牛肉は\nこたえるね。{0F}本当はばあさんが\n一緒に食べてくれるだろうと\n思って余分に作ったんだが、{0F}今朝はゴーダの家で\n食事を済ましたんだってさ。{0F}どうだい、\n君も少し食べていかないかい？{0E}{09}	
11956	MAP/MAP073.BIN:0116D6	1	持ち帰りでもらえませんか？{0E}{02}{19}えっ？{0E}・・・・・苦労しているんだね。\nいいよ、いいよ。\n好きなだけ持っていきなよ。{0E}	
11957	MAP/MAP073.BIN:01174C	1	ジュリオは牛肉を手に入れた。{0E}{09}{0A}{02}	
11958	MAP/MAP073.BIN:01176D	1	ありがとう。{0E}{02}{19}いいから、\n早くそれを持って行っておやりよ。{10}	
11959	MAP/MAP073.BIN:0117B2	1	{02}{19}牛肉はおいしかったかい？{10}	
11960	MAP/MAP073.BIN:0117D2	1	{02}{19}今日はばあさん、\nうちでメシを食べるのかなぁ。{10}	
11961	MAP/MAP073.BIN:01181C	1	{02}{1A}内緒だけどね。{0F}ノックスは道具屋のアンヌに\n惚れておるんじゃよ。{10}	
11962	MAP/MAP073.BIN:011870	1	{02}{1A}料理の材料？{0F}そうだねぇ、ベルヌは牛肉が好きで\nゴーダは魚が好きなんだ。{0F}２人の家によれば、牛肉と魚は\nたぶん手に入ると思うよ。{0F}ちなみに\nベルヌとゴーダは私の息子でね。{0F}ルネはベルヌの娘なんだけど\n魚好きなんだ。{0F}だからルネはゴーダの家で\n食事するのさ。{0F}それでもって私は\n肉も魚も好きだから、{0F}その日の気分しだいで\nどっちの家で食事を\nするのか決めるのさ。{0F}ややこしくって変だろ。{10}	
11963	MAP/MAP073.BIN:0119EC	1	{02}{1A}ベルヌとゴーダは私の息子でね。{0F}ルネはベルヌの娘なんだけど\n魚好きなんだ。{0F}だからルネは\nゴーダの家で食事するのさ。{0F}それでもって私は\n肉も魚も好きだから、{0F}その日の気分しだいで\nどっちの家で\n食事をするのか決めるのさ。{0F}ややこしくって変だろ。{10}	
11964	MAP/MAP073.BIN:011AE8	1	{02}{1A}さて、夕食は肉にしようか\n魚にしようか。{0F}考えてみれば、\n私は毎日、\n肉か魚か迷ってるんだねぇ。{10}	
11965	MAP/MAP073.BIN:011B50	1	{02}{1A}こんなことで悩んでいられるなんて、ああ、私は本当に幸せ者だよ。{10}	
11966	MAP/MAP073.BIN:011BB4	2	{02}{1B}べ、別に・・・。\n僕は怪しいもんじゃないよ。{0E}{09}\n{02}{01}ヘンねぇ・・・なに、\nオドオドしてるの？{0E}{02}{1B}いいじゃないか。{0E}{09}\n{02}	
11967	MAP/MAP073.BIN:011C25	2	でも、ウロウロしてて\nオドオドしてると、{0F}怪しい人に見えるよ。{0E}{02}{1B}やっぱり、そうかなぁ・・・。{10}	
11968	MAP/MAP073.BIN:011C8A	2	{02}{1B}別に怪しい者じゃあ\nないんだけどなあ。{10}	
11969	MAP/MAP073.BIN:011D53	1	でも、ウロウロしてて\nオドオドしてると、{0F}怪しい人に見えるよ。{0E}{02}{1B}やっぱり、そうかなぁ・・・。{0E}{09}\n{02}	
11970	MAP/MAP073.BIN:011DB3	1	うん。{0E}{02}{1B}僕はね・・・実は・・・。{0F}道具屋のアンヌさんの\nゴホッ、ゴホッ！\n・・・ファンなんだ。{0E}	
11971	MAP/MAP073.BIN:011E18	1	ノックスの顔が赤くなった。{0E}	
11972	MAP/MAP073.BIN:011E44	1	{02}{1B}ああ・・・アンヌさ～ん。{0E}{09}	
11973	MAP/MAP073.BIN:011E61	1	{02}{01}もうしょうがないわねえ。\nちょっと、こっちにいらっしゃいよ。{10}	
11974	MAP/MAP073.BIN:011ECC	1	{02}{1B}えっ、なにか用？{0E}{09}{0A}{02}{01}ねぇ。アンヌさんが好きなんでしょ？{0E}	
11975	MAP/MAP073.BIN:011F22	1	{02}{1B}ギョエ！\nそんな・・ハッキリと・・。{0F}そんなこと・・・\n・・・言われたら。{0E}	
11976	MAP/MAP073.BIN:011F74	1	ノックスの顔が真っ赤になった。{0E}	
11977	MAP/MAP073.BIN:011FB2	1	クリス、かわいそうだよ。\nおセッカイはやめようよ。{0E}	
11978	MAP/MAP073.BIN:011FF8	1	{02}{01}でも、イジイジしてるのは、\n見ていられないわ。{0F}ちょっと、こっちにいらっしゃいよ。{10}	
11979	MAP/MAP073.BIN:0120D0	1	あっ、来た。{0E}{02}{1B}えっ？{0E}	
11980	MAP/MAP073.BIN:01221A	1	{02}{1B}す、す、す、すみません。{0F}お、お、おケガは\nありませんでしたか？{0E}	
11981	MAP/MAP073.BIN:01226C	1	{02}{1C}まあ、ノックスさん。{0F}ノックスさんこそ、大丈夫ですか。{0E}{02}{1B}ぼっ、ぼっ、僕なんて・・・。\n平気です。{0E}{02}{1C}良かった。\nお怪我がなくて。{0E}{02}{1B}あっ、あのののっ・・・。\nこ・・・こんにちは。{0E}{02}{1C}こんにちは、ノックスさん。{0E}{02}{1B}いっ、いいお天気ですね。{0F}ど、どこかに\n行かれるところだったんですか？{0E}{02}{1C}いいえ。{0F}ノックスさんの声が\n少し聞こえたから。{0E}{02}{1B}なんだ・・・はは、はは。{0E}{02}{1C}あの、もし良かったら\nお店でお茶でもいかが？{0F}とってもおいしい\nハーブティーがあるの。{0E}{02}{1B}ぼっ、ぼっ、僕を\nお茶に誘って下さるんですか？{0E}{02}{1C}ノックスさん、\nお忙しいのかしら？{0E}{02}{1B}とっ、とんでもない！{0F}ぜひ御一緒に、\nお茶を、お茶を、お茶を\nいただかさせて、いただきます！{0E}{09}{0A}{02}{01}ノックスさん、{0F}舞い上がっちゃって\n言葉がヘンだわ。{0E}	
11982	MAP/MAP073.BIN:012534	1	{02}{1C}あなたたちも\n御一緒にいかが？{0E}{09}{0A}{02}	
11983	MAP/MAP073.BIN:012558	1	は～い。{0E}	
11984	MAP/MAP073.BIN:0125B0	1	{02}{01}ダメよ、ジュリオ。{0E}	
11985	MAP/MAP073.BIN:0125DA	1	えっ？{0E}{09}	
11986	MAP/MAP073.BIN:0125E3	1	{02}{01}私たち用事があるじゃない。{0E}{09}\n{02}	
11987	MAP/MAP073.BIN:012604	1	えっ？\n用事なんか、あったっけ？{0E}{09}{09}{02}{01}いいから、行くわよ。{0E}	
11988	MAP/MAP073.BIN:012662	1	{09}{0A}{02}{01}アンヌさん、ノックスさん。{0F}じゃあ私たち、\n用があるので失礼します。{0E}	
11989	MAP/MAP073.BIN:012708	1	{02}{1B}あっ、おっ、おい。君たち・・・。{0E}	
11990	MAP/MAP073.BIN:0127CC	1	テーブルについたノックスとアンヌはハーブティーを飲みながら\n楽しそうに話をしている。{0E}	
11991	MAP/MAP073.BIN:01283C	1	{09}{0A}{02}{01}よかったわね、ノックスさん。{0E}	
11992	MAP/MAP073.BIN:012878	1	アンヌさんもノックスさんのこと\n嫌いじゃなさそうだし、\nあの２人、うまくいくかもよ。{0E}{09}\n{02}	
11993	MAP/MAP073.BIN:0128CF	1	ねぇ、クリス。用事って何さ？{0E}	
11994	MAP/MAP073.BIN:012904	1	{09}\n{02}{01}えーっ、今頃なに言ってるの。\nもう、ジュリオは鈍感なんだから。{0E}	
11995	MAP/MAP073.BIN:01295A	1	{09}{10}{02}{01}２人っきりになるチャンスじゃない。私たちがいたら邪魔でしょ。{0E}{09}{0A}{02}	
11996	MAP/MAP073.BIN:01299F	1	あっ、そうか。{10}	
11997	MAP/MAP073.BIN:012A04	1	{02}{1B}べ、別に・・・。\n僕は怪しいもんじゃないよ。{0E}{09}\n{02}	
11998	MAP/MAP073.BIN:012ADE	1	{02}{1B}ありがとう、君たちのおかげだよ。{10}	
11999	MAP/MAP073.BIN:012B0A	1	{02}{1B}やっぱりアンヌさんって素敵だなー。{0F}アンヌさんと一緒に\nお茶が飲めるなんて幸せだなー。{10}	
12000	MAP/MAP073.BIN:012B70	1	{02}{1B}しあわせだ～。\n重大ニュースを発表するよ。{0F}こっ、このたび僕とアンヌさんは！{0F}・・・うぷっ。\nここ、こ、婚約いたしました。{0E}{09}{0A}{02}{01}うわーっ、本当？{0E}{09}{0A}{02}	
12001	MAP/MAP073.BIN:012C02	1	すごい。おめでとう！{0E}{02}{1B}ありがとう。\n本当に君たちのおかげだよ。{10}	
12002	MAP/MAP073.BIN:012C4A	1	{02}{1B}ありがとう。\n本当に君たちのおかげだよ。{10}	
12003	MAP/MAP073.BIN:012C8E	1	{09}\n{02}{01}ねぇ、何をやってるの？{0E}{02}{1B}イベールさんてステキだよね。{10}	
12004	MAP/MAP073.BIN:012CD2	1	{02}{1B}いやー、\n道具屋のアンヌさんもいいけど{0F}イベールさんもステキだなあ。{10}	
12005	MAP/MAP073.BIN:012D44	1	{02}{1C}いらっしゃいませ。{0F}当店には、いろんな物が\nそろっていますよ。{0F}一見、役に立ちそうでない物も\nありますが、持っていて損をする物は１つもありません。{0F}どうぞ品物をご覧になって下さい。{10}	
12006	MAP/MAP073.BIN:012E26	1	{02}{1C}あら、あなたたち。いらっしゃい。{0F}ノックスさんのお話は、\nとっても楽しいのよ。\nいつまで話していてもあきないわ。{0F}今度ノックスさんに\nクッキーでも焼いてあげようかしら。{0F}あ、ごめんなさい。\nおしゃべりに夢中になっちゃって。\n何か、お買物？{10}	
12007	MAP/MAP073.BIN:012F22	2	{02}{1C}何かいるものがあったら呼んでね。{10}	
12008	MAP/MAP073.BIN:012F56	1	{02}{1C}あら、いらっしゃい。{0E}	
12009	MAP/MAP073.BIN:012F7A	1	ノックスさんってほんとに\n楽しい人なのよ。{0F}別に用事がなくても\nいつでも遊びに来てね。{0F}あ、ごめんなさい。\nおしゃべりに夢中になっちゃって。{0E}	
12010	MAP/MAP073.BIN:013006	1	何か、お買物？{10}	
12011	MAP/MAP073.BIN:013066	1	{02}{1C}また何か御用の際には\nよろしくお願いいたします。{10}	
12012	MAP/MAP073.BIN:01309E	1	{02}{1C}別に用事がなくても\nいつでも遊びに来てね。{0F}ありがとうございました。{10}	
12013	MAP/MAP073.BIN:0130E8	1	{02}{1C}どうもありがとう。{0E}また何か御用の際には\nよろしくお願いいたします。{10}	
12014	MAP/MAP073.BIN:01316E	1	{02}{1C}何をお求めでしょうか？{10}	
12015	MAP/MAP073.BIN:01318C	1	{02}{1C}何がほしいのかしら。{10}	
12016	MAP/MAP073.BIN:0131A8	1	{02}{1C}{08}ですね。{0F}それでしたら\n{06}になります。{10}	
12017	MAP/MAP073.BIN:0131D4	1	{02}{1C}何をお引き取りいたしましょう？{10}	
12018	MAP/MAP073.BIN:0131FA	1	{02}{1C}{08}でしたら{0F}{06}で引き取らせて\nいただきます。{10}	
12019	MAP/MAP073.BIN:01322E	1	{02}{1C}１ゴアあたり\n{06}になります。{10}	
12020	MAP/MAP073.BIN:013250	1	{02}{1C}{06}をお支払いします。\n全部で{06}になります。{10}	
12021	MAP/MAP073.BIN:013280	1	{02}{1C}換金されないのですね。{10}	
12022	MAP/MAP073.BIN:01329E	1	{02}{1C}ラピカがたまりましたら\nまたご来店下さい。{10}	
12023	MAP/MAP073.BIN:0132D0	1	{02}{1C}他に何か必要なものは\nありませんか？{10}	
12024	MAP/MAP073.BIN:0132FC	1	{02}{1C}いらっしゃいませ。\n何を差し上げましょう。{0E}{09}	
12025	MAP/MAP073.BIN:01332C	1	お料理に使うスパイスとか、\n売っていますか？{0E}{02}{1C}あら、お料理を作るの。{0F}それだったら、\nあまっているのがたくさんあるから\nおわけしますよ。{0E}{09}	
12026	MAP/MAP073.BIN:0133B6	1	えっ、本当？{0E}{02}{1C}はい。スパイス、サフラン、\nデミグラスソース、ヨーグルト。{0F}みんなもっていっていいわよ。{0E}{09}{0A}{02}	
12027	MAP/MAP073.BIN:013434	1	ジュリオはスパイス、サフラン、\nデミグラスソース、ヨーグルトを\n手に入れた。{10}	
12028	MAP/MAP073.BIN:013488	1	{02}{1C}やだわ、お客さん。{0F}テーブルの向こうから話しかけて\n下さればよかったのに。{10}	
12029	MAP/MAP073.BIN:0134D8	1	{02}{1D}チャッペルにようこそ。{10}	
12030	MAP/MAP073.BIN:0134FA	1	{02}{1D}その魔法が、あなた方の旅の\n助けになることをお祈りします。{10}	
12031	MAP/MAP073.BIN:01353C	1	{02}{1D}またお越し下さい。{10}	
12032	MAP/MAP073.BIN:013574	1	{02}{1D}どなたが魔法を習得しますか？{10}	
12033	MAP/MAP073.BIN:013598	1	{02}{1D}どの魔法をお望みですか？{10}	
12034	MAP/MAP073.BIN:0135B8	1	{02}{1D}{08}ですね？\nお授けしましょう。{10}	
12035	MAP/MAP073.BIN:013604	1	{02}{1E}私もお料理コンテストに\n出場するのよ。{0F}出場予定者の中では１番若いけど、\nお料理なら\n誰にも負けない自信があるわ。{10}	
12036	MAP/MAP073.BIN:01367E	1	{02}{1E}お城の調理長のジョルノ様が\n目を丸くするような、{0F}おいしい、お料理を作ってみせるわ。{10}	
12037	MAP/MAP073.BIN:0136E2	1	{02}{1E}どうしましょう。{0F}サワークリームを作りすぎて\n残っちゃったわ。{0E}{09}	
12038	MAP/MAP073.BIN:013725	1	ねえ、もしよかったら\nボクに少しくれないかなぁ・・・。{0E}{02}{1E}まあ、クリームが欲しいなんて\n子供ね。{0E}{09}\n{02}	
12039	MAP/MAP073.BIN:013787	1	・・・・・。{0E}{02}{1E}アイスクリームみたいに\n甘くないわよ。{0F}それでもいいならあげるけど。{0E}{09}	
12040	MAP/MAP073.BIN:0137DD	1	うん、もらいます。{0E}	
12041	MAP/MAP073.BIN:0137F8	1	ジュリオはサワークリームを\n手に入れた。{0E}{09}{0A}{02}	
12042	MAP/MAP073.BIN:013824	1	ありがとう。{0E}{02}{1E}サワークリームをお料理に使うのならビーツとキャベツを煮込んで{0F}ボルシチが作れるわよ。{10}	
12043	MAP/MAP073.BIN:013890	1	{02}{1E}サワークリームをお料理に使うのなら肉類、ビーツ、キャベツと煮込んで{0F}ボルシチが作れるわよ。{10}	
12044	MAP/MAP073.BIN:0138F2	1	{02}{1E}トマトシチュー、\n自信あったんだけどなぁ・・・。{0F}もっとお料理の勉強して、\nつぎの機会には、\nきっと優勝してみせるわよ。{10}	
12045	MAP/MAP073.BIN:013972	1	{02}{1E}またお料理コンテストがあったら、\n一緒に出ましょうね。{10}	
12046	MAP/MAP073.BIN:0139C4	1	{02}{1F}明日、お料理コンテストが\nあるのだけど、{0F}私はお料理って得意じゃないから\n出場できるような人が\nうらやましいわ。{0F}そうだわ。\n優勝した人にお料理を習って\n私も頑張ってみようかしら。{10}	
12047	MAP/MAP073.BIN:013A7A	1	{02}{1F}今頃お料理コンテストに\n出場する人たちは{0F}一生懸命にお料理を\n作っているんでしょうね。{10}	
12048	MAP/MAP073.BIN:013AD6	1	{02}{1F}クリスさん、{0F}お料理コンテスト\n好評だったようね。{0F}うらやましいわ。{0F}よーし、私もお料理の勉強をして\n頑張ってみようかしら。{10}	
12049	MAP/MAP073.BIN:013B76	1	あら、旅の方ね。{0F}いらっしゃい、\nアンビッシュ国の\nアンデラへようこそ！{10}	
12050	MAP/MAP073.BIN:013BC4	1	ガルガ騒ぎも落ち着いて、\nみんな大喜びなの。{0F}明日、アルフレッド王の主催で\nお料理コンテストがあるのよ。{0F}楽しみだわ。{10}	
12051	MAP/MAP073.BIN:013C48	1	お料理の材料を探しているの。{0F}だったら、もちろんワインを\n使うのでしょ？{0F}ワインを使ったお料理って、\nなんだか気品があるのよね。{10}	
12052	MAP/MAP073.BIN:013CD0	1	ワインを使ったお料理って、\nなんだか気品があるのよね。{10}	
12053	MAP/MAP073.BIN:013D18	1	シャリネ巡りを\nしているんですってね。{0F}魔法の鏡って不思議よね。\nどうして見る人によって違うものが\n見えるのかしら？{10}	
12054	MAP/MAP073.BIN:013D94	1	世界には不思議なことが\nいっぱいあるわね。{10}	
12055	MAP/MAP073.BIN:013DE4	1	明日のお料理コンテストに\n出ようと思っているんだけど。{0F}何を作ろうか迷ってるのよ。\nクリームシチューもいいし、\nポテトグラタンもいいわね。{0F}ドリアも自信があるんだけど。\nあなたは何がいいと思う？{0E}{09}{0A}{02}	
12056	MAP/MAP073.BIN:013EA5	1	全部！{0E}{09}\n{02}{01}もう、なに言ってるの。\n全部じゃないでしょ。{0F}どれを作ればいいかって\n聞いてるのよ。{0E}{09}\n{02}	
12057	MAP/MAP073.BIN:013F06	1	なんだ、\nボクに作ってくれるんじゃ{0F}ないのか。\nじゃあ、なんでもいいや。{0E}{02}!そうだわ。{0F}お米にポテトグラタンをのせて、\nクリームシチューを\nかけてみようかしら。{0F}いけそうね。\nありがとう、いいアイデアだわ。{10}	
12058	MAP/MAP073.BIN:013FD4	1	今、コンテスト用の\nお料理を作ってるの。{0F}もう少しで完成するわ。{0E}{09}	
12059	MAP/MAP073.BIN:014017	1	ねえ、変なこと聞くけど、\nあまっているもの何かある？{0E}{02}!そうねぇ、トマトピューレなら\n持ってっていいわよ。{0E}{09}{0A}{02}	
12060	MAP/MAP073.BIN:014083	1	ありがとう。もらうよ。{0E}	
12061	MAP/MAP073.BIN:0140A2	1	ジュリオはトマトピューレを\n手に入れた。{0E}{09}{0A}{02}	
12062	MAP/MAP073.BIN:0140CE	1	ありがとう。\n頑張ってね。{10}	
12063	MAP/MAP073.BIN:0140F4	1	ええ。\nさあ、もうすぐ完成よ。{0F}今回はちょっと自信があるわ。{10}	
12064	MAP/MAP073.BIN:014140	1	あら、いらっしゃい。{0F}またお料理コンテストがあったら、\n一緒に出ましょうね。{0E}そうだわ。{0F}そろそろマルテばあさんの\n息子さんたちが\n町に帰ってくる頃だわ。{0F}帰ってきたら\nマルテばあさんと協力して\nごちそうを作って迎えてあげなきゃ。{0E}いつもは息子のシノンさん一家と\n暮らしているのだけど、\n今は旅に出ているのよ。{0F}フォルティア国の\nラグピック村に行っているそうよ。{0E}{09}	
12065	MAP/MAP073.BIN:01429F	1	{02}{01}えっ、ラグピック村なの？{0E}{09}	
12066	MAP/MAP073.BIN:0142BE	1	あっ、そうだ。思い出した。{0F}村を出たところで会った\nシノンさんたちだよ。{0E}{09}	
12067	MAP/MAP073.BIN:014307	1	{02}{01}ああ。ラップじいさんに会いに\n来たって言ってた、あの家族。{0E}{02}!シノンさんたちを知っているの？{0E}{09}	
12068	MAP/MAP073.BIN:014368	1	ボクたちラグピック村から\n来たんだよ。{0F}途中の道ですれ違ったんだ。{0E}{02}!あら、偶然ってあるのね。{10}	
12069	MAP/MAP073.BIN:0143D0	1	クリスさん。{0F}またお料理コンテストがあったら、\n一緒に出ましょうね。{10}	
12070	MAP/MAP073.BIN:014442	1	たいしたもんだ。{0F}聞けば、ガルガが出現する前から\nもしものためにと、\n調査を始めていたらしい。{0F}さすがはアルフレッド王だ。\n私たちアンビッシュ国民は\n良き王様に恵まれて{0F}本当に良かったと思うよ。{10}	
12071	MAP/MAP073.BIN:01450A	1	アルフレッド王は\n本当に国民思いの良い王様だよ。{10}	
12072	MAP/MAP073.BIN:014540	1	ノイヤが玉ねぎをカジっている。{0F}	
12073	MAP/MAP073.BIN:014568	1	玉ねぎは風邪をひいたときに、\nいいんだよな。{0F}たくさんあるから、\nあんたにも少しあげようか？{0E}{09}{0A}{02}	
12074	MAP/MAP073.BIN:0145C6	1	えっ、くれるの。\nありがとう！{0E}{02}"おいおい、玉ねぎくらいで\n喜びすぎじゃないか。{0F}ほら、好きなだけ持ってけよ。{0E}	
12075	MAP/MAP073.BIN:014638	1	ジュリオは玉ねぎを手に入れた。{0E}{09}{0A}{02}	
12076	MAP/MAP073.BIN:014674	1	うん。玉ねぎは健康にいいんだよな。{10}	
12077	MAP/MAP073.BIN:0146A8	1	玉ねぎは役に立ったかい？{0E}{09}{0A}{02}	
12078	MAP/MAP073.BIN:0146C5	3	うん、すごく助かったよ。\nありがとう。{10}	
12079	MAP/MAP073.BIN:0146F6	1	また料理の材料が\nほしくなることがあったら{0F}いつでもよってくれ。{10}	
12080	MAP/MAP073.BIN:014764	1	君たち、\nもしかしたら王様の知り合いの{0F}巡礼の旅人じゃないかい？{0E}{09}	
12081	MAP/MAP073.BIN:0147A5	1	{02}{01}どうしてわかったの？{0E}{02}#やっぱりそうだ。\n年格好を聞いていたからね。{0E}{09}{0A}{02}{01}へーっ、ジュリオ。\n私たち有名人みたいね。{0E}{09}{07}{02}	
12082	MAP/MAP073.BIN:01481C	1	てれちゃうなぁ。{0E}{02}#なんでも君たちを迎えるために\n明日、お料理コンテストを{0F}開催するらしいね。{0F}モーナやイベールが\nコンテストに出場するって\n張り切っていたよ。{10}	
12083	MAP/MAP073.BIN:0148C2	1	なんでも君たちを迎えるために\n明日、お料理コンテストを{0F}開催するらしいね。{0F}モーナやイベールが\nコンテストに出場するって\n張り切っていたよ。{10}	
12084	MAP/MAP073.BIN:014952	1	何か料理の材料になるものが欲しい？{0F}そりゃあ、あれば何でもあげるけど、うちには今、\nにんじんくらいしかないなぁ。{0E}{09}{0A}{02}	
12085	MAP/MAP073.BIN:0149C5	1	えっ？{0F}やったぁーっ！\nにんじんがあるの。{0E}{02}#ああ。{0F}ほら、１本でも２本でも３本でも、\n好きなだけ持っていっていいよ。{0F}ちなみに、にんじんは\n１本でも２本でも３本でも\nにんじんなんだよね。{0E}{09}{0A}{02}	
12086	MAP/MAP073.BIN:014A7E	1	おもしろいよ。{0E}	
12087	MAP/MAP073.BIN:014A94	1	ジュリオはにんじんを手に入れた。{0E}{09}{0A}{02}	
12088	MAP/MAP073.BIN:014AB9	1	ありがとう。{0E}{02}#どういたしまして。{10}	
12089	MAP/MAP073.BIN:014AE6	1	にんじんを\n馬の目の前で食べると{0F}おもしろいぞ。{10}	
12090	MAP/MAP073.BIN:014B26	1	にんじんは役に立ったかい？{0E}{09}{0A}{02}	
12091	MAP/MAP073.BIN:014B76	1	また料理の材料が\nいることがあったら、{0F}いつでもよってくれ。{10}	
12092	MAP/MAP073.BIN:014CA2	2	はい、こんちは。{0F}おや、あんたたち。\n有名なジュリオと\nクリスじゃないかい？{0E}{09}	
12093	MAP/MAP073.BIN:014CF0	2	えっ、そ、そうだけど。{0E}{02}$ほら、やっぱりそうだ。\nそうじゃないかと思ったよ。{0F}ボルトでは大活躍だったんだってな。{0F}ありがとうよ。\nこの国をガルガから救ってくれて。{0E}{09}{07}{02}{01}そんな。{0F}別に私たちが、ガルガを\n追い返したわけじゃないわ。{0F}アンビッシュ国の兵隊さんや\nマギサさんのおかげよ。{0E}{02}$うーん、さすがは\n王様が見込んだだけのことはある。{0F}おくゆかしいところがいいねえ。\n気に入った！{0F}俺のオゴリだ、飲んでくれ。{0E}	
12094	MAP/MAP073.BIN:0151EE	1	ドミンゴはテーブルの上に\n冷えたソーダ水を２つのせた。{0E}	
12095	MAP/MAP073.BIN:01522E	1	さあ、ぐーっと飲みねえ！{0F}さっきまで川で\n冷やしてたソーダ水だ。{0F}冷え冷えだぞ。{0E}{09}{0A}{02}{01}うわーっ、ありがとう！{0E}{09}{0A}{02}	
12096	MAP/MAP073.BIN:01529B	1	ありがとう！{0E}	
12097	MAP/MAP073.BIN:0152B0	1	ジュリオたちはゴクゴク音をたてて\n冷たいソーダ水を飲んだ。{0E}	
12098	MAP/MAP073.BIN:015306	1	ノドの奥がサワッとして\n何だかスッキリするね。{0E}	
12099	MAP/MAP073.BIN:015350	1	ごちそうさま。{0E}	
12100	MAP/MAP073.BIN:015388	1	{09}{0A}{02}{01}おいしかった。{0F}こんなにおいしいソーダ水、\nはじめてだわ。{0E}{02}$そうかい、{0F}そりゃあ御馳走したかいが\nあったってもんだ。{0F}巡礼の旅も大変だろ。{0F}まあ、この町でゆっくり休んで\n英気を養ってくれ。{0F}先はまだ、\n長いのだからね。{10}	
12101	MAP/MAP073.BIN:01551C	1	巡礼の旅も大変だろ。{0F}まあ、この町でゆっくり休んで\n英気を養ってくれ。{0F}先はまだ、\n長いのだからね。{10}	
12102	MAP/MAP073.BIN:015584	1	いょう。来たね、お２人さん。\nうれしいね。{0F}王様の使者から聞いたよ。\n城の豪華な部屋より、\nうちのベッドがいいんだってな。{0F}泣かせるねー。{0F}ベッドは空けておいたから、\nいつでも使っておくれ。{10}	
12103	MAP/MAP073.BIN:01564E	2	寝心地は、良かったかい？{0E}{09}	
12104	MAP/MAP073.BIN:01566B	2	うん。\nありがとう。ぐっすり眠れたよ。{0E}{09}	
12105	MAP/MAP073.BIN:015693	1	{02}{01}お城は静かすぎるのよね。{0E}{02}$そうか、それは良かった。{10}	
12106	MAP/MAP073.BIN:0156D4	1	また、いつでも泊まりにおいで。{10}	
12107	MAP/MAP073.BIN:0156FA	1	いよう、いらっしゃい。\n今度は何の用だい？{0E}{09}	
12108	MAP/MAP073.BIN:015728	1	料理に使うお酒ってどんなヤツ？{0E}{02}$それだったら、\n赤ワインか白ワインだな。{0F}お薦めは赤ワインだ。赤ワインの方が料理には使いでがあるからな。{0E}{09}	
12109	MAP/MAP073.BIN:0157B4	1	赤ワイン\nいくらですか？{0E}{02}$いいよ、\n宿代と一緒に王様の{0F}ツケにしとくから。\nほらよっ。{0E}	
12110	MAP/MAP073.BIN:015810	1	ジュリオは赤ワインを手に入れた。{0E}{09}{0A}{02}	
12111	MAP/MAP073.BIN:01584E	1	料理に使う前に\n飲んじゃうんじゃないぞ。{10}	
12112	MAP/MAP073.BIN:015888	1	よう、長い旅だ。無理はするなよ。{0F}この町にいるあいだは、\n自由にここのベッドを使って\nくれていいんだぜ。{10}	
12113	MAP/MAP073.BIN:0158FA	1	自由にここのベッドを使って\nくれていいんだぜ。{10}	
12114	MAP/MAP073.BIN:015962	1	そういえば、ボルトの戦いで\n負傷した旅の剣士が{0F}城で静養しているそうじゃな。\n名前は・・・確か・・・。{0E}{02}+ローディ！{0E}{02}%そうじゃ、それじゃ。\nハーディじゃ。{0E}{09}\n{02}	
12115	MAP/MAP073.BIN:0159FD	1	ローディだよ。{10}	
12116	MAP/MAP073.BIN:015A18	1	それでアンディは\nもう元気に{0F}なったのじゃろうかのう？{0E}{02}+ローディだってば！{10}	
12117	MAP/MAP073.BIN:015A6A	1	おお、よく眠れたかの。{10}	
12118	MAP/MAP073.BIN:015A88	1	早くよくなるといいのう。{10}	
12119	MAP/MAP073.BIN:015AA8	1	それでローディは\nもう元気になったのじゃろうか？{0E}{09}	
12120	MAP/MAP073.BIN:015ADC	1	うん、だいぶ良くなったよ。{0E}	
12121	MAP/MAP073.BIN:015AFE	1	ローディは、だいぶ良くなってきた\nそうじゃのう。{0F}よかった。よかった。{10}	
12122	MAP/MAP073.BIN:015B5E	1	今、この町は{0F}明日のお料理コンテストの話で\nもちきりじゃよ。{0F}モーナとイベールと\nマルテばあさんが\n名乗りをあげているらしい。{0F}３人とも料理が得意じゃからな。{0E}{09}{10}{02}{01}お料理コンテストか。\n面白そうね。{0F}ねぇ、ジュリオ。\n私も出場してみようかしら？{0E}{09}{08}{02}	
12123	MAP/MAP073.BIN:015C4D	1	えっ・・・？！{0E}{09}{09}{02}{01}なによ、その反応は？{0E}{09}\n{02}	
12124	MAP/MAP073.BIN:015C79	1	なっ、なんでもないよ・・・。{0E}{09}	
12125	MAP/MAP073.BIN:015C98	1	{02}{01}そう。ならいいんだけど。{0E}{02}&こりゃあ、\nますます明日のお料理コンテストが{0F}楽しみになってきたわい。{10}	
12126	MAP/MAP073.BIN:015D0E	1	すみません、\n何か料理の材料に{0F}なるようなものがあったら\nわけてもらえませんか？{0E}{02}&さっき、イモを焼いて食べたんじゃ。{0E}{09}	
12127	MAP/MAP073.BIN:015D85	1	やっぱり。{0E}{02}&気のきいたものはないが、\nイモならあるけどのう。イモなら。{0E}{09}	
12128	MAP/MAP073.BIN:015DD0	1	うん、それそれ。{0E}{02}&じゃがいもでいいのなら、\n持っていくがいい。{0E}	
12129	MAP/MAP073.BIN:015E16	1	ジュリオはじゃがいもを手に入れた。{0E}{09}{0A}{02}	
12130	MAP/MAP073.BIN:015E56	1	イモを焼くと\nいい匂いがするんじゃ。{0E}{09}{0A}{02}	
12131	MAP/MAP073.BIN:015E7E	1	うん。いいニヨイなんだよね。{0E}{02}&ニヨイじゃなくて、ニオイじゃ。\nちょっとナマっとるんじゃないか？{0E}{09}\n{02}	
12132	MAP/MAP073.BIN:015EE1	1	そうかなー。{10}	
12133	MAP/MAP073.BIN:015F00	1	じゃがいもは役に立ったかい？{0E}{09}{0A}{02}	
12134	MAP/MAP073.BIN:015F52	1	おイモは女の子に\n人気があるんだよな。{10}	
12135	MAP/MAP073.BIN:015F9E	1	こんにちは！{0E}{09}	
12136	MAP/MAP073.BIN:015FAD	1	{02}{01}こんにちは。{0E}{02}'ねえ、{0F}私と同じくらいの男の子を\n見なかった？{0E}{09}	
12137	MAP/MAP073.BIN:015FEF	1	男の子？{0E}{02}'おばあさんに頼まれて\n探しているのよ。{0F}リオっていう子なんだけど、\nお料理の材料を買いに行ったきり、\n戻ってこないの。{0F}またお使いをサボッて、\nどこかでビー玉の\n練習でもしてるのかしら。{0E}{09}	
12138	MAP/MAP073.BIN:0160B2	1	ビー玉？{0E}{02}'リオはビー玉が得意なのよ。{0E}{09}{0A}{02}	
12139	MAP/MAP073.BIN:0160DC	1	ビー玉ならボクも得意だよ。{0E}{09}{0A}{02}{01}うん、ジュリオが得意なのは\n迷子になることと{0F}ビー玉くらいだものね。{0E}{09}\n{02}	
12140	MAP/MAP073.BIN:016142	1	・・・・・。{0E}{02}'私、リオを探さなきゃ。\nじゃあ、バイバイ！{10}	
12141	MAP/MAP073.BIN:0161A8	1	こんにちは。{0F}{02}'は～い。{0F}{09}	
12142	MAP/MAP073.BIN:0161C4	1	あのう、変な頼みなんだけど。{0F}料理の材料になりそうなものが\nあったら、わけてもらえないかなぁ。{0E}{02}'お料理の材料？{0E}{09}	
12143	MAP/MAP073.BIN:016236	1	うん。{0E}{02}'ボルトから届いたばかりの\n魚ならあるわよ。{0F}どうせ食べきれないから、\nご近所に配ろうと\n思っていたとこなの。{0E}{02}{17}貝もあるぞ。{0E}	
12144	MAP/MAP073.BIN:0162CA	1	どうぞ、魚と貝を持っていってくれ。{0F}もとはと言えば、\n君たちがボルトを守ってくれたから、今も魚が届くんだ。{0F}遠慮なく使ってくれよ。{0E}	
12145	MAP/MAP073.BIN:016352	1	ジュリオは魚と貝を手に入れた。{0E}{09}{0A}{02}	
12146	MAP/MAP073.BIN:016375	1	ありがとう。{0E}{02}{17}新鮮だから、\nきっとおいしい料理ができるぞ。{0E}{02}'その魚と貝と\nあとは、サフランがあれば{0F}ブイヤベースができるわね。{0E}{02}{17}手の込んだ料理になるが、\nカリースパイスがあれば{0F}ヨーグルトとココナツミルクを\n加えて、\nシーフードカリーができるな。{10}	
12147	MAP/MAP073.BIN:016474	1	その魚と貝と\nあとは、サフランがあれば{0F}ブイヤベースができるわね。{0E}{02}{17}手の込んだ料理になるが、\nカリースパイスがあれば{0F}ヨーグルトとココナツミルクを\n加えて、\nシーフードカリーができるな。{10}	
12148	MAP/MAP073.BIN:016532	1	リオったら、またどこかに\n行っちゃった。{0F}もう、マルテばあさんが\n探しているっていうのに・・・。{0F}またどこかでビー玉で遊んでるのね。{10}	
12149	MAP/MAP073.BIN:0165E2	1	いやあ、ガルガ騒ぎが収まって\n本当に良かった。{0F}城の兵隊のほとんどが\nボルトに行っていたからね。\n実はちょっと不安だったんだ。{0F}やっぱり平和なのが１番だ。\nアルフレッド王に\n感謝しなくちゃいけないな。{10}	
12150	MAP/MAP073.BIN:0166B0	1	やっぱり平和なのが１番だ。{0F}アルフレッド王に\n感謝しなくちゃいけないな。{10}	
12151	MAP/MAP073.BIN:0166FC	1	コレスが何かを\nカジりながら歩いている。\nよく見るとセロリだった。{0E}	
12152	MAP/MAP073.BIN:016748	1	ねえ、どうしてセロリを\nカジってるの？{0E}{02}(いやあ、君もカジるかい？{0E}{09}\n{02}	
12153	MAP/MAP073.BIN:01678D	1	え？{0F}だから、どうして\nセロリをカジってるのさ？{0E}{02}(青物は体にいいんだよ。{0F}いいから、少しわけてあげるから、\n君もカジってみなよ。{0E}{09}	
12154	MAP/MAP073.BIN:01681E	1	ジュリオはセロリを手に入れた。{0E}{09}{0A}{02}	
12155	MAP/MAP073.BIN:01685A	1	これで君もセロリ仲間だ。{10}	
12156	MAP/MAP073.BIN:01687A	1	よう、セロリ仲間の\nジュリオじゃないか。{0F}元気そうだな。{10}	
12157	MAP/MAP073.BIN:0168B8	1	いらっしゃいませ。\nマデールの武器屋へようこそ！{0F}うちの品は武器も防具も\n充実してますよ。{10}	
12158	MAP/MAP073.BIN:01691C	1	ありがとうございました。\nまたのおこしをお待ちしております。{10}	
12159	MAP/MAP073.BIN:016960	1	またおこし下さいね。\n待ってますよ、お客さん。{10}	
12160	MAP/MAP073.BIN:0169E6	1	{08}ですか？\nそれは、いいですね。{0F}{06}になりますが、\nよろしいですか？{10}	
12161	MAP/MAP073.BIN:016A4E	1	{08}でしたら\n{06}で引き取ります。{10}	
12162	MAP/MAP073.BIN:016A76	1	１ゴアあたり{06}で\n換金いたします。{10}	
12163	MAP/MAP073.BIN:016ABC	1	換金なさらなくて\nよろしいのですか？{10}	
12164	MAP/MAP073.BIN:016AE8	1	ラピカをお持ちでないようですが。{10}	
12165	MAP/MAP073.BIN:016B10	1	他にも何か必要なものは\nありませんか？{10}	
12166	MAP/MAP073.BIN:016B3E	1	ジョルノでございます。{10}	
12167	MAP/MAP073.BIN:016B5E	1	寝ジュリ{10}	
12168	MAP/MAP073.BIN:016B6C	1	{09}{06}{02}{01}寝クリ{10}	
12169	MAP/MAP073.BIN:016C80	2	{02}{14}せめて陛下に、\nお会いになられて下さい。{0F}あなた方が訪れるのを\n本当に楽しみにしていたのですから。{10}	
12170	MAP/MAP073.BIN:016D3A	2	{02}{14}明日は年に１度の\nアンビッシュ国料理大会。{0F}休息がてら、\n是非ともご覧になって下さい。{10}	
12171	MAP/MAP073.BIN:016DE8	2	{02}{14}本日はお城で\nアンビッシュ国料理大会が{0F}開催されます。{0F}是非ともご覧になって下さい。{10}	
12172	MAP/MAP073.BIN:016E96	2	{02}{07}ジュリオ様。{0F}そちらはイグニスのシャリネへ\n向かう道でございます。{0F}シフールのシャリネは\n西でございます。{10}	
12173	MAP/MAP073.BIN:017262	1	{02}{14}おや？{0F}君たちは王様の\nお知り合いの方でしょ。{0F}ボルトではお世話になりました。{0F}もう、町を出て行くなんて、\n水臭いですよ。{0F}通しませんからね。\nもっと、この町で\nゆっくりしていって下さい。{10}	
12174	MAP/MAP073.BIN:017384	1	{02}{14}おや？{0F}あなたは王様の\nお知り合いの方でしょ。{0F}ボルトではお世話になりました。{0F}もう、町を出て行くなんて、\n水臭いですよ。{0F}通しませんからね。\nもっと、この町で\nゆっくりしていって下さい。{10}	
12175	MAP/MAP073.BIN:0174AA	1	{02}{14}どうです。{0E}	
12176	MAP/MAP073.BIN:0174E8	1	アンビッシュ国でゆっくり\nくつろいでいただけましたか？{0F}アルフ王もお待ちしていますから、\nまたきっと、遊びにきてくださいね。{0E}さあ、どうぞ。\n次はウドル国の\nシフールのシャリネですね。{0F}お気をつけて旅をお続けください。{10}	
12177	MAP/MAP073.BIN:017688	1	道具屋の中でノックスとアンヌが{0F}ハーブティーを飲みながら\n楽しそうに話をしている声が\n聞こえる。{0E}{09}	
12178	MAP/MAP073.BIN:0176E8	1	{02}{01}邪魔をしない方が良さそうだわ。{0F}道具屋さんを利用するのは\nもう少したってからにしましょう。{10}	
12179	MAP/MAP073.BIN:0179F2	1	{02}{15}気が散るじゃないか。{0F}いつまでくっちゃべっているんだい！{0E}{09}\n{02}	
12180	MAP/MAP073.BIN:017D16	1	アンビッシュ国　アンデラ	
12181	MAP/MAP073.BIN:017D82	1	{02}{14}ようこそ！\nアンデラへ。{0F}ジュリオさんとクリスさんですね。{0F}王様がお待ちかねですよ。\nさあ、お城の方へどうぞ。{10}	
12182	MAP/MAP073.BIN:017EB2	1	{02}{14}あれっ？\n引き返してきたのですか。{0E}	
12183	MAP/MAP073.BIN:017F22	1	ちょっとね。{0E}{02}{14}アンビッシュ国は\nもう大丈夫ですよ。{0F}泥棒も出ませんし、ローディさんも\n回復に向かっています。{0F}安心して旅をお続けください。{10}	
12184	MAP/MAP073.BIN:0181DE	1	{09}{0A}{02}{01}やっぱり、この感じの方が\n落ち着くわね。{0E}{09}{0A}{02}	
12185	MAP/MAP073.BIN:018221	1	{02}{01}おやすみ。ジュリオ。{0E}{09}	
12186	MAP/MAP073.BIN:01823C	1	お～や～す～み～・・・ホァ～。\nクリス。{10}	
12187	MAP/MAP073.BIN:018317	1	{02}{01}お城は静かすぎるのよね。{0E}{02}$そうか、それは良かった。{0E}{02}$また、いつでも泊まりにおいで。{0E}	
12188	MAP/MAP073.BIN:018394	1	おはようございます。{0E}	
12189	MAP/MAP073.BIN:0183F2	1	おはようございまーす。{0E}	
12190	MAP/MAP073.BIN:018436	1	お迎えにあがりました。{0F}まだ、お料理コンテストまでには\n時間がありますが、余裕をみて\n早めによらせて頂きました。{0E}{09}	
12191	MAP/MAP073.BIN:0184A6	1	{02}{01}はい、ご丁寧に\nありがとうございます。{0E}{02}*ささ、どうぞ。\nまいりましょう。{10}	
12192	MAP/MAP073.BIN:018518	1	おお、少年少女\nちょいと待ちなされ。{0E}	
12193	MAP/MAP073.BIN:018566	1	ボルトの戦いで負傷した旅の剣士が\n城で静養しているそうじゃな。{0E}	
12194	MAP/MAP073.BIN:0185CC	1	名前は・・・確か・・・。{0E}{02}+ローディ！{0E}{02}%そうじゃ、それじゃ。\nハーディじゃ。{0E}{09}\n{02}	
12195	MAP/MAP073.BIN:01861C	1	ローディだよ。{0E}{02}%おお、そうそう、ローディじゃ。{0F}なんでも王様は、そのランディに\n特別殊勲賞を贈るつもりらしいな。{0E}{09}\n{02}{01}ローディよ。{0E}{02}%おお、そうじゃった。{0F}ローディだったな、\n今度こそ覚えたぞ。{0E}{09}	
12196	MAP/MAP073.BIN:0186DE	1	すごいなー、ローディ。\nでも、あれだけ頑張れば当然だよね。{0E}{02}%ホレ、あんたらのツレに何と言ったかシンディだったかの。{0E}{09}\n{02}	
12197	MAP/MAP073.BIN:018755	1	ローディだよ。{0E}{02}%そうそう、そのローディに\nこの薬を持って行ってやりなされ。{0F}ちと口に苦いが、効き目は抜群！\n元気になること間違いなしじゃて。{0E}	
12198	MAP/MAP073.BIN:0187EA	1	を受け取りました。{0E}{09}{0A}{02}{01}ありがとう、おじいさん。\n必ず渡すわ。{10}	
12199	MAP/MAP073.BIN:018950	1	{02}{01}おはよう、ジュリオ。{0E}{09}\n{02}	
12200	MAP/MAP073.BIN:01896B	1	おはよう・・・。{0E}{09}	
12201	MAP/MAP073.BIN:01897E	1	{02}{01}まだ、眠そうね。{0E}{09}	
12202	MAP/MAP073.BIN:018995	1	でも、ぐっすり寝たよ。\nお城で寝るより気が楽でいいや。{0E}{09}	
12203	MAP/MAP073.BIN:0189CD	1	{02}{01}今日はお料理コンテストよ。{0F}そろそろお城の人が\n呼びにくるんじゃないかしら。{0E}{09}{0A}{02}	
12204	MAP/MAP073.BIN:018A1E	1	へへっ、\nごちそうたくさん食べられるね。{0E}	
12205	MAP/MAP074.BIN:0000A4	1	エルザ海岸	
12206	MAP/MAP074.BIN:00DFF0	2	アンビッシュ国の砦　ドッタ\n東　港町ボルト　　　１１０１ミロ\n南東　アンデラ　　　１２２７ミロ{0E}	
12207	MAP/MAP074.BIN:00E056	1	{02}{04}ボルトまで１１０１ミロか。\nぐずぐずしているヒマはないな。{0E}{09}	
12208	MAP/MAP074.BIN:00E094	1	{02}{01}うん。\n急ぎましょう。{10}	
12209	MAP/MAP074.BIN:00E12E	1	{02}{04}ボルトは東の道だ。\n一刻も早くボルトに向おうぜ！{10}	
12210	MAP/MAP074.BIN:00E1FC	1	{09}{0E}{02}{01}本当にこの街道、{0F}ひとっこ１人\n旅人に出会わないわね。{0E}{09}	
12211	MAP/MAP074.BIN:00E237	1	{02}{04}ガルガ騒ぎのために、{0F}街道が完全に\n封鎖されているみたいだな。{0E}	
12212	MAP/MAP074.BIN:00E2AA	1	ねえ、そういえばさぁ。{0F}どうしてボクたちが知らせなくってもボルトの人たちは\nガルガが襲ってくることを{0F}知ってんだろう？{0F}何もボルトを襲うって\n決まってるわけじゃないのに。{0E}{09}	
12213	MAP/MAP074.BIN:00E352	1	{02}{01}なに言ってるの。\nもう、ジュリオったら。{0F}そりゃあー、\n旅の途中でローディが\n予言を聞いたくらいだもの。{0F}ゲルドの予言はアンビッシュ国じゃ、きっと、有名な話なのよ。{0E}{09}\n{02}	
12214	MAP/MAP074.BIN:00E3F8	1	そうかなー。{0F}でも、普通ならそんな話、\n信じないと思うよ。{0F}だって、予言では\n山が海を越えるとか、{0F}そんなことしか言ってないんだろ。{0F}山とガルガを結びつけるのは、\nボクたちみたいに\n魔法の鏡を見てないと{0F}なかなかできないと思うんだ。{0E}{09}	
12215	MAP/MAP074.BIN:00E4DA	1	{02}{04}確かにジュリオの言うとおりだ。{0E}	
12216	MAP/MAP074.BIN:00E52A	1	急いでいて気がまわらなかったが、\nアンビッシュ国の対応は\n早過ぎる・・・。{0F}アンビッシュ国の王様は\nよほど有能な王か、{0F}それともオカルト好きの\nあやしい王様のどちらかだな。{0E}まあ、とにかく先を急ごう。\nむちゃくちゃに\nされたネルバを見たろ。{0F}ガルガは兵隊がいくらいたって\n何の手立てにもならないんだ。{0E}でも、俺には\nとっておきの作戦がある。{0F}また間に合わず、\nボルトがネルバのように\nやられてしまったら{0F}悔やんでも悔やみ切れないからな。{0E}	
12217	MAP/MAP074.BIN:00E6E0	1	{02}{01}とっておきの作戦って？{0E}	
12218	MAP/MAP074.BIN:00E702	1	{02}{04}ガルガに会ってからのお楽しみさ。{10}	
12219	MAP/MAP074.BIN:00E7AE	1	{02}{04}これ以上進むのは、見合わせよう。{0F}あまり離れると、\n戦況が分からなくなるからな。{10}	
12220	MAP/MAP074.BIN:00E854	1	{02}{07}ジュリオ様、クリス様。\nこちらはボルトでございます。{0F}ウドル国は反対でございます。{10}	
12221	MAP/MAP074.BIN:00E924	1	あれ？何だろう。{0F}魔獣かなあ。{0E}{09}	
12222	MAP/MAP074.BIN:00E944	1	{02}{04}おいおい、魔獣とは言え、\nたかがネズミ１匹じゃないか。{0E}	
12223	MAP/MAP074.BIN:00E9B6	1	{02}{04}俺が相手をするまでもないな。{0E}	
12224	MAP/MAP074.BIN:00E9FE	1	{02}{04}なんだ、俺たちに恐れをなして\n逃げ出したのか。{0E}	
12225	MAP/MAP074.BIN:00EA4E	1	{02}{01}ローディ、あれ・・・{0E}	
12226	MAP/MAP074.BIN:00EB1C	1	デスカルゴが道をふさいでいるよ。{0E}{02}{04}この一刻を争うって時に・・・。{0E}	
12227	MAP/MAP074.BIN:00EBD8	1	{02}{01}こんなところで、もたもたして\nいられないわ。{0E}{02}{04}ボルトはもうすぐだ。\nジュリオ、急ごうぜ・・・。{0E}	
12228	MAP/MAP074.BIN:00FB31	1	うん。\nなんとか逃げ切れたね。{10}	
12229	MAP/MAP075.BIN:002590	1	{0A}{10}ジュリオ	
12230	MAP/MAP075.BIN:00379E	1	\n{02}{0C}イザベル王妃！{10}	
12231	MAP/MAP075.BIN:003822	1	{02}潤E・・・・・・・。{0F}・・・やりましたね。{0F}私の負けです・・・。{0F}これで・・・。{0F}ラウアールの波を・・\n引き寄せる力は・・・。{0F}すべて・・なくなりました・・・。{0F}だけど・・・。{0F}これで・・この世界が救われたか\nどうかは・・・。{0F}私にも、わかりません・・・。{0E}{02}	
12232	MAP/MAP075.BIN:00391B	1	ね、ねえ・・・教えてよ。\nボクたちの・・・。{0F}この世界の罪って・・・なんなのさ？{0E}	
12233	MAP/MAP075.BIN:003974	1	{02}潤E・・・・・・・。{0E}	
12234	MAP/MAP075.BIN:003994	1	しばらくの間、\nイザベル王妃は思いを巡らすように、まぶたを閉じた。{0F}{02}潤E・・・・・・・。{0F}・・・罪は誰にでもあります。{0F}・・・せめて、\nこの世界が救われることを、\n今は祈りましょう・・・。{0E}{02}	
12235	MAP/MAP075.BIN:003A4D	1	あ・・・。{0E}{02}{0C}王妃・・・。{0E}	
12236	MAP/MAP075.BIN:003A6E	1	{02}{09}空の様子が・・・。{0E}{02}{0C}やはり・・間に合わなかったか。{0E}{02}{01}そんな・・・。{0E}{02}	
12237	MAP/MAP075.BIN:003AB7	1	まだ、何か方法があるはずだよ。{10}	
12238	MAP/MAP076.BIN:01A702	1	{02}{17}クリスチーナ。\n明日の準備はできているの？{0F}明日になって慌てないように、\n必要なものは今日中に\n用意しておきなさい。{10}	
12239	MAP/MAP076.BIN:01A7C2	1	{02}{01}大丈夫よ、お母さん。{0F}私のことより、\n一緒に行くジュリオの方が\n心配だと思うわ。{10}	
12240	MAP/MAP076.BIN:01AC52	1	{02}{01}うん、わかったわ。{10}	
12241	MAP/MAP076.BIN:01AC98	1	{02}{01}あ・・・。\nお母さんのオルゴール。{10}	
12242	MAP/MAP076.BIN:01AD16	1	{02}{01}いい音色・・・。{10}	
12243	MAP/MAP076.BIN:01ADD0	1	{02}{01}ねぇ、お母さん！\nこのオルゴールの約束、覚えてる？{10}	
12244	MAP/MAP076.BIN:01AEE4	1	{02}{01}きっとよ。{10}	
12245	MAP/MAP076.BIN:01AF24	1	{02}{01}じゃあ、西の原に行って\n薬草をつんでくるわね。{10}	
12246	MAP/MAP076.BIN:01B018	1	{02}{01}はい、わかってまーす。{10}	
12247	MAP/MAP076.BIN:01B66C	1	{02}{15}西の原なら迷うことはないから\n安心して待っていられるわ。{0F}でも、早く戻ってらっしゃいね。{0F}今日中にクリスと\n村長さんのところに行って、{0F}旅の心構えを聞いておかないと\nいけませんからね。{10}	
12248	MAP/MAP076.BIN:01BA12	1	{02}{16}くれぐれも気をつけるのだよ。{0F}もし、旅先で困ったことがあれば、\n土地とちのチャッペルが、力になってくれるはずだ。{10}	
12249	MAP/MAP076.BIN:01BA9C	1	{02}{17}ラグーナには{0F}お父さんの弟さんが\n住んでましたよね。{10}	
12250	MAP/MAP076.BIN:01BAEE	1	{02}{16}ああ、ハックか。{10}	
12251	MAP/MAP076.BIN:01BB10	1	よほど困ったことが起きたのなら、\n頼りなさい。{0F}少し変わった奴だが、力になって\nくれるだろう。{10}	
12252	MAP/MAP076.BIN:01BB74	1	{02}{17}クリス・・・体に気をつけて。{0E}{09}{0E}\n{02}{01}お母さん、お父さん・・・。\n行ってきます。{0E}	
12253	MAP/MAP083.BIN:013898	1	{09}{10}\n{02}{01}ジュリオ、勝負よ。負けないわよ。{0E}{09}{10}\n{02}	
12254	MAP/MAP083.BIN:013C1A	1	{09}{08}\n{02}{01}ちょっと悔しいわね。{0E}	
12255	MAP/MAP083.BIN:013D7C	1	{09}\n\n{02}{03}わざわざ城の中を\nもう１度調べ直したのに、\nなんで宝がねーんだ。{0E}{02}{02}まったく、シケた城だね。{0E}{02}{18}帰ろ、帰ろ。{0E}{02}{19}うん。帰ろ、帰ろ。{0E}	
12256	MAP/MAP083.BIN:013E92	1	\n{02}{02}村に帰るんだってね。{0E}気をつけて帰るんだよ。{0E}あんたたちとの旅は\n最高に面白かったよ。{0E}{02}{03}悪いけど見送りはしないぜ。{0E}オレたちは\nこう見えても忙しい身なんでな。{0E}	
12257	MAP/MAP083.BIN:013F66	1	{02}{03}うるせーやい。{0E}{02}{02}じゃあ、そういう訳だから。{0E}元気でね、お２人さん。{0E}	
12258	MAP/MAP083.BIN:013FB4	1	{09}{0A}\n{02}{03}あばよ。{0E}{02}{02}また、どっかで会えればいいネ。{0E}{09}{0A}\n{02}	
12259	MAP/MAP083.BIN:01412C	1	{09}{0B}\n{02}{02}いいこと聞いた。{0E}これでまた当分のあいだ\nグースはあたしに\n頭が上がらないわね。{10}	
12260	MAP/MAP083.BIN:0142B2	1	{02}{01}行っちゃった。{0E}{02}	
12261	MAP/MAP083.BIN:0142C5	1	またきっと、いつか会えるよ。{0E}{02}{01}うん。{0E}じゃあ、ジュリオ。{0E}勝負の続きよ。{0E}{02}	
12262	MAP/MAP084.BIN:0000A2	1	ｆオルドス	
12263	MAP/MAP084.BIN:0000AE	1	、スリープ、闇縛り、キ	
12264	MAP/MAP084.BIN:00878A	1	{0A}{02}{14}すみません。{0F}今、瞑想修行のさいちゅうなので\nあとにしてくださいませんか。{0E}えっ？\nフィーロ先生に、\n本を借りてきてほしいと。{0F}人助けは何よりも尊い行いです。{0F}ちょっと待ってください。\n今、呪いばらいの本を取ってきます。{0E}	
12265	MAP/MAP084.BIN:00893A	1	ジュリオはパレンの本を手に入れた。{10}	
12266	MAP/MAP084.BIN:008E54	1	{02}{18}ウービィったら、\nただの食べすぎの腹痛なのに{0F}また、先生の悪口いってる。\nしかたないんだから・・・。{10}	
12267	MAP/MAP084.BIN:009CBC	1	フィーロ先生なら、\nさっきこの先の水路のとこで{0F}会ったよ。{0F}まだ、きっといるよ。{10}	
12268	MAP/MAP084.BIN:00A01E	1	フィーロ先生は\nオルドス国１番の名医だ。{0F}どんな病気でも、\nすぐに治してくれるよ。{10}	
12269	MAP/MAP084.BIN:00A1A8	1	年ほど前までは、\nオルドスは大聖堂しか{0F}なかったのにのう。\nいつのまにやら\n立派な町になってしまったわい。{10}	
12270	MAP/MAP084.BIN:00A382	1	お連れの具体はどうだい？{0F}フィーロ先生の病院なら\n西にある、縦に長細い建物だよ。{0F}川の上を渡すように建った家だから\nすぐにわかるじゃろう。{10}	
12271	MAP/MAP084.BIN:00A695	1	ああ、そうだけど。{0E}{09}\n{02}	
12272	MAP/MAP084.BIN:00A6AC	1	よかった。\nやっと見つかった。{0F}いっしょに旅をしてる友達が、\n幻術使いに呪いをかけられてしまって大変なんだ。{0E}{0A}{02}+幻術使いの呪いだって！\nそりゃあ、本当に大変だ。{0F}どこにいるんだね？{0E}{09}{0F}{02}	
12273	MAP/MAP084.BIN:00ABE2	1	これより先はオルドスの大聖堂です。{0F}大聖堂参拝の方以外は\n申し訳ありませんが\n御通しできません。{0E}オルドス大聖堂に行くのは\nクリスの体が治ってからにしようと\nジュリオは思った。{10}	
12274	MAP/MAP084.BIN:00AFCE	2	はい、\nボクたち巡礼の旅できました。{0F}ラグピック村の\nジュリオとクリスです。{0E}{02}.そうですか、わかりました。{0F}ここから先は\n４つのシャリネを巡ってきた者しか\nお通しできません。{0F}失礼ですが、\nテストをさせていただきます。{0F}これより簡単な問答をいたします。\nすべてに答えられれば\nお通しいたしましょう。{10}	
12275	MAP/MAP084.BIN:00B15C	1	問いは５つです。よろしいですか？{0F}お２人で考えてくださって結構です。巡礼の旅で得た知識があれば、\n必ず簡単に答えがわかるでしょう。{0E}{02}.第１の問い。{0F}シャリネが司るものは\n水、地、火、風、空。{0F}ディーネのシャリネでは\n何を司っている？\n	
12276	MAP/MAP084.BIN:00B296	1	第２の問い。{0F}では、テグラのシャリネでは\n何を司っている？\n	
12277	MAP/MAP084.BIN:00B312	1	第３の問い。{0F}では、イグニスのシャリネでは\n何を司っている？\n	
12278	MAP/MAP084.BIN:00B390	1	第４の問い。{0F}では、シフールのシャリネでは\n何を司っている？\n	
12279	MAP/MAP084.BIN:00B3E4	1	第５の問い。{0F}魔法の鏡は真実のみを映しだす。\n	
12280	MAP/MAP084.BIN:00B98E	1	{08}か・・・\nよーし、思い切って{06}でいいや。{10}	
12281	MAP/MAP084.BIN:00B9FA	1	そっ、それは幻の{08}じゃないか。{0F}{06}出すから、ぜひとも売ってくれ。{10}	
12282	MAP/MAP084.BIN:00C379	1	宿屋の人たちには私から\n伝えておくよ。{10}	
12283	MAP/MAP084.BIN:00CA14	1	お連れの病気が治ったようだね。\n良かったね。{10}	
12284	MAP/MAP084.BIN:00CBBA	1	はい。フィリーさんの\n手続きも済んでいますよ。{0F}それにしても、\nジュリオさんが連れてくるお仲間は\nあわただしい人ばかりですな。{0F}以降、オルドス国への出入りは\n御自由ですので\n銀の短剣を示す必要は{0F}ありませんよ。{10}	
12285	MAP/MAP084.BIN:00CFA0	1	{02}{02}あたしの名はシャーラ。{0F}世界をまたに掛ける\n美人女盗賊だよ。{10}	
12286	MAP/MAP084.BIN:00D218	1	{02}{05}帰りは西回りで帰るのでしょ。\n途中まで一緒に行きましょう。{10}	
12287	MAP/MAP084.BIN:00D25C	1	{02}{0B}バン、バーン。{0E}{09}	
12288	MAP/MAP084.BIN:00D271	1	バンバンって、{0F}どうしてバンバンって\n名前なのかなぁ。{0E}{09}{0A}{02}{01}さあ、どこにでも\nバンバンぶつかるからでしょ。{0E}{09}{0E}{02}{0B}バーン、バーン！{10}	
12289	MAP/MAP084.BIN:00D96C	1	問いは５つです。よろしいですか？{0F}お２人で考えてくださって結構です。巡礼の旅で得た知識があれば、\n必ず簡単に答えがわかるでしょう。{0E}	
12290	MAP/MAP084.BIN:00D9F6	1	第１の問い。{0F}シャリネが司るものは\n水、地、火、風、空。{0F}ディーネのシャリネでは\n何を司っている？\n	
12291	MAP/MAP084.BIN:00E0AA	1	うん。{0F}あとは、フィーロ先生に\n本を持っていけばいいんだ。{0F}{0A}{02}2それは、よかっった。\n早く持っていってあげるといいよ。{10}	
12292	MAP/MAP084.BIN:00E35A	1	心配しましたよ。{0F}おや、その方たちは・・・？{0E}{09}	
12293	MAP/MAP084.BIN:00E38A	1	この人は、{0F}フュエンテ国の調薬師リズの\n娘のフィリー。{0F}リズの代わりに来てくれたんだ。{0F}それと、グースの知り合いの\nシャーラだよ。{0E}{02}2そうですか。{0F}では、お２人の入国手続きもすぐに。それで、薬の方は？{0E}{09}	
12294	MAP/MAP084.BIN:00F23C	1	いかんなー。{0E}	
12295	MAP/MAP084.BIN:00F260	1	ど、どうですか？{0E}{0A}{02}+・・・・・・・・。\nうーん。{0F}これは強力な呪いだ。{0E}	
12296	MAP/MAP084.BIN:00FBE2	1	・・・・・・・・。\nボク。リズのところへ行ってくるよ。{0E}{09}	
12297	MAP/MAP084.BIN:00FC7D	1	{02}{07}それはかまいませんが・・・。{0F}しかし、１人で行かれるなんて\n危険でございます。{0F}とちゅう魔獣も\nあらわれるでしょうに。{0E}{09}	
12298	MAP/MAP084.BIN:0100C6	1	{02}{05}はい。作り方は教わっています。{0F}さっそく、ご用意いたします。{0E}	
12299	MAP/MAP084.BIN:010254	1	ポシェットから\nいくつかのハーブを取り出すと\n慎重に分量を計りながら{0F}混ぜ合わせ水で溶いた。{0E}	
12300	MAP/MAP084.BIN:0102D4	1	ハーブ茶を作る要領に似ていた。{0E}	
12301	MAP/MAP084.BIN:0106DC	1	多くの人々の協力により、\n無事にクリスとグースの\n呪いは解けた。{0F}ジュリオはこれまで協力してくれた\n人々に心の底から感謝した。{0E}グースとシャーラは再会を喜び、\n２人でうれしそうに語り合っている。{0F}ジュリオたちは\n口々にクリスとグースの\n回復を喜んだ。{0F}やがてアルグレスの角を\n見つけるまでの冒険談に\nしばらくのあいだ花が咲いた。{0E}	
12302	MAP/MAP084.BIN:010880	2	{02}{03}ジュリオ。世話をかけたな。{0F}俺たちまた、\n２人で旅をすることにしたよ。{0E}{09}	
12303	MAP/MAP084.BIN:0108C9	2	{02}{02}善は急げって言うからね。\nすぐにここを出ることにしたよ。{0E}{09}	
12304	MAP/MAP084.BIN:010905	2	{02}{03}どうも真面目なオルドスの雰囲気は\n俺の性には合わねーみたいだからな。{0F}気楽で気ままな旅が１番だ。{0E}	
12305	MAP/MAP084.BIN:01097A	2	{09}{0E}{02}{01}えっ、グースもシャーラさんも\n行っちゃうの？{0F}まだ、シャーラさんに\n私・・・\nお礼も言ってないのに・・・。{0E}{09}\n{02}{02}お礼・・・？{0F}よしなよ。{0F}あたしは他人に\n礼を言われることなんか\n１度だってした覚えはないよ。{0E}{09}\n{02}	
12306	MAP/MAP084.BIN:010A48	2	でも、グースとシャーラと別れるのはなんだか悲しいなぁ。{0E}	
12307	MAP/MAP084.BIN:010AAA	2	{09}{0A}{02}{03}うれしいこと言ってくれるねー。{0F}まあ、お前が俺を頼りにしているのはわかるけど、俺も忙しいんでな。{0E}{09}\n{02}	
12308	MAP/MAP084.BIN:010B12	2	そんなんじゃないよ。{0E}{09}{0B}{02}{03}いいって、照れなくても。{0F}別れがあるから出会いもあるわけだ。またきっと、どこかで会えるさ。{0E}	
12309	MAP/MAP084.BIN:010BD0	2	{02}{07}グース殿、\n別れの挨拶、私からも一言。{0E}	
12310	MAP/MAP084.BIN:010C44	2	{09}\n{02}{03}なんだよ？{0E}{09}	
12311	MAP/MAP084.BIN:010C55	2	{02}{07}短い間でしたが\n楽しい旅でございました。{0F}それと・・・。{0F}盗賊稼業を\nお続けになられるのでしたら、{0F}アンビッシュ国以外の土地で\nお願いいたします。{0F}あなた様を\n捕まえたくはございません。{0E}	
12312	MAP/MAP084.BIN:010D1E	2	{02}{03}うーん。{0F}そりゃあ、約束できねーな。{0F}俺たちは気ままな盗賊でね。{0E}	
12313	MAP/MAP084.BIN:010D70	2	明日にならなきゃ、\n明日のことはわからないのさ。{0E}{09}	
12314	MAP/MAP084.BIN:010DA2	2	{02}{07}グース殿らしいお答えでございますな。それでこそ、まさに盗賊の鑑。{0E}	
12315	MAP/MAP084.BIN:010DFA	2	ね、ねえ、盗賊だったの？\n・・・この人。{0E}	
12316	MAP/MAP084.BIN:010E4E	2	よく、オルドスに入れたなぁ。{0F}このオルドスには\n見えない結界があって{0F}悪い人は\n入れないはずなんだけど・・・。{0E}{09}	
12317	MAP/MAP084.BIN:010EBB	2	{02}{01}グースは悪い人じゃないのよ。{0F}だって、私の知っているかぎり、\n１度も盗みに成功してないもの。{0E}	
12318	MAP/MAP084.BIN:010F2A	2	{09}\n{02}{03}ゲっ・・・。\nそれを言うなよ。{0E}	
12319	MAP/MAP084.BIN:010F60	2	{09}{0A}{02}{05}私、なんとなく\nわかるような気がします。{0E}	
12320	MAP/MAP084.BIN:010FC2	2	シャーラさんと旅をご一緒して\nわかったのですけど、\nとっても優しい人なんです。{0F}きっと、グースさんもシャーラさんも心がとっても\n清らかな方なのだと思います。{0E}{09}\n{02}{02}どうも・・・。{0F}どんどん居づらく\nなってきたようだね。{0E}	
12321	MAP/MAP084.BIN:01110A	2	{02}{03}じゃ、そういうわけだから。\n俺たちはオサラバするぜ。{0E}{09}	
12322	MAP/MAP084.BIN:011142	2	{02}{02}じゃあね。{0E}{09}	
12323	MAP/MAP084.BIN:011151	2	{02}{01}さようなら。{0E}{09}	
12324	MAP/MAP084.BIN:011164	2	さよなら。またね。{0E}	
12325	MAP/MAP084.BIN:0111FC	2	グースくん、\nまだ無理をしないでくれたまえ。{0E}	
12326	MAP/MAP084.BIN:011246	2	{02}{03}ああ、わかってるよ。{0E}{09}	
12327	MAP/MAP084.BIN:01125F	2	{02}{07}お気をつけて。{0E}{09}	
12328	MAP/MAP084.BIN:011272	2	{02}{05}さようなら。{0E}	
12329	MAP/MAP084.BIN:0112FB	2	{02}{01}またきっと、どこかで会えるわよ。{0E}{09}	
12330	MAP/MAP084.BIN:011322	2	うん。{0E}{02}+さて、呪いも解けたことだし\n	
12331	MAP/MAP084.BIN:011388	2	そろそろ仮病のウービィを{0F}ベッドから追い出さないと、\n病院に住みついちゃうからね。{0F}じゃあ、失敬。{0E}	
12332	MAP/MAP084.BIN:01144A	2	{02}{01}フィーロ先生。{0E}	
12333	MAP/MAP084.BIN:011470	2	いろいろと、\nありがとうございました。{0E}{02}+いやいや。{0E}	
12334	MAP/MAP084.BIN:0114F8	2	{02}{07}では、ジュリオ様。クリス様。{0F}いよいよ大聖堂に\n御参拝でございますな。{0F}これで巡礼の旅も\n大詰めでございますな。{0E}{09}	
12335	MAP/MAP084.BIN:011574	2	{02}{07}私は宿屋で待っております。{0F}お２人が御参拝を\n終えたお姿を見届けてから{0F}アンビッシュ国に\n戻ることといたします。{0E}{09}	
12336	MAP/MAP084.BIN:0115E5	2	{02}{05}じゃあ、私も待っています。{0E}	
12337	MAP/MAP084.BIN:011652	2	帰りは西回りで帰るのでしょ。\n途中まで一緒に行きましょう。{10}	
12338	MAP/MAP084.BIN:011D8F	1	もちろんだよ。{0F}オルドスまで来てもらったのは\nボクらのせいなんだし、{0F}責任をもって\nトリフの関所まで送るよ。{0E}	
12339	MAP/MAP084.BIN:011E52	1	ラウアールの波のことは、\nあえてモリスンには話さなかった。{0F}大聖堂の参拝を終えたジュリオたちはすぐに故郷のフォルティアに向けて\n帰路につくことになった。{0E}	
12340	MAP/MAP084.BIN:012338	1	フィリーがパーティーにくわわった。{0E}バンバンがパーティーにくわわった。{0E}	
12341	MAP/MAP084.BIN:012437	1	\n\n\n　カジムの呪いも無事に解け、ジュリオとクリスは\n　　　　　ついに最後のシャリネである\n　　　オルドス大聖堂の魔法の鏡を目にした。\n　　　　　だが・・・ジュリオたちが\n　　　　　鏡から受けたメッセージは\n　　　　　　　余りにも重かった。\n	
12342	MAP/MAP084.BIN:01253A	1	\n\n　　　　　　ラウアールの波があらわれる。\n\n　　　　　　　ひとつの文明が滅ぶとき、\n　　　　　　　　その大地のすべてを\n　　　　　覆いつくすといわれる破滅への波。\n　　　　ジュリオとクリスは白き魔女の残した\n　　　　　　わずかな手がかりを頼りに、\n　　　　　　　一路、フォルティア国の\n　　　　　　ルード城へと向かうのだった。\n	
12343	MAP/MAP084.BIN:012694	1	\n\n\n\n\n\n　　　　　　第４章　聖獣の住む森　完	
12344	MAP/MAP085.BIN:013AFA	2	\n{02}{01}ジュリオー！！{10}	
12345	MAP/MAP085.BIN:013B1D	2	ん？{10}	
12346	MAP/MAP085.BIN:013B64	2	\n{02}{01}どうしたの？\nぼんやりしちゃって。{10}	
12347	MAP/MAP085.BIN:013BB9	1	別にぼうっとなんてしてないよ。{0F}{09}{0A}\n{02}{01}わかった。フィリーのこと\n考えてたんでしょう？{10}	
12348	MAP/MAP085.BIN:013C67	1	そ、そんなんじゃないよ。{0F}{09}{08}\n{02}{01}ふーん、そうなの。{10}	
12349	MAP/MAP085.BIN:013CA8	1	{02}{14}おーいジュリオー！{10}	
12350	MAP/MAP085.BIN:013CE1	1	あ、とうさんだ。{10}	
12351	MAP/MAP085.BIN:013D3A	1	{02}{14}お前にお客さんだぞー！\n	
12352	MAP/MAP085.BIN:013D80	1	{09}{0A}\n{02}{05}ジュリオさーん。{10}	
12353	MAP/MAP085.BIN:013DA2	1	{09}\n\n{02}{01}え！？{0F}{09}{0A}\n{02}	
12354	MAP/MAP085.BIN:013DB3	1	あっフィリーだ！フィリーだよ。{0F}	
12355	MAP/MAP085.BIN:013DE6	1	バンバンもいるよ、クリス。{10}	
12356	MAP/MAP085.BIN:013E14	1	{09}{0A}\n{02}{0B}バーン、バーン。\n	
12357	MAP/MAP085.BIN:013F42	1	{09}{07}\n{02}{05}ジュリオさん、\n遊びに来ちゃいました。{10}	
12358	MAP/MAP085.BIN:013F89	1	よく来たねフィリー、バンバンも。{0E}{09}{07}\n{02}{05}ジュリオさん、\nお会いしたかったです。{10}	
12359	MAP/MAP085.BIN:013FE8	1	{09}{08}\n{02}{01}（ジュリオさんジュリオさんって）\n（わたしはどうなってるわけ？）{10}	
12360	MAP/MAP085.BIN:014044	1	{02}{0E}やれやれ、楽しくなりそうじゃの。{10}	
12361	MAP/MAP085.BIN:014177	1	ねえ、クリス。{0F}ゲルドはさあ{19}{0F}・・・。{19}	
12362	MAP/MAP085.BIN:01419E	1	\nゲルドは\n僕らになにを望んでいたんだろう？{10}	
12363	MAP/MAP085.BIN:0141E4	1	{09}{0E}\n{02}{01}・・・。{0E}{09}{0A}\n{02}{01}私が今なにしたいか判る？{10}	
12364	MAP/MAP085.BIN:014241	1	え？ええっと・・・。{10}	
12365	MAP/MAP085.BIN:014262	1	{09}{0A}\n{02}{01}一緒に考えよ、ジュリオ。{0E}{09}{0A}\n{02}{01}でもきっと\nジュリオが考えている通りよ。{10}	
12366	MAP/MAP086.BIN:0000A3	1	{18}ダーツ	
12367	MAP/MAP086.BIN:00F014	1	{02}{16}弦？　さぁ、どうだったかねぇ。{0F}あっ。そうそう、キタラの弦なら\nたしか去年トロバさんが家によった時何本か置き忘れていったはずだよ。{10}	
12368	MAP/MAP086.BIN:00F0A0	1	{02}{16}孫のパピーが\n知っているんじゃないかねえ。{10}	
12369	MAP/MAP086.BIN:00F0D6	1	{02}{16}あたしゃ、そんなに\nモウロクしてないよ。{0F}孫のパピーが知ってるって言ったろ？{10}	
12370	MAP/MAP086.BIN:010BFE	1	{02}{15}トロバの弾くキタラは、\nとっても楽しいんだ。{0F}ダーツの人たちも、トロバのキタラを聴いているときだけは、\n明るい顔してんだけどなぁ。{10}	
12371	MAP/MAP086.BIN:010CBC	1	{02}{15}えっ？\nキタラの弦・・・。{0E}	
12372	MAP/MAP086.BIN:010D0F	1	{02}{01}トロバさんに\nここに、あるかもしれないって{0F}聞いてきたんだけど。{0E}{02}{15}ばあちゃんに聞いてみた？{10}	
12373	MAP/MAP086.BIN:010DA2	1	{02}{15}ばあちゃんに聞いてみた？{10}	
12374	MAP/MAP086.BIN:010E80	1	えーっ？{0E}{02}{15}釣り糸に\nちょうど良かったもんだから{0F}使わせてもらっちゃった。{0E}	
12375	MAP/MAP086.BIN:010F22	1	{02}{15}まだ、あったと思うけど。{0F}ちょっと待ってて。\n今、見てくるから。{0E}	
12376	MAP/MAP086.BIN:01113C	1	この１本しか残ってないや。\n大丈夫かなぁ。{0E}ジュリオたちはキタラの弦を\n受け取った。{0E}	
12377	MAP/MAP086.BIN:0119FC	1	{02}{1F}この村の人は、隣のダイスが\nどんどん発展していくのを見て、{0F}悲観的になってるのよ。{0F}他と比べて落ち込むのは\n悪いことだとは知っているけど、\nもう、どうしようもないの。{0F}働くことまで嫌気がさして、\n今では生活する気力まで\n消えそうになっているのよ。{10}	
12378	MAP/MAP086.BIN:011E56	1	トニカ、\nよそ者と話ちゃダメ！{0E}{02}!うん。{10}	
12379	MAP/MAP086.BIN:01613C	1	トロバの演奏で、\n元気を取り戻したダーツの人たち。{0F}この場に居合わせた人々はみんな\n何年後かのダーツに\n思いを馳せていた。{0E}	
12380	MAP/MAP086.BIN:0161DC	2	{02}{17}ありがとうございました。{0F}これでダーツも、\n生まれ変わりましょう。{0E}{02}{14}いえ。{0F}僕はただ、みんなの気持ちを\n奏でただけです。{0E}{02}{17}また来年も、来てくれますかな？{0E}{02}{14}もちろんです。{0F}いやだと言われても、\n押しかけますよ。{0E}{02}{17}ありがとう。\nお待ちしておりますよ。{0E}	
12381	MAP/MAP086.BIN:0162E6	2	{02}{18}トロバァー！\nもう行っちゃうの？{0E}	
12382	MAP/MAP086.BIN:01631A	2	{02}{14}うん。\nそれが僕の仕事なんだ。{0E}	
12383	MAP/MAP086.BIN:016356	2	{02}{18}・・・・・・。{0E}{02}{14}アンジー、すぐに会えるさ。{0F}生まれ変わった、この村でね。{0E}	
12384	MAP/MAP086.BIN:0163BC	2	{02}{18}うん！{0E}	
12385	MAP/MAP086.BIN:01640A	2	{02}{14}ローディさん。{0E}{02}{14}あなたの言葉で、\nくじけていた気持ちを{0F}奮い起こすことができました。{0E}	
12386	MAP/MAP086.BIN:016472	2	それと君たち。{0F}こんな僕のために\n弦を持って来てくれて\nどうもありがとう。{0E}{09}{0A}{02}	
12387	MAP/MAP086.BIN:0164BE	2	すっごく、楽しい曲だったよ！{0E}{09}{0A}{02}{01}うん！\nステキだったわ。{0E}{02}{14}旅が順調にいくといいね。{0E}	
12388	MAP/MAP086.BIN:01655C	2	{02}{14}では、みなさん。\nお元気で！！{0E}	
12389	MAP/MAP086.BIN:016604	2	{02}{17}さぁ、みんな。{0E}	
12390	MAP/MAP086.BIN:016666	2	それぞれが、できることを\nやっていこうじゃないか。{0E}	
12391	MAP/MAP086.BIN:0166BA	2	{02}{1C}任しといてくれ、村長！\nもう、昨日までの俺たちじゃないぜ。{0E}	
12392	MAP/MAP086.BIN:01670E	2	{02}{1A}さぁ、行こう！{0E}	
12393	MAP/MAP086.BIN:0168B6	2	{02}{17}あんたたちの、おかげだよ。{0E}	
12394	MAP/MAP086.BIN:0168F4	2	今度こそ、\nこの村も立ち直るじゃろう。{0E}	
12395	MAP/MAP086.BIN:01692C	2	みんなで一生懸命働くのじゃ。{0E}{09}{10}{02}{01}ダイスに負けないでね。{0E}	
12396	MAP/MAP086.BIN:016976	2	{02}{17}おお、\nダイスに負けるな、か。{0E}そうとも！\nダイスよりも\n立派な村にしてみせるわい。{0E}{09}{0A}{02}	
12397	MAP/MAP086.BIN:0169CD	2	楽しみだね。{0E}{02}{17}それじゃ、世話になったのう。{0E}	
12398	MAP/MAP086.BIN:016A0A	2	道中気をつけて行きなされ。{0E}	
12399	MAP/MAP086.BIN:016A3A	2	じゃあ、クリス。{0F}	
12400	MAP/MAP086.BIN:016A86	2	ボクたちも\nそろそろ行こうか。{0E}{09}	
12401	MAP/MAP086.BIN:017568	1	確かにあんたの言うとおりだけど、\n現実はそうもいかないんだよ。{0F}あんただって、\n本当に起きるか起らないか\nわからないようなことを信じるかい？{0E}人間は自分にとっていい話だったら\n喜んで聞いているけどね、{0E}	
12402	MAP/MAP099.BIN:00ED76	1	右向き{10}	
12403	MAP/MAP099.BIN:00EE54	1	下向き{10}	
12404	MAP/MAP099.BIN:00EF32	1	左向き{10}	
12405	MAP/MAP099.BIN:00F010	1	上向き{10}	
